#pragma once
// ============================================================
//  font_hebrew.h - Hebrew AND Latin glyphs for the panel
//
//  lv_font_conv 1.5.3, DejaVu Sans Bold, 28 px, 4 bpp.
//  Covers printable ASCII 0x20-0x7E and the Hebrew alphabet
//  0x05D0-0x05EA, so one font can render "BG" and Hebrew in
//  the same label.
//
//  RIGHT TO LEFT
//    LVGL's bidi support is off in this build, so Hebrew must
//    be handed to lv_label_set_text ALREADY REVERSED. The
//    defines at the bottom are pre-reversed, so nothing has to
//    be reversed by hand anywhere in the code.
// ============================================================

/*******************************************************************************
 * Size: 28 px
 * Bpp: 4
 * Opts: --font /usr/share/fonts/truetype/dejavu/DejaVuSans-Bold.ttf --size 28 --bpp 4 --format lvgl --no-compress --range 0x0020-0x007E --range 0x05D0-0x05EA -o /tmp/font_hebrew_28.c
 ******************************************************************************/

#include <lvgl.h>

#ifndef HEB
#define HEB 1
#endif

#if HEB

/*-----------------
 *    BITMAPS
 *----------------*/

/*Store the image of the glyphs*/
static LV_ATTRIBUTE_LARGE_CONST const uint8_t glyph_bitmap[] = {
    /* U+0020 " " */

    /* U+0021 "!" */
    0x1f, 0xff, 0xfd, 0x1f, 0xff, 0xfd, 0x1f, 0xff,
    0xfd, 0x1f, 0xff, 0xfd, 0x1f, 0xff, 0xfd, 0x1f,
    0xff, 0xfd, 0x1f, 0xff, 0xfd, 0x1f, 0xff, 0xfd,
    0xf, 0xff, 0xfc, 0xe, 0xff, 0xfa, 0xc, 0xff,
    0xf8, 0xa, 0xff, 0xf6, 0x8, 0xff, 0xf4, 0x5,
    0xdd, 0xd2, 0x0, 0x0, 0x0, 0x0, 0x0, 0x0,
    0x1f, 0xff, 0xfd, 0x1f, 0xff, 0xfd, 0x1f, 0xff,
    0xfd, 0x1f, 0xff, 0xfd, 0x1f, 0xff, 0xfd,

    /* U+0022 "\"" */
    0x5f, 0xfe, 0x0, 0x5f, 0xfe, 0x5f, 0xfe, 0x0,
    0x5f, 0xfe, 0x5f, 0xfe, 0x0, 0x5f, 0xfe, 0x5f,
    0xfe, 0x0, 0x5f, 0xfe, 0x5f, 0xfe, 0x0, 0x5f,
    0xfe, 0x5f, 0xfe, 0x0, 0x5f, 0xfe, 0x5f, 0xfe,
    0x0, 0x5f, 0xfe, 0x3b, 0xba, 0x0, 0x3b, 0xba,

    /* U+0023 "#" */
    0x0, 0x0, 0x0, 0x0, 0xbf, 0xf5, 0x0, 0x1f,
    0xff, 0x0, 0x0, 0x0, 0x0, 0x0, 0xf, 0xff,
    0x10, 0x5, 0xff, 0xb0, 0x0, 0x0, 0x0, 0x0,
    0x4, 0xff, 0xc0, 0x0, 0x9f, 0xf6, 0x0, 0x0,
    0x0, 0x0, 0x0, 0x8f, 0xf8, 0x0, 0xd, 0xff,
    0x20, 0x0, 0x0, 0x0, 0x0, 0xc, 0xff, 0x40,
    0x1, 0xff, 0xe0, 0x0, 0x0, 0x8, 0xff, 0xff,
    0xff, 0xff, 0xff, 0xff, 0xff, 0xff, 0xf9, 0x0,
    0x8f, 0xff, 0xff, 0xff, 0xff, 0xff, 0xff, 0xff,
    0xff, 0x90, 0x8, 0xff, 0xff, 0xff, 0xff, 0xff,
    0xff, 0xff, 0xff, 0xf8, 0x0, 0x0, 0x0, 0xcf,
    0xf4, 0x0, 0x1f, 0xff, 0x0, 0x0, 0x0, 0x0,
    0x0, 0xf, 0xff, 0x10, 0x4, 0xff, 0xc0, 0x0,
    0x0, 0x0, 0x0, 0x2, 0xff, 0xe0, 0x0, 0x7f,
    0xf9, 0x0, 0x0, 0x0, 0x0, 0x0, 0x5f, 0xfb,
    0x0, 0xa, 0xff, 0x60, 0x0, 0x0, 0x0, 0x0,
    0x8, 0xff, 0x80, 0x0, 0xdf, 0xf3, 0x0, 0x0,
    0x1, 0xff, 0xff, 0xff, 0xff, 0xff, 0xff, 0xff,
    0xff, 0xff, 0x0, 0x1f, 0xff, 0xff, 0xff, 0xff,
    0xff, 0xff, 0xff, 0xff, 0xf0, 0x1, 0xff, 0xff,
    0xff, 0xff, 0xff, 0xff, 0xff, 0xff, 0xff, 0x0,
    0x0, 0x0, 0x6f, 0xfa, 0x0, 0xc, 0xff, 0x40,
    0x0, 0x0, 0x0, 0x0, 0xa, 0xff, 0x50, 0x0,
    0xff, 0xf0, 0x0, 0x0, 0x0, 0x0, 0x0, 0xef,
    0xf1, 0x0, 0x4f, 0xfb, 0x0, 0x0, 0x0, 0x0,
    0x0, 0x3f, 0xfd, 0x0, 0x8, 0xff, 0x70, 0x0,
    0x0, 0x0, 0x0, 0x7, 0xff, 0x90, 0x0, 0xcf,
    0xf3, 0x0, 0x0, 0x0, 0x0,

    /* U+0024 "$" */
    0x0, 0x0, 0x0, 0x5f, 0xe0, 0x0, 0x0, 0x0,
    0x0, 0x0, 0x0, 0x5f, 0xe0, 0x0, 0x0, 0x0,
    0x0, 0x0, 0x0, 0x5f, 0xe0, 0x0, 0x0, 0x0,
    0x0, 0x17, 0xce, 0xff, 0xff, 0xec, 0x95, 0x10,
    0x3, 0xef, 0xff, 0xff, 0xff, 0xff, 0xff, 0x50,
    0x1e, 0xff, 0xff, 0xff, 0xff, 0xff, 0xff, 0x50,
    0x7f, 0xff, 0xf6, 0x7f, 0xe2, 0x47, 0xbf, 0x50,
    0xbf, 0xff, 0x90, 0x5f, 0xe0, 0x0, 0x1, 0x20,
    0xcf, 0xff, 0xa0, 0x5f, 0xe0, 0x0, 0x0, 0x0,
    0xbf, 0xff, 0xf7, 0x6f, 0xe0, 0x0, 0x0, 0x0,
    0x8f, 0xff, 0xff, 0xff, 0xf9, 0x51, 0x0, 0x0,
    0x1f, 0xff, 0xff, 0xff, 0xff, 0xff, 0xb2, 0x0,
    0x3, 0xef, 0xff, 0xff, 0xff, 0xff, 0xff, 0x40,
    0x0, 0x7, 0xcf, 0xff, 0xff, 0xff, 0xff, 0xe0,
    0x0, 0x0, 0x1, 0x8f, 0xfd, 0xff, 0xff, 0xf5,
    0x0, 0x0, 0x0, 0x5f, 0xe0, 0x4f, 0xff, 0xf8,
    0x0, 0x0, 0x0, 0x5f, 0xe0, 0xc, 0xff, 0xf8,
    0x95, 0x0, 0x0, 0x5f, 0xe0, 0xe, 0xff, 0xf7,
    0xcf, 0xea, 0x64, 0x7f, 0xe3, 0xaf, 0xff, 0xf3,
    0xcf, 0xff, 0xff, 0xff, 0xff, 0xff, 0xff, 0xc0,
    0xaf, 0xff, 0xff, 0xff, 0xff, 0xff, 0xfc, 0x10,
    0x2, 0x6b, 0xdf, 0xff, 0xff, 0xeb, 0x60, 0x0,
    0x0, 0x0, 0x0, 0x5f, 0xe0, 0x0, 0x0, 0x0,
    0x0, 0x0, 0x0, 0x5f, 0xe0, 0x0, 0x0, 0x0,
    0x0, 0x0, 0x0, 0x5f, 0xe0, 0x0, 0x0, 0x0,
    0x0, 0x0, 0x0, 0x5e, 0xc0, 0x0, 0x0, 0x0,

    /* U+0025 "%" */
    0x0, 0x5, 0xbe, 0xfe, 0xa3, 0x0, 0x0, 0x0,
    0x0, 0x6f, 0xfa, 0x0, 0x0, 0x0, 0x0, 0x9f,
    0xff, 0xff, 0xff, 0x50, 0x0, 0x0, 0x1, 0xef,
    0xe1, 0x0, 0x0, 0x0, 0x6, 0xff, 0xf9, 0x6c,
    0xff, 0xf1, 0x0, 0x0, 0xa, 0xff, 0x60, 0x0,
    0x0, 0x0, 0xc, 0xff, 0xb0, 0x0, 0xff, 0xf8,
    0x0, 0x0, 0x3f, 0xfc, 0x0, 0x0, 0x0, 0x0,
    0xf, 0xff, 0x60, 0x0, 0xbf, 0xfb, 0x0, 0x0,
    0xdf, 0xf3, 0x0, 0x0, 0x0, 0x0, 0x1f, 0xff,
    0x50, 0x0, 0xaf, 0xfc, 0x0, 0x7, 0xff, 0x90,
    0x0, 0x0, 0x0, 0x0, 0xf, 0xff, 0x60, 0x0,
    0xbf, 0xfb, 0x0, 0x1f, 0xfe, 0x10, 0x0, 0x0,
    0x0, 0x0, 0xc, 0xff, 0xb0, 0x0, 0xff, 0xf8,
    0x0, 0xaf, 0xf5, 0x0, 0x0, 0x0, 0x0, 0x0,
    0x6, 0xff, 0xf9, 0x6c, 0xff, 0xf1, 0x4, 0xff,
    0xc0, 0x0, 0x0, 0x0, 0x0, 0x0, 0x0, 0x9f,
    0xff, 0xff, 0xff, 0x50, 0xd, 0xff, 0x20, 0x0,
    0x35, 0x41, 0x0, 0x0, 0x0, 0x5, 0xbe, 0xfe,
    0xa3, 0x0, 0x7f, 0xf8, 0x0, 0x7e, 0xff, 0xff,
    0xb1, 0x0, 0x0, 0x0, 0x0, 0x0, 0x0, 0x2,
    0xff, 0xe0, 0x8, 0xff, 0xff, 0xff, 0xfd, 0x10,
    0x0, 0x0, 0x0, 0x0, 0x0, 0xb, 0xff, 0x50,
    0x3f, 0xff, 0x91, 0x4f, 0xff, 0x90, 0x0, 0x0,
    0x0, 0x0, 0x0, 0x4f, 0xfb, 0x0, 0x8f, 0xfe,
    0x0, 0x9, 0xff, 0xe0, 0x0, 0x0, 0x0, 0x0,
    0x0, 0xef, 0xf2, 0x0, 0xbf, 0xfb, 0x0, 0x5,
    0xff, 0xf1, 0x0, 0x0, 0x0, 0x0, 0x8, 0xff,
    0x80, 0x0, 0xcf, 0xfa, 0x0, 0x4, 0xff, 0xf2,
    0x0, 0x0, 0x0, 0x0, 0x2f, 0xfd, 0x0, 0x0,
    0xaf, 0xfc, 0x0, 0x6, 0xff, 0xf1, 0x0, 0x0,
    0x0, 0x0, 0xbf, 0xf4, 0x0, 0x0, 0x7f, 0xff,
    0x10, 0xb, 0xff, 0xd0, 0x0, 0x0, 0x0, 0x5,
    0xff, 0xa0, 0x0, 0x0, 0x1e, 0xff, 0xd7, 0xaf,
    0xff, 0x60, 0x0, 0x0, 0x0, 0xe, 0xff, 0x10,
    0x0, 0x0, 0x4, 0xff, 0xff, 0xff, 0xf9, 0x0,
    0x0, 0x0, 0x0, 0x8f, 0xf7, 0x0, 0x0, 0x0,
    0x0, 0x29, 0xef, 0xfb, 0x50, 0x0,

    /* U+0026 "&" */
    0x0, 0x0, 0x0, 0x4a, 0xdf, 0xfe, 0xc9, 0x61,
    0x0, 0x0, 0x0, 0x0, 0x0, 0x0, 0xaf, 0xff,
    0xff, 0xff, 0xff, 0x70, 0x0, 0x0, 0x0, 0x0,
    0x0, 0x9f, 0xff, 0xff, 0xff, 0xff, 0xf7, 0x0,
    0x0, 0x0, 0x0, 0x0, 0x1f, 0xff, 0xff, 0xa6,
    0x69, 0xdf, 0x70, 0x0, 0x0, 0x0, 0x0, 0x3,
    0xff, 0xff, 0xb0, 0x0, 0x0, 0x34, 0x0, 0x0,
    0x0, 0x0, 0x0, 0x3f, 0xff, 0xfc, 0x0, 0x0,
    0x0, 0x0, 0x0, 0x0, 0x0, 0x0, 0x0, 0xef,
    0xff, 0xf5, 0x0, 0x0, 0x0, 0x0, 0x0, 0x0,
    0x0, 0x0, 0x6, 0xff, 0xff, 0xf3, 0x0, 0x0,
    0x0, 0x0, 0x0, 0x0, 0x0, 0x3, 0xdf, 0xff,
    0xff, 0xe2, 0x0, 0x0, 0x7, 0x77, 0x72, 0x0,
    0x4, 0xff, 0xff, 0xff, 0xff, 0xe2, 0x0, 0x0,
    0xff, 0xff, 0x20, 0x2, 0xff, 0xff, 0xda, 0xff,
    0xff, 0xd1, 0x0, 0x3f, 0xff, 0xf0, 0x0, 0xaf,
    0xff, 0xf1, 0xb, 0xff, 0xff, 0xd1, 0x8, 0xff,
    0xfc, 0x0, 0x1f, 0xff, 0xf9, 0x0, 0xc, 0xff,
    0xff, 0xc2, 0xef, 0xff, 0x70, 0x3, 0xff, 0xff,
    0x60, 0x0, 0x1d, 0xff, 0xff, 0xff, 0xff, 0xf1,
    0x0, 0x4f, 0xff, 0xf8, 0x0, 0x0, 0x2e, 0xff,
    0xff, 0xff, 0xf7, 0x0, 0x3, 0xff, 0xff, 0xe0,
    0x0, 0x0, 0x3f, 0xff, 0xff, 0xfb, 0x0, 0x0,
    0xe, 0xff, 0xff, 0xb1, 0x0, 0x1, 0xcf, 0xff,
    0xff, 0x80, 0x0, 0x0, 0x7f, 0xff, 0xff, 0xfb,
    0x9b, 0xff, 0xff, 0xff, 0xff, 0x50, 0x0, 0x0,
    0xbf, 0xff, 0xff, 0xff, 0xff, 0xff, 0xff, 0xff,
    0xff, 0x30, 0x0, 0x0, 0x8f, 0xff, 0xff, 0xff,
    0xff, 0xf9, 0xbf, 0xff, 0xfe, 0x10, 0x0, 0x0,
    0x28, 0xce, 0xff, 0xdb, 0x61, 0x1, 0xdf, 0xff,
    0xfc, 0x0,

    /* U+0027 "'" */
    0x5f, 0xfe, 0x5f, 0xfe, 0x5f, 0xfe, 0x5f, 0xfe,
    0x5f, 0xfe, 0x5f, 0xfe, 0x5f, 0xfe, 0x3b, 0xba,

    /* U+0028 "(" */
    0x0, 0x0, 0xcf, 0xff, 0x50, 0x0, 0x5f, 0xff,
    0xd0, 0x0, 0xd, 0xff, 0xf6, 0x0, 0x5, 0xff,
    0xfe, 0x0, 0x0, 0xcf, 0xff, 0x90, 0x0, 0x3f,
    0xff, 0xf4, 0x0, 0x8, 0xff, 0xfe, 0x0, 0x0,
    0xdf, 0xff, 0xb0, 0x0, 0x1f, 0xff, 0xf8, 0x0,
    0x4, 0xff, 0xff, 0x50, 0x0, 0x6f, 0xff, 0xf3,
    0x0, 0x7, 0xff, 0xff, 0x20, 0x0, 0x9f, 0xff,
    0xf1, 0x0, 0x8, 0xff, 0xff, 0x10, 0x0, 0x7f,
    0xff, 0xf2, 0x0, 0x5, 0xff, 0xff, 0x40, 0x0,
    0x2f, 0xff, 0xf6, 0x0, 0x0, 0xef, 0xff, 0x90,
    0x0, 0xb, 0xff, 0xfd, 0x0, 0x0, 0x6f, 0xff,
    0xf1, 0x0, 0x0, 0xff, 0xff, 0x70, 0x0, 0x9,
    0xff, 0xfc, 0x0, 0x0, 0x2f, 0xff, 0xf2, 0x0,
    0x0, 0x9f, 0xff, 0xa0, 0x0, 0x1, 0xff, 0xff,
    0x20, 0x0, 0x4, 0x77, 0x73,

    /* U+0029 ")" */
    0x8f, 0xff, 0x90, 0x0, 0x1, 0xff, 0xff, 0x20,
    0x0, 0x9, 0xff, 0xfa, 0x0, 0x0, 0x2f, 0xff,
    0xf2, 0x0, 0x0, 0xcf, 0xff, 0x90, 0x0, 0x7,
    0xff, 0xff, 0x0, 0x0, 0x2f, 0xff, 0xf5, 0x0,
    0x0, 0xef, 0xff, 0xa0, 0x0, 0xb, 0xff, 0xfe,
    0x0, 0x0, 0x8f, 0xff, 0xf1, 0x0, 0x6, 0xff,
    0xff, 0x30, 0x0, 0x5f, 0xff, 0xf5, 0x0, 0x4,
    0xff, 0xff, 0x50, 0x0, 0x4f, 0xff, 0xf5, 0x0,
    0x6, 0xff, 0xff, 0x30, 0x0, 0x7f, 0xff, 0xf2,
    0x0, 0x9, 0xff, 0xff, 0x0, 0x0, 0xdf, 0xff,
    0xb0, 0x0, 0xf, 0xff, 0xf7, 0x0, 0x5, 0xff,
    0xff, 0x20, 0x0, 0xaf, 0xff, 0xc0, 0x0, 0xf,
    0xff, 0xf5, 0x0, 0x6, 0xff, 0xfe, 0x0, 0x0,
    0xdf, 0xff, 0x60, 0x0, 0x5f, 0xff, 0xd0, 0x0,
    0x4, 0x77, 0x72, 0x0, 0x0,

    /* U+002A "*" */
    0x0, 0x0, 0x0, 0xdf, 0x70, 0x0, 0x0, 0x0,
    0x0, 0x0, 0xd, 0xf7, 0x0, 0x0, 0x0, 0x6,
    0x30, 0x0, 0xdf, 0x70, 0x0, 0x72, 0x1, 0xff,
    0xb2, 0xd, 0xf7, 0x5, 0xdf, 0xb0, 0x2b, 0xff,
    0xf9, 0xdf, 0xac, 0xff, 0xf8, 0x0, 0x3, 0xcf,
    0xff, 0xff, 0xff, 0x91, 0x0, 0x0, 0x0, 0x6f,
    0xff, 0xfe, 0x20, 0x0, 0x0, 0x0, 0x8f, 0xff,
    0xff, 0xfd, 0x50, 0x0, 0x6, 0xef, 0xfd, 0xef,
    0xcf, 0xff, 0xc3, 0x3, 0xff, 0xe6, 0xd, 0xf7,
    0x19, 0xff, 0xd0, 0xa, 0x80, 0x0, 0xdf, 0x70,
    0x2, 0xb5, 0x0, 0x0, 0x0, 0xd, 0xf7, 0x0,
    0x0, 0x0, 0x0, 0x0, 0x0, 0xdf, 0x70, 0x0,
    0x0, 0x0, 0x0, 0x0, 0x3, 0x41, 0x0, 0x0,
    0x0,

    /* U+002B "+" */
    0x0, 0x0, 0x0, 0x0, 0xce, 0xe5, 0x0, 0x0,
    0x0, 0x0, 0x0, 0x0, 0x0, 0xe, 0xff, 0x50,
    0x0, 0x0, 0x0, 0x0, 0x0, 0x0, 0x0, 0xef,
    0xf5, 0x0, 0x0, 0x0, 0x0, 0x0, 0x0, 0x0,
    0xe, 0xff, 0x50, 0x0, 0x0, 0x0, 0x0, 0x0,
    0x0, 0x0, 0xef, 0xf5, 0x0, 0x0, 0x0, 0x0,
    0x0, 0x0, 0x0, 0xe, 0xff, 0x50, 0x0, 0x0,
    0x0, 0x0, 0x0, 0x0, 0x0, 0xef, 0xf5, 0x0,
    0x0, 0x0, 0x0, 0x44, 0x44, 0x44, 0x4e, 0xff,
    0x84, 0x44, 0x44, 0x42, 0xf, 0xff, 0xff, 0xff,
    0xff, 0xff, 0xff, 0xff, 0xff, 0x80, 0xff, 0xff,
    0xff, 0xff, 0xff, 0xff, 0xff, 0xff, 0xf8, 0xf,
    0xff, 0xff, 0xff, 0xff, 0xff, 0xff, 0xff, 0xff,
    0x80, 0x0, 0x0, 0x0, 0xe, 0xff, 0x50, 0x0,
    0x0, 0x0, 0x0, 0x0, 0x0, 0x0, 0xef, 0xf5,
    0x0, 0x0, 0x0, 0x0, 0x0, 0x0, 0x0, 0xe,
    0xff, 0x50, 0x0, 0x0, 0x0, 0x0, 0x0, 0x0,
    0x0, 0xef, 0xf5, 0x0, 0x0, 0x0, 0x0, 0x0,
    0x0, 0x0, 0xe, 0xff, 0x50, 0x0, 0x0, 0x0,
    0x0, 0x0, 0x0, 0x0, 0xef, 0xf5, 0x0, 0x0,
    0x0, 0x0, 0x0, 0x0, 0x0, 0xe, 0xff, 0x50,
    0x0, 0x0, 0x0,

    /* U+002C "," */
    0x1, 0x77, 0x77, 0x50, 0x2f, 0xff, 0xfc, 0x2,
    0xff, 0xff, 0xc0, 0x2f, 0xff, 0xfc, 0x2, 0xff,
    0xff, 0xc0, 0x5f, 0xff, 0xf5, 0x9, 0xff, 0xfa,
    0x0, 0xdf, 0xfe, 0x10, 0x1f, 0xff, 0x60, 0x6,
    0xff, 0xb0, 0x0,

    /* U+002D "-" */
    0x1, 0x11, 0x11, 0x11, 0x10, 0x7f, 0xff, 0xff,
    0xff, 0xf1, 0x7f, 0xff, 0xff, 0xff, 0xf1, 0x7f,
    0xff, 0xff, 0xff, 0xf1, 0x7f, 0xff, 0xff, 0xff,
    0xf1,

    /* U+002E "." */
    0x6, 0x66, 0x64, 0x2f, 0xff, 0xfc, 0x2f, 0xff,
    0xfc, 0x2f, 0xff, 0xfc, 0x2f, 0xff, 0xfc, 0x2f,
    0xff, 0xfc,

    /* U+002F "/" */
    0x0, 0x0, 0x0, 0xf, 0xff, 0x10, 0x0, 0x0,
    0x4, 0xff, 0xc0, 0x0, 0x0, 0x0, 0x9f, 0xf7,
    0x0, 0x0, 0x0, 0xe, 0xff, 0x20, 0x0, 0x0,
    0x3, 0xff, 0xd0, 0x0, 0x0, 0x0, 0x7f, 0xf8,
    0x0, 0x0, 0x0, 0xc, 0xff, 0x30, 0x0, 0x0,
    0x1, 0xff, 0xe0, 0x0, 0x0, 0x0, 0x6f, 0xf9,
    0x0, 0x0, 0x0, 0xb, 0xff, 0x50, 0x0, 0x0,
    0x0, 0xff, 0xf0, 0x0, 0x0, 0x0, 0x5f, 0xfb,
    0x0, 0x0, 0x0, 0xa, 0xff, 0x60, 0x0, 0x0,
    0x0, 0xef, 0xf1, 0x0, 0x0, 0x0, 0x4f, 0xfc,
    0x0, 0x0, 0x0, 0x8, 0xff, 0x70, 0x0, 0x0,
    0x0, 0xdf, 0xf2, 0x0, 0x0, 0x0, 0x2f, 0xfd,
    0x0, 0x0, 0x0, 0x7, 0xff, 0x80, 0x0, 0x0,
    0x0, 0xcf, 0xf3, 0x0, 0x0, 0x0, 0x1f, 0xfe,
    0x0, 0x0, 0x0, 0x6, 0xff, 0xa0, 0x0, 0x0,
    0x0, 0xbf, 0xf5, 0x0, 0x0, 0x0, 0x7, 0x88,
    0x0, 0x0, 0x0, 0x0,

    /* U+0030 "0" */
    0x0, 0x0, 0x6, 0xbe, 0xfe, 0xd9, 0x30, 0x0,
    0x0, 0x0, 0x3, 0xef, 0xff, 0xff, 0xff, 0xf9,
    0x0, 0x0, 0x0, 0x4f, 0xff, 0xff, 0xff, 0xff,
    0xff, 0xb0, 0x0, 0x0, 0xef, 0xff, 0xfe, 0xbc,
    0xff, 0xff, 0xf7, 0x0, 0x8, 0xff, 0xff, 0xc0,
    0x0, 0x5f, 0xff, 0xff, 0x0, 0xe, 0xff, 0xff,
    0x30, 0x0, 0xb, 0xff, 0xff, 0x60, 0x3f, 0xff,
    0xfe, 0x0, 0x0, 0x7, 0xff, 0xff, 0xa0, 0x6f,
    0xff, 0xfc, 0x0, 0x0, 0x4, 0xff, 0xff, 0xe0,
    0x8f, 0xff, 0xfa, 0x0, 0x0, 0x3, 0xff, 0xff,
    0xf0, 0x9f, 0xff, 0xfa, 0x0, 0x0, 0x2, 0xff,
    0xff, 0xf1, 0xaf, 0xff, 0xf9, 0x0, 0x0, 0x2,
    0xff, 0xff, 0xf2, 0x9f, 0xff, 0xfa, 0x0, 0x0,
    0x2, 0xff, 0xff, 0xf1, 0x8f, 0xff, 0xfa, 0x0,
    0x0, 0x3, 0xff, 0xff, 0xf0, 0x6f, 0xff, 0xfc,
    0x0, 0x0, 0x4, 0xff, 0xff, 0xe0, 0x3f, 0xff,
    0xfe, 0x0, 0x0, 0x7, 0xff, 0xff, 0xa0, 0xe,
    0xff, 0xff, 0x30, 0x0, 0xb, 0xff, 0xff, 0x60,
    0x8, 0xff, 0xff, 0xc0, 0x0, 0x5f, 0xff, 0xff,
    0x0, 0x0, 0xef, 0xff, 0xfe, 0xbc, 0xff, 0xff,
    0xf7, 0x0, 0x0, 0x4f, 0xff, 0xff, 0xff, 0xff,
    0xff, 0xb0, 0x0, 0x0, 0x4, 0xef, 0xff, 0xff,
    0xff, 0xf9, 0x0, 0x0, 0x0, 0x0, 0x6, 0xbe,
    0xfe, 0xd9, 0x30, 0x0, 0x0,

    /* U+0031 "1" */
    0x14, 0x7b, 0xef, 0xff, 0xfe, 0x0, 0x0, 0xd,
    0xff, 0xff, 0xff, 0xff, 0xe0, 0x0, 0x0, 0xdf,
    0xff, 0xff, 0xff, 0xfe, 0x0, 0x0, 0xd, 0xff,
    0xfc, 0xff, 0xff, 0xe0, 0x0, 0x0, 0x86, 0x30,
    0x1f, 0xff, 0xfe, 0x0, 0x0, 0x0, 0x0, 0x1,
    0xff, 0xff, 0xe0, 0x0, 0x0, 0x0, 0x0, 0x1f,
    0xff, 0xfe, 0x0, 0x0, 0x0, 0x0, 0x1, 0xff,
    0xff, 0xe0, 0x0, 0x0, 0x0, 0x0, 0x1f, 0xff,
    0xfe, 0x0, 0x0, 0x0, 0x0, 0x1, 0xff, 0xff,
    0xe0, 0x0, 0x0, 0x0, 0x0, 0x1f, 0xff, 0xfe,
    0x0, 0x0, 0x0, 0x0, 0x1, 0xff, 0xff, 0xe0,
    0x0, 0x0, 0x0, 0x0, 0x1f, 0xff, 0xfe, 0x0,
    0x0, 0x0, 0x0, 0x1, 0xff, 0xff, 0xe0, 0x0,
    0x0, 0x0, 0x0, 0x1f, 0xff, 0xfe, 0x0, 0x0,
    0x0, 0x0, 0x1, 0xff, 0xff, 0xe0, 0x0, 0x0,
    0x0, 0x0, 0x1f, 0xff, 0xfe, 0x0, 0x0, 0x8,
    0xbb, 0xbb, 0xff, 0xff, 0xfb, 0xbb, 0xb6, 0xbf,
    0xff, 0xff, 0xff, 0xff, 0xff, 0xff, 0x9b, 0xff,
    0xff, 0xff, 0xff, 0xff, 0xff, 0xf9, 0xbf, 0xff,
    0xff, 0xff, 0xff, 0xff, 0xff, 0x90,

    /* U+0032 "2" */
    0x2, 0x69, 0xce, 0xff, 0xec, 0x82, 0x0, 0x0,
    0xaf, 0xff, 0xff, 0xff, 0xff, 0xff, 0x90, 0x0,
    0xbf, 0xff, 0xff, 0xff, 0xff, 0xff, 0xfb, 0x0,
    0xbf, 0xff, 0xeb, 0xbe, 0xff, 0xff, 0xff, 0x50,
    0xbf, 0x92, 0x0, 0x0, 0x7f, 0xff, 0xff, 0xa0,
    0x61, 0x0, 0x0, 0x0, 0xb, 0xff, 0xff, 0xd0,
    0x0, 0x0, 0x0, 0x0, 0x7, 0xff, 0xff, 0xd0,
    0x0, 0x0, 0x0, 0x0, 0x7, 0xff, 0xff, 0xb0,
    0x0, 0x0, 0x0, 0x0, 0xc, 0xff, 0xff, 0x60,
    0x0, 0x0, 0x0, 0x0, 0x7f, 0xff, 0xfd, 0x0,
    0x0, 0x0, 0x0, 0x6, 0xff, 0xff, 0xf3, 0x0,
    0x0, 0x0, 0x0, 0x8f, 0xff, 0xff, 0x40, 0x0,
    0x0, 0x0, 0xa, 0xff, 0xff, 0xf3, 0x0, 0x0,
    0x0, 0x0, 0xbf, 0xff, 0xfe, 0x20, 0x0, 0x0,
    0x0, 0x1c, 0xff, 0xff, 0xd1, 0x0, 0x0, 0x0,
    0x2, 0xef, 0xff, 0xfc, 0x10, 0x0, 0x0, 0x0,
    0x3e, 0xff, 0xff, 0xa0, 0x0, 0x0, 0x0, 0x0,
    0xcf, 0xff, 0xff, 0xff, 0xff, 0xff, 0xff, 0xf0,
    0xcf, 0xff, 0xff, 0xff, 0xff, 0xff, 0xff, 0xf0,
    0xcf, 0xff, 0xff, 0xff, 0xff, 0xff, 0xff, 0xf0,
    0xcf, 0xff, 0xff, 0xff, 0xff, 0xff, 0xff, 0xf0,

    /* U+0033 "3" */
    0x0, 0x47, 0xbd, 0xef, 0xfe, 0xc9, 0x50, 0x0,
    0x0, 0x4f, 0xff, 0xff, 0xff, 0xff, 0xff, 0xd2,
    0x0, 0x4, 0xff, 0xff, 0xff, 0xff, 0xff, 0xff,
    0xe1, 0x0, 0x4f, 0xfe, 0xcb, 0xbd, 0xff, 0xff,
    0xff, 0x70, 0x2, 0x62, 0x0, 0x0, 0x4, 0xef,
    0xff, 0xfb, 0x0, 0x0, 0x0, 0x0, 0x0, 0x9,
    0xff, 0xff, 0xb0, 0x0, 0x0, 0x0, 0x0, 0x0,
    0xaf, 0xff, 0xf9, 0x0, 0x0, 0x0, 0x0, 0x2,
    0x9f, 0xff, 0xff, 0x20, 0x0, 0x0, 0xaf, 0xff,
    0xff, 0xff, 0xff, 0x50, 0x0, 0x0, 0xa, 0xff,
    0xff, 0xff, 0xfa, 0x10, 0x0, 0x0, 0x0, 0xaf,
    0xff, 0xff, 0xff, 0xfb, 0x20, 0x0, 0x0, 0x4,
    0x77, 0x8a, 0xff, 0xff, 0xfe, 0x20, 0x0, 0x0,
    0x0, 0x0, 0x1, 0xcf, 0xff, 0xfb, 0x0, 0x0,
    0x0, 0x0, 0x0, 0x2, 0xff, 0xff, 0xf1, 0x0,
    0x0, 0x0, 0x0, 0x0, 0xf, 0xff, 0xff, 0x30,
    0x0, 0x0, 0x0, 0x0, 0x4, 0xff, 0xff, 0xf2,
    0x2e, 0x72, 0x0, 0x0, 0x4, 0xdf, 0xff, 0xff,
    0x2, 0xff, 0xfe, 0xba, 0xbe, 0xff, 0xff, 0xff,
    0xa0, 0x2f, 0xff, 0xff, 0xff, 0xff, 0xff, 0xff,
    0xd1, 0x1, 0xff, 0xff, 0xff, 0xff, 0xff, 0xff,
    0xa1, 0x0, 0x2, 0x6a, 0xcd, 0xff, 0xfd, 0xb7,
    0x20, 0x0, 0x0,

    /* U+0034 "4" */
    0x0, 0x0, 0x0, 0x0, 0xdf, 0xff, 0xff, 0x40,
    0x0, 0x0, 0x0, 0x0, 0x8, 0xff, 0xff, 0xff,
    0x40, 0x0, 0x0, 0x0, 0x0, 0x3f, 0xff, 0xff,
    0xff, 0x40, 0x0, 0x0, 0x0, 0x0, 0xdf, 0xff,
    0xff, 0xff, 0x40, 0x0, 0x0, 0x0, 0x8, 0xff,
    0xfe, 0xff, 0xff, 0x40, 0x0, 0x0, 0x0, 0x3f,
    0xff, 0x9b, 0xff, 0xff, 0x40, 0x0, 0x0, 0x0,
    0xdf, 0xfe, 0xb, 0xff, 0xff, 0x40, 0x0, 0x0,
    0x8, 0xff, 0xf4, 0xb, 0xff, 0xff, 0x40, 0x0,
    0x0, 0x2f, 0xff, 0x90, 0xb, 0xff, 0xff, 0x40,
    0x0, 0x0, 0xcf, 0xfe, 0x0, 0xb, 0xff, 0xff,
    0x40, 0x0, 0x7, 0xff, 0xf4, 0x0, 0xb, 0xff,
    0xff, 0x40, 0x0, 0x2f, 0xff, 0x90, 0x0, 0xb,
    0xff, 0xff, 0x40, 0x0, 0xaf, 0xfe, 0x0, 0x0,
    0xb, 0xff, 0xff, 0x40, 0x0, 0xbf, 0xff, 0xee,
    0xee, 0xef, 0xff, 0xff, 0xee, 0xe2, 0xbf, 0xff,
    0xff, 0xff, 0xff, 0xff, 0xff, 0xff, 0xf3, 0xbf,
    0xff, 0xff, 0xff, 0xff, 0xff, 0xff, 0xff, 0xf3,
    0xbf, 0xff, 0xff, 0xff, 0xff, 0xff, 0xff, 0xff,
    0xf3, 0x0, 0x0, 0x0, 0x0, 0xb, 0xff, 0xff,
    0x40, 0x0, 0x0, 0x0, 0x0, 0x0, 0xb, 0xff,
    0xff, 0x40, 0x0, 0x0, 0x0, 0x0, 0x0, 0xb,
    0xff, 0xff, 0x40, 0x0, 0x0, 0x0, 0x0, 0x0,
    0xb, 0xff, 0xff, 0x40, 0x0,

    /* U+0035 "5" */
    0xf, 0xff, 0xff, 0xff, 0xff, 0xff, 0xff, 0x0,
    0xf, 0xff, 0xff, 0xff, 0xff, 0xff, 0xff, 0x0,
    0xf, 0xff, 0xff, 0xff, 0xff, 0xff, 0xff, 0x0,
    0xf, 0xff, 0xff, 0xff, 0xff, 0xff, 0xff, 0x0,
    0xf, 0xff, 0xf2, 0x0, 0x0, 0x0, 0x0, 0x0,
    0xf, 0xff, 0xf2, 0x0, 0x0, 0x0, 0x0, 0x0,
    0xf, 0xff, 0xf8, 0x9a, 0x98, 0x40, 0x0, 0x0,
    0xf, 0xff, 0xff, 0xff, 0xff, 0xfe, 0x60, 0x0,
    0xf, 0xff, 0xff, 0xff, 0xff, 0xff, 0xf9, 0x0,
    0xf, 0xff, 0xff, 0xff, 0xff, 0xff, 0xff, 0x60,
    0xf, 0xa6, 0x20, 0x3, 0x9f, 0xff, 0xff, 0xe0,
    0x1, 0x0, 0x0, 0x0, 0x6, 0xff, 0xff, 0xf4,
    0x0, 0x0, 0x0, 0x0, 0x0, 0xef, 0xff, 0xf6,
    0x0, 0x0, 0x0, 0x0, 0x0, 0xcf, 0xff, 0xf8,
    0x0, 0x0, 0x0, 0x0, 0x0, 0xdf, 0xff, 0xf7,
    0x60, 0x0, 0x0, 0x0, 0x3, 0xff, 0xff, 0xf5,
    0xde, 0x71, 0x0, 0x0, 0x4e, 0xff, 0xff, 0xf0,
    0xdf, 0xff, 0xdb, 0xbd, 0xff, 0xff, 0xff, 0x80,
    0xdf, 0xff, 0xff, 0xff, 0xff, 0xff, 0xfb, 0x0,
    0xaf, 0xff, 0xff, 0xff, 0xff, 0xff, 0x90, 0x0,
    0x1, 0x6a, 0xce, 0xff, 0xeb, 0x82, 0x0, 0x0,

    /* U+0036 "6" */
    0x0, 0x0, 0x0, 0x59, 0xde, 0xfe, 0xca, 0x61,
    0x0, 0x0, 0x3, 0xdf, 0xff, 0xff, 0xff, 0xff,
    0xa0, 0x0, 0x5, 0xff, 0xff, 0xff, 0xff, 0xff,
    0xfa, 0x0, 0x3, 0xff, 0xff, 0xff, 0xa8, 0x8a,
    0xef, 0xa0, 0x0, 0xdf, 0xff, 0xf9, 0x0, 0x0,
    0x0, 0x25, 0x0, 0x4f, 0xff, 0xfa, 0x0, 0x0,
    0x0, 0x0, 0x0, 0xa, 0xff, 0xff, 0x20, 0x0,
    0x0, 0x0, 0x0, 0x0, 0xef, 0xff, 0xe2, 0x8d,
    0xff, 0xd9, 0x30, 0x0, 0x1f, 0xff, 0xff, 0xff,
    0xff, 0xff, 0xff, 0x90, 0x2, 0xff, 0xff, 0xff,
    0xff, 0xff, 0xff, 0xff, 0x90, 0x3f, 0xff, 0xff,
    0xfe, 0x98, 0xcf, 0xff, 0xff, 0x33, 0xff, 0xff,
    0xff, 0x10, 0x0, 0xbf, 0xff, 0xfa, 0x2f, 0xff,
    0xff, 0x90, 0x0, 0x4, 0xff, 0xff, 0xd0, 0xff,
    0xff, 0xf6, 0x0, 0x0, 0x2f, 0xff, 0xff, 0xd,
    0xff, 0xff, 0x60, 0x0, 0x2, 0xff, 0xff, 0xe0,
    0x9f, 0xff, 0xf8, 0x0, 0x0, 0x4f, 0xff, 0xfc,
    0x2, 0xff, 0xff, 0xe1, 0x0, 0xb, 0xff, 0xff,
    0x70, 0xa, 0xff, 0xff, 0xd7, 0x7b, 0xff, 0xff,
    0xe1, 0x0, 0x1d, 0xff, 0xff, 0xff, 0xff, 0xff,
    0xf4, 0x0, 0x0, 0x1b, 0xff, 0xff, 0xff, 0xff,
    0xe4, 0x0, 0x0, 0x0, 0x4, 0xad, 0xff, 0xeb,
    0x60, 0x0, 0x0,

    /* U+0037 "7" */
    0x2f, 0xff, 0xff, 0xff, 0xff, 0xff, 0xff, 0xff,
    0x42, 0xff, 0xff, 0xff, 0xff, 0xff, 0xff, 0xff,
    0xf4, 0x2f, 0xff, 0xff, 0xff, 0xff, 0xff, 0xff,
    0xff, 0x41, 0xff, 0xff, 0xff, 0xff, 0xff, 0xff,
    0xff, 0xf1, 0x0, 0x0, 0x0, 0x0, 0x0, 0x8f,
    0xff, 0xf9, 0x0, 0x0, 0x0, 0x0, 0x0, 0xf,
    0xff, 0xff, 0x20, 0x0, 0x0, 0x0, 0x0, 0x6,
    0xff, 0xff, 0xb0, 0x0, 0x0, 0x0, 0x0, 0x0,
    0xdf, 0xff, 0xf4, 0x0, 0x0, 0x0, 0x0, 0x0,
    0x5f, 0xff, 0xfd, 0x0, 0x0, 0x0, 0x0, 0x0,
    0xc, 0xff, 0xff, 0x60, 0x0, 0x0, 0x0, 0x0,
    0x3, 0xff, 0xff, 0xe0, 0x0, 0x0, 0x0, 0x0,
    0x0, 0xaf, 0xff, 0xf7, 0x0, 0x0, 0x0, 0x0,
    0x0, 0x1f, 0xff, 0xff, 0x10, 0x0, 0x0, 0x0,
    0x0, 0x8, 0xff, 0xff, 0x90, 0x0, 0x0, 0x0,
    0x0, 0x0, 0xef, 0xff, 0xf2, 0x0, 0x0, 0x0,
    0x0, 0x0, 0x6f, 0xff, 0xfb, 0x0, 0x0, 0x0,
    0x0, 0x0, 0xd, 0xff, 0xff, 0x40, 0x0, 0x0,
    0x0, 0x0, 0x4, 0xff, 0xff, 0xd0, 0x0, 0x0,
    0x0, 0x0, 0x0, 0xbf, 0xff, 0xf6, 0x0, 0x0,
    0x0, 0x0, 0x0, 0x2f, 0xff, 0xfe, 0x0, 0x0,
    0x0, 0x0, 0x0, 0x9, 0xff, 0xff, 0x80, 0x0,
    0x0, 0x0, 0x0,

    /* U+0038 "8" */
    0x0, 0x0, 0x5a, 0xdf, 0xff, 0xec, 0x82, 0x0,
    0x0, 0x3, 0xdf, 0xff, 0xff, 0xff, 0xff, 0xf9,
    0x0, 0x1, 0xef, 0xff, 0xff, 0xff, 0xff, 0xff,
    0xf8, 0x0, 0x8f, 0xff, 0xff, 0x96, 0x7d, 0xff,
    0xff, 0xf1, 0xc, 0xff, 0xff, 0x70, 0x0, 0x1e,
    0xff, 0xff, 0x30, 0xcf, 0xff, 0xf3, 0x0, 0x0,
    0xbf, 0xff, 0xf3, 0xa, 0xff, 0xff, 0x40, 0x0,
    0xd, 0xff, 0xff, 0x10, 0x3f, 0xff, 0xfd, 0x30,
    0x19, 0xff, 0xff, 0x90, 0x0, 0x7f, 0xff, 0xff,
    0xff, 0xff, 0xff, 0xa0, 0x0, 0x0, 0x3b, 0xff,
    0xff, 0xff, 0xfe, 0x40, 0x0, 0x0, 0x1a, 0xff,
    0xff, 0xff, 0xff, 0xff, 0x80, 0x0, 0x2e, 0xff,
    0xff, 0x96, 0x7d, 0xff, 0xff, 0xa0, 0xb, 0xff,
    0xff, 0x40, 0x0, 0xc, 0xff, 0xff, 0x41, 0xff,
    0xff, 0xd0, 0x0, 0x0, 0x6f, 0xff, 0xf9, 0x4f,
    0xff, 0xfb, 0x0, 0x0, 0x4, 0xff, 0xff, 0xb3,
    0xff, 0xff, 0xd0, 0x0, 0x0, 0x6f, 0xff, 0xfa,
    0x1f, 0xff, 0xff, 0x40, 0x0, 0xd, 0xff, 0xff,
    0x80, 0xcf, 0xff, 0xff, 0x96, 0x7d, 0xff, 0xff,
    0xf3, 0x3, 0xff, 0xff, 0xff, 0xff, 0xff, 0xff,
    0xf9, 0x0, 0x4, 0xef, 0xff, 0xff, 0xff, 0xff,
    0xf8, 0x0, 0x0, 0x0, 0x5a, 0xdf, 0xff, 0xeb,
    0x82, 0x0, 0x0,

    /* U+0039 "9" */
    0x0, 0x0, 0x49, 0xdf, 0xfe, 0xb6, 0x0, 0x0,
    0x0, 0x1, 0xbf, 0xff, 0xff, 0xff, 0xfe, 0x40,
    0x0, 0x1, 0xdf, 0xff, 0xff, 0xff, 0xff, 0xff,
    0x40, 0x0, 0xaf, 0xff, 0xfe, 0x86, 0xaf, 0xff,
    0xfe, 0x10, 0x1f, 0xff, 0xff, 0x20, 0x0, 0x8f,
    0xff, 0xf9, 0x6, 0xff, 0xff, 0xa0, 0x0, 0x1,
    0xff, 0xff, 0xf0, 0x8f, 0xff, 0xf8, 0x0, 0x0,
    0xf, 0xff, 0xff, 0x48, 0xff, 0xff, 0x90, 0x0,
    0x0, 0xff, 0xff, 0xf7, 0x6f, 0xff, 0xfd, 0x0,
    0x0, 0x4f, 0xff, 0xff, 0x91, 0xff, 0xff, 0xfa,
    0x20, 0x4e, 0xff, 0xff, 0xfa, 0x9, 0xff, 0xff,
    0xff, 0xff, 0xff, 0xff, 0xff, 0xa0, 0xc, 0xff,
    0xff, 0xff, 0xff, 0xff, 0xff, 0xf9, 0x0, 0x8,
    0xff, 0xff, 0xff, 0xc9, 0xff, 0xff, 0x80, 0x0,
    0x0, 0x46, 0x76, 0x20, 0x8f, 0xff, 0xf5, 0x0,
    0x0, 0x0, 0x0, 0x0, 0xd, 0xff, 0xff, 0x10,
    0x0, 0x0, 0x0, 0x0, 0x6, 0xff, 0xff, 0xb0,
    0x2, 0x61, 0x0, 0x0, 0x5, 0xff, 0xff, 0xf3,
    0x0, 0x3f, 0xfc, 0x98, 0x9d, 0xff, 0xff, 0xf9,
    0x0, 0x3, 0xff, 0xff, 0xff, 0xff, 0xff, 0xfa,
    0x0, 0x0, 0x3f, 0xff, 0xff, 0xff, 0xff, 0xf7,
    0x0, 0x0, 0x0, 0x59, 0xcd, 0xff, 0xeb, 0x71,
    0x0, 0x0, 0x0,

    /* U+003A ":" */
    0xef, 0xff, 0xf1, 0xef, 0xff, 0xf1, 0xef, 0xff,
    0xf1, 0xef, 0xff, 0xf1, 0xef, 0xff, 0xf1, 0x56,
    0x66, 0x60, 0x0, 0x0, 0x0, 0x0, 0x0, 0x0,
    0x0, 0x0, 0x0, 0x0, 0x0, 0x0, 0x56, 0x66,
    0x60, 0xef, 0xff, 0xf1, 0xef, 0xff, 0xf1, 0xef,
    0xff, 0xf1, 0xef, 0xff, 0xf1, 0xef, 0xff, 0xf1,

    /* U+003B ";" */
    0x0, 0xef, 0xff, 0xf1, 0x0, 0xef, 0xff, 0xf1,
    0x0, 0xef, 0xff, 0xf1, 0x0, 0xef, 0xff, 0xf1,
    0x0, 0xef, 0xff, 0xf1, 0x0, 0x56, 0x66, 0x60,
    0x0, 0x0, 0x0, 0x0, 0x0, 0x0, 0x0, 0x0,
    0x0, 0x0, 0x0, 0x0, 0x0, 0x0, 0x0, 0x0,
    0x0, 0xef, 0xff, 0xf1, 0x0, 0xef, 0xff, 0xf1,
    0x0, 0xef, 0xff, 0xf1, 0x0, 0xef, 0xff, 0xf1,
    0x0, 0xff, 0xff, 0xd0, 0x3, 0xff, 0xff, 0x40,
    0x7, 0xff, 0xf9, 0x0, 0xb, 0xff, 0xe0, 0x0,
    0xf, 0xff, 0x40, 0x0, 0x17, 0x75, 0x0, 0x0,

    /* U+003C "<" */
    0x0, 0x0, 0x0, 0x0, 0x0, 0x0, 0x0, 0x0,
    0x0, 0x0, 0x0, 0x0, 0x0, 0x0, 0x0, 0x0,
    0x0, 0x4, 0xa7, 0x0, 0x0, 0x0, 0x0, 0x0,
    0x0, 0x3, 0x9e, 0xff, 0x80, 0x0, 0x0, 0x0,
    0x0, 0x1, 0x7d, 0xff, 0xff, 0xf8, 0x0, 0x0,
    0x0, 0x0, 0x5b, 0xff, 0xff, 0xff, 0xfc, 0x40,
    0x0, 0x0, 0x4a, 0xff, 0xff, 0xff, 0xfd, 0x72,
    0x0, 0x0, 0x28, 0xef, 0xff, 0xff, 0xfe, 0x83,
    0x0, 0x0, 0x0, 0xcf, 0xff, 0xff, 0xfe, 0x93,
    0x0, 0x0, 0x0, 0x0, 0xf, 0xff, 0xff, 0xa4,
    0x0, 0x0, 0x0, 0x0, 0x0, 0x0, 0xff, 0xff,
    0xe8, 0x20, 0x0, 0x0, 0x0, 0x0, 0x0, 0xe,
    0xff, 0xff, 0xff, 0xd7, 0x20, 0x0, 0x0, 0x0,
    0x0, 0x4, 0x9f, 0xff, 0xff, 0xff, 0xc6, 0x10,
    0x0, 0x0, 0x0, 0x0, 0x5, 0xbf, 0xff, 0xff,
    0xff, 0xb6, 0x10, 0x0, 0x0, 0x0, 0x0, 0x17,
    0xdf, 0xff, 0xff, 0xff, 0xb3, 0x0, 0x0, 0x0,
    0x0, 0x0, 0x39, 0xef, 0xff, 0xff, 0x80, 0x0,
    0x0, 0x0, 0x0, 0x0, 0x0, 0x5a, 0xff, 0xf8,
    0x0, 0x0, 0x0, 0x0, 0x0, 0x0, 0x0, 0x1,
    0x6c, 0x70, 0x0, 0x0, 0x0, 0x0, 0x0, 0x0,
    0x0, 0x0, 0x0,

    /* U+003D "=" */
    0xf, 0xff, 0xff, 0xff, 0xff, 0xff, 0xff, 0xff,
    0xff, 0x80, 0xff, 0xff, 0xff, 0xff, 0xff, 0xff,
    0xff, 0xff, 0xf8, 0xf, 0xff, 0xff, 0xff, 0xff,
    0xff, 0xff, 0xff, 0xff, 0x80, 0x44, 0x44, 0x44,
    0x44, 0x44, 0x44, 0x44, 0x44, 0x42, 0x0, 0x0,
    0x0, 0x0, 0x0, 0x0, 0x0, 0x0, 0x0, 0x0,
    0x0, 0x0, 0x0, 0x0, 0x0, 0x0, 0x0, 0x0,
    0x0, 0x5, 0x55, 0x55, 0x55, 0x55, 0x55, 0x55,
    0x55, 0x55, 0x20, 0xff, 0xff, 0xff, 0xff, 0xff,
    0xff, 0xff, 0xff, 0xf8, 0xf, 0xff, 0xff, 0xff,
    0xff, 0xff, 0xff, 0xff, 0xff, 0x80, 0xff, 0xff,
    0xff, 0xff, 0xff, 0xff, 0xff, 0xff, 0xf8,

    /* U+003E ">" */
    0x0, 0x0, 0x0, 0x0, 0x0, 0x0, 0x0, 0x0,
    0x0, 0x0, 0xd7, 0x10, 0x0, 0x0, 0x0, 0x0,
    0x0, 0x0, 0x0, 0xf, 0xff, 0xb6, 0x0, 0x0,
    0x0, 0x0, 0x0, 0x0, 0x0, 0xff, 0xff, 0xff,
    0xa4, 0x0, 0x0, 0x0, 0x0, 0x0, 0xa, 0xff,
    0xff, 0xff, 0xfe, 0x82, 0x0, 0x0, 0x0, 0x0,
    0x0, 0x5a, 0xff, 0xff, 0xff, 0xfc, 0x61, 0x0,
    0x0, 0x0, 0x0, 0x0, 0x6b, 0xff, 0xff, 0xff,
    0xfb, 0x50, 0x0, 0x0, 0x0, 0x0, 0x1, 0x6c,
    0xff, 0xff, 0xff, 0xe5, 0x0, 0x0, 0x0, 0x0,
    0x0, 0x2, 0x7d, 0xff, 0xff, 0x80, 0x0, 0x0,
    0x0, 0x0, 0x0, 0x5, 0xbf, 0xff, 0xf8, 0x0,
    0x0, 0x0, 0x0, 0x5, 0xaf, 0xff, 0xff, 0xff,
    0x60, 0x0, 0x0, 0x4, 0x9f, 0xff, 0xff, 0xff,
    0xc6, 0x10, 0x0, 0x3, 0x9e, 0xff, 0xff, 0xff,
    0xe8, 0x20, 0x0, 0x0, 0x8d, 0xff, 0xff, 0xff,
    0xfa, 0x40, 0x0, 0x0, 0x0, 0xf, 0xff, 0xff,
    0xfb, 0x60, 0x0, 0x0, 0x0, 0x0, 0x0, 0xff,
    0xfd, 0x71, 0x0, 0x0, 0x0, 0x0, 0x0, 0x0,
    0xe, 0x93, 0x0, 0x0, 0x0, 0x0, 0x0, 0x0,
    0x0, 0x0, 0x0, 0x0, 0x0, 0x0, 0x0, 0x0,
    0x0, 0x0, 0x0,

    /* U+003F "?" */
    0x1, 0x59, 0xce, 0xff, 0xda, 0x40, 0x0, 0x1f,
    0xff, 0xff, 0xff, 0xff, 0xfb, 0x0, 0x1f, 0xff,
    0xff, 0xff, 0xff, 0xff, 0xa0, 0x1f, 0xff, 0xdb,
    0xbf, 0xff, 0xff, 0xf1, 0x1f, 0x92, 0x0, 0x1,
    0xef, 0xff, 0xf5, 0x2, 0x0, 0x0, 0x0, 0x9f,
    0xff, 0xf6, 0x0, 0x0, 0x0, 0x0, 0xbf, 0xff,
    0xf4, 0x0, 0x0, 0x0, 0x4, 0xff, 0xff, 0xf0,
    0x0, 0x0, 0x0, 0x4f, 0xff, 0xff, 0x60, 0x0,
    0x0, 0x4, 0xff, 0xff, 0xf9, 0x0, 0x0, 0x0,
    0x3f, 0xff, 0xff, 0x90, 0x0, 0x0, 0x0, 0xdf,
    0xff, 0xf9, 0x0, 0x0, 0x0, 0x2, 0xff, 0xff,
    0xd0, 0x0, 0x0, 0x0, 0x3, 0xff, 0xff, 0xb0,
    0x0, 0x0, 0x0, 0x0, 0x0, 0x0, 0x0, 0x0,
    0x0, 0x0, 0x0, 0x0, 0x0, 0x0, 0x0, 0x0,
    0x0, 0x3, 0xff, 0xff, 0xa0, 0x0, 0x0, 0x0,
    0x3, 0xff, 0xff, 0xb0, 0x0, 0x0, 0x0, 0x3,
    0xff, 0xff, 0xb0, 0x0, 0x0, 0x0, 0x3, 0xff,
    0xff, 0xb0, 0x0, 0x0, 0x0, 0x3, 0xff, 0xff,
    0xb0, 0x0, 0x0,

    /* U+0040 "@" */
    0x0, 0x0, 0x0, 0x0, 0x15, 0xad, 0xef, 0xec,
    0x94, 0x0, 0x0, 0x0, 0x0, 0x0, 0x0, 0x0,
    0x18, 0xff, 0xff, 0xff, 0xff, 0xff, 0xe6, 0x0,
    0x0, 0x0, 0x0, 0x0, 0x4, 0xef, 0xff, 0xfc,
    0xaa, 0xbd, 0xff, 0xff, 0xc1, 0x0, 0x0, 0x0,
    0x0, 0x6f, 0xff, 0xc5, 0x0, 0x0, 0x0, 0x28,
    0xff, 0xfe, 0x20, 0x0, 0x0, 0x4, 0xff, 0xf7,
    0x0, 0x0, 0x0, 0x0, 0x0, 0x1b, 0xff, 0xd0,
    0x0, 0x0, 0x2f, 0xff, 0x50, 0x0, 0x0, 0x0,
    0x0, 0x0, 0x0, 0xbf, 0xf8, 0x0, 0x0, 0xaf,
    0xf6, 0x0, 0x0, 0x27, 0x97, 0x10, 0xaa, 0x80,
    0xd, 0xff, 0x10, 0x2, 0xff, 0xb0, 0x0, 0x9,
    0xff, 0xff, 0xf5, 0xff, 0xd0, 0x4, 0xff, 0x70,
    0x7, 0xff, 0x30, 0x0, 0x9f, 0xff, 0xff, 0xff,
    0xff, 0xd0, 0x0, 0xef, 0xb0, 0xc, 0xfd, 0x0,
    0x2, 0xff, 0xf9, 0x11, 0x9f, 0xff, 0xd0, 0x0,
    0xaf, 0xe0, 0xf, 0xf9, 0x0, 0x8, 0xff, 0xc0,
    0x0, 0xc, 0xff, 0xd0, 0x0, 0x8f, 0xf0, 0x1f,
    0xf7, 0x0, 0xb, 0xff, 0x70, 0x0, 0x7, 0xff,
    0xd0, 0x0, 0x9f, 0xf0, 0x2f, 0xf6, 0x0, 0xb,
    0xff, 0x60, 0x0, 0x5, 0xff, 0xd0, 0x0, 0xbf,
    0xd0, 0x1f, 0xf7, 0x0, 0xb, 0xff, 0x70, 0x0,
    0x7, 0xff, 0xd0, 0x1, 0xff, 0x90, 0xf, 0xf9,
    0x0, 0x8, 0xff, 0xc0, 0x0, 0xc, 0xff, 0xd0,
    0xa, 0xff, 0x30, 0xc, 0xfd, 0x0, 0x2, 0xff,
    0xf9, 0x11, 0x8f, 0xff, 0xd2, 0xaf, 0xfa, 0x0,
    0x8, 0xff, 0x30, 0x0, 0x9f, 0xff, 0xff, 0xfe,
    0xff, 0xff, 0xff, 0xb0, 0x0, 0x2, 0xff, 0xb0,
    0x0, 0x9, 0xff, 0xff, 0xf5, 0xff, 0xff, 0xe6,
    0x0, 0x0, 0x0, 0xaf, 0xf5, 0x0, 0x0, 0x37,
    0x97, 0x10, 0x98, 0x63, 0x0, 0x0, 0x0, 0x0,
    0x2f, 0xff, 0x40, 0x0, 0x0, 0x0, 0x0, 0x0,
    0x0, 0x0, 0x0, 0x0, 0x0, 0x5, 0xff, 0xf6,
    0x0, 0x0, 0x0, 0x0, 0x0, 0x5d, 0x0, 0x0,
    0x0, 0x0, 0x0, 0x7f, 0xff, 0xc5, 0x0, 0x0,
    0x0, 0x4c, 0xff, 0x90, 0x0, 0x0, 0x0, 0x0,
    0x5, 0xff, 0xff, 0xfc, 0xaa, 0xcf, 0xff, 0xff,
    0x80, 0x0, 0x0, 0x0, 0x0, 0x0, 0x19, 0xff,
    0xff, 0xff, 0xff, 0xff, 0xb3, 0x0, 0x0, 0x0,
    0x0, 0x0, 0x0, 0x0, 0x16, 0xbd, 0xff, 0xec,
    0x72, 0x0, 0x0, 0x0, 0x0,

    /* U+0041 "A" */
    0x0, 0x0, 0x0, 0x7, 0xff, 0xff, 0xff, 0x20,
    0x0, 0x0, 0x0, 0x0, 0x0, 0x0, 0xd, 0xff,
    0xff, 0xff, 0x80, 0x0, 0x0, 0x0, 0x0, 0x0,
    0x0, 0x3f, 0xff, 0xff, 0xff, 0xd0, 0x0, 0x0,
    0x0, 0x0, 0x0, 0x0, 0x8f, 0xff, 0xff, 0xff,
    0xf3, 0x0, 0x0, 0x0, 0x0, 0x0, 0x0, 0xef,
    0xff, 0xff, 0xff, 0xf9, 0x0, 0x0, 0x0, 0x0,
    0x0, 0x4, 0xff, 0xff, 0xae, 0xff, 0xfe, 0x0,
    0x0, 0x0, 0x0, 0x0, 0xa, 0xff, 0xff, 0x49,
    0xff, 0xff, 0x40, 0x0, 0x0, 0x0, 0x0, 0xf,
    0xff, 0xfe, 0x4, 0xff, 0xff, 0xa0, 0x0, 0x0,
    0x0, 0x0, 0x5f, 0xff, 0xf9, 0x0, 0xef, 0xff,
    0xf0, 0x0, 0x0, 0x0, 0x0, 0xbf, 0xff, 0xf4,
    0x0, 0x9f, 0xff, 0xf6, 0x0, 0x0, 0x0, 0x1,
    0xff, 0xff, 0xe0, 0x0, 0x4f, 0xff, 0xfb, 0x0,
    0x0, 0x0, 0x7, 0xff, 0xff, 0x90, 0x0, 0xe,
    0xff, 0xff, 0x10, 0x0, 0x0, 0xc, 0xff, 0xff,
    0x40, 0x0, 0x9, 0xff, 0xff, 0x70, 0x0, 0x0,
    0x2f, 0xff, 0xff, 0xdd, 0xdd, 0xde, 0xff, 0xff,
    0xd0, 0x0, 0x0, 0x8f, 0xff, 0xff, 0xff, 0xff,
    0xff, 0xff, 0xff, 0xf3, 0x0, 0x0, 0xdf, 0xff,
    0xff, 0xff, 0xff, 0xff, 0xff, 0xff, 0xf8, 0x0,
    0x3, 0xff, 0xff, 0xff, 0xff, 0xff, 0xff, 0xff,
    0xff, 0xfe, 0x0, 0x9, 0xff, 0xff, 0x90, 0x0,
    0x0, 0x0, 0xe, 0xff, 0xff, 0x40, 0xe, 0xff,
    0xff, 0x30, 0x0, 0x0, 0x0, 0x9, 0xff, 0xff,
    0xa0, 0x5f, 0xff, 0xfe, 0x0, 0x0, 0x0, 0x0,
    0x3, 0xff, 0xff, 0xf0, 0xaf, 0xff, 0xf9, 0x0,
    0x0, 0x0, 0x0, 0x0, 0xef, 0xff, 0xf5,

    /* U+0042 "B" */
    0x6f, 0xff, 0xff, 0xff, 0xff, 0xec, 0x83, 0x0,
    0x0, 0x6f, 0xff, 0xff, 0xff, 0xff, 0xff, 0xff,
    0xb0, 0x0, 0x6f, 0xff, 0xff, 0xff, 0xff, 0xff,
    0xff, 0xfb, 0x0, 0x6f, 0xff, 0xff, 0xaa, 0xac,
    0xff, 0xff, 0xff, 0x30, 0x6f, 0xff, 0xfd, 0x0,
    0x0, 0x4f, 0xff, 0xff, 0x70, 0x6f, 0xff, 0xfd,
    0x0, 0x0, 0xc, 0xff, 0xff, 0x80, 0x6f, 0xff,
    0xfd, 0x0, 0x0, 0xc, 0xff, 0xff, 0x60, 0x6f,
    0xff, 0xfd, 0x0, 0x0, 0x4f, 0xff, 0xff, 0x20,
    0x6f, 0xff, 0xff, 0xaa, 0xac, 0xff, 0xff, 0xf8,
    0x0, 0x6f, 0xff, 0xff, 0xff, 0xff, 0xff, 0xff,
    0x60, 0x0, 0x6f, 0xff, 0xff, 0xff, 0xff, 0xff,
    0xff, 0xe5, 0x0, 0x6f, 0xff, 0xff, 0xff, 0xff,
    0xff, 0xff, 0xff, 0x40, 0x6f, 0xff, 0xfd, 0x0,
    0x1, 0x4d, 0xff, 0xff, 0xd0, 0x6f, 0xff, 0xfd,
    0x0, 0x0, 0x2, 0xff, 0xff, 0xf2, 0x6f, 0xff,
    0xfd, 0x0, 0x0, 0x0, 0xff, 0xff, 0xf4, 0x6f,
    0xff, 0xfd, 0x0, 0x0, 0x0, 0xff, 0xff, 0xf5,
    0x6f, 0xff, 0xfd, 0x0, 0x0, 0x9, 0xff, 0xff,
    0xf3, 0x6f, 0xff, 0xff, 0xaa, 0xab, 0xef, 0xff,
    0xff, 0xe0, 0x6f, 0xff, 0xff, 0xff, 0xff, 0xff,
    0xff, 0xff, 0x50, 0x6f, 0xff, 0xff, 0xff, 0xff,
    0xff, 0xff, 0xf5, 0x0, 0x6f, 0xff, 0xff, 0xff,
    0xff, 0xfd, 0xb6, 0x10, 0x0,

    /* U+0043 "C" */
    0x0, 0x0, 0x0, 0x27, 0xad, 0xef, 0xed, 0xa5,
    0x10, 0x0, 0x0, 0x1a, 0xff, 0xff, 0xff, 0xff,
    0xff, 0xf7, 0x0, 0x4, 0xef, 0xff, 0xff, 0xff,
    0xff, 0xff, 0xfc, 0x0, 0x3f, 0xff, 0xff, 0xff,
    0xfe, 0xef, 0xff, 0xfc, 0x1, 0xef, 0xff, 0xff,
    0xc4, 0x0, 0x0, 0x49, 0xfc, 0x8, 0xff, 0xff,
    0xfa, 0x0, 0x0, 0x0, 0x0, 0x16, 0xe, 0xff,
    0xff, 0xd0, 0x0, 0x0, 0x0, 0x0, 0x0, 0x3f,
    0xff, 0xff, 0x50, 0x0, 0x0, 0x0, 0x0, 0x0,
    0x7f, 0xff, 0xff, 0x10, 0x0, 0x0, 0x0, 0x0,
    0x0, 0x8f, 0xff, 0xfe, 0x0, 0x0, 0x0, 0x0,
    0x0, 0x0, 0x9f, 0xff, 0xfd, 0x0, 0x0, 0x0,
    0x0, 0x0, 0x0, 0x8f, 0xff, 0xfe, 0x0, 0x0,
    0x0, 0x0, 0x0, 0x0, 0x7f, 0xff, 0xff, 0x10,
    0x0, 0x0, 0x0, 0x0, 0x0, 0x3f, 0xff, 0xff,
    0x50, 0x0, 0x0, 0x0, 0x0, 0x0, 0xf, 0xff,
    0xff, 0xd0, 0x0, 0x0, 0x0, 0x0, 0x0, 0x8,
    0xff, 0xff, 0xfa, 0x0, 0x0, 0x0, 0x0, 0x16,
    0x1, 0xef, 0xff, 0xff, 0xc4, 0x0, 0x0, 0x49,
    0xfc, 0x0, 0x3f, 0xff, 0xff, 0xff, 0xfe, 0xef,
    0xff, 0xfc, 0x0, 0x4, 0xef, 0xff, 0xff, 0xff,
    0xff, 0xff, 0xfc, 0x0, 0x0, 0x1a, 0xff, 0xff,
    0xff, 0xff, 0xff, 0xf7, 0x0, 0x0, 0x0, 0x27,
    0xbd, 0xef, 0xfd, 0xa5, 0x10,

    /* U+0044 "D" */
    0x6f, 0xff, 0xff, 0xff, 0xfd, 0xca, 0x72, 0x0,
    0x0, 0x0, 0x6f, 0xff, 0xff, 0xff, 0xff, 0xff,
    0xff, 0xa2, 0x0, 0x0, 0x6f, 0xff, 0xff, 0xff,
    0xff, 0xff, 0xff, 0xff, 0x50, 0x0, 0x6f, 0xff,
    0xff, 0xff, 0xff, 0xff, 0xff, 0xff, 0xf5, 0x0,
    0x6f, 0xff, 0xfd, 0x0, 0x13, 0x7d, 0xff, 0xff,
    0xff, 0x20, 0x6f, 0xff, 0xfd, 0x0, 0x0, 0x0,
    0x9f, 0xff, 0xff, 0xa0, 0x6f, 0xff, 0xfd, 0x0,
    0x0, 0x0, 0xb, 0xff, 0xff, 0xf2, 0x6f, 0xff,
    0xfd, 0x0, 0x0, 0x0, 0x2, 0xff, 0xff, 0xf6,
    0x6f, 0xff, 0xfd, 0x0, 0x0, 0x0, 0x0, 0xdf,
    0xff, 0xf9, 0x6f, 0xff, 0xfd, 0x0, 0x0, 0x0,
    0x0, 0xbf, 0xff, 0xfb, 0x6f, 0xff, 0xfd, 0x0,
    0x0, 0x0, 0x0, 0xaf, 0xff, 0xfc, 0x6f, 0xff,
    0xfd, 0x0, 0x0, 0x0, 0x0, 0xbf, 0xff, 0xfb,
    0x6f, 0xff, 0xfd, 0x0, 0x0, 0x0, 0x0, 0xef,
    0xff, 0xf9, 0x6f, 0xff, 0xfd, 0x0, 0x0, 0x0,
    0x3, 0xff, 0xff, 0xf6, 0x6f, 0xff, 0xfd, 0x0,
    0x0, 0x0, 0xb, 0xff, 0xff, 0xf2, 0x6f, 0xff,
    0xfd, 0x0, 0x0, 0x0, 0x9f, 0xff, 0xff, 0xa0,
    0x6f, 0xff, 0xfd, 0x11, 0x13, 0x7e, 0xff, 0xff,
    0xff, 0x20, 0x6f, 0xff, 0xff, 0xff, 0xff, 0xff,
    0xff, 0xff, 0xf5, 0x0, 0x6f, 0xff, 0xff, 0xff,
    0xff, 0xff, 0xff, 0xff, 0x50, 0x0, 0x6f, 0xff,
    0xff, 0xff, 0xff, 0xff, 0xff, 0xa2, 0x0, 0x0,
    0x6f, 0xff, 0xff, 0xff, 0xfe, 0xca, 0x61, 0x0,
    0x0, 0x0,

    /* U+0045 "E" */
    0x6f, 0xff, 0xff, 0xff, 0xff, 0xff, 0xff, 0xc0,
    0x6f, 0xff, 0xff, 0xff, 0xff, 0xff, 0xff, 0xc0,
    0x6f, 0xff, 0xff, 0xff, 0xff, 0xff, 0xff, 0xc0,
    0x6f, 0xff, 0xff, 0xff, 0xff, 0xff, 0xff, 0xc0,
    0x6f, 0xff, 0xfd, 0x0, 0x0, 0x0, 0x0, 0x0,
    0x6f, 0xff, 0xfd, 0x0, 0x0, 0x0, 0x0, 0x0,
    0x6f, 0xff, 0xfd, 0x0, 0x0, 0x0, 0x0, 0x0,
    0x6f, 0xff, 0xfd, 0x0, 0x0, 0x0, 0x0, 0x0,
    0x6f, 0xff, 0xff, 0xff, 0xff, 0xff, 0xff, 0x40,
    0x6f, 0xff, 0xff, 0xff, 0xff, 0xff, 0xff, 0x40,
    0x6f, 0xff, 0xff, 0xff, 0xff, 0xff, 0xff, 0x40,
    0x6f, 0xff, 0xff, 0xff, 0xff, 0xff, 0xff, 0x40,
    0x6f, 0xff, 0xfd, 0x11, 0x11, 0x11, 0x11, 0x0,
    0x6f, 0xff, 0xfd, 0x0, 0x0, 0x0, 0x0, 0x0,
    0x6f, 0xff, 0xfd, 0x0, 0x0, 0x0, 0x0, 0x0,
    0x6f, 0xff, 0xfd, 0x0, 0x0, 0x0, 0x0, 0x0,
    0x6f, 0xff, 0xfd, 0x11, 0x11, 0x11, 0x11, 0x10,
    0x6f, 0xff, 0xff, 0xff, 0xff, 0xff, 0xff, 0xf1,
    0x6f, 0xff, 0xff, 0xff, 0xff, 0xff, 0xff, 0xf1,
    0x6f, 0xff, 0xff, 0xff, 0xff, 0xff, 0xff, 0xf1,
    0x6f, 0xff, 0xff, 0xff, 0xff, 0xff, 0xff, 0xf1,

    /* U+0046 "F" */
    0x6f, 0xff, 0xff, 0xff, 0xff, 0xff, 0xff, 0xc6,
    0xff, 0xff, 0xff, 0xff, 0xff, 0xff, 0xfc, 0x6f,
    0xff, 0xff, 0xff, 0xff, 0xff, 0xff, 0xc6, 0xff,
    0xff, 0xff, 0xff, 0xff, 0xff, 0xfc, 0x6f, 0xff,
    0xfd, 0x0, 0x0, 0x0, 0x0, 0x6, 0xff, 0xff,
    0xd0, 0x0, 0x0, 0x0, 0x0, 0x6f, 0xff, 0xfd,
    0x0, 0x0, 0x0, 0x0, 0x6, 0xff, 0xff, 0xd0,
    0x0, 0x0, 0x0, 0x0, 0x6f, 0xff, 0xff, 0xff,
    0xff, 0xff, 0xff, 0x46, 0xff, 0xff, 0xff, 0xff,
    0xff, 0xff, 0xf4, 0x6f, 0xff, 0xff, 0xff, 0xff,
    0xff, 0xff, 0x46, 0xff, 0xff, 0xff, 0xff, 0xff,
    0xff, 0xf4, 0x6f, 0xff, 0xfd, 0x11, 0x11, 0x11,
    0x11, 0x6, 0xff, 0xff, 0xd0, 0x0, 0x0, 0x0,
    0x0, 0x6f, 0xff, 0xfd, 0x0, 0x0, 0x0, 0x0,
    0x6, 0xff, 0xff, 0xd0, 0x0, 0x0, 0x0, 0x0,
    0x6f, 0xff, 0xfd, 0x0, 0x0, 0x0, 0x0, 0x6,
    0xff, 0xff, 0xd0, 0x0, 0x0, 0x0, 0x0, 0x6f,
    0xff, 0xfd, 0x0, 0x0, 0x0, 0x0, 0x6, 0xff,
    0xff, 0xd0, 0x0, 0x0, 0x0, 0x0, 0x6f, 0xff,
    0xfd, 0x0, 0x0, 0x0, 0x0, 0x0,

    /* U+0047 "G" */
    0x0, 0x0, 0x0, 0x16, 0xad, 0xef, 0xfe, 0xc9,
    0x61, 0x0, 0x0, 0x0, 0x19, 0xff, 0xff, 0xff,
    0xff, 0xff, 0xff, 0xb1, 0x0, 0x3, 0xef, 0xff,
    0xff, 0xff, 0xff, 0xff, 0xff, 0xf2, 0x0, 0x3f,
    0xff, 0xff, 0xff, 0xff, 0xef, 0xff, 0xff, 0xf2,
    0x0, 0xef, 0xff, 0xff, 0xd5, 0x10, 0x0, 0x14,
    0x8e, 0xf2, 0x8, 0xff, 0xff, 0xfa, 0x0, 0x0,
    0x0, 0x0, 0x0, 0x51, 0xe, 0xff, 0xff, 0xd0,
    0x0, 0x0, 0x0, 0x0, 0x0, 0x0, 0x3f, 0xff,
    0xff, 0x50, 0x0, 0x0, 0x0, 0x0, 0x0, 0x0,
    0x7f, 0xff, 0xff, 0x10, 0x0, 0x0, 0x0, 0x0,
    0x0, 0x0, 0x8f, 0xff, 0xfe, 0x0, 0x0, 0x4,
    0xff, 0xff, 0xff, 0xfe, 0x9f, 0xff, 0xfd, 0x0,
    0x0, 0x4, 0xff, 0xff, 0xff, 0xfe, 0x8f, 0xff,
    0xfe, 0x0, 0x0, 0x4, 0xff, 0xff, 0xff, 0xfe,
    0x7f, 0xff, 0xff, 0x10, 0x0, 0x2, 0x99, 0xaf,
    0xff, 0xfe, 0x3f, 0xff, 0xff, 0x50, 0x0, 0x0,
    0x0, 0x1f, 0xff, 0xfe, 0xf, 0xff, 0xff, 0xd0,
    0x0, 0x0, 0x0, 0x1f, 0xff, 0xfe, 0x8, 0xff,
    0xff, 0xfa, 0x0, 0x0, 0x0, 0x1f, 0xff, 0xfe,
    0x1, 0xef, 0xff, 0xff, 0xc5, 0x10, 0x0, 0x4f,
    0xff, 0xfe, 0x0, 0x3f, 0xff, 0xff, 0xff, 0xfe,
    0xef, 0xff, 0xff, 0xfe, 0x0, 0x4, 0xef, 0xff,
    0xff, 0xff, 0xff, 0xff, 0xff, 0xfe, 0x0, 0x0,
    0x1a, 0xff, 0xff, 0xff, 0xff, 0xff, 0xff, 0xa3,
    0x0, 0x0, 0x0, 0x27, 0xbd, 0xef, 0xfe, 0xb9,
    0x50, 0x0,

    /* U+0048 "H" */
    0x6f, 0xff, 0xfd, 0x0, 0x0, 0x0, 0x6, 0xff,
    0xff, 0xd6, 0xff, 0xff, 0xd0, 0x0, 0x0, 0x0,
    0x6f, 0xff, 0xfd, 0x6f, 0xff, 0xfd, 0x0, 0x0,
    0x0, 0x6, 0xff, 0xff, 0xd6, 0xff, 0xff, 0xd0,
    0x0, 0x0, 0x0, 0x6f, 0xff, 0xfd, 0x6f, 0xff,
    0xfd, 0x0, 0x0, 0x0, 0x6, 0xff, 0xff, 0xd6,
    0xff, 0xff, 0xd0, 0x0, 0x0, 0x0, 0x6f, 0xff,
    0xfd, 0x6f, 0xff, 0xfd, 0x0, 0x0, 0x0, 0x6,
    0xff, 0xff, 0xd6, 0xff, 0xff, 0xd0, 0x0, 0x0,
    0x0, 0x6f, 0xff, 0xfd, 0x6f, 0xff, 0xff, 0xff,
    0xff, 0xff, 0xff, 0xff, 0xff, 0xd6, 0xff, 0xff,
    0xff, 0xff, 0xff, 0xff, 0xff, 0xff, 0xfd, 0x6f,
    0xff, 0xff, 0xff, 0xff, 0xff, 0xff, 0xff, 0xff,
    0xd6, 0xff, 0xff, 0xff, 0xff, 0xff, 0xff, 0xff,
    0xff, 0xfd, 0x6f, 0xff, 0xfd, 0x11, 0x11, 0x11,
    0x17, 0xff, 0xff, 0xd6, 0xff, 0xff, 0xd0, 0x0,
    0x0, 0x0, 0x6f, 0xff, 0xfd, 0x6f, 0xff, 0xfd,
    0x0, 0x0, 0x0, 0x6, 0xff, 0xff, 0xd6, 0xff,
    0xff, 0xd0, 0x0, 0x0, 0x0, 0x6f, 0xff, 0xfd,
    0x6f, 0xff, 0xfd, 0x0, 0x0, 0x0, 0x6, 0xff,
    0xff, 0xd6, 0xff, 0xff, 0xd0, 0x0, 0x0, 0x0,
    0x6f, 0xff, 0xfd, 0x6f, 0xff, 0xfd, 0x0, 0x0,
    0x0, 0x6, 0xff, 0xff, 0xd6, 0xff, 0xff, 0xd0,
    0x0, 0x0, 0x0, 0x6f, 0xff, 0xfd, 0x6f, 0xff,
    0xfd, 0x0, 0x0, 0x0, 0x6, 0xff, 0xff, 0xd0,

    /* U+0049 "I" */
    0x6f, 0xff, 0xfd, 0x6f, 0xff, 0xfd, 0x6f, 0xff,
    0xfd, 0x6f, 0xff, 0xfd, 0x6f, 0xff, 0xfd, 0x6f,
    0xff, 0xfd, 0x6f, 0xff, 0xfd, 0x6f, 0xff, 0xfd,
    0x6f, 0xff, 0xfd, 0x6f, 0xff, 0xfd, 0x6f, 0xff,
    0xfd, 0x6f, 0xff, 0xfd, 0x6f, 0xff, 0xfd, 0x6f,
    0xff, 0xfd, 0x6f, 0xff, 0xfd, 0x6f, 0xff, 0xfd,
    0x6f, 0xff, 0xfd, 0x6f, 0xff, 0xfd, 0x6f, 0xff,
    0xfd, 0x6f, 0xff, 0xfd, 0x6f, 0xff, 0xfd,

    /* U+004A "J" */
    0x0, 0x0, 0x6f, 0xff, 0xfd, 0x0, 0x0, 0x6f,
    0xff, 0xfd, 0x0, 0x0, 0x6f, 0xff, 0xfd, 0x0,
    0x0, 0x6f, 0xff, 0xfd, 0x0, 0x0, 0x6f, 0xff,
    0xfd, 0x0, 0x0, 0x6f, 0xff, 0xfd, 0x0, 0x0,
    0x6f, 0xff, 0xfd, 0x0, 0x0, 0x6f, 0xff, 0xfd,
    0x0, 0x0, 0x6f, 0xff, 0xfd, 0x0, 0x0, 0x6f,
    0xff, 0xfd, 0x0, 0x0, 0x6f, 0xff, 0xfd, 0x0,
    0x0, 0x6f, 0xff, 0xfd, 0x0, 0x0, 0x6f, 0xff,
    0xfd, 0x0, 0x0, 0x6f, 0xff, 0xfd, 0x0, 0x0,
    0x6f, 0xff, 0xfd, 0x0, 0x0, 0x6f, 0xff, 0xfd,
    0x0, 0x0, 0x6f, 0xff, 0xfd, 0x0, 0x0, 0x6f,
    0xff, 0xfd, 0x0, 0x0, 0x6f, 0xff, 0xfd, 0x0,
    0x0, 0x7f, 0xff, 0xfc, 0x0, 0x0, 0x9f, 0xff,
    0xfb, 0x0, 0x1, 0xef, 0xff, 0xf9, 0x1, 0x4d,
    0xff, 0xff, 0xf4, 0x9f, 0xff, 0xff, 0xff, 0xd0,
    0x9f, 0xff, 0xff, 0xff, 0x30, 0x9f, 0xff, 0xff,
    0xe3, 0x0, 0x9f, 0xfd, 0xa5, 0x0, 0x0,

    /* U+004B "K" */
    0x6f, 0xff, 0xfd, 0x0, 0x0, 0x0, 0x2e, 0xff,
    0xff, 0xe2, 0x6, 0xff, 0xff, 0xd0, 0x0, 0x0,
    0x2e, 0xff, 0xff, 0xe2, 0x0, 0x6f, 0xff, 0xfd,
    0x0, 0x0, 0x2e, 0xff, 0xff, 0xe2, 0x0, 0x6,
    0xff, 0xff, 0xd0, 0x0, 0x2e, 0xff, 0xff, 0xe2,
    0x0, 0x0, 0x6f, 0xff, 0xfd, 0x0, 0x2e, 0xff,
    0xff, 0xe2, 0x0, 0x0, 0x6, 0xff, 0xff, 0xd0,
    0x2e, 0xff, 0xff, 0xe2, 0x0, 0x0, 0x0, 0x6f,
    0xff, 0xfd, 0x2e, 0xff, 0xff, 0xe2, 0x0, 0x0,
    0x0, 0x6, 0xff, 0xff, 0xee, 0xff, 0xff, 0xe2,
    0x0, 0x0, 0x0, 0x0, 0x6f, 0xff, 0xff, 0xff,
    0xff, 0xe3, 0x0, 0x0, 0x0, 0x0, 0x6, 0xff,
    0xff, 0xff, 0xff, 0xf3, 0x0, 0x0, 0x0, 0x0,
    0x0, 0x6f, 0xff, 0xff, 0xff, 0xff, 0x40, 0x0,
    0x0, 0x0, 0x0, 0x6, 0xff, 0xff, 0xff, 0xff,
    0xff, 0x40, 0x0, 0x0, 0x0, 0x0, 0x6f, 0xff,
    0xff, 0xff, 0xff, 0xff, 0x40, 0x0, 0x0, 0x0,
    0x6, 0xff, 0xff, 0xd6, 0xff, 0xff, 0xff, 0x30,
    0x0, 0x0, 0x0, 0x6f, 0xff, 0xfd, 0x7, 0xff,
    0xff, 0xff, 0x30, 0x0, 0x0, 0x6, 0xff, 0xff,
    0xd0, 0x7, 0xff, 0xff, 0xff, 0x30, 0x0, 0x0,
    0x6f, 0xff, 0xfd, 0x0, 0x7, 0xff, 0xff, 0xfe,
    0x30, 0x0, 0x6, 0xff, 0xff, 0xd0, 0x0, 0x7,
    0xff, 0xff, 0xfe, 0x20, 0x0, 0x6f, 0xff, 0xfd,
    0x0, 0x0, 0x8, 0xff, 0xff, 0xfe, 0x20, 0x6,
    0xff, 0xff, 0xd0, 0x0, 0x0, 0x8, 0xff, 0xff,
    0xfe, 0x20, 0x6f, 0xff, 0xfd, 0x0, 0x0, 0x0,
    0x8, 0xff, 0xff, 0xfe, 0x20,

    /* U+004C "L" */
    0x6f, 0xff, 0xfd, 0x0, 0x0, 0x0, 0x0, 0x0,
    0x6f, 0xff, 0xfd, 0x0, 0x0, 0x0, 0x0, 0x0,
    0x6f, 0xff, 0xfd, 0x0, 0x0, 0x0, 0x0, 0x0,
    0x6f, 0xff, 0xfd, 0x0, 0x0, 0x0, 0x0, 0x0,
    0x6f, 0xff, 0xfd, 0x0, 0x0, 0x0, 0x0, 0x0,
    0x6f, 0xff, 0xfd, 0x0, 0x0, 0x0, 0x0, 0x0,
    0x6f, 0xff, 0xfd, 0x0, 0x0, 0x0, 0x0, 0x0,
    0x6f, 0xff, 0xfd, 0x0, 0x0, 0x0, 0x0, 0x0,
    0x6f, 0xff, 0xfd, 0x0, 0x0, 0x0, 0x0, 0x0,
    0x6f, 0xff, 0xfd, 0x0, 0x0, 0x0, 0x0, 0x0,
    0x6f, 0xff, 0xfd, 0x0, 0x0, 0x0, 0x0, 0x0,
    0x6f, 0xff, 0xfd, 0x0, 0x0, 0x0, 0x0, 0x0,
    0x6f, 0xff, 0xfd, 0x0, 0x0, 0x0, 0x0, 0x0,
    0x6f, 0xff, 0xfd, 0x0, 0x0, 0x0, 0x0, 0x0,
    0x6f, 0xff, 0xfd, 0x0, 0x0, 0x0, 0x0, 0x0,
    0x6f, 0xff, 0xfd, 0x0, 0x0, 0x0, 0x0, 0x0,
    0x6f, 0xff, 0xfd, 0x11, 0x11, 0x11, 0x11, 0x10,
    0x6f, 0xff, 0xff, 0xff, 0xff, 0xff, 0xff, 0xf1,
    0x6f, 0xff, 0xff, 0xff, 0xff, 0xff, 0xff, 0xf1,
    0x6f, 0xff, 0xff, 0xff, 0xff, 0xff, 0xff, 0xf1,
    0x6f, 0xff, 0xff, 0xff, 0xff, 0xff, 0xff, 0xf1,

    /* U+004D "M" */
    0x6f, 0xff, 0xff, 0xf7, 0x0, 0x0, 0x0, 0x0,
    0x9f, 0xff, 0xff, 0xf4, 0x6f, 0xff, 0xff, 0xfe,
    0x0, 0x0, 0x0, 0x1, 0xff, 0xff, 0xff, 0xf4,
    0x6f, 0xff, 0xff, 0xff, 0x40, 0x0, 0x0, 0x7,
    0xff, 0xff, 0xff, 0xf4, 0x6f, 0xff, 0xff, 0xff,
    0xb0, 0x0, 0x0, 0xd, 0xff, 0xff, 0xff, 0xf4,
    0x6f, 0xff, 0xff, 0xff, 0xf2, 0x0, 0x0, 0x4f,
    0xff, 0xff, 0xff, 0xf4, 0x6f, 0xff, 0xff, 0xff,
    0xf8, 0x0, 0x0, 0xbf, 0xff, 0xff, 0xff, 0xf4,
    0x6f, 0xff, 0xfa, 0xff, 0xfe, 0x0, 0x1, 0xff,
    0xfe, 0xbf, 0xff, 0xf4, 0x6f, 0xff, 0xf9, 0xaf,
    0xff, 0x50, 0x8, 0xff, 0xf8, 0xbf, 0xff, 0xf4,
    0x6f, 0xff, 0xf9, 0x4f, 0xff, 0xc0, 0xe, 0xff,
    0xf1, 0xbf, 0xff, 0xf4, 0x6f, 0xff, 0xf9, 0xd,
    0xff, 0xf3, 0x5f, 0xff, 0xb0, 0xbf, 0xff, 0xf4,
    0x6f, 0xff, 0xf9, 0x6, 0xff, 0xf9, 0xcf, 0xff,
    0x40, 0xbf, 0xff, 0xf4, 0x6f, 0xff, 0xf9, 0x0,
    0xff, 0xff, 0xff, 0xfd, 0x0, 0xbf, 0xff, 0xf4,
    0x6f, 0xff, 0xf9, 0x0, 0x9f, 0xff, 0xff, 0xf7,
    0x0, 0xbf, 0xff, 0xf4, 0x6f, 0xff, 0xf9, 0x0,
    0x2f, 0xff, 0xff, 0xf1, 0x0, 0xbf, 0xff, 0xf4,
    0x6f, 0xff, 0xf9, 0x0, 0xc, 0xff, 0xff, 0x90,
    0x0, 0xbf, 0xff, 0xf4, 0x6f, 0xff, 0xf9, 0x0,
    0x5, 0xff, 0xff, 0x30, 0x0, 0xbf, 0xff, 0xf4,
    0x6f, 0xff, 0xf9, 0x0, 0x0, 0xef, 0xfc, 0x0,
    0x0, 0xbf, 0xff, 0xf4, 0x6f, 0xff, 0xf9, 0x0,
    0x0, 0x0, 0x0, 0x0, 0x0, 0xbf, 0xff, 0xf4,
    0x6f, 0xff, 0xf9, 0x0, 0x0, 0x0, 0x0, 0x0,
    0x0, 0xbf, 0xff, 0xf4, 0x6f, 0xff, 0xf9, 0x0,
    0x0, 0x0, 0x0, 0x0, 0x0, 0xbf, 0xff, 0xf4,
    0x6f, 0xff, 0xf9, 0x0, 0x0, 0x0, 0x0, 0x0,
    0x0, 0xbf, 0xff, 0xf4,

    /* U+004E "N" */
    0x6f, 0xff, 0xff, 0xb0, 0x0, 0x0, 0x2, 0xff,
    0xff, 0xd6, 0xff, 0xff, 0xff, 0x30, 0x0, 0x0,
    0x2f, 0xff, 0xfd, 0x6f, 0xff, 0xff, 0xfb, 0x0,
    0x0, 0x2, 0xff, 0xff, 0xd6, 0xff, 0xff, 0xff,
    0xf4, 0x0, 0x0, 0x2f, 0xff, 0xfd, 0x6f, 0xff,
    0xff, 0xff, 0xc0, 0x0, 0x2, 0xff, 0xff, 0xd6,
    0xff, 0xff, 0xff, 0xff, 0x40, 0x0, 0x2f, 0xff,
    0xfd, 0x6f, 0xff, 0xff, 0xff, 0xfc, 0x0, 0x2,
    0xff, 0xff, 0xd6, 0xff, 0xff, 0x9e, 0xff, 0xf5,
    0x0, 0x2f, 0xff, 0xfd, 0x6f, 0xff, 0xf9, 0x7f,
    0xff, 0xd0, 0x2, 0xff, 0xff, 0xd6, 0xff, 0xff,
    0x90, 0xef, 0xff, 0x50, 0x2f, 0xff, 0xfd, 0x6f,
    0xff, 0xf9, 0x6, 0xff, 0xfd, 0x2, 0xff, 0xff,
    0xd6, 0xff, 0xff, 0x90, 0xe, 0xff, 0xf6, 0x2f,
    0xff, 0xfd, 0x6f, 0xff, 0xf9, 0x0, 0x6f, 0xff,
    0xd2, 0xff, 0xff, 0xd6, 0xff, 0xff, 0x90, 0x0,
    0xdf, 0xff, 0x8f, 0xff, 0xfd, 0x6f, 0xff, 0xf9,
    0x0, 0x5, 0xff, 0xff, 0xff, 0xff, 0xd6, 0xff,
    0xff, 0x90, 0x0, 0xd, 0xff, 0xff, 0xff, 0xfd,
    0x6f, 0xff, 0xf9, 0x0, 0x0, 0x5f, 0xff, 0xff,
    0xff, 0xd6, 0xff, 0xff, 0x90, 0x0, 0x0, 0xdf,
    0xff, 0xff, 0xfd, 0x6f, 0xff, 0xf9, 0x0, 0x0,
    0x4, 0xff, 0xff, 0xff, 0xd6, 0xff, 0xff, 0x90,
    0x0, 0x0, 0xc, 0xff, 0xff, 0xfd, 0x6f, 0xff,
    0xf9, 0x0, 0x0, 0x0, 0x4f, 0xff, 0xff, 0xd0,

    /* U+004F "O" */
    0x0, 0x0, 0x0, 0x48, 0xce, 0xff, 0xeb, 0x72,
    0x0, 0x0, 0x0, 0x0, 0x0, 0x4c, 0xff, 0xff,
    0xff, 0xff, 0xff, 0xb2, 0x0, 0x0, 0x0, 0x7,
    0xff, 0xff, 0xff, 0xff, 0xff, 0xff, 0xfe, 0x40,
    0x0, 0x0, 0x6f, 0xff, 0xff, 0xff, 0xee, 0xff,
    0xff, 0xff, 0xf3, 0x0, 0x2, 0xff, 0xff, 0xff,
    0x71, 0x0, 0x29, 0xff, 0xff, 0xfd, 0x0, 0x9,
    0xff, 0xff, 0xf4, 0x0, 0x0, 0x0, 0x8f, 0xff,
    0xff, 0x60, 0xf, 0xff, 0xff, 0xa0, 0x0, 0x0,
    0x0, 0xd, 0xff, 0xff, 0xc0, 0x4f, 0xff, 0xff,
    0x40, 0x0, 0x0, 0x0, 0x7, 0xff, 0xff, 0xf0,
    0x7f, 0xff, 0xff, 0x0, 0x0, 0x0, 0x0, 0x3,
    0xff, 0xff, 0xf3, 0x8f, 0xff, 0xfe, 0x0, 0x0,
    0x0, 0x0, 0x1, 0xff, 0xff, 0xf5, 0x9f, 0xff,
    0xfd, 0x0, 0x0, 0x0, 0x0, 0x0, 0xff, 0xff,
    0xf5, 0x8f, 0xff, 0xfe, 0x0, 0x0, 0x0, 0x0,
    0x1, 0xff, 0xff, 0xf5, 0x7f, 0xff, 0xff, 0x0,
    0x0, 0x0, 0x0, 0x3, 0xff, 0xff, 0xf3, 0x4f,
    0xff, 0xff, 0x40, 0x0, 0x0, 0x0, 0x7, 0xff,
    0xff, 0xf0, 0xf, 0xff, 0xff, 0xa0, 0x0, 0x0,
    0x0, 0xd, 0xff, 0xff, 0xc0, 0x9, 0xff, 0xff,
    0xf4, 0x0, 0x0, 0x0, 0x8f, 0xff, 0xff, 0x60,
    0x2, 0xff, 0xff, 0xff, 0x71, 0x0, 0x29, 0xff,
    0xff, 0xfd, 0x0, 0x0, 0x6f, 0xff, 0xff, 0xff,
    0xef, 0xff, 0xff, 0xff, 0xf3, 0x0, 0x0, 0x7,
    0xff, 0xff, 0xff, 0xff, 0xff, 0xff, 0xfe, 0x40,
    0x0, 0x0, 0x0, 0x4c, 0xff, 0xff, 0xff, 0xff,
    0xff, 0xb2, 0x0, 0x0, 0x0, 0x0, 0x0, 0x48,
    0xce, 0xff, 0xec, 0x82, 0x0, 0x0, 0x0,

    /* U+0050 "P" */
    0x6f, 0xff, 0xff, 0xff, 0xff, 0xec, 0x93, 0x0,
    0x0, 0x6f, 0xff, 0xff, 0xff, 0xff, 0xff, 0xff,
    0xb1, 0x0, 0x6f, 0xff, 0xff, 0xff, 0xff, 0xff,
    0xff, 0xfd, 0x10, 0x6f, 0xff, 0xff, 0xee, 0xef,
    0xff, 0xff, 0xff, 0x90, 0x6f, 0xff, 0xfd, 0x0,
    0x0, 0x5e, 0xff, 0xff, 0xf0, 0x6f, 0xff, 0xfd,
    0x0, 0x0, 0x6, 0xff, 0xff, 0xf3, 0x6f, 0xff,
    0xfd, 0x0, 0x0, 0x1, 0xff, 0xff, 0xf5, 0x6f,
    0xff, 0xfd, 0x0, 0x0, 0x2, 0xff, 0xff, 0xf5,
    0x6f, 0xff, 0xfd, 0x0, 0x0, 0x7, 0xff, 0xff,
    0xf3, 0x6f, 0xff, 0xfd, 0x0, 0x1, 0x6f, 0xff,
    0xff, 0xf0, 0x6f, 0xff, 0xff, 0xff, 0xff, 0xff,
    0xff, 0xff, 0x80, 0x6f, 0xff, 0xff, 0xff, 0xff,
    0xff, 0xff, 0xfc, 0x0, 0x6f, 0xff, 0xff, 0xff,
    0xff, 0xff, 0xff, 0xa0, 0x0, 0x6f, 0xff, 0xff,
    0xee, 0xee, 0xdb, 0x72, 0x0, 0x0, 0x6f, 0xff,
    0xfd, 0x0, 0x0, 0x0, 0x0, 0x0, 0x0, 0x6f,
    0xff, 0xfd, 0x0, 0x0, 0x0, 0x0, 0x0, 0x0,
    0x6f, 0xff, 0xfd, 0x0, 0x0, 0x0, 0x0, 0x0,
    0x0, 0x6f, 0xff, 0xfd, 0x0, 0x0, 0x0, 0x0,
    0x0, 0x0, 0x6f, 0xff, 0xfd, 0x0, 0x0, 0x0,
    0x0, 0x0, 0x0, 0x6f, 0xff, 0xfd, 0x0, 0x0,
    0x0, 0x0, 0x0, 0x0, 0x6f, 0xff, 0xfd, 0x0,
    0x0, 0x0, 0x0, 0x0, 0x0,

    /* U+0051 "Q" */
    0x0, 0x0, 0x0, 0x48, 0xce, 0xff, 0xec, 0x83,
    0x0, 0x0, 0x0, 0x0, 0x0, 0x4c, 0xff, 0xff,
    0xff, 0xff, 0xff, 0xb2, 0x0, 0x0, 0x0, 0x7,
    0xff, 0xff, 0xff, 0xff, 0xff, 0xff, 0xff, 0x50,
    0x0, 0x0, 0x6f, 0xff, 0xff, 0xff, 0xee, 0xff,
    0xff, 0xff, 0xf3, 0x0, 0x2, 0xff, 0xff, 0xff,
    0x71, 0x0, 0x29, 0xff, 0xff, 0xfe, 0x0, 0x9,
    0xff, 0xff, 0xf4, 0x0, 0x0, 0x0, 0x8f, 0xff,
    0xff, 0x60, 0xf, 0xff, 0xff, 0xa0, 0x0, 0x0,
    0x0, 0xd, 0xff, 0xff, 0xc0, 0x4f, 0xff, 0xff,
    0x40, 0x0, 0x0, 0x0, 0x7, 0xff, 0xff, 0xf0,
    0x7f, 0xff, 0xff, 0x0, 0x0, 0x0, 0x0, 0x3,
    0xff, 0xff, 0xf3, 0x8f, 0xff, 0xfe, 0x0, 0x0,
    0x0, 0x0, 0x1, 0xff, 0xff, 0xf5, 0x9f, 0xff,
    0xfd, 0x0, 0x0, 0x0, 0x0, 0x0, 0xff, 0xff,
    0xf5, 0x8f, 0xff, 0xfe, 0x0, 0x0, 0x0, 0x0,
    0x1, 0xff, 0xff, 0xf5, 0x7f, 0xff, 0xff, 0x0,
    0x0, 0x0, 0x0, 0x3, 0xff, 0xff, 0xf3, 0x4f,
    0xff, 0xff, 0x30, 0x0, 0x0, 0x0, 0x7, 0xff,
    0xff, 0xf0, 0xf, 0xff, 0xff, 0x90, 0x0, 0x0,
    0x0, 0xd, 0xff, 0xff, 0xc0, 0xa, 0xff, 0xff,
    0xf3, 0x0, 0x0, 0x0, 0x7f, 0xff, 0xff, 0x50,
    0x2, 0xff, 0xff, 0xff, 0x60, 0x0, 0x19, 0xff,
    0xff, 0xfd, 0x0, 0x0, 0x6f, 0xff, 0xff, 0xff,
    0xee, 0xff, 0xff, 0xff, 0xf2, 0x0, 0x0, 0x7,
    0xff, 0xff, 0xff, 0xff, 0xff, 0xff, 0xfe, 0x30,
    0x0, 0x0, 0x0, 0x4c, 0xff, 0xff, 0xff, 0xff,
    0xff, 0xa1, 0x0, 0x0, 0x0, 0x0, 0x0, 0x48,
    0xce, 0xff, 0xff, 0xfe, 0x10, 0x0, 0x0, 0x0,
    0x0, 0x0, 0x0, 0x0, 0x2, 0xff, 0xff, 0xc0,
    0x0, 0x0, 0x0, 0x0, 0x0, 0x0, 0x0, 0x0,
    0x4f, 0xff, 0xfb, 0x0, 0x0, 0x0, 0x0, 0x0,
    0x0, 0x0, 0x0, 0x7, 0xff, 0xff, 0x80, 0x0,
    0x0, 0x0, 0x0, 0x0, 0x0, 0x0, 0x0, 0x9f,
    0xff, 0xf6, 0x0,

    /* U+0052 "R" */
    0x6f, 0xff, 0xff, 0xff, 0xff, 0xeb, 0x82, 0x0,
    0x0, 0x6, 0xff, 0xff, 0xff, 0xff, 0xff, 0xff,
    0xf9, 0x0, 0x0, 0x6f, 0xff, 0xff, 0xff, 0xff,
    0xff, 0xff, 0xf8, 0x0, 0x6, 0xff, 0xff, 0xfe,
    0xef, 0xff, 0xff, 0xff, 0xf0, 0x0, 0x6f, 0xff,
    0xfd, 0x0, 0x1, 0xaf, 0xff, 0xff, 0x40, 0x6,
    0xff, 0xff, 0xd0, 0x0, 0x0, 0xff, 0xff, 0xf6,
    0x0, 0x6f, 0xff, 0xfd, 0x0, 0x0, 0xe, 0xff,
    0xff, 0x40, 0x6, 0xff, 0xff, 0xd0, 0x0, 0x0,
    0xff, 0xff, 0xf2, 0x0, 0x6f, 0xff, 0xfd, 0x0,
    0x0, 0x8f, 0xff, 0xfc, 0x0, 0x6, 0xff, 0xff,
    0xfb, 0xbc, 0xef, 0xff, 0xfe, 0x20, 0x0, 0x6f,
    0xff, 0xff, 0xff, 0xff, 0xff, 0xfa, 0x20, 0x0,
    0x6, 0xff, 0xff, 0xff, 0xff, 0xff, 0xfe, 0x60,
    0x0, 0x0, 0x6f, 0xff, 0xff, 0xff, 0xff, 0xff,
    0xff, 0x80, 0x0, 0x6, 0xff, 0xff, 0xd0, 0x3,
    0xbf, 0xff, 0xff, 0x40, 0x0, 0x6f, 0xff, 0xfd,
    0x0, 0x0, 0xcf, 0xff, 0xfd, 0x0, 0x6, 0xff,
    0xff, 0xd0, 0x0, 0x3, 0xff, 0xff, 0xf5, 0x0,
    0x6f, 0xff, 0xfd, 0x0, 0x0, 0xb, 0xff, 0xff,
    0xd0, 0x6, 0xff, 0xff, 0xd0, 0x0, 0x0, 0x4f,
    0xff, 0xff, 0x50, 0x6f, 0xff, 0xfd, 0x0, 0x0,
    0x0, 0xcf, 0xff, 0xfc, 0x6, 0xff, 0xff, 0xd0,
    0x0, 0x0, 0x5, 0xff, 0xff, 0xf4, 0x6f, 0xff,
    0xfd, 0x0, 0x0, 0x0, 0xd, 0xff, 0xff, 0xc0,

    /* U+0053 "S" */
    0x0, 0x3, 0x9d, 0xef, 0xfe, 0xca, 0x74, 0x0,
    0x0, 0x1b, 0xff, 0xff, 0xff, 0xff, 0xff, 0xfc,
    0x0, 0xc, 0xff, 0xff, 0xff, 0xff, 0xff, 0xff,
    0xc0, 0x6, 0xff, 0xff, 0xff, 0xfe, 0xff, 0xff,
    0xfc, 0x0, 0xcf, 0xff, 0xf9, 0x10, 0x0, 0x14,
    0x8d, 0xc0, 0xe, 0xff, 0xfe, 0x0, 0x0, 0x0,
    0x0, 0x2, 0x0, 0xff, 0xff, 0xe0, 0x0, 0x0,
    0x0, 0x0, 0x0, 0xd, 0xff, 0xff, 0xb4, 0x0,
    0x0, 0x0, 0x0, 0x0, 0x9f, 0xff, 0xff, 0xff,
    0xc9, 0x51, 0x0, 0x0, 0x1, 0xef, 0xff, 0xff,
    0xff, 0xff, 0xfc, 0x40, 0x0, 0x2, 0xdf, 0xff,
    0xff, 0xff, 0xff, 0xff, 0x90, 0x0, 0x0, 0x5b,
    0xff, 0xff, 0xff, 0xff, 0xff, 0x60, 0x0, 0x0,
    0x0, 0x37, 0xbf, 0xff, 0xff, 0xfd, 0x0, 0x0,
    0x0, 0x0, 0x0, 0x9, 0xff, 0xff, 0xf0, 0x0,
    0x0, 0x0, 0x0, 0x0, 0xf, 0xff, 0xff, 0x19,
    0x50, 0x0, 0x0, 0x0, 0x1, 0xff, 0xff, 0xf0,
    0xdf, 0xe9, 0x41, 0x0, 0x3, 0xcf, 0xff, 0xfd,
    0xd, 0xff, 0xff, 0xff, 0xef, 0xff, 0xff, 0xff,
    0x70, 0xdf, 0xff, 0xff, 0xff, 0xff, 0xff, 0xff,
    0xd0, 0x8, 0xef, 0xff, 0xff, 0xff, 0xff, 0xff,
    0xc1, 0x0, 0x0, 0x48, 0xbd, 0xef, 0xfe, 0xc9,
    0x40, 0x0, 0x0,

    /* U+0054 "T" */
    0xdf, 0xff, 0xff, 0xff, 0xff, 0xff, 0xff, 0xff,
    0xff, 0xfd, 0xff, 0xff, 0xff, 0xff, 0xff, 0xff,
    0xff, 0xff, 0xff, 0xdf, 0xff, 0xff, 0xff, 0xff,
    0xff, 0xff, 0xff, 0xff, 0xfd, 0xff, 0xff, 0xff,
    0xff, 0xff, 0xff, 0xff, 0xff, 0xff, 0x0, 0x0,
    0x0, 0x1f, 0xff, 0xff, 0x30, 0x0, 0x0, 0x0,
    0x0, 0x0, 0x1, 0xff, 0xff, 0xf3, 0x0, 0x0,
    0x0, 0x0, 0x0, 0x0, 0x1f, 0xff, 0xff, 0x30,
    0x0, 0x0, 0x0, 0x0, 0x0, 0x1, 0xff, 0xff,
    0xf3, 0x0, 0x0, 0x0, 0x0, 0x0, 0x0, 0x1f,
    0xff, 0xff, 0x30, 0x0, 0x0, 0x0, 0x0, 0x0,
    0x1, 0xff, 0xff, 0xf3, 0x0, 0x0, 0x0, 0x0,
    0x0, 0x0, 0x1f, 0xff, 0xff, 0x30, 0x0, 0x0,
    0x0, 0x0, 0x0, 0x1, 0xff, 0xff, 0xf3, 0x0,
    0x0, 0x0, 0x0, 0x0, 0x0, 0x1f, 0xff, 0xff,
    0x30, 0x0, 0x0, 0x0, 0x0, 0x0, 0x1, 0xff,
    0xff, 0xf3, 0x0, 0x0, 0x0, 0x0, 0x0, 0x0,
    0x1f, 0xff, 0xff, 0x30, 0x0, 0x0, 0x0, 0x0,
    0x0, 0x1, 0xff, 0xff, 0xf3, 0x0, 0x0, 0x0,
    0x0, 0x0, 0x0, 0x1f, 0xff, 0xff, 0x30, 0x0,
    0x0, 0x0, 0x0, 0x0, 0x1, 0xff, 0xff, 0xf3,
    0x0, 0x0, 0x0, 0x0, 0x0, 0x0, 0x1f, 0xff,
    0xff, 0x30, 0x0, 0x0, 0x0, 0x0, 0x0, 0x1,
    0xff, 0xff, 0xf3, 0x0, 0x0, 0x0, 0x0, 0x0,
    0x0, 0x1f, 0xff, 0xff, 0x30, 0x0, 0x0, 0x0,

    /* U+0055 "U" */
    0x6f, 0xff, 0xfd, 0x0, 0x0, 0x0, 0x1f, 0xff,
    0xff, 0x26, 0xff, 0xff, 0xd0, 0x0, 0x0, 0x1,
    0xff, 0xff, 0xf2, 0x6f, 0xff, 0xfd, 0x0, 0x0,
    0x0, 0x1f, 0xff, 0xff, 0x26, 0xff, 0xff, 0xd0,
    0x0, 0x0, 0x1, 0xff, 0xff, 0xf2, 0x6f, 0xff,
    0xfd, 0x0, 0x0, 0x0, 0x1f, 0xff, 0xff, 0x26,
    0xff, 0xff, 0xd0, 0x0, 0x0, 0x1, 0xff, 0xff,
    0xf2, 0x6f, 0xff, 0xfd, 0x0, 0x0, 0x0, 0x1f,
    0xff, 0xff, 0x26, 0xff, 0xff, 0xd0, 0x0, 0x0,
    0x1, 0xff, 0xff, 0xf2, 0x6f, 0xff, 0xfd, 0x0,
    0x0, 0x0, 0x1f, 0xff, 0xff, 0x26, 0xff, 0xff,
    0xd0, 0x0, 0x0, 0x1, 0xff, 0xff, 0xf2, 0x6f,
    0xff, 0xfd, 0x0, 0x0, 0x0, 0x1f, 0xff, 0xff,
    0x26, 0xff, 0xff, 0xd0, 0x0, 0x0, 0x1, 0xff,
    0xff, 0xf2, 0x6f, 0xff, 0xfd, 0x0, 0x0, 0x0,
    0x1f, 0xff, 0xff, 0x25, 0xff, 0xff, 0xe0, 0x0,
    0x0, 0x2, 0xff, 0xff, 0xf1, 0x4f, 0xff, 0xff,
    0x0, 0x0, 0x0, 0x5f, 0xff, 0xff, 0x0, 0xff,
    0xff, 0xf6, 0x0, 0x0, 0xa, 0xff, 0xff, 0xc0,
    0xb, 0xff, 0xff, 0xf6, 0x0, 0x18, 0xff, 0xff,
    0xf7, 0x0, 0x4f, 0xff, 0xff, 0xff, 0xff, 0xff,
    0xff, 0xfe, 0x10, 0x0, 0x8f, 0xff, 0xff, 0xff,
    0xff, 0xff, 0xff, 0x40, 0x0, 0x0, 0x6f, 0xff,
    0xff, 0xff, 0xff, 0xfe, 0x30, 0x0, 0x0, 0x0,
    0x17, 0xbe, 0xff, 0xed, 0xa5, 0x0, 0x0, 0x0,

    /* U+0056 "V" */
    0xaf, 0xff, 0xf9, 0x0, 0x0, 0x0, 0x0, 0x0,
    0xef, 0xff, 0xf5, 0x5f, 0xff, 0xfe, 0x0, 0x0,
    0x0, 0x0, 0x4, 0xff, 0xff, 0xf0, 0xe, 0xff,
    0xff, 0x40, 0x0, 0x0, 0x0, 0x9, 0xff, 0xff,
    0xa0, 0x9, 0xff, 0xff, 0xa0, 0x0, 0x0, 0x0,
    0xf, 0xff, 0xff, 0x40, 0x3, 0xff, 0xff, 0xf0,
    0x0, 0x0, 0x0, 0x5f, 0xff, 0xfe, 0x0, 0x0,
    0xdf, 0xff, 0xf5, 0x0, 0x0, 0x0, 0xaf, 0xff,
    0xf8, 0x0, 0x0, 0x8f, 0xff, 0xfb, 0x0, 0x0,
    0x0, 0xff, 0xff, 0xf3, 0x0, 0x0, 0x2f, 0xff,
    0xff, 0x10, 0x0, 0x5, 0xff, 0xff, 0xd0, 0x0,
    0x0, 0xc, 0xff, 0xff, 0x60, 0x0, 0xb, 0xff,
    0xff, 0x70, 0x0, 0x0, 0x7, 0xff, 0xff, 0xb0,
    0x0, 0x1f, 0xff, 0xff, 0x10, 0x0, 0x0, 0x1,
    0xff, 0xff, 0xf1, 0x0, 0x6f, 0xff, 0xfb, 0x0,
    0x0, 0x0, 0x0, 0xbf, 0xff, 0xf7, 0x0, 0xcf,
    0xff, 0xf6, 0x0, 0x0, 0x0, 0x0, 0x5f, 0xff,
    0xfc, 0x1, 0xff, 0xff, 0xf0, 0x0, 0x0, 0x0,
    0x0, 0xf, 0xff, 0xff, 0x27, 0xff, 0xff, 0xa0,
    0x0, 0x0, 0x0, 0x0, 0xa, 0xff, 0xff, 0x7c,
    0xff, 0xff, 0x40, 0x0, 0x0, 0x0, 0x0, 0x4,
    0xff, 0xff, 0xef, 0xff, 0xfe, 0x0, 0x0, 0x0,
    0x0, 0x0, 0x0, 0xef, 0xff, 0xff, 0xff, 0xf9,
    0x0, 0x0, 0x0, 0x0, 0x0, 0x0, 0x8f, 0xff,
    0xff, 0xff, 0xf3, 0x0, 0x0, 0x0, 0x0, 0x0,
    0x0, 0x3f, 0xff, 0xff, 0xff, 0xd0, 0x0, 0x0,
    0x0, 0x0, 0x0, 0x0, 0xd, 0xff, 0xff, 0xff,
    0x80, 0x0, 0x0, 0x0, 0x0, 0x0, 0x0, 0x7,
    0xff, 0xff, 0xff, 0x20, 0x0, 0x0, 0x0,

    /* U+0057 "W" */
    0x1f, 0xff, 0xff, 0x0, 0x0, 0x0, 0x3f, 0xff,
    0xff, 0x10, 0x0, 0x0, 0x1f, 0xff, 0xfe, 0x0,
    0xdf, 0xff, 0xf3, 0x0, 0x0, 0x7, 0xff, 0xff,
    0xf5, 0x0, 0x0, 0x5, 0xff, 0xff, 0xa0, 0x9,
    0xff, 0xff, 0x70, 0x0, 0x0, 0xaf, 0xff, 0xff,
    0x80, 0x0, 0x0, 0x9f, 0xff, 0xf7, 0x0, 0x5f,
    0xff, 0xfa, 0x0, 0x0, 0xe, 0xff, 0xff, 0xfc,
    0x0, 0x0, 0xc, 0xff, 0xff, 0x30, 0x2, 0xff,
    0xff, 0xe0, 0x0, 0x2, 0xff, 0xff, 0xff, 0xf0,
    0x0, 0x0, 0xff, 0xff, 0xf0, 0x0, 0xe, 0xff,
    0xff, 0x20, 0x0, 0x5f, 0xff, 0xcf, 0xff, 0x30,
    0x0, 0x4f, 0xff, 0xfc, 0x0, 0x0, 0xaf, 0xff,
    0xf6, 0x0, 0x9, 0xff, 0xf5, 0xff, 0xf7, 0x0,
    0x7, 0xff, 0xff, 0x80, 0x0, 0x7, 0xff, 0xff,
    0x90, 0x0, 0xdf, 0xfd, 0xf, 0xff, 0xb0, 0x0,
    0xbf, 0xff, 0xf4, 0x0, 0x0, 0x3f, 0xff, 0xfd,
    0x0, 0xf, 0xff, 0xa0, 0xcf, 0xfe, 0x0, 0xf,
    0xff, 0xff, 0x10, 0x0, 0x0, 0xff, 0xff, 0xf1,
    0x4, 0xff, 0xf6, 0x8, 0xff, 0xf2, 0x3, 0xff,
    0xff, 0xd0, 0x0, 0x0, 0xb, 0xff, 0xff, 0x40,
    0x8f, 0xff, 0x20, 0x5f, 0xff, 0x60, 0x6f, 0xff,
    0xf9, 0x0, 0x0, 0x0, 0x8f, 0xff, 0xf8, 0xb,
    0xff, 0xe0, 0x1, 0xff, 0xf9, 0xa, 0xff, 0xff,
    0x60, 0x0, 0x0, 0x4, 0xff, 0xff, 0xc0, 0xff,
    0xfb, 0x0, 0xd, 0xff, 0xd0, 0xef, 0xff, 0xf2,
    0x0, 0x0, 0x0, 0xf, 0xff, 0xff, 0x3f, 0xff,
    0x70, 0x0, 0x9f, 0xff, 0x3f, 0xff, 0xfe, 0x0,
    0x0, 0x0, 0x0, 0xdf, 0xff, 0xfa, 0xff, 0xf4,
    0x0, 0x6, 0xff, 0xfa, 0xff, 0xff, 0xb0, 0x0,
    0x0, 0x0, 0x9, 0xff, 0xff, 0xff, 0xff, 0x0,
    0x0, 0x2f, 0xff, 0xff, 0xff, 0xf7, 0x0, 0x0,
    0x0, 0x0, 0x5f, 0xff, 0xff, 0xff, 0xc0, 0x0,
    0x0, 0xef, 0xff, 0xff, 0xff, 0x30, 0x0, 0x0,
    0x0, 0x1, 0xff, 0xff, 0xff, 0xf9, 0x0, 0x0,
    0xb, 0xff, 0xff, 0xff, 0xf0, 0x0, 0x0, 0x0,
    0x0, 0xe, 0xff, 0xff, 0xff, 0x50, 0x0, 0x0,
    0x7f, 0xff, 0xff, 0xfc, 0x0, 0x0, 0x0, 0x0,
    0x0, 0xaf, 0xff, 0xff, 0xf1, 0x0, 0x0, 0x3,
    0xff, 0xff, 0xff, 0x80, 0x0, 0x0, 0x0, 0x0,
    0x6, 0xff, 0xff, 0xfe, 0x0, 0x0, 0x0, 0xf,
    0xff, 0xff, 0xf5, 0x0, 0x0, 0x0,

    /* U+0058 "X" */
    0xd, 0xff, 0xff, 0xa0, 0x0, 0x0, 0x0, 0x2f,
    0xff, 0xff, 0x60, 0x3, 0xff, 0xff, 0xf4, 0x0,
    0x0, 0x0, 0xbf, 0xff, 0xfc, 0x0, 0x0, 0x8f,
    0xff, 0xfe, 0x0, 0x0, 0x6, 0xff, 0xff, 0xf2,
    0x0, 0x0, 0xd, 0xff, 0xff, 0x90, 0x0, 0x1f,
    0xff, 0xff, 0x60, 0x0, 0x0, 0x3, 0xff, 0xff,
    0xf4, 0x0, 0xbf, 0xff, 0xfc, 0x0, 0x0, 0x0,
    0x0, 0x8f, 0xff, 0xfe, 0x6, 0xff, 0xff, 0xf2,
    0x0, 0x0, 0x0, 0x0, 0xd, 0xff, 0xff, 0xaf,
    0xff, 0xff, 0x70, 0x0, 0x0, 0x0, 0x0, 0x3,
    0xff, 0xff, 0xff, 0xff, 0xfc, 0x0, 0x0, 0x0,
    0x0, 0x0, 0x0, 0x9f, 0xff, 0xff, 0xff, 0xf2,
    0x0, 0x0, 0x0, 0x0, 0x0, 0x0, 0xd, 0xff,
    0xff, 0xff, 0x70, 0x0, 0x0, 0x0, 0x0, 0x0,
    0x0, 0x9, 0xff, 0xff, 0xff, 0x20, 0x0, 0x0,
    0x0, 0x0, 0x0, 0x0, 0x3f, 0xff, 0xff, 0xff,
    0xc0, 0x0, 0x0, 0x0, 0x0, 0x0, 0x0, 0xdf,
    0xff, 0xff, 0xff, 0xf6, 0x0, 0x0, 0x0, 0x0,
    0x0, 0x8, 0xff, 0xff, 0xff, 0xff, 0xff, 0x20,
    0x0, 0x0, 0x0, 0x0, 0x3f, 0xff, 0xff, 0x5c,
    0xff, 0xff, 0xb0, 0x0, 0x0, 0x0, 0x0, 0xdf,
    0xff, 0xfa, 0x2, 0xff, 0xff, 0xf6, 0x0, 0x0,
    0x0, 0x7, 0xff, 0xff, 0xe1, 0x0, 0x7f, 0xff,
    0xff, 0x10, 0x0, 0x0, 0x2f, 0xff, 0xff, 0x50,
    0x0, 0xc, 0xff, 0xff, 0xb0, 0x0, 0x0, 0xcf,
    0xff, 0xfb, 0x0, 0x0, 0x2, 0xff, 0xff, 0xf6,
    0x0, 0x7, 0xff, 0xff, 0xe1, 0x0, 0x0, 0x0,
    0x7f, 0xff, 0xfe, 0x10, 0x2f, 0xff, 0xff, 0x60,
    0x0, 0x0, 0x0, 0xc, 0xff, 0xff, 0xb0,

    /* U+0059 "Y" */
    0x1e, 0xff, 0xff, 0xc0, 0x0, 0x0, 0x0, 0x8,
    0xff, 0xff, 0xf3, 0x5, 0xff, 0xff, 0xf6, 0x0,
    0x0, 0x0, 0x2f, 0xff, 0xff, 0x90, 0x0, 0xaf,
    0xff, 0xff, 0x10, 0x0, 0x0, 0xcf, 0xff, 0xfe,
    0x0, 0x0, 0x1f, 0xff, 0xff, 0xa0, 0x0, 0x6,
    0xff, 0xff, 0xf4, 0x0, 0x0, 0x6, 0xff, 0xff,
    0xf4, 0x0, 0x1e, 0xff, 0xff, 0xa0, 0x0, 0x0,
    0x0, 0xcf, 0xff, 0xfd, 0x0, 0xaf, 0xff, 0xfe,
    0x10, 0x0, 0x0, 0x0, 0x2f, 0xff, 0xff, 0x84,
    0xff, 0xff, 0xf6, 0x0, 0x0, 0x0, 0x0, 0x7,
    0xff, 0xff, 0xfe, 0xff, 0xff, 0xb0, 0x0, 0x0,
    0x0, 0x0, 0x0, 0xdf, 0xff, 0xff, 0xff, 0xff,
    0x20, 0x0, 0x0, 0x0, 0x0, 0x0, 0x3f, 0xff,
    0xff, 0xff, 0xf7, 0x0, 0x0, 0x0, 0x0, 0x0,
    0x0, 0x9, 0xff, 0xff, 0xff, 0xc0, 0x0, 0x0,
    0x0, 0x0, 0x0, 0x0, 0x0, 0xef, 0xff, 0xff,
    0x30, 0x0, 0x0, 0x0, 0x0, 0x0, 0x0, 0x0,
    0x8f, 0xff, 0xfc, 0x0, 0x0, 0x0, 0x0, 0x0,
    0x0, 0x0, 0x0, 0x8f, 0xff, 0xfc, 0x0, 0x0,
    0x0, 0x0, 0x0, 0x0, 0x0, 0x0, 0x8f, 0xff,
    0xfc, 0x0, 0x0, 0x0, 0x0, 0x0, 0x0, 0x0,
    0x0, 0x8f, 0xff, 0xfc, 0x0, 0x0, 0x0, 0x0,
    0x0, 0x0, 0x0, 0x0, 0x8f, 0xff, 0xfc, 0x0,
    0x0, 0x0, 0x0, 0x0, 0x0, 0x0, 0x0, 0x8f,
    0xff, 0xfc, 0x0, 0x0, 0x0, 0x0, 0x0, 0x0,
    0x0, 0x0, 0x8f, 0xff, 0xfc, 0x0, 0x0, 0x0,
    0x0, 0x0, 0x0, 0x0, 0x0, 0x8f, 0xff, 0xfc,
    0x0, 0x0, 0x0, 0x0, 0x0, 0x0, 0x0, 0x0,
    0x8f, 0xff, 0xfc, 0x0, 0x0, 0x0, 0x0,

    /* U+005A "Z" */
    0x6f, 0xff, 0xff, 0xff, 0xff, 0xff, 0xff, 0xff,
    0xfb, 0x6, 0xff, 0xff, 0xff, 0xff, 0xff, 0xff,
    0xff, 0xff, 0xb0, 0x6f, 0xff, 0xff, 0xff, 0xff,
    0xff, 0xff, 0xff, 0xfb, 0x6, 0xff, 0xff, 0xff,
    0xff, 0xff, 0xff, 0xff, 0xff, 0x70, 0x0, 0x0,
    0x0, 0x0, 0x0, 0x3f, 0xff, 0xff, 0xb0, 0x0,
    0x0, 0x0, 0x0, 0x0, 0x1e, 0xff, 0xff, 0xd1,
    0x0, 0x0, 0x0, 0x0, 0x0, 0xb, 0xff, 0xff,
    0xf2, 0x0, 0x0, 0x0, 0x0, 0x0, 0x8, 0xff,
    0xff, 0xf5, 0x0, 0x0, 0x0, 0x0, 0x0, 0x5,
    0xff, 0xff, 0xf8, 0x0, 0x0, 0x0, 0x0, 0x0,
    0x3, 0xff, 0xff, 0xfb, 0x0, 0x0, 0x0, 0x0,
    0x0, 0x1, 0xdf, 0xff, 0xfd, 0x10, 0x0, 0x0,
    0x0, 0x0, 0x0, 0xbf, 0xff, 0xff, 0x20, 0x0,
    0x0, 0x0, 0x0, 0x0, 0x8f, 0xff, 0xff, 0x50,
    0x0, 0x0, 0x0, 0x0, 0x0, 0x5f, 0xff, 0xff,
    0x80, 0x0, 0x0, 0x0, 0x0, 0x0, 0x2f, 0xff,
    0xff, 0xb0, 0x0, 0x0, 0x0, 0x0, 0x0, 0x1d,
    0xff, 0xff, 0xd1, 0x0, 0x0, 0x0, 0x0, 0x0,
    0xb, 0xff, 0xff, 0xf3, 0x11, 0x11, 0x11, 0x11,
    0x11, 0x8, 0xff, 0xff, 0xff, 0xff, 0xff, 0xff,
    0xff, 0xff, 0xf0, 0xbf, 0xff, 0xff, 0xff, 0xff,
    0xff, 0xff, 0xff, 0xff, 0xb, 0xff, 0xff, 0xff,
    0xff, 0xff, 0xff, 0xff, 0xff, 0xf0, 0xbf, 0xff,
    0xff, 0xff, 0xff, 0xff, 0xff, 0xff, 0xff, 0x0,

    /* U+005B "[" */
    0x9f, 0xff, 0xff, 0xff, 0xe9, 0xff, 0xff, 0xff,
    0xfe, 0x9f, 0xff, 0xff, 0xff, 0xe9, 0xff, 0xff,
    0x32, 0x22, 0x9f, 0xff, 0xf1, 0x0, 0x9, 0xff,
    0xff, 0x10, 0x0, 0x9f, 0xff, 0xf1, 0x0, 0x9,
    0xff, 0xff, 0x10, 0x0, 0x9f, 0xff, 0xf1, 0x0,
    0x9, 0xff, 0xff, 0x10, 0x0, 0x9f, 0xff, 0xf1,
    0x0, 0x9, 0xff, 0xff, 0x10, 0x0, 0x9f, 0xff,
    0xf1, 0x0, 0x9, 0xff, 0xff, 0x10, 0x0, 0x9f,
    0xff, 0xf1, 0x0, 0x9, 0xff, 0xff, 0x10, 0x0,
    0x9f, 0xff, 0xf1, 0x0, 0x9, 0xff, 0xff, 0x10,
    0x0, 0x9f, 0xff, 0xf1, 0x0, 0x9, 0xff, 0xff,
    0x10, 0x0, 0x9f, 0xff, 0xf1, 0x0, 0x9, 0xff,
    0xff, 0x10, 0x0, 0x9f, 0xff, 0xff, 0xff, 0xe9,
    0xff, 0xff, 0xff, 0xfe, 0x9f, 0xff, 0xff, 0xff,
    0xe1, 0x22, 0x22, 0x22, 0x22,

    /* U+005C "\\" */
    0xdf, 0xf2, 0x0, 0x0, 0x0, 0x8, 0xff, 0x70,
    0x0, 0x0, 0x0, 0x3f, 0xfc, 0x0, 0x0, 0x0,
    0x0, 0xef, 0xf1, 0x0, 0x0, 0x0, 0xa, 0xff,
    0x60, 0x0, 0x0, 0x0, 0x5f, 0xfb, 0x0, 0x0,
    0x0, 0x0, 0xff, 0xf0, 0x0, 0x0, 0x0, 0xb,
    0xff, 0x50, 0x0, 0x0, 0x0, 0x6f, 0xfa, 0x0,
    0x0, 0x0, 0x1, 0xff, 0xe0, 0x0, 0x0, 0x0,
    0xc, 0xff, 0x30, 0x0, 0x0, 0x0, 0x7f, 0xf8,
    0x0, 0x0, 0x0, 0x2, 0xff, 0xd0, 0x0, 0x0,
    0x0, 0xd, 0xff, 0x20, 0x0, 0x0, 0x0, 0x9f,
    0xf7, 0x0, 0x0, 0x0, 0x4, 0xff, 0xc0, 0x0,
    0x0, 0x0, 0xe, 0xff, 0x10, 0x0, 0x0, 0x0,
    0xaf, 0xf6, 0x0, 0x0, 0x0, 0x5, 0xff, 0xb0,
    0x0, 0x0, 0x0, 0xf, 0xff, 0x0, 0x0, 0x0,
    0x0, 0xbf, 0xf4, 0x0, 0x0, 0x0, 0x6, 0xff,
    0x90, 0x0, 0x0, 0x0, 0x1f, 0xfe, 0x0, 0x0,
    0x0, 0x0, 0x78, 0x81,

    /* U+005D "]" */
    0x1f, 0xff, 0xff, 0xff, 0xf6, 0x1f, 0xff, 0xff,
    0xff, 0xf6, 0x1f, 0xff, 0xff, 0xff, 0xf6, 0x2,
    0x22, 0x5f, 0xff, 0xf6, 0x0, 0x0, 0x4f, 0xff,
    0xf6, 0x0, 0x0, 0x4f, 0xff, 0xf6, 0x0, 0x0,
    0x4f, 0xff, 0xf6, 0x0, 0x0, 0x4f, 0xff, 0xf6,
    0x0, 0x0, 0x4f, 0xff, 0xf6, 0x0, 0x0, 0x4f,
    0xff, 0xf6, 0x0, 0x0, 0x4f, 0xff, 0xf6, 0x0,
    0x0, 0x4f, 0xff, 0xf6, 0x0, 0x0, 0x4f, 0xff,
    0xf6, 0x0, 0x0, 0x4f, 0xff, 0xf6, 0x0, 0x0,
    0x4f, 0xff, 0xf6, 0x0, 0x0, 0x4f, 0xff, 0xf6,
    0x0, 0x0, 0x4f, 0xff, 0xf6, 0x0, 0x0, 0x4f,
    0xff, 0xf6, 0x0, 0x0, 0x4f, 0xff, 0xf6, 0x0,
    0x0, 0x4f, 0xff, 0xf6, 0x0, 0x0, 0x4f, 0xff,
    0xf6, 0x0, 0x0, 0x4f, 0xff, 0xf6, 0x1f, 0xff,
    0xff, 0xff, 0xf6, 0x1f, 0xff, 0xff, 0xff, 0xf6,
    0x1f, 0xff, 0xff, 0xff, 0xf6, 0x2, 0x22, 0x22,
    0x22, 0x20,

    /* U+005E "^" */
    0x0, 0x0, 0x0, 0x6, 0xff, 0xfc, 0x0, 0x0,
    0x0, 0x0, 0x0, 0x0, 0x5, 0xff, 0xff, 0xfb,
    0x0, 0x0, 0x0, 0x0, 0x0, 0x3, 0xff, 0xff,
    0xff, 0xfa, 0x0, 0x0, 0x0, 0x0, 0x2, 0xef,
    0xff, 0xdf, 0xff, 0xf8, 0x0, 0x0, 0x0, 0x1,
    0xef, 0xff, 0xa0, 0x4e, 0xff, 0xf7, 0x0, 0x0,
    0x1, 0xdf, 0xff, 0x60, 0x0, 0x1c, 0xff, 0xf5,
    0x0, 0x0, 0xcf, 0xfe, 0x30, 0x0, 0x0, 0x9,
    0xff, 0xf4, 0x0, 0xbf, 0xfb, 0x10, 0x0, 0x0,
    0x0, 0x5, 0xff, 0xf3,

    /* U+005F "_" */
    0xaa, 0xaa, 0xaa, 0xaa, 0xaa, 0xaa, 0xaa, 0xff,
    0xff, 0xff, 0xff, 0xff, 0xff, 0xff, 0xff, 0xff,
    0xff, 0xff, 0xff, 0xff, 0xff,

    /* U+0060 "`" */
    0x38, 0x88, 0x20, 0x0, 0x0, 0xcf, 0xfd, 0x0,
    0x0, 0x1, 0xdf, 0xf8, 0x0, 0x0, 0x1, 0xdf,
    0xf4, 0x0, 0x0, 0x2, 0xef, 0xe1, 0x0, 0x0,
    0x3, 0xff, 0xa0,

    /* U+0061 "a" */
    0x1, 0x69, 0xcd, 0xef, 0xfe, 0xc8, 0x20, 0x0,
    0x7, 0xff, 0xff, 0xff, 0xff, 0xff, 0xf8, 0x0,
    0x7, 0xff, 0xff, 0xff, 0xff, 0xff, 0xff, 0x80,
    0x7, 0xfd, 0x96, 0x55, 0x7b, 0xff, 0xff, 0xf1,
    0x3, 0x20, 0x0, 0x0, 0x0, 0x9f, 0xff, 0xf5,
    0x0, 0x0, 0x0, 0x0, 0x0, 0x4f, 0xff, 0xf9,
    0x0, 0x6, 0xad, 0xff, 0xff, 0xff, 0xff, 0xfa,
    0x4, 0xef, 0xff, 0xff, 0xff, 0xff, 0xff, 0xfa,
    0x2f, 0xff, 0xff, 0xff, 0xff, 0xff, 0xff, 0xfb,
    0x8f, 0xff, 0xfc, 0x30, 0x0, 0x4f, 0xff, 0xfb,
    0xbf, 0xff, 0xf3, 0x0, 0x0, 0x7f, 0xff, 0xfb,
    0xcf, 0xff, 0xf5, 0x0, 0x1, 0xef, 0xff, 0xfb,
    0x9f, 0xff, 0xfe, 0x75, 0x8e, 0xff, 0xff, 0xfb,
    0x3f, 0xff, 0xff, 0xff, 0xff, 0xdf, 0xff, 0xfb,
    0x6, 0xff, 0xff, 0xff, 0xfa, 0x4f, 0xff, 0xfb,
    0x0, 0x3a, 0xef, 0xeb, 0x50, 0x3f, 0xff, 0xfb,

    /* U+0062 "b" */
    0xaf, 0xff, 0xf4, 0x0, 0x0, 0x0, 0x0, 0x0,
    0xa, 0xff, 0xff, 0x40, 0x0, 0x0, 0x0, 0x0,
    0x0, 0xaf, 0xff, 0xf4, 0x0, 0x0, 0x0, 0x0,
    0x0, 0xa, 0xff, 0xff, 0x40, 0x0, 0x0, 0x0,
    0x0, 0x0, 0xaf, 0xff, 0xf4, 0x0, 0x0, 0x0,
    0x0, 0x0, 0xa, 0xff, 0xff, 0x40, 0x0, 0x0,
    0x0, 0x0, 0x0, 0xaf, 0xff, 0xf4, 0x4, 0xbe,
    0xfd, 0x91, 0x0, 0xa, 0xff, 0xff, 0x4a, 0xff,
    0xff, 0xff, 0xf4, 0x0, 0xaf, 0xff, 0xfc, 0xff,
    0xff, 0xff, 0xff, 0xf2, 0xa, 0xff, 0xff, 0xff,
    0xca, 0xcf, 0xff, 0xff, 0xc0, 0xaf, 0xff, 0xff,
    0x50, 0x0, 0x5f, 0xff, 0xff, 0x3a, 0xff, 0xff,
    0xb0, 0x0, 0x0, 0xbf, 0xff, 0xf7, 0xaf, 0xff,
    0xf6, 0x0, 0x0, 0x6, 0xff, 0xff, 0xaa, 0xff,
    0xff, 0x40, 0x0, 0x0, 0x4f, 0xff, 0xfb, 0xaf,
    0xff, 0xf4, 0x0, 0x0, 0x4, 0xff, 0xff, 0xba,
    0xff, 0xff, 0x60, 0x0, 0x0, 0x6f, 0xff, 0xfa,
    0xaf, 0xff, 0xfb, 0x0, 0x0, 0xb, 0xff, 0xff,
    0x7a, 0xff, 0xff, 0xf5, 0x0, 0x5, 0xff, 0xff,
    0xf3, 0xaf, 0xff, 0xff, 0xfc, 0xac, 0xff, 0xff,
    0xfc, 0xa, 0xff, 0xff, 0xdf, 0xff, 0xff, 0xff,
    0xff, 0x20, 0xaf, 0xff, 0xf4, 0xbf, 0xff, 0xff,
    0xff, 0x40, 0xa, 0xff, 0xff, 0x40, 0x5b, 0xef,
    0xd9, 0x10, 0x0,

    /* U+0063 "c" */
    0x0, 0x0, 0x17, 0xbe, 0xff, 0xdb, 0x72, 0x0,
    0x9, 0xff, 0xff, 0xff, 0xff, 0xfb, 0x0, 0xcf,
    0xff, 0xff, 0xff, 0xff, 0xfb, 0x9, 0xff, 0xff,
    0xff, 0xb9, 0xad, 0xfb, 0x2f, 0xff, 0xff, 0xb1,
    0x0, 0x0, 0x37, 0x7f, 0xff, 0xfd, 0x0, 0x0,
    0x0, 0x0, 0xaf, 0xff, 0xf7, 0x0, 0x0, 0x0,
    0x0, 0xcf, 0xff, 0xf5, 0x0, 0x0, 0x0, 0x0,
    0xcf, 0xff, 0xf5, 0x0, 0x0, 0x0, 0x0, 0xaf,
    0xff, 0xf7, 0x0, 0x0, 0x0, 0x0, 0x7f, 0xff,
    0xfd, 0x0, 0x0, 0x0, 0x0, 0x2f, 0xff, 0xff,
    0xb1, 0x0, 0x0, 0x37, 0x9, 0xff, 0xff, 0xff,
    0xb9, 0xad, 0xfb, 0x0, 0xcf, 0xff, 0xff, 0xff,
    0xff, 0xfb, 0x0, 0x9, 0xff, 0xff, 0xff, 0xff,
    0xfb, 0x0, 0x0, 0x28, 0xbe, 0xff, 0xdb, 0x72,

    /* U+0064 "d" */
    0x0, 0x0, 0x0, 0x0, 0x0, 0x3, 0xff, 0xff,
    0xb0, 0x0, 0x0, 0x0, 0x0, 0x0, 0x3f, 0xff,
    0xfb, 0x0, 0x0, 0x0, 0x0, 0x0, 0x3, 0xff,
    0xff, 0xb0, 0x0, 0x0, 0x0, 0x0, 0x0, 0x3f,
    0xff, 0xfb, 0x0, 0x0, 0x0, 0x0, 0x0, 0x3,
    0xff, 0xff, 0xb0, 0x0, 0x0, 0x0, 0x0, 0x0,
    0x3f, 0xff, 0xfb, 0x0, 0x1, 0x8d, 0xfe, 0xb5,
    0x3, 0xff, 0xff, 0xb0, 0x3, 0xef, 0xff, 0xff,
    0xfa, 0x4f, 0xff, 0xfb, 0x2, 0xff, 0xff, 0xff,
    0xff, 0xfc, 0xff, 0xff, 0xb0, 0xbf, 0xff, 0xff,
    0xca, 0xcf, 0xff, 0xff, 0xfb, 0x2f, 0xff, 0xff,
    0x60, 0x0, 0x5f, 0xff, 0xff, 0xb7, 0xff, 0xff,
    0xc0, 0x0, 0x0, 0xaf, 0xff, 0xfb, 0xaf, 0xff,
    0xf7, 0x0, 0x0, 0x6, 0xff, 0xff, 0xbb, 0xff,
    0xff, 0x50, 0x0, 0x0, 0x4f, 0xff, 0xfb, 0xbf,
    0xff, 0xf5, 0x0, 0x0, 0x4, 0xff, 0xff, 0xba,
    0xff, 0xff, 0x70, 0x0, 0x0, 0x6f, 0xff, 0xfb,
    0x7f, 0xff, 0xfc, 0x0, 0x0, 0xa, 0xff, 0xff,
    0xb2, 0xff, 0xff, 0xf6, 0x0, 0x5, 0xff, 0xff,
    0xfb, 0xb, 0xff, 0xff, 0xfc, 0xac, 0xff, 0xff,
    0xff, 0xb0, 0x2f, 0xff, 0xff, 0xff, 0xff, 0xdf,
    0xff, 0xfb, 0x0, 0x3e, 0xff, 0xff, 0xff, 0xb4,
    0xff, 0xff, 0xb0, 0x0, 0x18, 0xdf, 0xeb, 0x50,
    0x3f, 0xff, 0xfb,

    /* U+0065 "e" */
    0x0, 0x0, 0x28, 0xce, 0xfe, 0xd9, 0x30, 0x0,
    0x0, 0x0, 0x9f, 0xff, 0xff, 0xff, 0xff, 0xa0,
    0x0, 0x0, 0xcf, 0xff, 0xff, 0xff, 0xff, 0xff,
    0xc0, 0x0, 0x9f, 0xff, 0xfe, 0x85, 0x7d, 0xff,
    0xff, 0x80, 0x2f, 0xff, 0xfd, 0x10, 0x0, 0xd,
    0xff, 0xff, 0x17, 0xff, 0xff, 0x60, 0x0, 0x0,
    0x7f, 0xff, 0xf5, 0xaf, 0xff, 0xff, 0xff, 0xff,
    0xff, 0xff, 0xff, 0x8c, 0xff, 0xff, 0xff, 0xff,
    0xff, 0xff, 0xff, 0xf9, 0xcf, 0xff, 0xff, 0xff,
    0xff, 0xff, 0xff, 0xff, 0xaa, 0xff, 0xff, 0x51,
    0x11, 0x11, 0x11, 0x11, 0x10, 0x7f, 0xff, 0xf9,
    0x0, 0x0, 0x0, 0x0, 0x0, 0x2, 0xff, 0xff,
    0xf4, 0x0, 0x0, 0x0, 0x28, 0xd0, 0xa, 0xff,
    0xff, 0xfa, 0x75, 0x68, 0xcf, 0xfe, 0x0, 0xc,
    0xff, 0xff, 0xff, 0xff, 0xff, 0xff, 0xe0, 0x0,
    0x9, 0xff, 0xff, 0xff, 0xff, 0xff, 0xfb, 0x0,
    0x0, 0x2, 0x8c, 0xef, 0xfe, 0xca, 0x61, 0x0,

    /* U+0066 "f" */
    0x0, 0x0, 0x7, 0xce, 0xff, 0xff, 0x60, 0x0,
    0xd, 0xff, 0xff, 0xff, 0xf6, 0x0, 0x8, 0xff,
    0xff, 0xff, 0xff, 0x60, 0x0, 0xdf, 0xff, 0xf9,
    0x44, 0x41, 0x0, 0xf, 0xff, 0xfe, 0x0, 0x0,
    0x0, 0x0, 0xff, 0xff, 0xd0, 0x0, 0x0, 0x7f,
    0xff, 0xff, 0xff, 0xff, 0xff, 0x7, 0xff, 0xff,
    0xff, 0xff, 0xff, 0xf0, 0x7f, 0xff, 0xff, 0xff,
    0xff, 0xff, 0x4, 0x99, 0xff, 0xff, 0xf9, 0x99,
    0x90, 0x0, 0xf, 0xff, 0xfd, 0x0, 0x0, 0x0,
    0x0, 0xff, 0xff, 0xd0, 0x0, 0x0, 0x0, 0xf,
    0xff, 0xfd, 0x0, 0x0, 0x0, 0x0, 0xff, 0xff,
    0xd0, 0x0, 0x0, 0x0, 0xf, 0xff, 0xfd, 0x0,
    0x0, 0x0, 0x0, 0xff, 0xff, 0xd0, 0x0, 0x0,
    0x0, 0xf, 0xff, 0xfd, 0x0, 0x0, 0x0, 0x0,
    0xff, 0xff, 0xd0, 0x0, 0x0, 0x0, 0xf, 0xff,
    0xfd, 0x0, 0x0, 0x0, 0x0, 0xff, 0xff, 0xd0,
    0x0, 0x0, 0x0, 0xf, 0xff, 0xfd, 0x0, 0x0,
    0x0, 0x0, 0xff, 0xff, 0xd0, 0x0, 0x0,

    /* U+0067 "g" */
    0x0, 0x1, 0x8d, 0xfe, 0xb5, 0x3, 0xff, 0xff,
    0xb0, 0x3, 0xef, 0xff, 0xff, 0xfb, 0x4f, 0xff,
    0xfb, 0x1, 0xff, 0xff, 0xff, 0xff, 0xfd, 0xff,
    0xff, 0xb0, 0xbf, 0xff, 0xff, 0xc9, 0xcf, 0xff,
    0xff, 0xfb, 0x2f, 0xff, 0xff, 0x60, 0x0, 0x5f,
    0xff, 0xff, 0xb6, 0xff, 0xff, 0xd0, 0x0, 0x0,
    0xbf, 0xff, 0xfb, 0x9f, 0xff, 0xf8, 0x0, 0x0,
    0x6, 0xff, 0xff, 0xbb, 0xff, 0xff, 0x60, 0x0,
    0x0, 0x4f, 0xff, 0xfb, 0xbf, 0xff, 0xf5, 0x0,
    0x0, 0x4, 0xff, 0xff, 0xb9, 0xff, 0xff, 0x70,
    0x0, 0x0, 0x6f, 0xff, 0xfb, 0x6f, 0xff, 0xfc,
    0x0, 0x0, 0xb, 0xff, 0xff, 0xb2, 0xff, 0xff,
    0xf6, 0x0, 0x5, 0xff, 0xff, 0xfb, 0xb, 0xff,
    0xff, 0xfc, 0xac, 0xff, 0xff, 0xff, 0xb0, 0x1f,
    0xff, 0xff, 0xff, 0xff, 0xcf, 0xff, 0xfb, 0x0,
    0x3e, 0xff, 0xff, 0xff, 0xa4, 0xff, 0xff, 0xa0,
    0x0, 0x18, 0xdf, 0xeb, 0x50, 0x5f, 0xff, 0xf9,
    0x0, 0x0, 0x0, 0x0, 0x0, 0x9, 0xff, 0xff,
    0x60, 0x6, 0x10, 0x0, 0x0, 0x4, 0xff, 0xff,
    0xf1, 0x0, 0xef, 0xb7, 0x55, 0x6a, 0xff, 0xff,
    0xf9, 0x0, 0xe, 0xff, 0xff, 0xff, 0xff, 0xff,
    0xfc, 0x0, 0x0, 0xef, 0xff, 0xff, 0xff, 0xff,
    0xf9, 0x0, 0x0, 0x2, 0x7b, 0xde, 0xff, 0xeb,
    0x71, 0x0, 0x0,

    /* U+0068 "h" */
    0xaf, 0xff, 0xf4, 0x0, 0x0, 0x0, 0x0, 0x0,
    0xaf, 0xff, 0xf4, 0x0, 0x0, 0x0, 0x0, 0x0,
    0xaf, 0xff, 0xf4, 0x0, 0x0, 0x0, 0x0, 0x0,
    0xaf, 0xff, 0xf4, 0x0, 0x0, 0x0, 0x0, 0x0,
    0xaf, 0xff, 0xf4, 0x0, 0x0, 0x0, 0x0, 0x0,
    0xaf, 0xff, 0xf4, 0x0, 0x0, 0x0, 0x0, 0x0,
    0xaf, 0xff, 0xf4, 0x4, 0xae, 0xfe, 0x92, 0x0,
    0xaf, 0xff, 0xf4, 0x9f, 0xff, 0xff, 0xff, 0x30,
    0xaf, 0xff, 0xfc, 0xff, 0xff, 0xff, 0xff, 0xd0,
    0xaf, 0xff, 0xff, 0xfe, 0xcf, 0xff, 0xff, 0xf5,
    0xaf, 0xff, 0xff, 0x90, 0x1, 0xdf, 0xff, 0xf9,
    0xaf, 0xff, 0xfd, 0x0, 0x0, 0x5f, 0xff, 0xfb,
    0xaf, 0xff, 0xf7, 0x0, 0x0, 0x3f, 0xff, 0xfb,
    0xaf, 0xff, 0xf5, 0x0, 0x0, 0x2f, 0xff, 0xfc,
    0xaf, 0xff, 0xf4, 0x0, 0x0, 0x2f, 0xff, 0xfc,
    0xaf, 0xff, 0xf4, 0x0, 0x0, 0x2f, 0xff, 0xfc,
    0xaf, 0xff, 0xf4, 0x0, 0x0, 0x2f, 0xff, 0xfc,
    0xaf, 0xff, 0xf4, 0x0, 0x0, 0x2f, 0xff, 0xfc,
    0xaf, 0xff, 0xf4, 0x0, 0x0, 0x2f, 0xff, 0xfc,
    0xaf, 0xff, 0xf4, 0x0, 0x0, 0x2f, 0xff, 0xfc,
    0xaf, 0xff, 0xf4, 0x0, 0x0, 0x2f, 0xff, 0xfc,
    0xaf, 0xff, 0xf4, 0x0, 0x0, 0x2f, 0xff, 0xfc,

    /* U+0069 "i" */
    0xaf, 0xff, 0xf4, 0xaf, 0xff, 0xf4, 0xaf, 0xff,
    0xf4, 0xaf, 0xff, 0xf4, 0x1, 0x11, 0x10, 0x0,
    0x0, 0x0, 0xaf, 0xff, 0xf4, 0xaf, 0xff, 0xf4,
    0xaf, 0xff, 0xf4, 0xaf, 0xff, 0xf4, 0xaf, 0xff,
    0xf4, 0xaf, 0xff, 0xf4, 0xaf, 0xff, 0xf4, 0xaf,
    0xff, 0xf4, 0xaf, 0xff, 0xf4, 0xaf, 0xff, 0xf4,
    0xaf, 0xff, 0xf4, 0xaf, 0xff, 0xf4, 0xaf, 0xff,
    0xf4, 0xaf, 0xff, 0xf4, 0xaf, 0xff, 0xf4, 0xaf,
    0xff, 0xf4,

    /* U+006A "j" */
    0x0, 0xa, 0xff, 0xff, 0x40, 0x0, 0xaf, 0xff,
    0xf4, 0x0, 0xa, 0xff, 0xff, 0x40, 0x0, 0xaf,
    0xff, 0xf4, 0x0, 0x0, 0x11, 0x11, 0x0, 0x0,
    0x0, 0x0, 0x0, 0x0, 0xa, 0xff, 0xff, 0x40,
    0x0, 0xaf, 0xff, 0xf4, 0x0, 0xa, 0xff, 0xff,
    0x40, 0x0, 0xaf, 0xff, 0xf4, 0x0, 0xa, 0xff,
    0xff, 0x40, 0x0, 0xaf, 0xff, 0xf4, 0x0, 0xa,
    0xff, 0xff, 0x40, 0x0, 0xaf, 0xff, 0xf4, 0x0,
    0xa, 0xff, 0xff, 0x40, 0x0, 0xaf, 0xff, 0xf4,
    0x0, 0xa, 0xff, 0xff, 0x40, 0x0, 0xaf, 0xff,
    0xf4, 0x0, 0xa, 0xff, 0xff, 0x40, 0x0, 0xaf,
    0xff, 0xf4, 0x0, 0xa, 0xff, 0xff, 0x40, 0x0,
    0xaf, 0xff, 0xf3, 0x0, 0xb, 0xff, 0xff, 0x20,
    0x0, 0xef, 0xff, 0xf0, 0x35, 0xbf, 0xff, 0xfc,
    0xf, 0xff, 0xff, 0xff, 0x50, 0xff, 0xff, 0xff,
    0x90, 0xf, 0xff, 0xeb, 0x40, 0x0,

    /* U+006B "k" */
    0xaf, 0xff, 0xf4, 0x0, 0x0, 0x0, 0x0, 0x0,
    0x0, 0xaf, 0xff, 0xf4, 0x0, 0x0, 0x0, 0x0,
    0x0, 0x0, 0xaf, 0xff, 0xf4, 0x0, 0x0, 0x0,
    0x0, 0x0, 0x0, 0xaf, 0xff, 0xf4, 0x0, 0x0,
    0x0, 0x0, 0x0, 0x0, 0xaf, 0xff, 0xf4, 0x0,
    0x0, 0x0, 0x0, 0x0, 0x0, 0xaf, 0xff, 0xf4,
    0x0, 0x0, 0x0, 0x0, 0x0, 0x0, 0xaf, 0xff,
    0xf4, 0x0, 0x0, 0x9f, 0xff, 0xfe, 0x20, 0xaf,
    0xff, 0xf4, 0x0, 0x8, 0xff, 0xff, 0xe2, 0x0,
    0xaf, 0xff, 0xf4, 0x0, 0x8f, 0xff, 0xfe, 0x20,
    0x0, 0xaf, 0xff, 0xf4, 0x7, 0xff, 0xff, 0xd2,
    0x0, 0x0, 0xaf, 0xff, 0xf4, 0x6f, 0xff, 0xfd,
    0x10, 0x0, 0x0, 0xaf, 0xff, 0xfa, 0xff, 0xff,
    0xd1, 0x0, 0x0, 0x0, 0xaf, 0xff, 0xff, 0xff,
    0xfd, 0x10, 0x0, 0x0, 0x0, 0xaf, 0xff, 0xff,
    0xff, 0xf5, 0x0, 0x0, 0x0, 0x0, 0xaf, 0xff,
    0xff, 0xff, 0xff, 0x30, 0x0, 0x0, 0x0, 0xaf,
    0xff, 0xfc, 0xff, 0xff, 0xe2, 0x0, 0x0, 0x0,
    0xaf, 0xff, 0xf4, 0xbf, 0xff, 0xfe, 0x20, 0x0,
    0x0, 0xaf, 0xff, 0xf4, 0xc, 0xff, 0xff, 0xd1,
    0x0, 0x0, 0xaf, 0xff, 0xf4, 0x1, 0xdf, 0xff,
    0xfd, 0x10, 0x0, 0xaf, 0xff, 0xf4, 0x0, 0x1e,
    0xff, 0xff, 0xc0, 0x0, 0xaf, 0xff, 0xf4, 0x0,
    0x2, 0xff, 0xff, 0xfb, 0x0, 0xaf, 0xff, 0xf4,
    0x0, 0x0, 0x4f, 0xff, 0xff, 0xa0,

    /* U+006C "l" */
    0xaf, 0xff, 0xf4, 0xaf, 0xff, 0xf4, 0xaf, 0xff,
    0xf4, 0xaf, 0xff, 0xf4, 0xaf, 0xff, 0xf4, 0xaf,
    0xff, 0xf4, 0xaf, 0xff, 0xf4, 0xaf, 0xff, 0xf4,
    0xaf, 0xff, 0xf4, 0xaf, 0xff, 0xf4, 0xaf, 0xff,
    0xf4, 0xaf, 0xff, 0xf4, 0xaf, 0xff, 0xf4, 0xaf,
    0xff, 0xf4, 0xaf, 0xff, 0xf4, 0xaf, 0xff, 0xf4,
    0xaf, 0xff, 0xf4, 0xaf, 0xff, 0xf4, 0xaf, 0xff,
    0xf4, 0xaf, 0xff, 0xf4, 0xaf, 0xff, 0xf4, 0xaf,
    0xff, 0xf4,

    /* U+006D "m" */
    0xaf, 0xff, 0xf4, 0x6, 0xcf, 0xeb, 0x40, 0x0,
    0x18, 0xdf, 0xeb, 0x30, 0xa, 0xff, 0xff, 0x4b,
    0xff, 0xff, 0xff, 0x80, 0x3e, 0xff, 0xff, 0xff,
    0x60, 0xaf, 0xff, 0xfd, 0xff, 0xff, 0xff, 0xff,
    0x6e, 0xff, 0xff, 0xff, 0xff, 0x2a, 0xff, 0xff,
    0xff, 0xed, 0xff, 0xff, 0xff, 0xff, 0xdd, 0xff,
    0xff, 0xf8, 0xaf, 0xff, 0xff, 0x60, 0x5, 0xff,
    0xff, 0xff, 0x50, 0x8, 0xff, 0xff, 0xca, 0xff,
    0xff, 0xb0, 0x0, 0xf, 0xff, 0xff, 0x90, 0x0,
    0x1f, 0xff, 0xfe, 0xaf, 0xff, 0xf6, 0x0, 0x0,
    0xdf, 0xff, 0xf4, 0x0, 0x0, 0xff, 0xff, 0xfa,
    0xff, 0xff, 0x40, 0x0, 0xd, 0xff, 0xff, 0x20,
    0x0, 0xf, 0xff, 0xff, 0xaf, 0xff, 0xf4, 0x0,
    0x0, 0xdf, 0xff, 0xf1, 0x0, 0x0, 0xff, 0xff,
    0xfa, 0xff, 0xff, 0x40, 0x0, 0xd, 0xff, 0xff,
    0x10, 0x0, 0xf, 0xff, 0xff, 0xaf, 0xff, 0xf4,
    0x0, 0x0, 0xdf, 0xff, 0xf1, 0x0, 0x0, 0xff,
    0xff, 0xfa, 0xff, 0xff, 0x40, 0x0, 0xd, 0xff,
    0xff, 0x10, 0x0, 0xf, 0xff, 0xff, 0xaf, 0xff,
    0xf4, 0x0, 0x0, 0xdf, 0xff, 0xf1, 0x0, 0x0,
    0xff, 0xff, 0xfa, 0xff, 0xff, 0x40, 0x0, 0xd,
    0xff, 0xff, 0x10, 0x0, 0xf, 0xff, 0xff, 0xaf,
    0xff, 0xf4, 0x0, 0x0, 0xdf, 0xff, 0xf1, 0x0,
    0x0, 0xff, 0xff, 0xfa, 0xff, 0xff, 0x40, 0x0,
    0xd, 0xff, 0xff, 0x10, 0x0, 0xf, 0xff, 0xff,

    /* U+006E "n" */
    0xaf, 0xff, 0xf4, 0x4, 0xbe, 0xfe, 0x92, 0x0,
    0xaf, 0xff, 0xf4, 0xaf, 0xff, 0xff, 0xff, 0x30,
    0xaf, 0xff, 0xfd, 0xff, 0xff, 0xff, 0xff, 0xd0,
    0xaf, 0xff, 0xff, 0xfe, 0xcf, 0xff, 0xff, 0xf5,
    0xaf, 0xff, 0xff, 0x90, 0x1, 0xdf, 0xff, 0xf9,
    0xaf, 0xff, 0xfd, 0x0, 0x0, 0x5f, 0xff, 0xfb,
    0xaf, 0xff, 0xf7, 0x0, 0x0, 0x3f, 0xff, 0xfb,
    0xaf, 0xff, 0xf5, 0x0, 0x0, 0x2f, 0xff, 0xfc,
    0xaf, 0xff, 0xf4, 0x0, 0x0, 0x2f, 0xff, 0xfc,
    0xaf, 0xff, 0xf4, 0x0, 0x0, 0x2f, 0xff, 0xfc,
    0xaf, 0xff, 0xf4, 0x0, 0x0, 0x2f, 0xff, 0xfc,
    0xaf, 0xff, 0xf4, 0x0, 0x0, 0x2f, 0xff, 0xfc,
    0xaf, 0xff, 0xf4, 0x0, 0x0, 0x2f, 0xff, 0xfc,
    0xaf, 0xff, 0xf4, 0x0, 0x0, 0x2f, 0xff, 0xfc,
    0xaf, 0xff, 0xf4, 0x0, 0x0, 0x2f, 0xff, 0xfc,
    0xaf, 0xff, 0xf4, 0x0, 0x0, 0x2f, 0xff, 0xfc,

    /* U+006F "o" */
    0x0, 0x0, 0x38, 0xce, 0xff, 0xda, 0x40, 0x0,
    0x0, 0x0, 0xa, 0xff, 0xff, 0xff, 0xff, 0xfd,
    0x20, 0x0, 0x0, 0xdf, 0xff, 0xff, 0xff, 0xff,
    0xff, 0xf2, 0x0, 0xa, 0xff, 0xff, 0xfc, 0x9b,
    0xff, 0xff, 0xfd, 0x0, 0x2f, 0xff, 0xff, 0x60,
    0x0, 0x3f, 0xff, 0xff, 0x60, 0x7f, 0xff, 0xfb,
    0x0, 0x0, 0x8, 0xff, 0xff, 0xb0, 0xaf, 0xff,
    0xf7, 0x0, 0x0, 0x3, 0xff, 0xff, 0xe0, 0xcf,
    0xff, 0xf5, 0x0, 0x0, 0x1, 0xff, 0xff, 0xf0,
    0xcf, 0xff, 0xf5, 0x0, 0x0, 0x1, 0xff, 0xff,
    0xf0, 0xaf, 0xff, 0xf7, 0x0, 0x0, 0x3, 0xff,
    0xff, 0xe0, 0x7f, 0xff, 0xfb, 0x0, 0x0, 0x8,
    0xff, 0xff, 0xb0, 0x2f, 0xff, 0xff, 0x60, 0x0,
    0x3f, 0xff, 0xff, 0x60, 0xa, 0xff, 0xff, 0xfc,
    0x9b, 0xff, 0xff, 0xfd, 0x0, 0x0, 0xdf, 0xff,
    0xff, 0xff, 0xff, 0xff, 0xf2, 0x0, 0x0, 0xa,
    0xff, 0xff, 0xff, 0xff, 0xfd, 0x20, 0x0, 0x0,
    0x0, 0x39, 0xce, 0xff, 0xda, 0x40, 0x0, 0x0,

    /* U+0070 "p" */
    0xaf, 0xff, 0xf4, 0x5, 0xbe, 0xfd, 0x91, 0x0,
    0xa, 0xff, 0xff, 0x4b, 0xff, 0xff, 0xff, 0xf4,
    0x0, 0xaf, 0xff, 0xfd, 0xff, 0xff, 0xff, 0xff,
    0xf2, 0xa, 0xff, 0xff, 0xff, 0xca, 0xcf, 0xff,
    0xff, 0xc0, 0xaf, 0xff, 0xff, 0x50, 0x0, 0x5f,
    0xff, 0xff, 0x3a, 0xff, 0xff, 0xb0, 0x0, 0x0,
    0xbf, 0xff, 0xf7, 0xaf, 0xff, 0xf6, 0x0, 0x0,
    0x6, 0xff, 0xff, 0xaa, 0xff, 0xff, 0x40, 0x0,
    0x0, 0x4f, 0xff, 0xfb, 0xaf, 0xff, 0xf4, 0x0,
    0x0, 0x4, 0xff, 0xff, 0xba, 0xff, 0xff, 0x60,
    0x0, 0x0, 0x6f, 0xff, 0xfa, 0xaf, 0xff, 0xfb,
    0x0, 0x0, 0xb, 0xff, 0xff, 0x7a, 0xff, 0xff,
    0xf5, 0x0, 0x5, 0xff, 0xff, 0xf3, 0xaf, 0xff,
    0xff, 0xfc, 0xac, 0xff, 0xff, 0xfc, 0xa, 0xff,
    0xff, 0xcf, 0xff, 0xff, 0xff, 0xff, 0x20, 0xaf,
    0xff, 0xf4, 0xaf, 0xff, 0xff, 0xff, 0x40, 0xa,
    0xff, 0xff, 0x40, 0x5b, 0xef, 0xd9, 0x10, 0x0,
    0xaf, 0xff, 0xf4, 0x0, 0x0, 0x0, 0x0, 0x0,
    0xa, 0xff, 0xff, 0x40, 0x0, 0x0, 0x0, 0x0,
    0x0, 0xaf, 0xff, 0xf4, 0x0, 0x0, 0x0, 0x0,
    0x0, 0xa, 0xff, 0xff, 0x40, 0x0, 0x0, 0x0,
    0x0, 0x0, 0xaf, 0xff, 0xf4, 0x0, 0x0, 0x0,
    0x0, 0x0, 0xa, 0xff, 0xff, 0x40, 0x0, 0x0,
    0x0, 0x0, 0x0,

    /* U+0071 "q" */
    0x0, 0x1, 0x8d, 0xfe, 0xb5, 0x3, 0xff, 0xff,
    0xb0, 0x3, 0xef, 0xff, 0xff, 0xfb, 0x4f, 0xff,
    0xfb, 0x2, 0xff, 0xff, 0xff, 0xff, 0xfd, 0xff,
    0xff, 0xb0, 0xbf, 0xff, 0xff, 0xc9, 0xbf, 0xff,
    0xff, 0xfb, 0x2f, 0xff, 0xff, 0x60, 0x0, 0x4f,
    0xff, 0xff, 0xb7, 0xff, 0xff, 0xc0, 0x0, 0x0,
    0xaf, 0xff, 0xfb, 0xaf, 0xff, 0xf7, 0x0, 0x0,
    0x5, 0xff, 0xff, 0xbb, 0xff, 0xff, 0x50, 0x0,
    0x0, 0x4f, 0xff, 0xfb, 0xbf, 0xff, 0xf5, 0x0,
    0x0, 0x4, 0xff, 0xff, 0xba, 0xff, 0xff, 0x70,
    0x0, 0x0, 0x6f, 0xff, 0xfb, 0x7f, 0xff, 0xfc,
    0x0, 0x0, 0xa, 0xff, 0xff, 0xb2, 0xff, 0xff,
    0xf6, 0x0, 0x5, 0xff, 0xff, 0xfb, 0xb, 0xff,
    0xff, 0xfc, 0xac, 0xff, 0xff, 0xff, 0xb0, 0x2f,
    0xff, 0xff, 0xff, 0xff, 0xcf, 0xff, 0xfb, 0x0,
    0x3e, 0xff, 0xff, 0xff, 0xa4, 0xff, 0xff, 0xb0,
    0x0, 0x18, 0xdf, 0xeb, 0x50, 0x3f, 0xff, 0xfb,
    0x0, 0x0, 0x0, 0x0, 0x0, 0x3, 0xff, 0xff,
    0xb0, 0x0, 0x0, 0x0, 0x0, 0x0, 0x3f, 0xff,
    0xfb, 0x0, 0x0, 0x0, 0x0, 0x0, 0x3, 0xff,
    0xff, 0xb0, 0x0, 0x0, 0x0, 0x0, 0x0, 0x3f,
    0xff, 0xfb, 0x0, 0x0, 0x0, 0x0, 0x0, 0x3,
    0xff, 0xff, 0xb0, 0x0, 0x0, 0x0, 0x0, 0x0,
    0x3f, 0xff, 0xfb,

    /* U+0072 "r" */
    0xaf, 0xff, 0xf4, 0x5, 0xbe, 0xfb, 0xaf, 0xff,
    0xf4, 0x9f, 0xff, 0xfb, 0xaf, 0xff, 0xfb, 0xff,
    0xff, 0xfb, 0xaf, 0xff, 0xff, 0xff, 0xff, 0xfb,
    0xaf, 0xff, 0xff, 0xe5, 0x10, 0x35, 0xaf, 0xff,
    0xff, 0x20, 0x0, 0x0, 0xaf, 0xff, 0xf9, 0x0,
    0x0, 0x0, 0xaf, 0xff, 0xf5, 0x0, 0x0, 0x0,
    0xaf, 0xff, 0xf4, 0x0, 0x0, 0x0, 0xaf, 0xff,
    0xf4, 0x0, 0x0, 0x0, 0xaf, 0xff, 0xf4, 0x0,
    0x0, 0x0, 0xaf, 0xff, 0xf4, 0x0, 0x0, 0x0,
    0xaf, 0xff, 0xf4, 0x0, 0x0, 0x0, 0xaf, 0xff,
    0xf4, 0x0, 0x0, 0x0, 0xaf, 0xff, 0xf4, 0x0,
    0x0, 0x0, 0xaf, 0xff, 0xf4, 0x0, 0x0, 0x0,

    /* U+0073 "s" */
    0x0, 0x17, 0xbe, 0xff, 0xed, 0xb7, 0x40, 0x0,
    0x4f, 0xff, 0xff, 0xff, 0xff, 0xff, 0x50, 0x1f,
    0xff, 0xff, 0xff, 0xff, 0xff, 0xf5, 0x6, 0xff,
    0xff, 0xb6, 0x56, 0x8b, 0xff, 0x50, 0x8f, 0xff,
    0xd0, 0x0, 0x0, 0x0, 0x52, 0x7, 0xff, 0xff,
    0x50, 0x0, 0x0, 0x0, 0x0, 0x4f, 0xff, 0xff,
    0xfd, 0xb8, 0x51, 0x0, 0x0, 0xbf, 0xff, 0xff,
    0xff, 0xff, 0xf9, 0x0, 0x0, 0x8e, 0xff, 0xff,
    0xff, 0xff, 0xfa, 0x0, 0x0, 0x3, 0x69, 0xbe,
    0xff, 0xff, 0xf1, 0x0, 0x0, 0x0, 0x0, 0x9,
    0xff, 0xff, 0x43, 0x60, 0x0, 0x0, 0x0, 0x6f,
    0xff, 0xf4, 0x5f, 0xfb, 0x86, 0x56, 0x8f, 0xff,
    0xff, 0x25, 0xff, 0xff, 0xff, 0xff, 0xff, 0xff,
    0xb0, 0x5f, 0xff, 0xff, 0xff, 0xff, 0xff, 0xc1,
    0x0, 0x36, 0xac, 0xef, 0xff, 0xd9, 0x40, 0x0,

    /* U+0074 "t" */
    0x0, 0x3f, 0xff, 0xfb, 0x0, 0x0, 0x0, 0x3,
    0xff, 0xff, 0xb0, 0x0, 0x0, 0x0, 0x3f, 0xff,
    0xfb, 0x0, 0x0, 0x0, 0x3, 0xff, 0xff, 0xb0,
    0x0, 0x0, 0xaf, 0xff, 0xff, 0xff, 0xff, 0xff,
    0xca, 0xff, 0xff, 0xff, 0xff, 0xff, 0xfc, 0xaf,
    0xff, 0xff, 0xff, 0xff, 0xff, 0xc5, 0x9a, 0xff,
    0xff, 0xd9, 0x99, 0x96, 0x0, 0x3f, 0xff, 0xfb,
    0x0, 0x0, 0x0, 0x3, 0xff, 0xff, 0xb0, 0x0,
    0x0, 0x0, 0x3f, 0xff, 0xfb, 0x0, 0x0, 0x0,
    0x3, 0xff, 0xff, 0xb0, 0x0, 0x0, 0x0, 0x3f,
    0xff, 0xfb, 0x0, 0x0, 0x0, 0x3, 0xff, 0xff,
    0xb0, 0x0, 0x0, 0x0, 0x3f, 0xff, 0xfb, 0x0,
    0x0, 0x0, 0x2, 0xff, 0xff, 0xd0, 0x0, 0x0,
    0x0, 0xf, 0xff, 0xff, 0xc9, 0x99, 0x20, 0x0,
    0xbf, 0xff, 0xff, 0xff, 0xf5, 0x0, 0x3, 0xff,
    0xff, 0xff, 0xff, 0x50, 0x0, 0x2, 0x9d, 0xff,
    0xff, 0xf5,

    /* U+0075 "u" */
    0xdf, 0xff, 0xf1, 0x0, 0x0, 0x5f, 0xff, 0xf9,
    0xdf, 0xff, 0xf1, 0x0, 0x0, 0x5f, 0xff, 0xf9,
    0xdf, 0xff, 0xf1, 0x0, 0x0, 0x5f, 0xff, 0xf9,
    0xdf, 0xff, 0xf1, 0x0, 0x0, 0x5f, 0xff, 0xf9,
    0xdf, 0xff, 0xf1, 0x0, 0x0, 0x5f, 0xff, 0xf9,
    0xdf, 0xff, 0xf1, 0x0, 0x0, 0x5f, 0xff, 0xf9,
    0xdf, 0xff, 0xf1, 0x0, 0x0, 0x5f, 0xff, 0xf9,
    0xdf, 0xff, 0xf1, 0x0, 0x0, 0x5f, 0xff, 0xf9,
    0xdf, 0xff, 0xf1, 0x0, 0x0, 0x6f, 0xff, 0xf9,
    0xcf, 0xff, 0xf2, 0x0, 0x0, 0x8f, 0xff, 0xf9,
    0xcf, 0xff, 0xf4, 0x0, 0x0, 0xef, 0xff, 0xf9,
    0xaf, 0xff, 0xfc, 0x0, 0xa, 0xff, 0xff, 0xf9,
    0x6f, 0xff, 0xff, 0xfc, 0xff, 0xff, 0xff, 0xf9,
    0xe, 0xff, 0xff, 0xff, 0xff, 0xdf, 0xff, 0xf9,
    0x4, 0xff, 0xff, 0xff, 0xf9, 0x5f, 0xff, 0xf9,
    0x0, 0x2a, 0xef, 0xea, 0x40, 0x5f, 0xff, 0xf9,

    /* U+0076 "v" */
    0x6f, 0xff, 0xf7, 0x0, 0x0, 0x0, 0x3f, 0xff,
    0xfa, 0xf, 0xff, 0xfd, 0x0, 0x0, 0x0, 0x9f,
    0xff, 0xf4, 0xa, 0xff, 0xff, 0x20, 0x0, 0x0,
    0xef, 0xff, 0xe0, 0x4, 0xff, 0xff, 0x80, 0x0,
    0x4, 0xff, 0xff, 0x80, 0x0, 0xef, 0xff, 0xd0,
    0x0, 0x9, 0xff, 0xff, 0x20, 0x0, 0x8f, 0xff,
    0xf3, 0x0, 0xe, 0xff, 0xfc, 0x0, 0x0, 0x2f,
    0xff, 0xf8, 0x0, 0x4f, 0xff, 0xf6, 0x0, 0x0,
    0xc, 0xff, 0xfe, 0x0, 0xaf, 0xff, 0xf0, 0x0,
    0x0, 0x6, 0xff, 0xff, 0x40, 0xff, 0xff, 0xa0,
    0x0, 0x0, 0x0, 0xff, 0xff, 0x95, 0xff, 0xff,
    0x40, 0x0, 0x0, 0x0, 0xaf, 0xff, 0xeb, 0xff,
    0xfe, 0x0, 0x0, 0x0, 0x0, 0x4f, 0xff, 0xff,
    0xff, 0xf8, 0x0, 0x0, 0x0, 0x0, 0xd, 0xff,
    0xff, 0xff, 0xf2, 0x0, 0x0, 0x0, 0x0, 0x8,
    0xff, 0xff, 0xff, 0xc0, 0x0, 0x0, 0x0, 0x0,
    0x2, 0xff, 0xff, 0xff, 0x60, 0x0, 0x0, 0x0,
    0x0, 0x0, 0xcf, 0xff, 0xff, 0x0, 0x0, 0x0,

    /* U+0077 "w" */
    0xe, 0xff, 0xfd, 0x0, 0x0, 0x3f, 0xff, 0xf1,
    0x0, 0x0, 0xff, 0xff, 0xc0, 0xaf, 0xff, 0xf1,
    0x0, 0x7, 0xff, 0xff, 0x50, 0x0, 0x3f, 0xff,
    0xf8, 0x6, 0xff, 0xff, 0x50, 0x0, 0xbf, 0xff,
    0xf9, 0x0, 0x7, 0xff, 0xff, 0x40, 0x2f, 0xff,
    0xf8, 0x0, 0xe, 0xff, 0xff, 0xc0, 0x0, 0xbf,
    0xff, 0xf0, 0x0, 0xef, 0xff, 0xc0, 0x2, 0xff,
    0xff, 0xff, 0x0, 0xe, 0xff, 0xfc, 0x0, 0xa,
    0xff, 0xff, 0x0, 0x6f, 0xfd, 0xff, 0xf4, 0x2,
    0xff, 0xff, 0x80, 0x0, 0x6f, 0xff, 0xf4, 0xa,
    0xff, 0x9b, 0xff, 0x80, 0x6f, 0xff, 0xf4, 0x0,
    0x2, 0xff, 0xff, 0x70, 0xdf, 0xf5, 0x7f, 0xfc,
    0xa, 0xff, 0xff, 0x0, 0x0, 0xe, 0xff, 0xfb,
    0x1f, 0xff, 0x13, 0xff, 0xf0, 0xdf, 0xff, 0xb0,
    0x0, 0x0, 0xaf, 0xff, 0xf5, 0xff, 0xe0, 0xf,
    0xff, 0x5f, 0xff, 0xf7, 0x0, 0x0, 0x5, 0xff,
    0xff, 0xcf, 0xfa, 0x0, 0xcf, 0xfc, 0xff, 0xff,
    0x30, 0x0, 0x0, 0x1f, 0xff, 0xff, 0xff, 0x60,
    0x8, 0xff, 0xff, 0xff, 0xf0, 0x0, 0x0, 0x0,
    0xdf, 0xff, 0xff, 0xf2, 0x0, 0x4f, 0xff, 0xff,
    0xfb, 0x0, 0x0, 0x0, 0x9, 0xff, 0xff, 0xfe,
    0x0, 0x1, 0xff, 0xff, 0xff, 0x70, 0x0, 0x0,
    0x0, 0x5f, 0xff, 0xff, 0xb0, 0x0, 0xd, 0xff,
    0xff, 0xf3, 0x0, 0x0, 0x0, 0x1, 0xff, 0xff,
    0xf7, 0x0, 0x0, 0x9f, 0xff, 0xff, 0x0, 0x0,

    /* U+0078 "x" */
    0x1e, 0xff, 0xff, 0x30, 0x0, 0x2, 0xff, 0xff,
    0xe1, 0x4, 0xff, 0xff, 0xd0, 0x0, 0xc, 0xff,
    0xff, 0x40, 0x0, 0x8f, 0xff, 0xf8, 0x0, 0x7f,
    0xff, 0xf9, 0x0, 0x0, 0xc, 0xff, 0xff, 0x32,
    0xff, 0xff, 0xd0, 0x0, 0x0, 0x2, 0xff, 0xff,
    0xdc, 0xff, 0xff, 0x30, 0x0, 0x0, 0x0, 0x6f,
    0xff, 0xff, 0xff, 0xf7, 0x0, 0x0, 0x0, 0x0,
    0xb, 0xff, 0xff, 0xff, 0xb0, 0x0, 0x0, 0x0,
    0x0, 0x1, 0xff, 0xff, 0xff, 0x10, 0x0, 0x0,
    0x0, 0x0, 0x4, 0xff, 0xff, 0xff, 0x50, 0x0,
    0x0, 0x0, 0x0, 0x1e, 0xff, 0xff, 0xff, 0xe1,
    0x0, 0x0, 0x0, 0x0, 0xaf, 0xff, 0xff, 0xff,
    0xfc, 0x0, 0x0, 0x0, 0x6, 0xff, 0xff, 0xa9,
    0xff, 0xff, 0x70, 0x0, 0x0, 0x2f, 0xff, 0xfe,
    0x10, 0xdf, 0xff, 0xf3, 0x0, 0x0, 0xcf, 0xff,
    0xf4, 0x0, 0x4f, 0xff, 0xfd, 0x0, 0x8, 0xff,
    0xff, 0x90, 0x0, 0x9, 0xff, 0xff, 0x90, 0x3f,
    0xff, 0xfe, 0x0, 0x0, 0x0, 0xdf, 0xff, 0xf4,

    /* U+0079 "y" */
    0x7f, 0xff, 0xf6, 0x0, 0x0, 0x0, 0x4f, 0xff,
    0xf8, 0x1f, 0xff, 0xfc, 0x0, 0x0, 0x0, 0xaf,
    0xff, 0xf3, 0x9, 0xff, 0xff, 0x30, 0x0, 0x0,
    0xef, 0xff, 0xd0, 0x3, 0xff, 0xff, 0x90, 0x0,
    0x4, 0xff, 0xff, 0x70, 0x0, 0xcf, 0xff, 0xe0,
    0x0, 0x9, 0xff, 0xff, 0x10, 0x0, 0x5f, 0xff,
    0xf5, 0x0, 0xe, 0xff, 0xfb, 0x0, 0x0, 0xe,
    0xff, 0xfb, 0x0, 0x4f, 0xff, 0xf5, 0x0, 0x0,
    0x8, 0xff, 0xff, 0x10, 0x9f, 0xff, 0xe0, 0x0,
    0x0, 0x2, 0xff, 0xff, 0x80, 0xef, 0xff, 0x90,
    0x0, 0x0, 0x0, 0xbf, 0xff, 0xe3, 0xff, 0xff,
    0x30, 0x0, 0x0, 0x0, 0x4f, 0xff, 0xfc, 0xff,
    0xfd, 0x0, 0x0, 0x0, 0x0, 0xd, 0xff, 0xff,
    0xff, 0xf7, 0x0, 0x0, 0x0, 0x0, 0x7, 0xff,
    0xff, 0xff, 0xf1, 0x0, 0x0, 0x0, 0x0, 0x1,
    0xff, 0xff, 0xff, 0xb0, 0x0, 0x0, 0x0, 0x0,
    0x0, 0x9f, 0xff, 0xff, 0x50, 0x0, 0x0, 0x0,
    0x0, 0x0, 0x3f, 0xff, 0xff, 0x0, 0x0, 0x0,
    0x0, 0x0, 0x0, 0xe, 0xff, 0xf9, 0x0, 0x0,
    0x0, 0x0, 0x0, 0x0, 0x4f, 0xff, 0xf3, 0x0,
    0x0, 0x0, 0x0, 0x4, 0x46, 0xef, 0xff, 0xc0,
    0x0, 0x0, 0x0, 0x0, 0x3f, 0xff, 0xff, 0xff,
    0x40, 0x0, 0x0, 0x0, 0x0, 0x3f, 0xff, 0xff,
    0xf7, 0x0, 0x0, 0x0, 0x0, 0x0, 0x3f, 0xff,
    0xeb, 0x40, 0x0, 0x0, 0x0, 0x0,

    /* U+007A "z" */
    0x6f, 0xff, 0xff, 0xff, 0xff, 0xff, 0xff, 0x6f,
    0xff, 0xff, 0xff, 0xff, 0xff, 0xff, 0x6f, 0xff,
    0xff, 0xff, 0xff, 0xff, 0xff, 0x39, 0x99, 0x99,
    0x99, 0xff, 0xff, 0xfd, 0x0, 0x0, 0x0, 0x8,
    0xff, 0xff, 0xe2, 0x0, 0x0, 0x0, 0x6f, 0xff,
    0xff, 0x30, 0x0, 0x0, 0x5, 0xff, 0xff, 0xf4,
    0x0, 0x0, 0x0, 0x3f, 0xff, 0xff, 0x50, 0x0,
    0x0, 0x2, 0xef, 0xff, 0xf7, 0x0, 0x0, 0x0,
    0x1e, 0xff, 0xff, 0x80, 0x0, 0x0, 0x1, 0xdf,
    0xff, 0xfa, 0x0, 0x0, 0x0, 0xc, 0xff, 0xff,
    0xb0, 0x0, 0x0, 0x0, 0x9f, 0xff, 0xff, 0x99,
    0x99, 0x99, 0x98, 0xbf, 0xff, 0xff, 0xff, 0xff,
    0xff, 0xff, 0xbf, 0xff, 0xff, 0xff, 0xff, 0xff,
    0xff, 0xbf, 0xff, 0xff, 0xff, 0xff, 0xff, 0xff,

    /* U+007B "{" */
    0x0, 0x0, 0x0, 0x18, 0xcf, 0xff, 0xf7, 0x0,
    0x0, 0x2, 0xef, 0xff, 0xff, 0xf7, 0x0, 0x0,
    0xb, 0xff, 0xff, 0xff, 0xf7, 0x0, 0x0, 0x1f,
    0xff, 0xff, 0x73, 0x20, 0x0, 0x0, 0x3f, 0xff,
    0xfa, 0x0, 0x0, 0x0, 0x0, 0x3f, 0xff, 0xf7,
    0x0, 0x0, 0x0, 0x0, 0x4f, 0xff, 0xf6, 0x0,
    0x0, 0x0, 0x0, 0x4f, 0xff, 0xf6, 0x0, 0x0,
    0x0, 0x0, 0x4f, 0xff, 0xf6, 0x0, 0x0, 0x0,
    0x0, 0x5f, 0xff, 0xf6, 0x0, 0x0, 0x0, 0x0,
    0xaf, 0xff, 0xf4, 0x0, 0x0, 0x1, 0x39, 0xff,
    0xff, 0xf0, 0x0, 0x0, 0x8f, 0xff, 0xff, 0xff,
    0x40, 0x0, 0x0, 0x8f, 0xff, 0xff, 0xf6, 0x0,
    0x0, 0x0, 0x8f, 0xff, 0xff, 0xff, 0x90, 0x0,
    0x0, 0x0, 0x17, 0xff, 0xff, 0xf2, 0x0, 0x0,
    0x0, 0x0, 0x9f, 0xff, 0xf5, 0x0, 0x0, 0x0,
    0x0, 0x5f, 0xff, 0xf6, 0x0, 0x0, 0x0, 0x0,
    0x4f, 0xff, 0xf6, 0x0, 0x0, 0x0, 0x0, 0x4f,
    0xff, 0xf6, 0x0, 0x0, 0x0, 0x0, 0x4f, 0xff,
    0xf6, 0x0, 0x0, 0x0, 0x0, 0x3f, 0xff, 0xf9,
    0x0, 0x0, 0x0, 0x0, 0x2f, 0xff, 0xfe, 0x40,
    0x0, 0x0, 0x0, 0xd, 0xff, 0xff, 0xff, 0xf7,
    0x0, 0x0, 0x4, 0xff, 0xff, 0xff, 0xf7, 0x0,
    0x0, 0x0, 0x3b, 0xff, 0xff, 0xf7, 0x0, 0x0,
    0x0, 0x0, 0x1, 0x22, 0x20,

    /* U+007C "|" */
    0x7f, 0xfa, 0x7f, 0xfa, 0x7f, 0xfa, 0x7f, 0xfa,
    0x7f, 0xfa, 0x7f, 0xfa, 0x7f, 0xfa, 0x7f, 0xfa,
    0x7f, 0xfa, 0x7f, 0xfa, 0x7f, 0xfa, 0x7f, 0xfa,
    0x7f, 0xfa, 0x7f, 0xfa, 0x7f, 0xfa, 0x7f, 0xfa,
    0x7f, 0xfa, 0x7f, 0xfa, 0x7f, 0xfa, 0x7f, 0xfa,
    0x7f, 0xfa, 0x7f, 0xfa, 0x7f, 0xfa, 0x7f, 0xfa,
    0x7f, 0xfa, 0x7f, 0xfa, 0x7f, 0xfa, 0x7f, 0xfa,
    0x39, 0x95,

    /* U+007D "}" */
    0x8f, 0xff, 0xfc, 0x81, 0x0, 0x0, 0x0, 0x8f,
    0xff, 0xff, 0xfe, 0x10, 0x0, 0x0, 0x8f, 0xff,
    0xff, 0xff, 0xa0, 0x0, 0x0, 0x12, 0x37, 0xff,
    0xff, 0xf0, 0x0, 0x0, 0x0, 0x0, 0xbf, 0xff,
    0xf2, 0x0, 0x0, 0x0, 0x0, 0x8f, 0xff, 0xf2,
    0x0, 0x0, 0x0, 0x0, 0x7f, 0xff, 0xf3, 0x0,
    0x0, 0x0, 0x0, 0x7f, 0xff, 0xf3, 0x0, 0x0,
    0x0, 0x0, 0x7f, 0xff, 0xf3, 0x0, 0x0, 0x0,
    0x0, 0x7f, 0xff, 0xf4, 0x0, 0x0, 0x0, 0x0,
    0x5f, 0xff, 0xf9, 0x0, 0x0, 0x0, 0x0, 0x1f,
    0xff, 0xff, 0x83, 0x10, 0x0, 0x0, 0x5, 0xff,
    0xff, 0xff, 0xf7, 0x0, 0x0, 0x0, 0x6f, 0xff,
    0xff, 0xf7, 0x0, 0x0, 0xa, 0xff, 0xff, 0xff,
    0xf7, 0x0, 0x0, 0x3f, 0xff, 0xff, 0x61, 0x0,
    0x0, 0x0, 0x6f, 0xff, 0xf8, 0x0, 0x0, 0x0,
    0x0, 0x7f, 0xff, 0xf4, 0x0, 0x0, 0x0, 0x0,
    0x7f, 0xff, 0xf3, 0x0, 0x0, 0x0, 0x0, 0x7f,
    0xff, 0xf3, 0x0, 0x0, 0x0, 0x0, 0x7f, 0xff,
    0xf3, 0x0, 0x0, 0x0, 0x0, 0xaf, 0xff, 0xf2,
    0x0, 0x0, 0x0, 0x15, 0xff, 0xff, 0xf1, 0x0,
    0x0, 0x8f, 0xff, 0xff, 0xff, 0xc0, 0x0, 0x0,
    0x8f, 0xff, 0xff, 0xff, 0x30, 0x0, 0x0, 0x8f,
    0xff, 0xff, 0xa3, 0x0, 0x0, 0x0, 0x12, 0x22,
    0x10, 0x0, 0x0, 0x0, 0x0,

    /* U+007E "~" */
    0x0, 0x0, 0x2, 0x31, 0x0, 0x0, 0x0, 0x0,
    0x0, 0x30, 0x2, 0xaf, 0xff, 0xfc, 0x61, 0x0,
    0x0, 0x2, 0xc8, 0x7, 0xff, 0xff, 0xff, 0xff,
    0xfa, 0x64, 0x5a, 0xff, 0x80, 0xff, 0xff, 0xff,
    0xff, 0xff, 0xff, 0xff, 0xff, 0xf7, 0xf, 0xf9,
    0x30, 0x14, 0xaf, 0xff, 0xff, 0xff, 0xf8, 0x0,
    0xd2, 0x0, 0x0, 0x0, 0x5, 0xbe, 0xfd, 0x92,
    0x0, 0x0, 0x0, 0x0, 0x0, 0x0, 0x0, 0x0,
    0x0, 0x0, 0x0,

    /* U+05D0 "א" */
    0x4f, 0xff, 0xfc, 0x0, 0x0, 0xf, 0xff, 0xf7,
    0x0, 0x9f, 0xff, 0xf7, 0x0, 0x0, 0xff, 0xff,
    0x70, 0x0, 0xdf, 0xff, 0xf3, 0x0, 0xf, 0xff,
    0xf7, 0x0, 0x3, 0xff, 0xff, 0xd0, 0x0, 0xff,
    0xff, 0x60, 0x0, 0x7, 0xff, 0xff, 0x90, 0x1f,
    0xff, 0xf5, 0x0, 0x0, 0xd, 0xff, 0xff, 0x53,
    0xff, 0xff, 0x20, 0x0, 0xa, 0xff, 0xff, 0xfe,
    0xbf, 0xff, 0xc0, 0x0, 0xc, 0xff, 0xff, 0xff,
    0xff, 0xff, 0xf3, 0x0, 0x6, 0xff, 0xfe, 0xbf,
    0xff, 0xff, 0xd3, 0x0, 0x0, 0xcf, 0xff, 0x91,
    0xef, 0xff, 0xf3, 0x0, 0x0, 0xf, 0xff, 0xf6,
    0x4, 0xff, 0xff, 0xd0, 0x0, 0x0, 0xff, 0xff,
    0x60, 0x8, 0xff, 0xff, 0x90, 0x0, 0x1f, 0xff,
    0xf6, 0x0, 0xc, 0xff, 0xff, 0x40, 0x1, 0xff,
    0xff, 0x60, 0x0, 0x2f, 0xff, 0xfe, 0x10, 0x1f,
    0xff, 0xf6, 0x0, 0x0, 0x6f, 0xff, 0xfa, 0x0,

    /* U+05D1 "ב" */
    0xcf, 0xff, 0xff, 0xfd, 0xa5, 0x0, 0x0, 0xc,
    0xff, 0xff, 0xff, 0xff, 0xfc, 0x10, 0x0, 0xcf,
    0xff, 0xff, 0xff, 0xff, 0xfc, 0x0, 0x3, 0x44,
    0x44, 0x46, 0xdf, 0xff, 0xf4, 0x0, 0x0, 0x0,
    0x0, 0x2, 0xff, 0xff, 0x80, 0x0, 0x0, 0x0,
    0x0, 0xc, 0xff, 0xfb, 0x0, 0x0, 0x0, 0x0,
    0x0, 0xbf, 0xff, 0xc0, 0x0, 0x0, 0x0, 0x0,
    0xb, 0xff, 0xfd, 0x0, 0x0, 0x0, 0x0, 0x0,
    0xbf, 0xff, 0xd0, 0x0, 0x0, 0x0, 0x0, 0xb,
    0xff, 0xfd, 0x0, 0x0, 0x0, 0x0, 0x0, 0xbf,
    0xff, 0xd0, 0x3, 0x44, 0x44, 0x44, 0x4c, 0xff,
    0xfd, 0x43, 0xcf, 0xff, 0xff, 0xff, 0xff, 0xff,
    0xff, 0xec, 0xff, 0xff, 0xff, 0xff, 0xff, 0xff,
    0xfe, 0xcf, 0xff, 0xff, 0xff, 0xff, 0xff, 0xff,
    0xe0,

    /* U+05D2 "ג" */
    0xcf, 0xff, 0xea, 0x40, 0x0, 0xc, 0xff, 0xff,
    0xff, 0x90, 0x0, 0xcf, 0xff, 0xff, 0xff, 0x60,
    0x3, 0x44, 0x6e, 0xff, 0xfc, 0x0, 0x0, 0x0,
    0x5f, 0xff, 0xf1, 0x0, 0x0, 0x1, 0xff, 0xff,
    0x30, 0x0, 0x0, 0xf, 0xff, 0xf5, 0x0, 0x0,
    0x1, 0xff, 0xff, 0x50, 0x0, 0x0, 0x2f, 0xff,
    0xf6, 0x0, 0x0, 0x5, 0xff, 0xff, 0x60, 0x0,
    0x0, 0xcf, 0xff, 0xf7, 0x9, 0xba, 0xef, 0xff,
    0xff, 0x90, 0xbf, 0xff, 0xfe, 0xff, 0xfc, 0xb,
    0xff, 0xfc, 0x6f, 0xff, 0xf1, 0xbf, 0xfb, 0x20,
    0xff, 0xff, 0x70,

    /* U+05D3 "ד" */
    0xcf, 0xff, 0xff, 0xff, 0xff, 0xff, 0xff, 0x4c,
    0xff, 0xff, 0xff, 0xff, 0xff, 0xff, 0xf4, 0xcf,
    0xff, 0xff, 0xff, 0xff, 0xff, 0xff, 0x43, 0x44,
    0x44, 0x44, 0xcf, 0xff, 0xd4, 0x41, 0x0, 0x0,
    0x0, 0xb, 0xff, 0xfd, 0x0, 0x0, 0x0, 0x0,
    0x0, 0xbf, 0xff, 0xd0, 0x0, 0x0, 0x0, 0x0,
    0xb, 0xff, 0xfd, 0x0, 0x0, 0x0, 0x0, 0x0,
    0xbf, 0xff, 0xd0, 0x0, 0x0, 0x0, 0x0, 0xb,
    0xff, 0xfd, 0x0, 0x0, 0x0, 0x0, 0x0, 0xbf,
    0xff, 0xd0, 0x0, 0x0, 0x0, 0x0, 0xb, 0xff,
    0xfd, 0x0, 0x0, 0x0, 0x0, 0x0, 0xbf, 0xff,
    0xd0, 0x0, 0x0, 0x0, 0x0, 0xb, 0xff, 0xfd,
    0x0, 0x0, 0x0, 0x0, 0x0, 0xbf, 0xff, 0xd0,
    0x0, 0x0, 0x0, 0x0, 0xb, 0xff, 0xfd, 0x0,
    0x0,

    /* U+05D4 "ה" */
    0x7f, 0xff, 0xff, 0xff, 0xfd, 0xa4, 0x0, 0x7,
    0xff, 0xff, 0xff, 0xff, 0xff, 0xfb, 0x0, 0x7f,
    0xff, 0xff, 0xff, 0xff, 0xff, 0xf9, 0x1, 0x44,
    0x44, 0x44, 0x46, 0xdf, 0xff, 0xf2, 0x0, 0x0,
    0x0, 0x0, 0x2, 0xff, 0xff, 0x60, 0x0, 0x4,
    0x20, 0x0, 0xe, 0xff, 0xf9, 0x1, 0x7e, 0xf5,
    0x0, 0x0, 0xdf, 0xff, 0xa2, 0xff, 0xff, 0x50,
    0x0, 0xd, 0xff, 0xfa, 0x3f, 0xff, 0xf5, 0x0,
    0x0, 0xdf, 0xff, 0xb3, 0xff, 0xff, 0x50, 0x0,
    0xd, 0xff, 0xfb, 0x3f, 0xff, 0xf5, 0x0, 0x0,
    0xdf, 0xff, 0xb3, 0xff, 0xff, 0x50, 0x0, 0xd,
    0xff, 0xfb, 0x3f, 0xff, 0xf5, 0x0, 0x0, 0xdf,
    0xff, 0xb3, 0xff, 0xff, 0x50, 0x0, 0xd, 0xff,
    0xfb, 0x3f, 0xff, 0xf5, 0x0, 0x0, 0xdf, 0xff,
    0xb0,

    /* U+05D5 "ו" */
    0x7f, 0xff, 0xf1, 0x7f, 0xff, 0xf1, 0x7f, 0xff,
    0xf1, 0x7f, 0xff, 0xf1, 0x7f, 0xff, 0xf1, 0x7f,
    0xff, 0xf1, 0x7f, 0xff, 0xf1, 0x7f, 0xff, 0xf1,
    0x7f, 0xff, 0xf1, 0x7f, 0xff, 0xf1, 0x7f, 0xff,
    0xf1, 0x7f, 0xff, 0xf1, 0x7f, 0xff, 0xf1, 0x7f,
    0xff, 0xf1, 0x7f, 0xff, 0xf1,

    /* U+05D6 "ז" */
    0xcf, 0xff, 0xff, 0xff, 0xf0, 0xcf, 0xff, 0xff,
    0xff, 0xf0, 0xcf, 0xff, 0xff, 0xff, 0xf0, 0x34,
    0x4e, 0xff, 0xf5, 0x40, 0x0, 0x9f, 0xff, 0x80,
    0x0, 0x0, 0xff, 0xff, 0x50, 0x0, 0x2, 0xff,
    0xff, 0x30, 0x0, 0x4, 0xff, 0xff, 0x20, 0x0,
    0x5, 0xff, 0xff, 0x20, 0x0, 0x6, 0xff, 0xff,
    0x20, 0x0, 0x6, 0xff, 0xff, 0x20, 0x0, 0x6,
    0xff, 0xff, 0x20, 0x0, 0x6, 0xff, 0xff, 0x20,
    0x0, 0x6, 0xff, 0xff, 0x20, 0x0, 0x6, 0xff,
    0xff, 0x20, 0x0,

    /* U+05D7 "ח" */
    0x7f, 0xff, 0xff, 0xff, 0xfd, 0xa5, 0x0, 0x7,
    0xff, 0xff, 0xff, 0xff, 0xff, 0xfc, 0x10, 0x7f,
    0xff, 0xff, 0xff, 0xff, 0xff, 0xfa, 0x7, 0xff,
    0xff, 0x44, 0x46, 0xdf, 0xff, 0xf2, 0x7f, 0xff,
    0xf1, 0x0, 0x2, 0xff, 0xff, 0x67, 0xff, 0xff,
    0x10, 0x0, 0xe, 0xff, 0xf9, 0x7f, 0xff, 0xf1,
    0x0, 0x0, 0xdf, 0xff, 0xa7, 0xff, 0xff, 0x10,
    0x0, 0xd, 0xff, 0xfb, 0x7f, 0xff, 0xf1, 0x0,
    0x0, 0xdf, 0xff, 0xb7, 0xff, 0xff, 0x10, 0x0,
    0xd, 0xff, 0xfb, 0x7f, 0xff, 0xf1, 0x0, 0x0,
    0xdf, 0xff, 0xb7, 0xff, 0xff, 0x10, 0x0, 0xd,
    0xff, 0xfb, 0x7f, 0xff, 0xf1, 0x0, 0x0, 0xdf,
    0xff, 0xb7, 0xff, 0xff, 0x10, 0x0, 0xd, 0xff,
    0xfb, 0x7f, 0xff, 0xf1, 0x0, 0x0, 0xdf, 0xff,
    0xb0,

    /* U+05D8 "ט" */
    0x7f, 0xff, 0xf0, 0x9, 0xef, 0xeb, 0x50, 0x0,
    0x7f, 0xff, 0xf0, 0xd, 0xff, 0xff, 0xf8, 0x0,
    0x7f, 0xff, 0xf0, 0xd, 0xff, 0xff, 0xff, 0x40,
    0x7f, 0xff, 0xf0, 0x7, 0x67, 0xff, 0xff, 0xc0,
    0x7f, 0xff, 0xf0, 0x0, 0x0, 0x7f, 0xff, 0xf1,
    0x7f, 0xff, 0xf0, 0x0, 0x0, 0x3f, 0xff, 0xf4,
    0x7f, 0xff, 0xf0, 0x0, 0x0, 0x1f, 0xff, 0xf6,
    0x7f, 0xff, 0xf0, 0x0, 0x0, 0xf, 0xff, 0xf7,
    0x6f, 0xff, 0xf1, 0x0, 0x0, 0x1f, 0xff, 0xf6,
    0x5f, 0xff, 0xf3, 0x0, 0x0, 0x3f, 0xff, 0xf5,
    0x1f, 0xff, 0xfa, 0x0, 0x0, 0xaf, 0xff, 0xf1,
    0xc, 0xff, 0xff, 0xc7, 0x7c, 0xff, 0xff, 0xc0,
    0x3, 0xff, 0xff, 0xff, 0xff, 0xff, 0xff, 0x40,
    0x0, 0x5f, 0xff, 0xff, 0xff, 0xff, 0xf5, 0x0,
    0x0, 0x1, 0x7b, 0xef, 0xfe, 0xb7, 0x10, 0x0,

    /* U+05D9 "י" */
    0x2f, 0xff, 0xf6, 0x2f, 0xff, 0xf6, 0x2f, 0xff,
    0xf6, 0x2f, 0xff, 0xf6, 0x2f, 0xff, 0xf6, 0x2f,
    0xff, 0xf6, 0x2f, 0xff, 0xf6, 0x2f, 0xff, 0xf6,
    0x2f, 0xff, 0xf5, 0x2f, 0xfa, 0x30, 0x17, 0x10,
    0x0,

    /* U+05DA "ך" */
    0xcf, 0xff, 0xff, 0xeb, 0x82, 0x0, 0xc, 0xff,
    0xff, 0xff, 0xff, 0xf7, 0x0, 0xcf, 0xff, 0xff,
    0xff, 0xff, 0xf5, 0x3, 0x44, 0x44, 0x5a, 0xff,
    0xff, 0xe0, 0x0, 0x0, 0x0, 0x9, 0xff, 0xff,
    0x30, 0x0, 0x0, 0x0, 0x2f, 0xff, 0xf6, 0x0,
    0x0, 0x0, 0x0, 0xff, 0xff, 0x80, 0x0, 0x0,
    0x0, 0xe, 0xff, 0xf9, 0x0, 0x0, 0x0, 0x0,
    0xef, 0xff, 0x90, 0x0, 0x0, 0x0, 0xe, 0xff,
    0xfa, 0x0, 0x0, 0x0, 0x0, 0xef, 0xff, 0xa0,
    0x0, 0x0, 0x0, 0xe, 0xff, 0xfa, 0x0, 0x0,
    0x0, 0x0, 0xef, 0xff, 0xa0, 0x0, 0x0, 0x0,
    0xe, 0xff, 0xfa, 0x0, 0x0, 0x0, 0x0, 0xef,
    0xff, 0xa0, 0x0, 0x0, 0x0, 0xe, 0xff, 0xfa,
    0x0, 0x0, 0x0, 0x0, 0xef, 0xff, 0xa0, 0x0,
    0x0, 0x0, 0xe, 0xff, 0xfa, 0x0, 0x0, 0x0,
    0x0, 0xef, 0xff, 0xa0, 0x0, 0x0, 0x0, 0xe,
    0xff, 0xfa, 0x0, 0x0, 0x0, 0x0, 0xef, 0xff,
    0xa0, 0x0, 0x0, 0x0, 0xe, 0xff, 0xfa,

    /* U+05DB "כ" */
    0xcf, 0xff, 0xff, 0xeb, 0x71, 0x0, 0x0, 0xcf,
    0xff, 0xff, 0xff, 0xff, 0x60, 0x0, 0xcf, 0xff,
    0xff, 0xff, 0xff, 0xf7, 0x0, 0x23, 0x33, 0x34,
    0x7e, 0xff, 0xff, 0x30, 0x0, 0x0, 0x0, 0x2,
    0xff, 0xff, 0xb0, 0x0, 0x0, 0x0, 0x0, 0x9f,
    0xff, 0xf0, 0x0, 0x0, 0x0, 0x0, 0x5f, 0xff,
    0xf3, 0x0, 0x0, 0x0, 0x0, 0x3f, 0xff, 0xf4,
    0x0, 0x0, 0x0, 0x0, 0x5f, 0xff, 0xf3, 0x0,
    0x0, 0x0, 0x0, 0x9f, 0xff, 0xf0, 0x0, 0x0,
    0x0, 0x2, 0xff, 0xff, 0xb0, 0x23, 0x33, 0x34,
    0x7e, 0xff, 0xff, 0x30, 0xcf, 0xff, 0xff, 0xff,
    0xff, 0xf7, 0x0, 0xcf, 0xff, 0xff, 0xff, 0xff,
    0x60, 0x0, 0xcf, 0xff, 0xff, 0xeb, 0x71, 0x0,
    0x0,

    /* U+05DC "ל" */
    0xcf, 0xff, 0xb0, 0x0, 0x0, 0x0, 0x0, 0xcf,
    0xff, 0xb0, 0x0, 0x0, 0x0, 0x0, 0xcf, 0xff,
    0xb0, 0x0, 0x0, 0x0, 0x0, 0xcf, 0xff, 0xb0,
    0x0, 0x0, 0x0, 0x0, 0xcf, 0xff, 0xb0, 0x0,
    0x0, 0x0, 0x0, 0xcf, 0xff, 0xff, 0xff, 0xff,
    0xff, 0xfc, 0xcf, 0xff, 0xff, 0xff, 0xff, 0xff,
    0xfc, 0xcf, 0xff, 0xff, 0xff, 0xff, 0xff, 0xf9,
    0x23, 0x33, 0x33, 0x33, 0xbf, 0xff, 0xf2, 0x0,
    0x0, 0x0, 0x0, 0xff, 0xff, 0xc0, 0x0, 0x0,
    0x0, 0x6, 0xff, 0xff, 0x50, 0x0, 0x0, 0x0,
    0xd, 0xff, 0xfe, 0x0, 0x0, 0x0, 0x0, 0x4f,
    0xff, 0xf7, 0x0, 0x0, 0x0, 0x0, 0xbf, 0xff,
    0xf1, 0x0, 0x0, 0x0, 0x2, 0xff, 0xff, 0x90,
    0x0, 0x0, 0x0, 0x8, 0xff, 0xff, 0x20, 0x0,
    0x0, 0x0, 0xe, 0xff, 0xfb, 0x0, 0x0, 0x0,
    0x0, 0x6f, 0xff, 0xf4, 0x0, 0x0, 0x0, 0x0,
    0xdf, 0xff, 0xd0, 0x0, 0x0, 0x0, 0x3, 0xff,
    0xff, 0x60, 0x0, 0x0,

    /* U+05DD "ם" */
    0x7f, 0xff, 0xff, 0xff, 0xfe, 0xb6, 0x0, 0x7,
    0xff, 0xff, 0xff, 0xff, 0xff, 0xfe, 0x30, 0x7f,
    0xff, 0xff, 0xff, 0xff, 0xff, 0xfe, 0x7, 0xff,
    0xff, 0x44, 0x45, 0xbf, 0xff, 0xf6, 0x7f, 0xff,
    0xf1, 0x0, 0x0, 0xef, 0xff, 0xb7, 0xff, 0xff,
    0x10, 0x0, 0xa, 0xff, 0xfd, 0x7f, 0xff, 0xf1,
    0x0, 0x0, 0x9f, 0xff, 0xe7, 0xff, 0xff, 0x10,
    0x0, 0x9, 0xff, 0xff, 0x7f, 0xff, 0xf1, 0x0,
    0x0, 0x9f, 0xff, 0xf7, 0xff, 0xff, 0x10, 0x0,
    0x9, 0xff, 0xff, 0x7f, 0xff, 0xf1, 0x0, 0x0,
    0x9f, 0xff, 0xf7, 0xff, 0xff, 0x44, 0x44, 0x4a,
    0xff, 0xff, 0x7f, 0xff, 0xff, 0xff, 0xff, 0xff,
    0xff, 0xf7, 0xff, 0xff, 0xff, 0xff, 0xff, 0xff,
    0xff, 0x7f, 0xff, 0xff, 0xff, 0xff, 0xff, 0xff,
    0xf0,

    /* U+05DE "מ" */
    0x7f, 0xff, 0xf2, 0x0, 0x6c, 0xfe, 0xc7, 0x0,
    0x0, 0xdf, 0xff, 0x71, 0xcf, 0xff, 0xff, 0xfd,
    0x10, 0x4, 0xff, 0xfc, 0xaf, 0xff, 0xff, 0xff,
    0xfb, 0x0, 0xc, 0xff, 0xff, 0xff, 0x52, 0x9f,
    0xff, 0xf2, 0x0, 0x7f, 0xff, 0xff, 0x60, 0x0,
    0xff, 0xff, 0x70, 0x4, 0xff, 0xff, 0xe0, 0x0,
    0xd, 0xff, 0xf9, 0x0, 0x2f, 0xff, 0xfa, 0x0,
    0x0, 0xdf, 0xff, 0xa0, 0x4, 0xff, 0xff, 0x60,
    0x0, 0xd, 0xff, 0xfb, 0x0, 0x6f, 0xff, 0xf3,
    0x0, 0x0, 0xdf, 0xff, 0xb0, 0x9, 0xff, 0xff,
    0x0, 0x0, 0xd, 0xff, 0xfb, 0x0, 0xcf, 0xff,
    0xc0, 0x0, 0x0, 0xdf, 0xff, 0xb0, 0xf, 0xff,
    0xf9, 0x0, 0x33, 0x3d, 0xff, 0xfb, 0x2, 0xff,
    0xff, 0x60, 0x2f, 0xff, 0xff, 0xff, 0xb0, 0x5f,
    0xff, 0xf2, 0x2, 0xff, 0xff, 0xff, 0xfb, 0x8,
    0xff, 0xff, 0x0, 0x2f, 0xff, 0xff, 0xff, 0xb0,

    /* U+05DF "ן" */
    0x7f, 0xff, 0xf1, 0x7f, 0xff, 0xf1, 0x7f, 0xff,
    0xf1, 0x7f, 0xff, 0xf1, 0x7f, 0xff, 0xf1, 0x7f,
    0xff, 0xf1, 0x7f, 0xff, 0xf1, 0x7f, 0xff, 0xf1,
    0x7f, 0xff, 0xf1, 0x7f, 0xff, 0xf1, 0x7f, 0xff,
    0xf1, 0x7f, 0xff, 0xf1, 0x7f, 0xff, 0xf1, 0x7f,
    0xff, 0xf1, 0x7f, 0xff, 0xf1, 0x7f, 0xff, 0xf1,
    0x7f, 0xff, 0xf1, 0x7f, 0xff, 0xf1, 0x7f, 0xff,
    0xf1, 0x7f, 0xff, 0xf1, 0x7f, 0xff, 0xf1, 0x7f,
    0xff, 0xf1,

    /* U+05E0 "נ" */
    0x7f, 0xff, 0xdb, 0x50, 0x0, 0x7f, 0xff, 0xff,
    0xfb, 0x0, 0x7f, 0xff, 0xff, 0xff, 0x70, 0x14,
    0x46, 0xff, 0xff, 0xd0, 0x0, 0x0, 0x8f, 0xff,
    0xf0, 0x0, 0x0, 0x6f, 0xff, 0xf2, 0x0, 0x0,
    0x6f, 0xff, 0xf2, 0x0, 0x0, 0x6f, 0xff, 0xf2,
    0x0, 0x0, 0x6f, 0xff, 0xf2, 0x0, 0x0, 0x6f,
    0xff, 0xf2, 0x0, 0x0, 0x6f, 0xff, 0xf2, 0x34,
    0x44, 0x8f, 0xff, 0xf2, 0xcf, 0xff, 0xff, 0xff,
    0xf2, 0xcf, 0xff, 0xff, 0xff, 0xf2, 0xcf, 0xff,
    0xff, 0xff, 0xf2,

    /* U+05E1 "ס" */
    0x7f, 0xff, 0xff, 0xff, 0xfe, 0xb7, 0x10, 0x0,
    0x7f, 0xff, 0xff, 0xff, 0xff, 0xff, 0xf6, 0x0,
    0x7f, 0xff, 0xff, 0xff, 0xff, 0xff, 0xff, 0x40,
    0x7f, 0xff, 0xf6, 0x66, 0x7c, 0xff, 0xff, 0xd0,
    0x7f, 0xff, 0xf0, 0x0, 0x0, 0xaf, 0xff, 0xf2,
    0x7f, 0xff, 0xf0, 0x0, 0x0, 0x3f, 0xff, 0xf5,
    0x7f, 0xff, 0xf0, 0x0, 0x0, 0x1f, 0xff, 0xf6,
    0x7f, 0xff, 0xf0, 0x0, 0x0, 0xf, 0xff, 0xf7,
    0x6f, 0xff, 0xf1, 0x0, 0x0, 0x1f, 0xff, 0xf6,
    0x4f, 0xff, 0xf4, 0x0, 0x0, 0x5f, 0xff, 0xf4,
    0xf, 0xff, 0xfc, 0x0, 0x0, 0xcf, 0xff, 0xf0,
    0xa, 0xff, 0xff, 0xc6, 0x6c, 0xff, 0xff, 0xa0,
    0x1, 0xef, 0xff, 0xff, 0xff, 0xff, 0xfe, 0x10,
    0x0, 0x3e, 0xff, 0xff, 0xff, 0xff, 0xe3, 0x0,
    0x0, 0x0, 0x6b, 0xef, 0xfe, 0xb6, 0x0, 0x0,

    /* U+05E2 "ע" */
    0xaf, 0xff, 0xf0, 0x0, 0x0, 0x7f, 0xff, 0xf1,
    0x5f, 0xff, 0xf4, 0x0, 0x0, 0x7f, 0xff, 0xf1,
    0x1f, 0xff, 0xf9, 0x0, 0x0, 0x7f, 0xff, 0xf1,
    0xc, 0xff, 0xfd, 0x0, 0x0, 0x7f, 0xff, 0xf1,
    0x8, 0xff, 0xff, 0x20, 0x0, 0x7f, 0xff, 0xf1,
    0x3, 0xff, 0xff, 0x60, 0x0, 0x8f, 0xff, 0xf1,
    0x0, 0xef, 0xff, 0xb0, 0x0, 0x9f, 0xff, 0xf0,
    0x0, 0xaf, 0xff, 0xf0, 0x0, 0xbf, 0xff, 0xd0,
    0x0, 0x5f, 0xff, 0xf4, 0x0, 0xef, 0xff, 0xa0,
    0x0, 0x1f, 0xff, 0xf8, 0x4, 0xff, 0xff, 0x60,
    0x0, 0xc, 0xff, 0xfd, 0xc, 0xff, 0xfe, 0x10,
    0x0, 0x8, 0xff, 0xff, 0xcf, 0xff, 0xf6, 0x0,
    0x0, 0x3, 0xff, 0xff, 0xff, 0xff, 0x80, 0x0,
    0x0, 0x39, 0xff, 0xff, 0xff, 0xf7, 0x0, 0x0,
    0x4d, 0xff, 0xff, 0xff, 0xfb, 0x20, 0x0, 0x0,
    0x7f, 0xff, 0xff, 0xf9, 0x20, 0x0, 0x0, 0x0,
    0x7f, 0xff, 0xb5, 0x0, 0x0, 0x0, 0x0, 0x0,
    0x7c, 0x61, 0x0, 0x0, 0x0, 0x0, 0x0, 0x0,
    0x0, 0x0, 0x0, 0x0, 0x0, 0x0, 0x0, 0x0,

    /* U+05E3 "ף" */
    0x7f, 0xff, 0xff, 0xff, 0xec, 0x82, 0x0, 0x7,
    0xff, 0xff, 0xff, 0xff, 0xff, 0xf6, 0x0, 0x7f,
    0xff, 0xff, 0xff, 0xff, 0xff, 0xf4, 0x7, 0xff,
    0xff, 0x44, 0x59, 0xff, 0xff, 0xc0, 0x7f, 0xff,
    0xf1, 0x0, 0x9, 0xff, 0xff, 0x17, 0xff, 0xff,
    0x10, 0x0, 0x4f, 0xff, 0xf4, 0x6f, 0xff, 0xf2,
    0x0, 0x2, 0xff, 0xff, 0x53, 0xff, 0xff, 0xe6,
    0x0, 0x2f, 0xff, 0xf5, 0xc, 0xff, 0xff, 0x80,
    0x2, 0xff, 0xff, 0x50, 0x8, 0xdf, 0xf7, 0x0,
    0x2f, 0xff, 0xf5, 0x0, 0x0, 0x0, 0x0, 0x2,
    0xff, 0xff, 0x50, 0x0, 0x0, 0x0, 0x0, 0x2f,
    0xff, 0xf5, 0x0, 0x0, 0x0, 0x0, 0x2, 0xff,
    0xff, 0x50, 0x0, 0x0, 0x0, 0x0, 0x2f, 0xff,
    0xf5, 0x0, 0x0, 0x0, 0x0, 0x2, 0xff, 0xff,
    0x50, 0x0, 0x0, 0x0, 0x0, 0x2f, 0xff, 0xf5,
    0x0, 0x0, 0x0, 0x0, 0x2, 0xff, 0xff, 0x50,
    0x0, 0x0, 0x0, 0x0, 0x2f, 0xff, 0xf5, 0x0,
    0x0, 0x0, 0x0, 0x2, 0xff, 0xff, 0x50, 0x0,
    0x0, 0x0, 0x0, 0x2f, 0xff, 0xf5, 0x0, 0x0,
    0x0, 0x0, 0x2, 0xff, 0xff, 0x50, 0x0, 0x0,
    0x0, 0x0, 0x2f, 0xff, 0xf5,

    /* U+05E4 "פ" */
    0x7f, 0xff, 0xff, 0xff, 0xea, 0x60, 0x0, 0x7,
    0xff, 0xff, 0xff, 0xff, 0xff, 0xe3, 0x0, 0x7f,
    0xff, 0xff, 0xff, 0xff, 0xff, 0xf3, 0x7, 0xff,
    0xff, 0x44, 0x6b, 0xff, 0xff, 0xe0, 0x7f, 0xff,
    0xf1, 0x0, 0x7, 0xff, 0xff, 0x66, 0xff, 0xff,
    0x20, 0x0, 0xe, 0xff, 0xfa, 0x3f, 0xff, 0xfe,
    0x60, 0x0, 0xbf, 0xff, 0xc0, 0xbf, 0xff, 0xf8,
    0x0, 0xa, 0xff, 0xfd, 0x0, 0x8d, 0xfe, 0x70,
    0x0, 0xbf, 0xff, 0xc0, 0x0, 0x0, 0x0, 0x0,
    0xe, 0xff, 0xfa, 0x0, 0x0, 0x0, 0x0, 0x7,
    0xff, 0xff, 0x51, 0x33, 0x33, 0x34, 0x6b, 0xff,
    0xff, 0xe0, 0x7f, 0xff, 0xff, 0xff, 0xff, 0xff,
    0xf3, 0x7, 0xff, 0xff, 0xff, 0xff, 0xff, 0xe3,
    0x0, 0x7f, 0xff, 0xff, 0xff, 0xea, 0x60, 0x0,
    0x0,

    /* U+05E5 "ץ" */
    0x6f, 0xff, 0xf8, 0x0, 0x0, 0x4f, 0xff, 0xf3,
    0xc, 0xff, 0xff, 0x20, 0x0, 0x4f, 0xff, 0xf3,
    0x2, 0xff, 0xff, 0xc0, 0x0, 0x4f, 0xff, 0xf3,
    0x0, 0x8f, 0xff, 0xf5, 0x0, 0x5f, 0xff, 0xf2,
    0x0, 0xd, 0xff, 0xfe, 0x10, 0x6f, 0xff, 0xf0,
    0x0, 0x4, 0xff, 0xff, 0x90, 0xbf, 0xff, 0xb0,
    0x0, 0x0, 0xbf, 0xff, 0xf9, 0xff, 0xff, 0x40,
    0x0, 0x0, 0x3f, 0xff, 0xff, 0xff, 0xf9, 0x0,
    0x0, 0x0, 0xd, 0xff, 0xff, 0xff, 0x90, 0x0,
    0x0, 0x0, 0x9, 0xff, 0xff, 0xa4, 0x0, 0x0,
    0x0, 0x0, 0x7, 0xff, 0xff, 0x10, 0x0, 0x0,
    0x0, 0x0, 0x7, 0xff, 0xff, 0x10, 0x0, 0x0,
    0x0, 0x0, 0x7, 0xff, 0xff, 0x10, 0x0, 0x0,
    0x0, 0x0, 0x7, 0xff, 0xff, 0x10, 0x0, 0x0,
    0x0, 0x0, 0x7, 0xff, 0xff, 0x10, 0x0, 0x0,
    0x0, 0x0, 0x7, 0xff, 0xff, 0x10, 0x0, 0x0,
    0x0, 0x0, 0x7, 0xff, 0xff, 0x10, 0x0, 0x0,
    0x0, 0x0, 0x7, 0xff, 0xff, 0x10, 0x0, 0x0,
    0x0, 0x0, 0x7, 0xff, 0xff, 0x10, 0x0, 0x0,
    0x0, 0x0, 0x7, 0xff, 0xff, 0x10, 0x0, 0x0,
    0x0, 0x0, 0x7, 0xff, 0xff, 0x10, 0x0, 0x0,
    0x0, 0x0, 0x7, 0xff, 0xff, 0x10, 0x0, 0x0,

    /* U+05E6 "צ" */
    0xb, 0xff, 0xff, 0x50, 0x0, 0xb, 0xff, 0xfc,
    0x1, 0xef, 0xff, 0xe1, 0x0, 0xb, 0xff, 0xfc,
    0x0, 0x5f, 0xff, 0xfa, 0x0, 0xb, 0xff, 0xfc,
    0x0, 0xa, 0xff, 0xff, 0x50, 0xb, 0xff, 0xfb,
    0x0, 0x0, 0xdf, 0xff, 0xe1, 0xb, 0xff, 0xfa,
    0x0, 0x0, 0x3f, 0xff, 0xfb, 0xe, 0xff, 0xf5,
    0x0, 0x0, 0x8, 0xff, 0xff, 0xef, 0xff, 0xe0,
    0x0, 0x0, 0x0, 0xcf, 0xff, 0xff, 0xff, 0x30,
    0x0, 0x0, 0x0, 0x2f, 0xff, 0xff, 0x92, 0x0,
    0x0, 0x0, 0x0, 0x6, 0xff, 0xff, 0xa0, 0x0,
    0x0, 0x0, 0x0, 0x0, 0xbf, 0xff, 0xf6, 0x0,
    0x1, 0x33, 0x33, 0x33, 0x5f, 0xff, 0xff, 0x20,
    0x8, 0xff, 0xff, 0xff, 0xff, 0xff, 0xff, 0xc0,
    0x8, 0xff, 0xff, 0xff, 0xff, 0xff, 0xff, 0xf5,
    0x8, 0xff, 0xff, 0xff, 0xff, 0xff, 0xff, 0xf5,

    /* U+05E7 "ק" */
    0x7f, 0xff, 0xff, 0xff, 0xff, 0xff, 0xff, 0xff,
    0x77, 0xff, 0xff, 0xff, 0xff, 0xff, 0xff, 0xff,
    0xf7, 0x7f, 0xff, 0xff, 0xff, 0xff, 0xff, 0xff,
    0xff, 0x51, 0x33, 0x33, 0x33, 0x33, 0x33, 0xdf,
    0xff, 0xf0, 0x0, 0x0, 0x0, 0x0, 0x0, 0x2f,
    0xff, 0xfa, 0x0, 0x0, 0x5, 0x20, 0x0, 0x7,
    0xff, 0xff, 0x40, 0x1, 0x8e, 0xf4, 0x0, 0x0,
    0xdf, 0xff, 0xe0, 0x3, 0xff, 0xff, 0x40, 0x0,
    0x3f, 0xff, 0xf8, 0x0, 0x4f, 0xff, 0xf4, 0x0,
    0x8, 0xff, 0xff, 0x20, 0x4, 0xff, 0xff, 0x40,
    0x0, 0xef, 0xff, 0xd0, 0x0, 0x4f, 0xff, 0xf4,
    0x0, 0x4f, 0xff, 0xf7, 0x0, 0x4, 0xff, 0xff,
    0x40, 0x9, 0xff, 0xff, 0x10, 0x0, 0x4f, 0xff,
    0xf4, 0x0, 0xff, 0xff, 0xb0, 0x0, 0x4, 0xff,
    0xff, 0x40, 0x5f, 0xff, 0xf5, 0x0, 0x0, 0x4f,
    0xff, 0xf4, 0xa, 0xff, 0xff, 0x0, 0x0, 0x4,
    0xff, 0xff, 0x40, 0x0, 0x0, 0x0, 0x0, 0x0,
    0x4f, 0xff, 0xf4, 0x0, 0x0, 0x0, 0x0, 0x0,
    0x4, 0xff, 0xff, 0x40, 0x0, 0x0, 0x0, 0x0,
    0x0, 0x4f, 0xff, 0xf4, 0x0, 0x0, 0x0, 0x0,
    0x0, 0x4, 0xff, 0xff, 0x40, 0x0, 0x0, 0x0,
    0x0, 0x0, 0x4f, 0xff, 0xf4, 0x0, 0x0, 0x0,
    0x0, 0x0, 0x4, 0xff, 0xff, 0x40, 0x0, 0x0,
    0x0, 0x0, 0x0,

    /* U+05E8 "ר" */
    0xcf, 0xff, 0xff, 0xfd, 0xa5, 0x0, 0x0, 0xcf,
    0xff, 0xff, 0xff, 0xff, 0xd2, 0x0, 0xcf, 0xff,
    0xff, 0xff, 0xff, 0xfe, 0x10, 0x34, 0x44, 0x44,
    0x6d, 0xff, 0xff, 0x90, 0x0, 0x0, 0x0, 0x0,
    0xef, 0xff, 0xe0, 0x0, 0x0, 0x0, 0x0, 0x7f,
    0xff, 0xf2, 0x0, 0x0, 0x0, 0x0, 0x4f, 0xff,
    0xf4, 0x0, 0x0, 0x0, 0x0, 0x3f, 0xff, 0xf4,
    0x0, 0x0, 0x0, 0x0, 0x3f, 0xff, 0xf5, 0x0,
    0x0, 0x0, 0x0, 0x3f, 0xff, 0xf5, 0x0, 0x0,
    0x0, 0x0, 0x3f, 0xff, 0xf5, 0x0, 0x0, 0x0,
    0x0, 0x3f, 0xff, 0xf5, 0x0, 0x0, 0x0, 0x0,
    0x3f, 0xff, 0xf5, 0x0, 0x0, 0x0, 0x0, 0x3f,
    0xff, 0xf5, 0x0, 0x0, 0x0, 0x0, 0x3f, 0xff,
    0xf5,

    /* U+05E9 "ש" */
    0x6f, 0xff, 0xf2, 0x0, 0x2f, 0xff, 0xf5, 0x0,
    0xaf, 0xff, 0xe4, 0xff, 0xff, 0x40, 0x3, 0xff,
    0xff, 0x20, 0xc, 0xff, 0xfb, 0x2f, 0xff, 0xf7,
    0x0, 0x5f, 0xff, 0xf0, 0x0, 0xff, 0xff, 0x90,
    0xff, 0xff, 0x90, 0x9, 0xff, 0xfb, 0x0, 0x2f,
    0xff, 0xf6, 0xd, 0xff, 0xfc, 0x3, 0xff, 0xff,
    0x70, 0x6, 0xff, 0xff, 0x20, 0xbf, 0xff, 0xfe,
    0xff, 0xff, 0xf1, 0x0, 0xaf, 0xff, 0xe0, 0x9,
    0xff, 0xff, 0xff, 0xff, 0xf5, 0x0, 0xe, 0xff,
    0xfa, 0x0, 0x7f, 0xff, 0xff, 0xed, 0x92, 0x0,
    0x4, 0xff, 0xff, 0x40, 0x5, 0xff, 0xff, 0x40,
    0x0, 0x0, 0x0, 0xcf, 0xff, 0xe0, 0x0, 0x3f,
    0xff, 0xf6, 0x0, 0x0, 0x0, 0x6f, 0xff, 0xf6,
    0x0, 0x1, 0xff, 0xff, 0x70, 0x0, 0x0, 0x6f,
    0xff, 0xfd, 0x0, 0x0, 0xf, 0xff, 0xfa, 0x34,
    0x57, 0xcf, 0xff, 0xff, 0x20, 0x0, 0x0, 0xdf,
    0xff, 0xff, 0xff, 0xff, 0xff, 0xfe, 0x30, 0x0,
    0x0, 0xb, 0xff, 0xff, 0xff, 0xff, 0xff, 0xfa,
    0x10, 0x0, 0x0, 0x0, 0x9f, 0xff, 0xff, 0xed,
    0xc9, 0x61, 0x0, 0x0, 0x0, 0x0,

    /* U+05EA "ת" */
    0xaf, 0xff, 0xff, 0xff, 0xff, 0xed, 0x94, 0x0,
    0xa, 0xff, 0xff, 0xff, 0xff, 0xff, 0xff, 0xfa,
    0x0, 0xaf, 0xff, 0xff, 0xff, 0xff, 0xff, 0xff,
    0xf9, 0x2, 0x44, 0xff, 0xff, 0xa4, 0x47, 0xef,
    0xff, 0xf1, 0x0, 0xf, 0xff, 0xf8, 0x0, 0x4,
    0xff, 0xff, 0x50, 0x0, 0xff, 0xff, 0x80, 0x0,
    0xf, 0xff, 0xf7, 0x0, 0xf, 0xff, 0xf8, 0x0,
    0x0, 0xff, 0xff, 0x80, 0x0, 0xff, 0xff, 0x80,
    0x0, 0xf, 0xff, 0xf9, 0x0, 0xf, 0xff, 0xf8,
    0x0, 0x0, 0xff, 0xff, 0x90, 0x0, 0xff, 0xff,
    0x80, 0x0, 0xf, 0xff, 0xf9, 0x0, 0x1f, 0xff,
    0xf7, 0x0, 0x0, 0xff, 0xff, 0x92, 0x16, 0xff,
    0xff, 0x50, 0x0, 0xf, 0xff, 0xf9, 0xbf, 0xff,
    0xff, 0xf1, 0x0, 0x0, 0xff, 0xff, 0x9b, 0xff,
    0xff, 0xf9, 0x0, 0x0, 0xf, 0xff, 0xf9, 0xaf,
    0xff, 0xd7, 0x0, 0x0, 0x0, 0xff, 0xff, 0x90
};


/*---------------------
 *  GLYPH DESCRIPTION
 *--------------------*/

static const lv_font_fmt_txt_glyph_dsc_t glyph_dsc[] = {
    {.bitmap_index = 0, .adv_w = 0, .box_w = 0, .box_h = 0, .ofs_x = 0, .ofs_y = 0} /* id = 0 reserved */,
    {.bitmap_index = 0, .adv_w = 156, .box_w = 0, .box_h = 0, .ofs_x = 0, .ofs_y = 0},
    {.bitmap_index = 0, .adv_w = 204, .box_w = 6, .box_h = 21, .ofs_x = 3, .ofs_y = 0},
    {.bitmap_index = 63, .adv_w = 233, .box_w = 10, .box_h = 8, .ofs_x = 2, .ofs_y = 13},
    {.bitmap_index = 103, .adv_w = 375, .box_w = 21, .box_h = 21, .ofs_x = 1, .ofs_y = 0},
    {.bitmap_index = 324, .adv_w = 312, .box_w = 16, .box_h = 26, .ofs_x = 2, .ofs_y = -4},
    {.bitmap_index = 532, .adv_w = 449, .box_w = 28, .box_h = 21, .ofs_x = 0, .ofs_y = 0},
    {.bitmap_index = 826, .adv_w = 391, .box_w = 23, .box_h = 21, .ofs_x = 1, .ofs_y = 0},
    {.bitmap_index = 1068, .adv_w = 137, .box_w = 4, .box_h = 8, .ofs_x = 2, .ofs_y = 13},
    {.bitmap_index = 1084, .adv_w = 205, .box_w = 9, .box_h = 26, .ofs_x = 2, .ofs_y = -4},
    {.bitmap_index = 1201, .adv_w = 205, .box_w = 9, .box_h = 26, .ofs_x = 2, .ofs_y = -4},
    {.bitmap_index = 1318, .adv_w = 234, .box_w = 15, .box_h = 14, .ofs_x = 0, .ofs_y = 7},
    {.bitmap_index = 1423, .adv_w = 375, .box_w = 19, .box_h = 18, .ofs_x = 2, .ofs_y = 0},
    {.bitmap_index = 1594, .adv_w = 170, .box_w = 7, .box_h = 10, .ofs_x = 1, .ofs_y = -4},
    {.bitmap_index = 1629, .adv_w = 186, .box_w = 10, .box_h = 5, .ofs_x = 1, .ofs_y = 6},
    {.bitmap_index = 1654, .adv_w = 170, .box_w = 6, .box_h = 6, .ofs_x = 2, .ofs_y = 0},
    {.bitmap_index = 1672, .adv_w = 164, .box_w = 11, .box_h = 24, .ofs_x = 0, .ofs_y = -3},
    {.bitmap_index = 1804, .adv_w = 312, .box_w = 18, .box_h = 21, .ofs_x = 1, .ofs_y = 0},
    {.bitmap_index = 1993, .adv_w = 312, .box_w = 15, .box_h = 21, .ofs_x = 3, .ofs_y = 0},
    {.bitmap_index = 2151, .adv_w = 312, .box_w = 16, .box_h = 21, .ofs_x = 2, .ofs_y = 0},
    {.bitmap_index = 2319, .adv_w = 312, .box_w = 17, .box_h = 21, .ofs_x = 1, .ofs_y = 0},
    {.bitmap_index = 2498, .adv_w = 312, .box_w = 18, .box_h = 21, .ofs_x = 1, .ofs_y = 0},
    {.bitmap_index = 2687, .adv_w = 312, .box_w = 16, .box_h = 21, .ofs_x = 2, .ofs_y = 0},
    {.bitmap_index = 2855, .adv_w = 312, .box_w = 17, .box_h = 21, .ofs_x = 1, .ofs_y = 0},
    {.bitmap_index = 3034, .adv_w = 312, .box_w = 17, .box_h = 21, .ofs_x = 1, .ofs_y = 0},
    {.bitmap_index = 3213, .adv_w = 312, .box_w = 17, .box_h = 21, .ofs_x = 1, .ofs_y = 0},
    {.bitmap_index = 3392, .adv_w = 312, .box_w = 17, .box_h = 21, .ofs_x = 1, .ofs_y = 0},
    {.bitmap_index = 3571, .adv_w = 179, .box_w = 6, .box_h = 16, .ofs_x = 3, .ofs_y = 0},
    {.bitmap_index = 3619, .adv_w = 179, .box_w = 8, .box_h = 20, .ofs_x = 1, .ofs_y = -4},
    {.bitmap_index = 3699, .adv_w = 375, .box_w = 19, .box_h = 18, .ofs_x = 2, .ofs_y = 0},
    {.bitmap_index = 3870, .adv_w = 375, .box_w = 19, .box_h = 10, .ofs_x = 2, .ofs_y = 4},
    {.bitmap_index = 3965, .adv_w = 375, .box_w = 19, .box_h = 18, .ofs_x = 2, .ofs_y = 0},
    {.bitmap_index = 4136, .adv_w = 260, .box_w = 14, .box_h = 21, .ofs_x = 1, .ofs_y = 0},
    {.bitmap_index = 4283, .adv_w = 448, .box_w = 26, .box_h = 25, .ofs_x = 1, .ofs_y = -5},
    {.bitmap_index = 4608, .adv_w = 347, .box_w = 22, .box_h = 21, .ofs_x = 0, .ofs_y = 0},
    {.bitmap_index = 4839, .adv_w = 341, .box_w = 18, .box_h = 21, .ofs_x = 2, .ofs_y = 0},
    {.bitmap_index = 5028, .adv_w = 329, .box_w = 18, .box_h = 21, .ofs_x = 1, .ofs_y = 0},
    {.bitmap_index = 5217, .adv_w = 372, .box_w = 20, .box_h = 21, .ofs_x = 2, .ofs_y = 0},
    {.bitmap_index = 5427, .adv_w = 306, .box_w = 16, .box_h = 21, .ofs_x = 2, .ofs_y = 0},
    {.bitmap_index = 5595, .adv_w = 306, .box_w = 15, .box_h = 21, .ofs_x = 2, .ofs_y = 0},
    {.bitmap_index = 5753, .adv_w = 368, .box_w = 20, .box_h = 21, .ofs_x = 1, .ofs_y = 0},
    {.bitmap_index = 5963, .adv_w = 375, .box_w = 19, .box_h = 21, .ofs_x = 2, .ofs_y = 0},
    {.bitmap_index = 6163, .adv_w = 167, .box_w = 6, .box_h = 21, .ofs_x = 2, .ofs_y = 0},
    {.bitmap_index = 6226, .adv_w = 167, .box_w = 10, .box_h = 27, .ofs_x = -2, .ofs_y = -6},
    {.bitmap_index = 6361, .adv_w = 347, .box_w = 21, .box_h = 21, .ofs_x = 2, .ofs_y = 0},
    {.bitmap_index = 6582, .adv_w = 285, .box_w = 16, .box_h = 21, .ofs_x = 2, .ofs_y = 0},
    {.bitmap_index = 6750, .adv_w = 446, .box_w = 24, .box_h = 21, .ofs_x = 2, .ofs_y = 0},
    {.bitmap_index = 7002, .adv_w = 375, .box_w = 19, .box_h = 21, .ofs_x = 2, .ofs_y = 0},
    {.bitmap_index = 7202, .adv_w = 381, .box_w = 22, .box_h = 21, .ofs_x = 1, .ofs_y = 0},
    {.bitmap_index = 7433, .adv_w = 328, .box_w = 18, .box_h = 21, .ofs_x = 2, .ofs_y = 0},
    {.bitmap_index = 7622, .adv_w = 381, .box_w = 22, .box_h = 25, .ofs_x = 1, .ofs_y = -4},
    {.bitmap_index = 7897, .adv_w = 345, .box_w = 19, .box_h = 21, .ofs_x = 2, .ofs_y = 0},
    {.bitmap_index = 8097, .adv_w = 323, .box_w = 17, .box_h = 21, .ofs_x = 2, .ofs_y = 0},
    {.bitmap_index = 8276, .adv_w = 306, .box_w = 19, .box_h = 21, .ofs_x = 0, .ofs_y = 0},
    {.bitmap_index = 8476, .adv_w = 364, .box_w = 19, .box_h = 21, .ofs_x = 2, .ofs_y = 0},
    {.bitmap_index = 8676, .adv_w = 347, .box_w = 22, .box_h = 21, .ofs_x = 0, .ofs_y = 0},
    {.bitmap_index = 8907, .adv_w = 494, .box_w = 31, .box_h = 21, .ofs_x = 0, .ofs_y = 0},
    {.bitmap_index = 9233, .adv_w = 345, .box_w = 22, .box_h = 21, .ofs_x = 0, .ofs_y = 0},
    {.bitmap_index = 9464, .adv_w = 324, .box_w = 22, .box_h = 21, .ofs_x = -1, .ofs_y = 0},
    {.bitmap_index = 9695, .adv_w = 325, .box_w = 19, .box_h = 21, .ofs_x = 1, .ofs_y = 0},
    {.bitmap_index = 9895, .adv_w = 205, .box_w = 9, .box_h = 26, .ofs_x = 2, .ofs_y = -4},
    {.bitmap_index = 10012, .adv_w = 164, .box_w = 11, .box_h = 24, .ofs_x = 0, .ofs_y = -3},
    {.bitmap_index = 10144, .adv_w = 205, .box_w = 10, .box_h = 26, .ofs_x = 1, .ofs_y = -4},
    {.bitmap_index = 10274, .adv_w = 375, .box_w = 19, .box_h = 8, .ofs_x = 2, .ofs_y = 13},
    {.bitmap_index = 10350, .adv_w = 224, .box_w = 14, .box_h = 3, .ofs_x = 0, .ofs_y = -7},
    {.bitmap_index = 10371, .adv_w = 224, .box_w = 9, .box_h = 6, .ofs_x = 1, .ofs_y = 18},
    {.bitmap_index = 10398, .adv_w = 302, .box_w = 16, .box_h = 16, .ofs_x = 1, .ofs_y = 0},
    {.bitmap_index = 10526, .adv_w = 321, .box_w = 17, .box_h = 22, .ofs_x = 2, .ofs_y = 0},
    {.bitmap_index = 10713, .adv_w = 266, .box_w = 14, .box_h = 16, .ofs_x = 1, .ofs_y = 0},
    {.bitmap_index = 10825, .adv_w = 321, .box_w = 17, .box_h = 22, .ofs_x = 1, .ofs_y = 0},
    {.bitmap_index = 11012, .adv_w = 304, .box_w = 17, .box_h = 16, .ofs_x = 1, .ofs_y = 0},
    {.bitmap_index = 11148, .adv_w = 195, .box_w = 13, .box_h = 22, .ofs_x = 0, .ofs_y = 0},
    {.bitmap_index = 11291, .adv_w = 321, .box_w = 17, .box_h = 22, .ofs_x = 1, .ofs_y = -6},
    {.bitmap_index = 11478, .adv_w = 319, .box_w = 16, .box_h = 22, .ofs_x = 2, .ofs_y = 0},
    {.bitmap_index = 11654, .adv_w = 154, .box_w = 6, .box_h = 22, .ofs_x = 2, .ofs_y = 0},
    {.bitmap_index = 11720, .adv_w = 154, .box_w = 9, .box_h = 28, .ofs_x = -1, .ofs_y = -6},
    {.bitmap_index = 11846, .adv_w = 298, .box_w = 18, .box_h = 22, .ofs_x = 2, .ofs_y = 0},
    {.bitmap_index = 12044, .adv_w = 154, .box_w = 6, .box_h = 22, .ofs_x = 2, .ofs_y = 0},
    {.bitmap_index = 12110, .adv_w = 467, .box_w = 25, .box_h = 16, .ofs_x = 2, .ofs_y = 0},
    {.bitmap_index = 12310, .adv_w = 319, .box_w = 16, .box_h = 16, .ofs_x = 2, .ofs_y = 0},
    {.bitmap_index = 12438, .adv_w = 308, .box_w = 18, .box_h = 16, .ofs_x = 1, .ofs_y = 0},
    {.bitmap_index = 12582, .adv_w = 321, .box_w = 17, .box_h = 22, .ofs_x = 2, .ofs_y = -6},
    {.bitmap_index = 12769, .adv_w = 321, .box_w = 17, .box_h = 22, .ofs_x = 1, .ofs_y = -6},
    {.bitmap_index = 12956, .adv_w = 221, .box_w = 12, .box_h = 16, .ofs_x = 2, .ofs_y = 0},
    {.bitmap_index = 13052, .adv_w = 267, .box_w = 15, .box_h = 16, .ofs_x = 1, .ofs_y = 0},
    {.bitmap_index = 13172, .adv_w = 214, .box_w = 13, .box_h = 20, .ofs_x = 0, .ofs_y = 0},
    {.bitmap_index = 13302, .adv_w = 319, .box_w = 16, .box_h = 16, .ofs_x = 2, .ofs_y = 0},
    {.bitmap_index = 13430, .adv_w = 292, .box_w = 18, .box_h = 16, .ofs_x = 0, .ofs_y = 0},
    {.bitmap_index = 13574, .adv_w = 414, .box_w = 25, .box_h = 16, .ofs_x = 0, .ofs_y = 0},
    {.bitmap_index = 13774, .adv_w = 289, .box_w = 18, .box_h = 16, .ofs_x = 0, .ofs_y = 0},
    {.bitmap_index = 13918, .adv_w = 292, .box_w = 18, .box_h = 22, .ofs_x = 0, .ofs_y = -6},
    {.bitmap_index = 14116, .adv_w = 261, .box_w = 14, .box_h = 16, .ofs_x = 1, .ofs_y = 0},
    {.bitmap_index = 14228, .adv_w = 319, .box_w = 14, .box_h = 27, .ofs_x = 3, .ofs_y = -5},
    {.bitmap_index = 14417, .adv_w = 164, .box_w = 4, .box_h = 29, .ofs_x = 3, .ofs_y = -7},
    {.bitmap_index = 14475, .adv_w = 319, .box_w = 14, .box_h = 27, .ofs_x = 3, .ofs_y = -5},
    {.bitmap_index = 14664, .adv_w = 375, .box_w = 19, .box_h = 7, .ofs_x = 2, .ofs_y = 5},
    {.bitmap_index = 14731, .adv_w = 326, .box_w = 17, .box_h = 15, .ofs_x = 2, .ofs_y = 0},
    {.bitmap_index = 14859, .adv_w = 273, .box_w = 15, .box_h = 15, .ofs_x = 1, .ofs_y = 0},
    {.bitmap_index = 14972, .adv_w = 200, .box_w = 11, .box_h = 15, .ofs_x = 1, .ofs_y = 0},
    {.bitmap_index = 15055, .adv_w = 263, .box_w = 15, .box_h = 15, .ofs_x = 1, .ofs_y = 0},
    {.bitmap_index = 15168, .adv_w = 308, .box_w = 15, .box_h = 15, .ofs_x = 2, .ofs_y = 0},
    {.bitmap_index = 15281, .adv_w = 154, .box_w = 6, .box_h = 15, .ofs_x = 2, .ofs_y = 0},
    {.bitmap_index = 15326, .adv_w = 179, .box_w = 10, .box_h = 15, .ofs_x = 1, .ofs_y = 0},
    {.bitmap_index = 15401, .adv_w = 308, .box_w = 15, .box_h = 15, .ofs_x = 2, .ofs_y = 0},
    {.bitmap_index = 15514, .adv_w = 304, .box_w = 16, .box_h = 15, .ofs_x = 2, .ofs_y = 0},
    {.bitmap_index = 15634, .adv_w = 132, .box_w = 6, .box_h = 11, .ofs_x = 1, .ofs_y = 4},
    {.bitmap_index = 15667, .adv_w = 259, .box_w = 13, .box_h = 22, .ofs_x = 1, .ofs_y = -7},
    {.bitmap_index = 15810, .adv_w = 254, .box_w = 14, .box_h = 15, .ofs_x = 1, .ofs_y = 0},
    {.bitmap_index = 15915, .adv_w = 271, .box_w = 14, .box_h = 20, .ofs_x = 1, .ofs_y = 0},
    {.bitmap_index = 16055, .adv_w = 312, .box_w = 15, .box_h = 15, .ofs_x = 2, .ofs_y = 0},
    {.bitmap_index = 16168, .adv_w = 324, .box_w = 17, .box_h = 15, .ofs_x = 1, .ofs_y = 0},
    {.bitmap_index = 16296, .adv_w = 154, .box_w = 6, .box_h = 22, .ofs_x = 2, .ofs_y = -7},
    {.bitmap_index = 16362, .adv_w = 203, .box_w = 10, .box_h = 15, .ofs_x = 1, .ofs_y = 0},
    {.bitmap_index = 16437, .adv_w = 305, .box_w = 16, .box_h = 15, .ofs_x = 2, .ofs_y = 0},
    {.bitmap_index = 16557, .adv_w = 298, .box_w = 16, .box_h = 19, .ofs_x = 1, .ofs_y = -4},
    {.bitmap_index = 16709, .adv_w = 302, .box_w = 15, .box_h = 22, .ofs_x = 2, .ofs_y = -7},
    {.bitmap_index = 16874, .adv_w = 295, .box_w = 15, .box_h = 15, .ofs_x = 2, .ofs_y = 0},
    {.bitmap_index = 16987, .adv_w = 296, .box_w = 16, .box_h = 22, .ofs_x = 0, .ofs_y = -7},
    {.bitmap_index = 17163, .adv_w = 292, .box_w = 16, .box_h = 15, .ofs_x = 0, .ofs_y = 0},
    {.bitmap_index = 17283, .adv_w = 330, .box_w = 17, .box_h = 22, .ofs_x = 2, .ofs_y = -7},
    {.bitmap_index = 17470, .adv_w = 270, .box_w = 14, .box_h = 15, .ofs_x = 1, .ofs_y = 0},
    {.bitmap_index = 17575, .adv_w = 340, .box_w = 21, .box_h = 15, .ofs_x = 0, .ofs_y = 0},
    {.bitmap_index = 17733, .adv_w = 306, .box_w = 17, .box_h = 15, .ofs_x = 0, .ofs_y = 0}
};

/*---------------------
 *  CHARACTER MAPPING
 *--------------------*/



/*Collect the unicode lists and glyph_id offsets*/
static const lv_font_fmt_txt_cmap_t cmaps[] =
{
    {
        .range_start = 32, .range_length = 95, .glyph_id_start = 1,
        .unicode_list = NULL, .glyph_id_ofs_list = NULL, .list_length = 0, .type = LV_FONT_FMT_TXT_CMAP_FORMAT0_TINY
    },
    {
        .range_start = 1488, .range_length = 27, .glyph_id_start = 96,
        .unicode_list = NULL, .glyph_id_ofs_list = NULL, .list_length = 0, .type = LV_FONT_FMT_TXT_CMAP_FORMAT0_TINY
    }
};



/*--------------------
 *  ALL CUSTOM DATA
 *--------------------*/

#if LVGL_VERSION_MAJOR == 8
/*Store all the custom data of the font*/
static  lv_font_fmt_txt_glyph_cache_t cache;
#endif

#if LVGL_VERSION_MAJOR >= 8
static const lv_font_fmt_txt_dsc_t font_dsc = {
#else
static lv_font_fmt_txt_dsc_t font_dsc = {
#endif
    .glyph_bitmap = glyph_bitmap,
    .glyph_dsc = glyph_dsc,
    .cmaps = cmaps,
    .kern_dsc = NULL,
    .kern_scale = 0,
    .cmap_num = 2,
    .bpp = 4,
    .kern_classes = 0,
    .bitmap_format = 0,
#if LVGL_VERSION_MAJOR == 8
    .cache = &cache
#endif
};



/*-----------------
 *  PUBLIC FONT
 *----------------*/

/*Initialize a public general font descriptor*/
#if LVGL_VERSION_MAJOR >= 8
const lv_font_t font_hebrew_28 = {
#else
lv_font_t font_hebrew_28 = {
#endif
    .get_glyph_dsc = lv_font_get_glyph_dsc_fmt_txt,    /*Function pointer to get glyph's data*/
    .get_glyph_bitmap = lv_font_get_bitmap_fmt_txt,    /*Function pointer to get glyph's bitmap*/
    .line_height = 31,          /*The maximum line height required by the font*/
    .base_line = 7,             /*Baseline measured from the bottom of the line*/
#if !(LVGL_VERSION_MAJOR == 6 && LVGL_VERSION_MINOR == 0)
    .subpx = LV_FONT_SUBPX_NONE,
#endif
#if LV_VERSION_CHECK(7, 4, 0) || LVGL_VERSION_MAJOR >= 8
    .underline_position = -1,
    .underline_thickness = 1,
#endif
    .dsc = &font_dsc,          /*The custom font data. Will be accessed by `get_glyph_bitmap/dsc` */
#if LV_VERSION_CHECK(8, 2, 0) || LVGL_VERSION_MAJOR >= 9
    .fallback = NULL,
#endif
    .user_data = NULL,
};



#endif /*#if HEB*/


// ------------------------------------------------------------
//  Hebrew words used by the UI, PRE-REVERSED for LTR rendering.
//  Written as UTF-8 escapes so no editor can mangle them.
//
//    HEB_MAZGAN   mazgan       air conditioner   4 letters
//    HEB_BEDROOM  cheder sheina  bedroom         7 letters + space
//
//  Verified: each escape decodes to the reversed word, which read
//  right to left gives the correct Hebrew.
// ------------------------------------------------------------
#define HEB_MAZGAN   "\xD7\x9F\xD7\x92\xD7\x96\xD7\x9E"
#define HEB_BEDROOM  "\xD7\x94\xD7\xA0\xD7\x99\xD7\xA9\x20\xD7\xA8\xD7\x93\xD7\x97"

//  The home screen title: "BG " then the Hebrew, so it reads
//  BG followed by cheder sheina.
#define TITLE_HOME   "BG " HEB_BEDROOM
