#pragma once
// ============================================================
//  dial_image.h - the screensaver dial, embedded in flash
//  Source: dial420_B.jpg  800x480 baseline JPEG 4:2:0
//  16921 bytes. Replaces /diver_dial.jpg on the SD card.
// ============================================================

#define DIAL_JPG_LEN 16921

const uint8_t DIAL_JPG[DIAL_JPG_LEN] PROGMEM = {
  0xFF, 0xD8, 0xFF, 0xE0, 0x00, 0x10, 0x4A, 0x46, 0x49, 0x46, 0x00, 0x01, 0x01, 0x00, 0x00, 0x01,
  0x00, 0x01, 0x00, 0x00, 0xFF, 0xDB, 0x00, 0x43, 0x00, 0x03, 0x02, 0x02, 0x03, 0x02, 0x02, 0x03,
  0x03, 0x03, 0x03, 0x04, 0x03, 0x03, 0x04, 0x05, 0x08, 0x05, 0x05, 0x04, 0x04, 0x05, 0x0A, 0x07,
  0x07, 0x06, 0x08, 0x0C, 0x0A, 0x0C, 0x0C, 0x0B, 0x0A, 0x0B, 0x0B, 0x0D, 0x0E, 0x12, 0x10, 0x0D,
  0x0E, 0x11, 0x0E, 0x0B, 0x0B, 0x10, 0x16, 0x10, 0x11, 0x13, 0x14, 0x15, 0x15, 0x15, 0x0C, 0x0F,
  0x17, 0x18, 0x16, 0x14, 0x18, 0x12, 0x14, 0x15, 0x14, 0xFF, 0xDB, 0x00, 0x43, 0x01, 0x03, 0x04,
  0x04, 0x05, 0x04, 0x05, 0x09, 0x05, 0x05, 0x09, 0x14, 0x0D, 0x0B, 0x0D, 0x14, 0x14, 0x14, 0x14,
  0x14, 0x14, 0x14, 0x14, 0x14, 0x14, 0x14, 0x14, 0x14, 0x14, 0x14, 0x14, 0x14, 0x14, 0x14, 0x14,
  0x14, 0x14, 0x14, 0x14, 0x14, 0x14, 0x14, 0x14, 0x14, 0x14, 0x14, 0x14, 0x14, 0x14, 0x14, 0x14,
  0x14, 0x14, 0x14, 0x14, 0x14, 0x14, 0x14, 0x14, 0x14, 0x14, 0x14, 0x14, 0x14, 0x14, 0xFF, 0xC0,
  0x00, 0x11, 0x08, 0x01, 0xE0, 0x03, 0x20, 0x03, 0x01, 0x22, 0x00, 0x02, 0x11, 0x01, 0x03, 0x11,
  0x01, 0xFF, 0xC4, 0x00, 0x1F, 0x00, 0x00, 0x01, 0x05, 0x01, 0x01, 0x01, 0x01, 0x01, 0x01, 0x00,
  0x00, 0x00, 0x00, 0x00, 0x00, 0x00, 0x00, 0x01, 0x02, 0x03, 0x04, 0x05, 0x06, 0x07, 0x08, 0x09,
  0x0A, 0x0B, 0xFF, 0xC4, 0x00, 0xB5, 0x10, 0x00, 0x02, 0x01, 0x03, 0x03, 0x02, 0x04, 0x03, 0x05,
  0x05, 0x04, 0x04, 0x00, 0x00, 0x01, 0x7D, 0x01, 0x02, 0x03, 0x00, 0x04, 0x11, 0x05, 0x12, 0x21,
  0x31, 0x41, 0x06, 0x13, 0x51, 0x61, 0x07, 0x22, 0x71, 0x14, 0x32, 0x81, 0x91, 0xA1, 0x08, 0x23,
  0x42, 0xB1, 0xC1, 0x15, 0x52, 0xD1, 0xF0, 0x24, 0x33, 0x62, 0x72, 0x82, 0x09, 0x0A, 0x16, 0x17,
  0x18, 0x19, 0x1A, 0x25, 0x26, 0x27, 0x28, 0x29, 0x2A, 0x34, 0x35, 0x36, 0x37, 0x38, 0x39, 0x3A,
  0x43, 0x44, 0x45, 0x46, 0x47, 0x48, 0x49, 0x4A, 0x53, 0x54, 0x55, 0x56, 0x57, 0x58, 0x59, 0x5A,
  0x63, 0x64, 0x65, 0x66, 0x67, 0x68, 0x69, 0x6A, 0x73, 0x74, 0x75, 0x76, 0x77, 0x78, 0x79, 0x7A,
  0x83, 0x84, 0x85, 0x86, 0x87, 0x88, 0x89, 0x8A, 0x92, 0x93, 0x94, 0x95, 0x96, 0x97, 0x98, 0x99,
  0x9A, 0xA2, 0xA3, 0xA4, 0xA5, 0xA6, 0xA7, 0xA8, 0xA9, 0xAA, 0xB2, 0xB3, 0xB4, 0xB5, 0xB6, 0xB7,
  0xB8, 0xB9, 0xBA, 0xC2, 0xC3, 0xC4, 0xC5, 0xC6, 0xC7, 0xC8, 0xC9, 0xCA, 0xD2, 0xD3, 0xD4, 0xD5,
  0xD6, 0xD7, 0xD8, 0xD9, 0xDA, 0xE1, 0xE2, 0xE3, 0xE4, 0xE5, 0xE6, 0xE7, 0xE8, 0xE9, 0xEA, 0xF1,
  0xF2, 0xF3, 0xF4, 0xF5, 0xF6, 0xF7, 0xF8, 0xF9, 0xFA, 0xFF, 0xC4, 0x00, 0x1F, 0x01, 0x00, 0x03,
  0x01, 0x01, 0x01, 0x01, 0x01, 0x01, 0x01, 0x01, 0x01, 0x00, 0x00, 0x00, 0x00, 0x00, 0x00, 0x01,
  0x02, 0x03, 0x04, 0x05, 0x06, 0x07, 0x08, 0x09, 0x0A, 0x0B, 0xFF, 0xC4, 0x00, 0xB5, 0x11, 0x00,
  0x02, 0x01, 0x02, 0x04, 0x04, 0x03, 0x04, 0x07, 0x05, 0x04, 0x04, 0x00, 0x01, 0x02, 0x77, 0x00,
  0x01, 0x02, 0x03, 0x11, 0x04, 0x05, 0x21, 0x31, 0x06, 0x12, 0x41, 0x51, 0x07, 0x61, 0x71, 0x13,
  0x22, 0x32, 0x81, 0x08, 0x14, 0x42, 0x91, 0xA1, 0xB1, 0xC1, 0x09, 0x23, 0x33, 0x52, 0xF0, 0x15,
  0x62, 0x72, 0xD1, 0x0A, 0x16, 0x24, 0x34, 0xE1, 0x25, 0xF1, 0x17, 0x18, 0x19, 0x1A, 0x26, 0x27,
  0x28, 0x29, 0x2A, 0x35, 0x36, 0x37, 0x38, 0x39, 0x3A, 0x43, 0x44, 0x45, 0x46, 0x47, 0x48, 0x49,
  0x4A, 0x53, 0x54, 0x55, 0x56, 0x57, 0x58, 0x59, 0x5A, 0x63, 0x64, 0x65, 0x66, 0x67, 0x68, 0x69,
  0x6A, 0x73, 0x74, 0x75, 0x76, 0x77, 0x78, 0x79, 0x7A, 0x82, 0x83, 0x84, 0x85, 0x86, 0x87, 0x88,
  0x89, 0x8A, 0x92, 0x93, 0x94, 0x95, 0x96, 0x97, 0x98, 0x99, 0x9A, 0xA2, 0xA3, 0xA4, 0xA5, 0xA6,
  0xA7, 0xA8, 0xA9, 0xAA, 0xB2, 0xB3, 0xB4, 0xB5, 0xB6, 0xB7, 0xB8, 0xB9, 0xBA, 0xC2, 0xC3, 0xC4,
  0xC5, 0xC6, 0xC7, 0xC8, 0xC9, 0xCA, 0xD2, 0xD3, 0xD4, 0xD5, 0xD6, 0xD7, 0xD8, 0xD9, 0xDA, 0xE2,
  0xE3, 0xE4, 0xE5, 0xE6, 0xE7, 0xE8, 0xE9, 0xEA, 0xF2, 0xF3, 0xF4, 0xF5, 0xF6, 0xF7, 0xF8, 0xF9,
  0xFA, 0xFF, 0xDA, 0x00, 0x0C, 0x03, 0x01, 0x00, 0x02, 0x11, 0x03, 0x11, 0x00, 0x3F, 0x00, 0xFC,
  0xAA, 0xA2, 0x8A, 0x28, 0x00, 0xA2, 0x8A, 0x28, 0x00, 0xA2, 0x8A, 0x28, 0x00, 0xA2, 0x8A, 0x28,
  0x00, 0xA2, 0x8A, 0x28, 0x00, 0xA2, 0x8A, 0x28, 0x00, 0xA2, 0x8A, 0x28, 0x00, 0xA2, 0x8A, 0x28,
  0x00, 0xA2, 0x8A, 0x28, 0x00, 0xA2, 0x8A, 0x28, 0x00, 0xA2, 0x8A, 0x28, 0x00, 0xA2, 0x8A, 0x28,
  0x00, 0xA2, 0x8A, 0x28, 0x00, 0xA2, 0x8A, 0x28, 0x00, 0xA2, 0x8A, 0x28, 0x00, 0xA2, 0x8A, 0x28,
  0x00, 0xA2, 0x8A, 0x28, 0x00, 0xA2, 0x8A, 0x28, 0x00, 0xA2, 0x8A, 0x28, 0x00, 0xA2, 0x8A, 0x28,
  0x00, 0xA2, 0x8A, 0x28, 0x00, 0xA2, 0x8A, 0x28, 0x00, 0xA2, 0x8A, 0x28, 0x00, 0xA2, 0x8A, 0x28,
  0x00, 0xA2, 0x8A, 0x28, 0x00, 0xA2, 0x8A, 0x28, 0x00, 0xA2, 0x8A, 0x28, 0x00, 0xA2, 0x8A, 0x28,
  0x00, 0xA2, 0x8A, 0x28, 0x00, 0xA2, 0x8A, 0x28, 0x00, 0xA2, 0x8A, 0x28, 0x00, 0xA2, 0x8A, 0x28,
  0x00, 0xA2, 0x8A, 0x28, 0x00, 0xA2, 0x8A, 0x28, 0x00, 0xA2, 0x8A, 0x28, 0x00, 0xA2, 0x8A, 0x28,
  0x00, 0xA2, 0x8A, 0x28, 0x00, 0xA2, 0x8A, 0x28, 0x00, 0xA2, 0x8A, 0x28, 0x00, 0xA2, 0x8A, 0x28,
  0x00, 0xA2, 0x8A, 0x28, 0x00, 0xA2, 0x8A, 0x28, 0x00, 0xA2, 0x8A, 0x28, 0x00, 0xA2, 0x8A, 0x28,
  0x00, 0xA2, 0x8A, 0x28, 0x00, 0xA2, 0x8A, 0x28, 0x00, 0xA2, 0x8A, 0x28, 0x00, 0xA2, 0x8A, 0x28,
  0x00, 0xA2, 0x8A, 0x28, 0x00, 0xA2, 0x8A, 0x28, 0x00, 0xA2, 0x8A, 0x28, 0x00, 0xA2, 0x8A, 0x28,
  0x00, 0xA2, 0x8A, 0x28, 0x00, 0xA2, 0x8A, 0x28, 0x00, 0xA2, 0x8A, 0x28, 0x00, 0xA2, 0x8A, 0x28,
  0x00, 0xA2, 0x8A, 0x28, 0x00, 0xA2, 0x8A, 0x28, 0x00, 0xA2, 0x8A, 0x28, 0x00, 0xA2, 0x8A, 0x00,
  0xCD, 0x00, 0x14, 0x53, 0xD6, 0x16, 0x3D, 0x78, 0xA9, 0x16, 0x15, 0x1D, 0x79, 0xA7, 0x61, 0x5C,
  0x83, 0x19, 0xA7, 0x08, 0x98, 0xF6, 0xC7, 0xD6, 0xAC, 0x00, 0x07, 0x41, 0x8A, 0x28, 0xB0, 0xAE,
  0x42, 0x20, 0x3D, 0xCD, 0x38, 0x40, 0xBE, 0xE6, 0xA4, 0xA2, 0x9D, 0x82, 0xE3, 0x44, 0x4A, 0x3B,
  0x52, 0xEC, 0x51, 0xD8, 0x55, 0xCB, 0x2B, 0x26, 0xBA, 0x70, 0xAA, 0x32, 0x6B, 0xA5, 0xB3, 0xF0,
  0x25, 0xDD, 0xDA, 0x06, 0x58, 0xD8, 0xE7, 0xDA, 0x80, 0x38, 0xFC, 0x0F, 0x4A, 0x2B, 0xBA, 0xFF,
  0x00, 0x85, 0x6D, 0x7D, 0xFF, 0x00, 0x3C, 0x5B, 0xF2, 0xA3, 0xFE, 0x15, 0xAD, 0xF7, 0xFC, 0xF1,
  0x6F, 0xCA, 0x8B, 0x88, 0xE1, 0x68, 0xC0, 0xF4, 0xAE, 0xEB, 0xFE, 0x15, 0xAD, 0xF7, 0xFC, 0xF1,
  0x6F, 0xCA, 0x8F, 0xF8, 0x56, 0xB7, 0xDF, 0xF3, 0xC5, 0xBF, 0x2A, 0x2E, 0x07, 0x08, 0x51, 0x4F,
  0x61, 0x48, 0x62, 0x53, 0xDA, 0xBB, 0x3B, 0xBF, 0x01, 0xDD, 0xDA, 0xA1, 0x2D, 0x19, 0x18, 0xF6,
  0xAE, 0x6A, 0xF6, 0xC5, 0xAD, 0x5C, 0xAB, 0x0C, 0x1A, 0x06, 0x67, 0x98, 0x57, 0xDC, 0x52, 0x18,
  0x0F, 0x63, 0x52, 0xD1, 0x45, 0x82, 0xE5, 0x73, 0x13, 0x0E, 0xD9, 0xFA, 0x53, 0x71, 0x8A, 0xB5,
  0x41, 0x00, 0xF5, 0xE6, 0x95, 0x87, 0x72, 0xAD, 0x15, 0x3B, 0x42, 0xA7, 0xA7, 0x15, 0x1B, 0x42,
  0xC3, 0xA7, 0x34, 0x58, 0x2E, 0x32, 0x8A, 0x08, 0xC1, 0xE6, 0x8A, 0x43, 0x0A, 0x28, 0xA2, 0x80,
  0x0A, 0x28, 0xA2, 0x80, 0x0A, 0x28, 0xA2, 0x80, 0x0A, 0x28, 0xA2, 0x80, 0x0A, 0x28, 0xA2, 0x80,
  0x0A, 0x28, 0xA2, 0x80, 0x0A, 0x28, 0xA2, 0x80, 0x0A, 0x28, 0xA2, 0x80, 0x0A, 0x28, 0xA2, 0x80,
  0x0A, 0x28, 0xA2, 0x80, 0x0A, 0x28, 0xA2, 0x80, 0x0A, 0x28, 0xA2, 0x80, 0x0A, 0x28, 0xA2, 0x80,
  0x0A, 0x28, 0xA2, 0x80, 0x0A, 0x28, 0xA2, 0x80, 0x0A, 0x28, 0xA2, 0x80, 0x0A, 0x28, 0xA2, 0x80,
  0x0A, 0x28, 0xA2, 0x80, 0x0A, 0x28, 0xA2, 0x80, 0x0A, 0x28, 0xA2, 0x80, 0x0A, 0x28, 0xA2, 0x80,
  0x0A, 0x28, 0xA2, 0x80, 0x0A, 0x28, 0xA2, 0x80, 0x0A, 0x28, 0xA2, 0x80, 0x0A, 0x28, 0xA2, 0x80,
  0x0A, 0x28, 0xA2, 0x80, 0x0A, 0x28, 0xA2, 0x80, 0x0A, 0x28, 0xA2, 0x80, 0x0A, 0x28, 0xA2, 0x80,
  0x0A, 0x28, 0xA2, 0x80, 0x0A, 0x28, 0xA2, 0x80, 0x0A, 0x28, 0xA2, 0x80, 0x0A, 0x28, 0xA2, 0x80,
  0x0A, 0x28, 0xA2, 0x80, 0x0A, 0x28, 0xA2, 0x80, 0x0A, 0x28, 0xA2, 0x80, 0x0A, 0x28, 0xA0, 0x02,
  0x4E, 0x07, 0x34, 0x00, 0x52, 0xAA, 0x96, 0x3C, 0x0C, 0xD4, 0x89, 0x0F, 0x76, 0xFC, 0xAA, 0x50,
  0x00, 0x1C, 0x71, 0x4E, 0xC2, 0xB9, 0x12, 0xC1, 0xFD, 0xE3, 0xF8, 0x0A, 0x90, 0x28, 0x5E, 0x83,
  0x14, 0xB4, 0x53, 0x10, 0x51, 0x45, 0x2E, 0xDA, 0x62, 0x12, 0x8A, 0x76, 0x05, 0x2D, 0x00, 0x37,
  0x06, 0x8D, 0xB4, 0xEA, 0x28, 0x03, 0xA3, 0xF0, 0x80, 0x8D, 0xAF, 0xA3, 0x0F, 0xD3, 0x35, 0xFA,
  0x03, 0xFB, 0x32, 0xFE, 0xCE, 0xFA, 0x6F, 0xC6, 0x1D, 0x1D, 0x45, 0x95, 0xF2, 0xC5, 0xA9, 0x46,
  0x18, 0xCB, 0x04, 0xE5, 0x55, 0x70, 0x30, 0x46, 0xD3, 0x82, 0x4F, 0x07, 0x3F, 0x81, 0xF4, 0xAF,
  0xCE, 0x9D, 0x26, 0xE8, 0xDA, 0xDD, 0x23, 0x03, 0x8C, 0x1A, 0xFB, 0xAF, 0xF6, 0x23, 0xF8, 0xB8,
  0xFE, 0x12, 0xF1, 0xAE, 0x9A, 0xFE, 0x61, 0xF2, 0xE4, 0x75, 0x52, 0xB9, 0xE0, 0x91, 0xDB, 0xF1,
  0x05, 0x97, 0xFE, 0x05, 0x51, 0x2D, 0xB4, 0x26, 0x57, 0xB6, 0x87, 0xD4, 0xA3, 0xF6, 0x06, 0xBC,
  0x03, 0xFD, 0x7D, 0x9F, 0xFD, 0xFE, 0x1F, 0xFC, 0x4D, 0x2F, 0xFC, 0x30, 0x3D, 0xE7, 0xFC, 0xF7,
  0xB2, 0xFF, 0x00, 0xBF, 0xC3, 0xFF, 0x00, 0x89, 0xAF, 0xB5, 0x6D, 0xAE, 0x62, 0xBC, 0xB6, 0x8A,
  0xE2, 0x07, 0x12, 0x43, 0x2A, 0x09, 0x23, 0x71, 0xDD, 0x48, 0xC8, 0x3F, 0x91, 0xA9, 0x2B, 0x9F,
  0x99, 0x98, 0xEA, 0x7C, 0x4D, 0xFF, 0x00, 0x0C, 0x0F, 0x79, 0xFF, 0x00, 0x3D, 0xEC, 0xBF, 0xEF,
  0xF0, 0xFF, 0x00, 0xE2, 0x69, 0x0F, 0xEC, 0x0D, 0x78, 0x7F, 0xE5, 0xBD, 0x9F, 0xFD, 0xFE, 0x1F,
  0xFC, 0x4D, 0x7D, 0xB5, 0x4D, 0x96, 0x54, 0x82, 0x27, 0x96, 0x46, 0x09, 0x1A, 0x29, 0x66, 0x63,
  0xD1, 0x40, 0x19, 0x27, 0xF2, 0xA3, 0x99, 0x86, 0xA7, 0xE5, 0xB7, 0xED, 0x2B, 0xFB, 0x38, 0x69,
  0xBF, 0x07, 0xF4, 0x17, 0x7B, 0xFB, 0xE5, 0x93, 0x50, 0x95, 0x54, 0xC3, 0x6F, 0x01, 0x56, 0x53,
  0x92, 0x7E, 0xF1, 0xC0, 0x23, 0x85, 0x63, 0xF9, 0x57, 0xE7, 0xCF, 0x8C, 0x84, 0x6B, 0x7D, 0x20,
  0x4E, 0x99, 0x35, 0xF7, 0x17, 0xED, 0xCD, 0xF1, 0x7C, 0xF8, 0xB3, 0xC6, 0x9A, 0x86, 0xC9, 0x0F,
  0x93, 0x13, 0x10, 0xA9, 0x9F, 0xBB, 0x90, 0x30, 0x3F, 0x05, 0x0A, 0x3E, 0xB9, 0xAF, 0x81, 0xB5,
  0x9B, 0xC3, 0x75, 0x76, 0xEC, 0x4E, 0x72, 0x6B, 0x78, 0x9A, 0xC6, 0xF6, 0x33, 0x8A, 0xD2, 0x60,
  0xD3, 0xA8, 0xAD, 0x0B, 0x19, 0x45, 0x3E, 0x93, 0x02, 0x80, 0x1B, 0x45, 0x2E, 0xDA, 0x4A, 0x00,
  0x0A, 0x86, 0xEA, 0x33, 0x51, 0x34, 0x1F, 0xDD, 0x3F, 0x81, 0xA9, 0x68, 0xA4, 0x32, 0xB3, 0x29,
  0x53, 0xC8, 0xC5, 0x25, 0x5A, 0x23, 0x3D, 0x6A, 0x27, 0x87, 0xFB, 0xBF, 0x95, 0x2B, 0x0E, 0xE4,
  0x54, 0x50, 0x41, 0x07, 0x07, 0x8A, 0x29, 0x0C, 0x28, 0xA2, 0x8A, 0x00, 0x28, 0xA2, 0x8A, 0x00,
  0x28, 0xA2, 0x8A, 0x00, 0x28, 0xA2, 0x8A, 0x00, 0x28, 0xA2, 0x8A, 0x00, 0x28, 0xA2, 0x8A, 0x00,
  0x28, 0xA2, 0x8A, 0x00, 0x28, 0xA2, 0x8A, 0x00, 0x28, 0xA2, 0x8A, 0x00, 0x28, 0xA2, 0x8A, 0x00,
  0x28, 0xA2, 0x8A, 0x00, 0x28, 0xA2, 0x8A, 0x00, 0x28, 0xA2, 0x8A, 0x00, 0x28, 0xA2, 0x8A, 0x00,
  0x28, 0xA2, 0x8A, 0x00, 0x28, 0xA2, 0x8A, 0x00, 0x28, 0xA2, 0x8A, 0x00, 0x28, 0xA2, 0x8A, 0x00,
  0x28, 0xA2, 0x8A, 0x00, 0x28, 0xA2, 0x8A, 0x00, 0x28, 0xA2, 0x8A, 0x00, 0x28, 0xA2, 0x8A, 0x00,
  0x28, 0xA2, 0x8A, 0x00, 0x28, 0xA2, 0x8A, 0x00, 0x28, 0xA2, 0x8A, 0x00, 0x28, 0xA2, 0x8A, 0x00,
  0x28, 0xA2, 0x8A, 0x00, 0x28, 0xA2, 0x8A, 0x00, 0x28, 0xA2, 0x8A, 0x00, 0x28, 0xA2, 0x8A, 0x00,
  0x28, 0xA2, 0x8A, 0x00, 0x28, 0xA2, 0x8A, 0x00, 0x28, 0xA2, 0x8A, 0x00, 0x28, 0xA0, 0x0C, 0x9C,
  0x0A, 0x99, 0x22, 0xC7, 0x27, 0x93, 0x40, 0x0C, 0x48, 0x8B, 0x72, 0x78, 0x15, 0x32, 0xA8, 0x5E,
  0x82, 0x96, 0xA7, 0xB5, 0xB6, 0x6B, 0x89, 0x02, 0x81, 0x9C, 0xD5, 0x12, 0x32, 0x38, 0x5A, 0x43,
  0x80, 0x2B, 0x46, 0xD7, 0x40, 0xB8, 0xB9, 0xFB, 0xB1, 0x93, 0xF8, 0x57, 0xA1, 0xF8, 0x0F, 0xE1,
  0xA4, 0xFA, 0xD4, 0x88, 0x4C, 0x64, 0x83, 0xED, 0x5F, 0x51, 0x7C, 0x39, 0xFD, 0x95, 0x35, 0x2D,
  0x7D, 0x22, 0x10, 0x69, 0xEE, 0xEC, 0xC0, 0x10, 0x3C, 0xB2, 0xCC, 0x47, 0xA8, 0x50, 0x09, 0xC7,
  0xBF, 0x4A, 0x4D, 0x92, 0xDA, 0x5B, 0x9F, 0x12, 0x9F, 0x08, 0xDD, 0x85, 0xCF, 0x94, 0xDF, 0x95,
  0x51, 0xB9, 0xD1, 0x67, 0xB6, 0xFB, 0xC8, 0x45, 0x7E, 0x9D, 0xDE, 0x7E, 0xC3, 0x1E, 0x21, 0x86,
  0xC8, 0xC8, 0x74, 0x89, 0xF0, 0x06, 0x7F, 0xE3, 0xD9, 0x8F, 0xE8, 0x32, 0x7F, 0x4A, 0xF0, 0x9F,
  0x89, 0x3F, 0xB3, 0x6D, 0xE6, 0x84, 0xB2, 0xF9, 0xD6, 0x6C, 0x9B, 0x49, 0x05, 0x80, 0xE0, 0x1F,
  0x43, 0xE8, 0x7D, 0x8E, 0x29, 0x29, 0x09, 0x49, 0x33, 0xE2, 0xD6, 0x42, 0x87, 0x04, 0x62, 0x9B,
  0x5D, 0xE7, 0x8C, 0xBC, 0x0F, 0x3E, 0x8B, 0x3B, 0x83, 0x19, 0x00, 0x1F, 0x4A, 0xE1, 0xA4, 0x8C,
  0xC6, 0xC4, 0x11, 0x55, 0x72, 0x86, 0x51, 0x4B, 0xB6, 0x97, 0x02, 0x98, 0x0D, 0xA5, 0xC1, 0xA7,
  0x51, 0x40, 0x08, 0x99, 0x56, 0x06, 0xBD, 0x6F, 0xE1, 0x07, 0x8A, 0x24, 0xD2, 0x75, 0x4B, 0x77,
  0x49, 0x4C, 0x6E, 0x8E, 0x19, 0x58, 0x1E, 0x84, 0x1C, 0x83, 0x5E, 0x4B, 0x5B, 0x5E, 0x1A, 0xD4,
  0x4D, 0x95, 0xEC, 0x6C, 0x0E, 0x30, 0x69, 0x30, 0x3F, 0x7E, 0xBF, 0x65, 0xBF, 0x88, 0xB1, 0xFC,
  0x40, 0xF8, 0x5F, 0x62, 0xDB, 0xC3, 0x5C, 0x5A, 0x28, 0x52, 0x33, 0x92, 0x10, 0xE7, 0x03, 0xF0,
  0x60, 0xCB, 0xF8, 0x0A, 0xF6, 0x1A, 0xFC, 0xDB, 0xFF, 0x00, 0x82, 0x7A, 0x7C, 0x60, 0x5D, 0x37,
  0x5E, 0x4D, 0x22, 0xE6, 0x7D, 0xB6, 0xF7, 0x43, 0x67, 0xCC, 0x78, 0x01, 0x88, 0x04, 0xFE, 0x0D,
  0xB0, 0xFF, 0x00, 0xDF, 0x55, 0xFA, 0x49, 0xD3, 0xAF, 0x5A, 0xE5, 0x92, 0xB3, 0x39, 0xED, 0x6D,
  0x02, 0xBC, 0xAB, 0xF6, 0x94, 0xF8, 0x83, 0x17, 0xC3, 0xFF, 0x00, 0x85, 0xFA, 0x8C, 0xEC, 0xFB,
  0x66, 0xB9, 0x46, 0x8D, 0x46, 0x70, 0x76, 0x01, 0x96, 0xFC, 0xFE, 0x55, 0xFF, 0x00, 0x81, 0x57,
  0xAA, 0xD7, 0xE7, 0x67, 0xFC, 0x14, 0x3F, 0xE2, 0xF2, 0xDC, 0xEA, 0xC7, 0x43, 0xB6, 0x9F, 0x30,
  0x5A, 0x8D, 0x87, 0x6B, 0x70, 0x76, 0x93, 0x9F, 0xCD, 0xF7, 0x7F, 0xDF, 0x02, 0x88, 0xAB, 0xB0,
  0xDF, 0x43, 0xF3, 0xFF, 0x00, 0xE3, 0x2F, 0x8B, 0x25, 0xD6, 0x75, 0x6B, 0x99, 0x24, 0x97, 0x7C,
  0x92, 0x3B, 0x3B, 0x1F, 0x52, 0x4E, 0x4D, 0x78, 0xEC, 0x99, 0x67, 0x26, 0xB7, 0x7C, 0x51, 0xA9,
  0x35, 0xF5, 0xF4, 0x8C, 0x4E, 0x72, 0x6B, 0x0A, 0xBA, 0x91, 0xD0, 0x37, 0x06, 0x92, 0x9F, 0x45,
  0x30, 0x19, 0x45, 0x3B, 0x02, 0x93, 0x6D, 0x00, 0x25, 0x2A, 0xA1, 0x73, 0x80, 0x29, 0x52, 0x32,
  0xEC, 0x00, 0x15, 0xDB, 0x78, 0x3F, 0xC1, 0x33, 0x6B, 0x33, 0xA0, 0x08, 0x48, 0x27, 0xD2, 0x90,
  0x1C, 0xAD, 0xB6, 0x8D, 0x3D, 0xC9, 0x1B, 0x50, 0x9A, 0xBE, 0xBE, 0x11, 0xBC, 0x2B, 0x9F, 0x29,
  0xBF, 0x2A, 0xFA, 0xCB, 0xE1, 0xB7, 0xEC, 0xE1, 0x79, 0xAE, 0x2C, 0x5E, 0x55, 0x99, 0x93, 0x24,
  0x2E, 0xE2, 0x38, 0xCF, 0xA7, 0xB9, 0xF6, 0x15, 0xEF, 0x56, 0x1F, 0xB0, 0xCF, 0x88, 0x6E, 0x2C,
  0x84, 0x83, 0x48, 0x9F, 0x04, 0x71, 0xFE, 0x8C, 0xC3, 0xF9, 0xE0, 0xFE, 0x95, 0x2E, 0x44, 0xB9,
  0x24, 0x7E, 0x64, 0x5D, 0x68, 0x17, 0x16, 0xF9, 0xDD, 0x1B, 0x0F, 0xC2, 0xB3, 0xA4, 0x85, 0xA3,
  0x38, 0x23, 0x15, 0xF7, 0xDF, 0xC4, 0x5F, 0xD9, 0x43, 0x53, 0xD0, 0x16, 0x55, 0x9F, 0x4E, 0x74,
  0x65, 0x04, 0x95, 0x31, 0xB2, 0xB0, 0x1E, 0xBB, 0x48, 0x07, 0xF1, 0x15, 0xF2, 0xE7, 0x8F, 0x7E,
  0x18, 0xCF, 0xA3, 0x48, 0xE4, 0x46, 0x40, 0x1E, 0xD4, 0xD3, 0x1A, 0x69, 0xEC, 0x79, 0x13, 0x28,
  0x61, 0x83, 0x50, 0xBC, 0x45, 0x79, 0x1C, 0x8A, 0xBF, 0x77, 0x6A, 0xD6, 0xD2, 0x15, 0x61, 0x82,
  0x2A, 0xBD, 0x3D, 0xCA, 0x2A, 0xD1, 0x53, 0x3C, 0x41, 0xB9, 0x1C, 0x1A, 0x84, 0x82, 0x0E, 0x0D,
  0x49, 0x41, 0x45, 0x14, 0x50, 0x01, 0x45, 0x14, 0x50, 0x01, 0x45, 0x14, 0x50, 0x01, 0x45, 0x14,
  0x50, 0x01, 0x45, 0x14, 0x50, 0x01, 0x45, 0x14, 0x50, 0x01, 0x45, 0x14, 0x50, 0x01, 0x45, 0x14,
  0x50, 0x01, 0x45, 0x14, 0x50, 0x01, 0x45, 0x14, 0x50, 0x01, 0x45, 0x14, 0x50, 0x01, 0x45, 0x14,
  0x50, 0x01, 0x45, 0x14, 0x50, 0x01, 0x45, 0x14, 0x50, 0x01, 0x45, 0x14, 0x50, 0x01, 0x45, 0x14,
  0x50, 0x01, 0x45, 0x14, 0x50, 0x01, 0x45, 0x14, 0x50, 0x01, 0x45, 0x14, 0x50, 0x01, 0x45, 0x14,
  0x50, 0x01, 0x45, 0x14, 0x50, 0x01, 0x45, 0x14, 0x50, 0x01, 0x45, 0x14, 0x50, 0x01, 0x45, 0x14,
  0x50, 0x01, 0x45, 0x14, 0x50, 0x01, 0x45, 0x14, 0x50, 0x01, 0x45, 0x14, 0x50, 0x01, 0x45, 0x14,
  0x50, 0x01, 0x45, 0x14, 0x50, 0x01, 0x45, 0x14, 0x50, 0x01, 0x45, 0x14, 0x50, 0x01, 0x4A, 0xAA,
  0x58, 0xE0, 0x50, 0x88, 0x5C, 0xF1, 0x56, 0x15, 0x42, 0x8C, 0x0A, 0x76, 0x15, 0xC4, 0x44, 0x08,
  0x3D, 0xFD, 0x69, 0xD4, 0x51, 0x54, 0x48, 0xA0, 0x64, 0xD7, 0x73, 0xF0, 0xFB, 0xC3, 0xA7, 0x55,
  0xBF, 0x88, 0x6D, 0xC8, 0x24, 0x57, 0x13, 0x0A, 0xFC, 0xE2, 0xBD, 0xE3, 0xE0, 0x7D, 0x82, 0x4B,
  0x7D, 0x11, 0x20, 0x75, 0xA4, 0xC0, 0xFB, 0x7B, 0xF6, 0x47, 0xFD, 0x9D, 0x97, 0xC5, 0x77, 0x50,
  0x4D, 0x3C, 0x62, 0x3B, 0x58, 0x87, 0x98, 0xF2, 0x32, 0xE4, 0x22, 0x83, 0x8D, 0xD8, 0x3D, 0x49,
  0x3C, 0x01, 0xEB, 0x93, 0xDA, 0xBF, 0x43, 0xFC, 0x3F, 0xE1, 0xDD, 0x3B, 0xC2, 0xFA, 0x7A, 0x59,
  0x69, 0x96, 0xA9, 0x6B, 0x02, 0x8E, 0x76, 0xFD, 0xE7, 0x3E, 0xAC, 0xDD, 0x58, 0xFB, 0x9A, 0xF3,
  0x0F, 0xD9, 0x6F, 0x40, 0x83, 0x47, 0xF8, 0x67, 0x14, 0xB1, 0xAA, 0x87, 0x9E, 0x5D, 0xA4, 0x81,
  0xD9, 0x14, 0x00, 0x3F, 0x32, 0xC7, 0xF1, 0xAF, 0x61, 0xAE, 0x59, 0x3B, 0xB3, 0x9F, 0x7D, 0x43,
  0xA5, 0x72, 0x7F, 0x10, 0x3E, 0x1B, 0x69, 0x1F, 0x10, 0xF4, 0xB9, 0x6D, 0xEF, 0xA0, 0x8D, 0x6E,
  0x8A, 0x15, 0x8E, 0xEF, 0x60, 0x2C, 0xBE, 0xCD, 0xFD, 0xE5, 0xF5, 0x07, 0xF0, 0xC1, 0xAE, 0xB2,
  0x8A, 0x90, 0x3F, 0x22, 0xFF, 0x00, 0x69, 0xFF, 0x00, 0x82, 0x0F, 0xE1, 0x2D, 0x5A, 0xF6, 0xDA,
  0x4B, 0x7F, 0x2C, 0xA3, 0x30, 0xDB, 0xD4, 0x02, 0x3B, 0x03, 0xDC, 0x60, 0x82, 0x0F, 0x70, 0x45,
  0x7C, 0x37, 0xE2, 0x8D, 0x2C, 0xE9, 0xF7, 0xB2, 0x26, 0x31, 0x83, 0x5F, 0xB4, 0x3F, 0xB7, 0x5F,
  0x87, 0x20, 0x9B, 0x4F, 0xB5, 0xBF, 0xDA, 0xBE, 0x64, 0xB0, 0x0D, 0xC7, 0x1C, 0x92, 0x8D, 0xB7,
  0x3F, 0x93, 0x81, 0xF8, 0x57, 0xE4, 0x4F, 0xC5, 0x4B, 0x45, 0x83, 0x54, 0x9B, 0x03, 0x1C, 0x9A,
  0xE9, 0x8B, 0xBA, 0x35, 0x8B, 0xB9, 0xE6, 0xF4, 0x52, 0x91, 0xCD, 0x1B, 0x6B, 0x42, 0xC4, 0xA2,
  0x9D, 0x8A, 0x28, 0x01, 0xB8, 0x35, 0x2C, 0x0C, 0x63, 0x90, 0x1C, 0xD3, 0x28, 0xA0, 0x0F, 0xA2,
  0x3F, 0x67, 0x9F, 0x1F, 0x3F, 0x86, 0xBC, 0x43, 0x61, 0x74, 0x1C, 0xE2, 0x29, 0x01, 0x60, 0x0F,
  0x55, 0xE8, 0xC3, 0xF2, 0x26, 0xBF, 0x70, 0xFE, 0x19, 0x78, 0xB6, 0x3F, 0x1B, 0x78, 0x23, 0x4B,
  0xD5, 0x52, 0x41, 0x24, 0x92, 0x44, 0x12, 0x56, 0x07, 0xAB, 0xA8, 0xC1, 0x3F, 0x88, 0xC3, 0x7F,
  0xC0, 0xAB, 0xF9, 0xE0, 0xF0, 0x46, 0xB0, 0xDA, 0x7E, 0xA3, 0x11, 0xDD, 0x8E, 0x6B, 0xF5, 0xEF,
  0xFE, 0x09, 0xF1, 0xF1, 0x5D, 0x75, 0xBF, 0x0F, 0xCB, 0xE1, 0xDB, 0x89, 0x83, 0x3A, 0xA8, 0x31,
  0x02, 0x7B, 0xA8, 0xCA, 0xFE, 0x6B, 0xB8, 0x7F, 0xC0, 0x05, 0x63, 0x35, 0xD4, 0xCA, 0x4B, 0xA9,
  0xF5, 0x5F, 0x8F, 0xFC, 0x51, 0x1F, 0x83, 0x7C, 0x21, 0xA9, 0xEA, 0xCE, 0xEA, 0x8F, 0x0C, 0x44,
  0x44, 0x58, 0xF1, 0xE6, 0x1E, 0x17, 0xF2, 0xEB, 0xF4, 0x06, 0xBF, 0x10, 0x7F, 0x69, 0x0F, 0x88,
  0x4F, 0xE2, 0x7F, 0x12, 0xEA, 0x17, 0x5E, 0x69, 0x65, 0x96, 0x43, 0xB3, 0x27, 0x9D, 0xA3, 0x85,
  0xFD, 0x39, 0xFC, 0x6B, 0xF4, 0x8B, 0xF6, 0xFF, 0x00, 0xF8, 0xAA, 0xBE, 0x1C, 0xF0, 0xA4, 0x7A,
  0x05, 0xBC, 0xC1, 0x65, 0x95, 0x77, 0x48, 0x01, 0xE7, 0x2C, 0x3F, 0xA2, 0x67, 0xFE, 0xFE, 0x0A,
  0xFC, 0x79, 0xF1, 0xDE, 0xB2, 0xDA, 0x86, 0xA3, 0x29, 0xDD, 0x91, 0x9A, 0x54, 0xD0, 0x45, 0x75,
  0x39, 0x2B, 0x87, 0x32, 0xCA, 0x49, 0x35, 0x16, 0x0D, 0x3A, 0x8A, 0xDC, 0xD4, 0x6D, 0x14, 0xEA,
  0x31, 0x40, 0x0D, 0xA2, 0x97, 0x6D, 0x26, 0x39, 0xA0, 0x0D, 0xAF, 0x0D, 0x69, 0xA6, 0xFE, 0xF1,
  0x10, 0x0C, 0xE4, 0xD7, 0xDB, 0x7F, 0xB3, 0x2F, 0xC1, 0x47, 0xF1, 0x5E, 0xAB, 0x65, 0x6D, 0x15,
  0xB9, 0x95, 0x9D, 0x94, 0x6D, 0x1C, 0x6E, 0x24, 0xF0, 0x33, 0xDB, 0xBE, 0x4F, 0x60, 0x09, 0xAF,
  0x93, 0x3E, 0x18, 0x5A, 0x2C, 0xFA, 0xA4, 0x59, 0x1D, 0xC5, 0x7E, 0xB7, 0x7E, 0xC2, 0x1E, 0x1B,
  0xB7, 0x58, 0xE7, 0xBE, 0x2A, 0xA6, 0x48, 0x20, 0x66, 0x5E, 0x39, 0x05, 0x88, 0x4C, 0xFE, 0x5B,
  0xBF, 0x3A, 0xCE, 0x4E, 0xC8, 0x89, 0xBB, 0x23, 0xE9, 0x4F, 0x87, 0x3F, 0x0C, 0x34, 0x8F, 0x87,
  0x3A, 0x54, 0x30, 0x59, 0xC1, 0x14, 0x97, 0xA1, 0x00, 0x92, 0xEF, 0x66, 0x0F, 0xFB, 0xA9, 0xFD,
  0xD5, 0xF6, 0x1C, 0x9E, 0xA7, 0x35, 0xD8, 0x9E, 0x68, 0xA2, 0xB9, 0x8C, 0x8A, 0x1A, 0xE6, 0x83,
  0xA7, 0xF8, 0x92, 0xC1, 0xEC, 0xB5, 0x2B, 0x54, 0xBB, 0xB7, 0x61, 0xF7, 0x5C, 0x72, 0xA7, 0xD5,
  0x4F, 0x55, 0x3E, 0xE2, 0xBF, 0x3E, 0x7F, 0x6B, 0xAF, 0xD9, 0xD6, 0x3F, 0x0C, 0x4F, 0x35, 0xCD,
  0xB4, 0x62, 0x4B, 0x49, 0x94, 0xC8, 0x92, 0x05, 0x03, 0x72, 0xE7, 0x19, 0x20, 0x74, 0x60, 0x48,
  0x07, 0xD7, 0x20, 0xF7, 0xAF, 0xD1, 0x5A, 0xF2, 0xAF, 0xDA, 0x57, 0x42, 0x83, 0x5A, 0xF8, 0x65,
  0x72, 0xD2, 0xAA, 0x96, 0x82, 0x51, 0xB4, 0x91, 0xD9, 0xC1, 0x42, 0x3F, 0x55, 0x3F, 0x85, 0x54,
  0x5D, 0x98, 0x6D, 0xA9, 0xF8, 0x31, 0xF1, 0x17, 0xC3, 0x67, 0x4A, 0xBF, 0x94, 0x05, 0xC0, 0x04,
  0xD7, 0x02, 0x46, 0x0E, 0x2B, 0xE8, 0x2F, 0x8E, 0x9A, 0x7A, 0x43, 0x79, 0x29, 0x03, 0xBD, 0x78,
  0x0C, 0xCB, 0x89, 0x0D, 0x74, 0xA3, 0xA0, 0x8A, 0x9A, 0xE8, 0x1C, 0x73, 0xF9, 0xD3, 0xA8, 0xAA,
  0x02, 0xB3, 0x29, 0x43, 0x83, 0x49, 0x56, 0x59, 0x43, 0x0C, 0x1A, 0x81, 0xD0, 0xA1, 0xF6, 0xF5,
  0xA9, 0xB1, 0x57, 0x1B, 0x45, 0x14, 0x52, 0x18, 0x51, 0x45, 0x14, 0x00, 0x51, 0x45, 0x14, 0x00,
  0x51, 0x45, 0x14, 0x00, 0x51, 0x45, 0x14, 0x00, 0x51, 0x45, 0x14, 0x00, 0x51, 0x45, 0x14, 0x00,
  0x51, 0x45, 0x14, 0x00, 0x51, 0x45, 0x14, 0x00, 0x51, 0x45, 0x14, 0x00, 0x51, 0x45, 0x14, 0x00,
  0x51, 0x45, 0x14, 0x00, 0x51, 0x45, 0x14, 0x00, 0x51, 0x45, 0x14, 0x00, 0x51, 0x45, 0x14, 0x00,
  0x51, 0x45, 0x14, 0x00, 0x51, 0x45, 0x14, 0x00, 0x51, 0x45, 0x14, 0x00, 0x51, 0x45, 0x14, 0x00,
  0x51, 0x45, 0x14, 0x00, 0x51, 0x45, 0x14, 0x00, 0x51, 0x45, 0x14, 0x00, 0x51, 0x45, 0x14, 0x00,
  0x51, 0x45, 0x14, 0x00, 0x51, 0x45, 0x14, 0x00, 0x51, 0x45, 0x14, 0x00, 0x51, 0x45, 0x14, 0x00,
  0x51, 0x45, 0x14, 0x00, 0x51, 0x45, 0x14, 0x00, 0x52, 0xA2, 0x17, 0x38, 0xA1, 0x54, 0xB1, 0xC0,
  0xAB, 0x0A, 0xA1, 0x46, 0x05, 0x34, 0x26, 0x0A, 0xA1, 0x46, 0x05, 0x2D, 0x14, 0xA0, 0x66, 0xA8,
  0x90, 0xEB, 0x4E, 0x03, 0x14, 0x63, 0x14, 0x50, 0x03, 0xA3, 0x38, 0x71, 0x5E, 0xDB, 0xF0, 0x53,
  0x56, 0x4B, 0x6B, 0xF8, 0x83, 0x10, 0x39, 0x15, 0xE2, 0x03, 0xAD, 0x75, 0x7E, 0x0D, 0xD7, 0x1B,
  0x4A, 0xBD, 0x8D, 0xB7, 0x63, 0x06, 0x93, 0x03, 0xF7, 0x63, 0xF6, 0x48, 0xF1, 0x8C, 0x1A, 0xFF,
  0x00, 0x80, 0x0D, 0x88, 0x90, 0x19, 0xE0, 0x22, 0x60, 0xB9, 0xE7, 0x6B, 0x00, 0xAD, 0xF9, 0x32,
  0xFF, 0x00, 0xE3, 0xC2, 0xBD, 0xD6, 0xBF, 0x27, 0xFF, 0x00, 0x66, 0x6F, 0xDA, 0x16, 0x6F, 0x06,
  0xDF, 0xDA, 0xCD, 0x1D, 0xCE, 0xC0, 0xA7, 0x9E, 0xE3, 0x9E, 0x08, 0x23, 0xBA, 0x91, 0xC1, 0x1F,
  0x42, 0x39, 0x15, 0xFA, 0x41, 0xE0, 0x6F, 0x8D, 0xBE, 0x18, 0xF1, 0xB6, 0x9F, 0x0C, 0xAB, 0x7F,
  0x0D, 0x85, 0xCB, 0x81, 0x98, 0x67, 0x90, 0x05, 0x27, 0xFD, 0x97, 0x3C, 0x11, 0xF5, 0xC1, 0xF6,
  0xAE, 0x69, 0x46, 0xCC, 0xE7, 0x7A, 0x68, 0xCF, 0x40, 0xA2, 0xAA, 0x4D, 0xAB, 0xD8, 0x5B, 0xC2,
  0x66, 0x96, 0xFA, 0xD6, 0x38, 0x80, 0xCF, 0x98, 0xF3, 0xA0, 0x5F, 0xCF, 0x35, 0xE4, 0x7F, 0x16,
  0xBF, 0x69, 0x2D, 0x07, 0xC1, 0x3A, 0x4C, 0xE9, 0xA6, 0x5E, 0x47, 0x77, 0x7E, 0x41, 0x0B, 0x3A,
  0x8C, 0xC7, 0x19, 0xF5, 0x5C, 0xFD, 0xF6, 0xFA, 0x70, 0x3B, 0x9E, 0xD5, 0x09, 0x5C, 0x0F, 0x18,
  0xFD, 0xBA, 0xBC, 0x6F, 0x6F, 0xB9, 0x74, 0xB8, 0xE5, 0x04, 0xDA, 0xC4, 0x22, 0x60, 0x0F, 0xF1,
  0x93, 0xBD, 0xFF, 0x00, 0x2F, 0x90, 0x7D, 0x6B, 0xF2, 0x6F, 0xE2, 0x6D, 0xFA, 0xDD, 0x6A, 0x72,
  0x90, 0x73, 0xC9, 0xAF, 0xA2, 0xFE, 0x3F, 0xFC, 0x63, 0x93, 0xC4, 0x57, 0xB7, 0x52, 0xBC, 0xE5,
  0x99, 0xC9, 0xC6, 0xE6, 0xC9, 0xE4, 0x93, 0xC9, 0xEE, 0x49, 0xC9, 0x27, 0xD4, 0xD7, 0xC9, 0x1A,
  0xEE, 0xA2, 0x6F, 0xAE, 0x9D, 0xC9, 0xCE, 0x4D, 0x74, 0xC5, 0x59, 0x1A, 0xC5, 0x58, 0xCB, 0x3D,
  0x69, 0x28, 0xA5, 0xC1, 0xAD, 0x0B, 0x12, 0x8A, 0x76, 0xDA, 0x5C, 0x0A, 0x00, 0x65, 0x2E, 0x0D,
  0x3A, 0x8A, 0x00, 0x9E, 0xC6, 0x66, 0x82, 0x75, 0x60, 0x71, 0x83, 0x5F, 0x5E, 0x7E, 0xC8, 0x3F,
  0x18, 0x9F, 0xC0, 0xBE, 0x3E, 0xD1, 0xA6, 0x33, 0x88, 0xE3, 0x92, 0x64, 0x89, 0x89, 0x6C, 0x00,
  0x4B, 0x0D, 0x84, 0xFB, 0x6E, 0xC0, 0xFA, 0x31, 0xAF, 0x8F, 0x41, 0xC1, 0xCD, 0x6E, 0x68, 0xFA,
  0xF4, 0xBA, 0x71, 0x52, 0x8E, 0x54, 0x8C, 0x10, 0x41, 0xC6, 0x0D, 0x26, 0xAE, 0x26, 0xAE, 0xAC,
  0x7D, 0x6B, 0xFB, 0x66, 0x7C, 0x65, 0x7F, 0x1C, 0xFC, 0x42, 0xD6, 0x58, 0x4A, 0x0A, 0x41, 0x2B,
  0xC5, 0xB5, 0x5B, 0x20, 0x3E, 0x7E, 0x70, 0x3E, 0x87, 0x0B, 0xFF, 0x00, 0x00, 0xAF, 0x8D, 0x75,
  0x09, 0xDA, 0xE2, 0xE1, 0x98, 0xF3, 0x93, 0x5A, 0xFA, 0xCF, 0x88, 0x66, 0xD4, 0x99, 0x9A, 0x49,
  0x1A, 0x46, 0x62, 0x4B, 0x33, 0x1C, 0x92, 0x4F, 0x52, 0x6B, 0x04, 0x9C, 0x92, 0x69, 0x25, 0x60,
  0x4A, 0xCA, 0xC3, 0x30, 0x69, 0x29, 0xF4, 0x55, 0x0C, 0x65, 0x14, 0xFC, 0x0A, 0x4D, 0xB4, 0x00,
  0xDA, 0x29, 0x70, 0x69, 0x28, 0x03, 0xBB, 0xF8, 0x6F, 0x7C, 0xB6, 0xDA, 0xA4, 0x44, 0x9C, 0x7C,
  0xC2, 0xBF, 0x57, 0x3F, 0x61, 0x4F, 0x1C, 0xDB, 0xC5, 0x76, 0x34, 0xE9, 0x25, 0x0A, 0x2E, 0xA3,
  0x30, 0x8C, 0x9F, 0xE2, 0x38, 0x64, 0xFC, 0xCA, 0xB0, 0xFA, 0x91, 0x5F, 0x8F, 0x5A, 0x2D, 0xF9,
  0xB2, 0xBA, 0x46, 0x07, 0x18, 0x35, 0xF5, 0x8F, 0xC0, 0x4F, 0x8B, 0xEF, 0xE1, 0xFB, 0xCB, 0x69,
  0x16, 0x62, 0xA5, 0x08, 0xC8, 0x0D, 0x8C, 0x8F, 0xAF, 0x63, 0xDC, 0x1E, 0xC4, 0x0A, 0xCE, 0x4A,
  0xE4, 0x49, 0x68, 0x7E, 0xD8, 0x51, 0x5E, 0x23, 0xF0, 0x83, 0xF6, 0x96, 0xD0, 0xFC, 0x67, 0xA4,
  0xC1, 0x16, 0xAB, 0x78, 0x96, 0xD7, 0xCA, 0x00, 0x37, 0x2C, 0x3E, 0x49, 0x3D, 0xDC, 0x0F, 0xB8,
  0xDE, 0xFF, 0x00, 0x74, 0xF5, 0xC8, 0xE9, 0x5E, 0xC7, 0x06, 0xB1, 0x61, 0x75, 0x08, 0x9A, 0x1B,
  0xFB, 0x59, 0x62, 0x3C, 0x87, 0x49, 0xD0, 0xAF, 0xE7, 0x9A, 0xE6, 0x6A, 0xC6, 0x45, 0xBA, 0xF1,
  0x6F, 0xDA, 0xAB, 0xC6, 0x10, 0x78, 0x73, 0xE1, 0xDB, 0xDA, 0x34, 0x80, 0x4F, 0x72, 0xC6, 0x5D,
  0xB9, 0xE7, 0x62, 0x03, 0x8F, 0xCD, 0xCA, 0x8F, 0xC0, 0xD7, 0x5D, 0xE3, 0x6F, 0x8D, 0x1E, 0x18,
  0xF0, 0x5D, 0x84, 0xD2, 0xCB, 0xA8, 0x43, 0x7B, 0x70, 0x80, 0xE2, 0x0B, 0x79, 0x01, 0x19, 0xFF,
  0x00, 0x69, 0xFA, 0x28, 0xFC, 0xCF, 0xB5, 0x7E, 0x72, 0x7E, 0xD3, 0x9F, 0xB4, 0x4C, 0xDE, 0x32,
  0xBE, 0xBA, 0x95, 0xEE, 0x03, 0x21, 0xE0, 0x01, 0xC2, 0xE0, 0x74, 0x00, 0x76, 0x50, 0x3A, 0x77,
  0xE4, 0x93, 0xC9, 0xAA, 0x8A, 0xBB, 0x0B, 0x5F, 0x43, 0xE5, 0x4F, 0x8D, 0xDA, 0xC2, 0x5C, 0x5F,
  0x4A, 0xA1, 0x81, 0xE4, 0xD7, 0x85, 0x4A, 0x77, 0x39, 0x35, 0xD6, 0xF8, 0xDB, 0x5F, 0x6D, 0x56,
  0xF6, 0x46, 0xDD, 0x9C, 0x9A, 0xE4, 0x0F, 0x5A, 0xEA, 0x48, 0xE8, 0x40, 0x46, 0x69, 0xA4, 0x62,
  0x9D, 0x47, 0x5A, 0x60, 0x32, 0x82, 0x03, 0x0C, 0x1A, 0x52, 0x31, 0x49, 0x40, 0x15, 0xDD, 0x0A,
  0x1F, 0x6A, 0x6D, 0x59, 0x65, 0x0C, 0x30, 0x6A, 0xBB, 0x29, 0x43, 0x83, 0x52, 0xCA, 0x42, 0x51,
  0x45, 0x14, 0x86, 0x14, 0x51, 0x45, 0x00, 0x14, 0x51, 0x45, 0x00, 0x14, 0x51, 0x45, 0x00, 0x14,
  0x51, 0x45, 0x00, 0x14, 0x51, 0x45, 0x00, 0x14, 0x51, 0x45, 0x00, 0x14, 0x51, 0x45, 0x00, 0x14,
  0x51, 0x45, 0x00, 0x14, 0x51, 0x45, 0x00, 0x14, 0x51, 0x45, 0x00, 0x14, 0x51, 0x45, 0x00, 0x14,
  0x51, 0x45, 0x00, 0x14, 0x51, 0x45, 0x00, 0x14, 0x51, 0x45, 0x00, 0x14, 0x51, 0x45, 0x00, 0x14,
  0x51, 0x45, 0x00, 0x14, 0x51, 0x45, 0x00, 0x14, 0x51, 0x45, 0x00, 0x14, 0x51, 0x45, 0x00, 0x14,
  0x51, 0x45, 0x00, 0x14, 0x51, 0x45, 0x00, 0x14, 0x51, 0x45, 0x00, 0x14, 0x51, 0x45, 0x00, 0x14,
  0x51, 0x45, 0x00, 0x14, 0x51, 0x45, 0x00, 0x14, 0x51, 0x45, 0x00, 0x14, 0x01, 0x93, 0x81, 0x45,
  0x4D, 0x12, 0x60, 0x64, 0xF5, 0xA0, 0x07, 0x22, 0x6C, 0x1E, 0xF4, 0xEA, 0x28, 0xAB, 0x20, 0x5E,
  0xB4, 0xE0, 0x31, 0x40, 0x18, 0xA2, 0x80, 0x0A, 0x3A, 0xD1, 0xD6, 0x9C, 0x06, 0x28, 0x00, 0x03,
  0x15, 0x24, 0x52, 0x98, 0x98, 0x10, 0x69, 0x94, 0x75, 0xA0, 0x0E, 0xDB, 0xC2, 0xBE, 0x38, 0xB8,
  0xD1, 0xE5, 0x4D, 0xB2, 0x10, 0x07, 0xBD, 0x7B, 0x9F, 0x83, 0xBF, 0x68, 0x3B, 0xBD, 0x2D, 0x17,
  0xCB, 0xBB, 0x92, 0x23, 0xDF, 0x6B, 0xE3, 0x3F, 0x5A, 0xF9, 0x61, 0x49, 0x5E, 0x87, 0x9A, 0xB1,
  0x1D, 0xEC, 0xB1, 0xF4, 0x62, 0x2A, 0x6C, 0x26, 0xAE, 0x7D, 0xAB, 0x3F, 0xED, 0x43, 0x7E, 0xD6,
  0xFB, 0x7E, 0xDC, 0x47, 0x1D, 0x40, 0x50, 0x7F, 0x3C, 0x57, 0x98, 0xF8, 0xD3, 0xE3, 0xA5, 0xCE,
  0xAB, 0xE6, 0x16, 0xB9, 0x79, 0x1D, 0xBA, 0xB3, 0x31, 0x26, 0xBE, 0x7D, 0x3A, 0xAC, 0xE4, 0x63,
  0x79, 0xFC, 0xEA, 0x17, 0xB9, 0x92, 0x5E, 0xAC, 0x68, 0xB0, 0x94, 0x52, 0x37, 0x3C, 0x43, 0xE2,
  0x79, 0xB5, 0x59, 0x98, 0xB3, 0x93, 0x93, 0xEB, 0x5C, 0xF1, 0xCB, 0x1C, 0x9A, 0x5A, 0x29, 0x94,
  0x18, 0xC5, 0x14, 0x51, 0x4C, 0x02, 0x8A, 0x5C, 0x52, 0xED, 0xA0, 0x06, 0xD1, 0x4E, 0xC0, 0xA5,
  0xA0, 0x06, 0x62, 0x94, 0x64, 0x53, 0xA8, 0xA0, 0x06, 0x9C, 0x9A, 0x4C, 0x53, 0xE8, 0xA0, 0x06,
  0x51, 0x4F, 0xA4, 0xC0, 0xA0, 0x06, 0xD1, 0x4E, 0xDB, 0x49, 0x8A, 0x00, 0x4A, 0x31, 0x9A, 0x28,
  0xA0, 0x04, 0x19, 0x53, 0x91, 0x5B, 0xFA, 0x07, 0x89, 0x66, 0xD2, 0xA6, 0x56, 0x57, 0x23, 0x07,
  0xD6, 0xB0, 0x68, 0xA4, 0x07, 0xD1, 0x1E, 0x0B, 0xF8, 0xE5, 0x73, 0xA5, 0xF9, 0x64, 0x5C, 0x3C,
  0x6C, 0xBD, 0x19, 0x58, 0x82, 0x2B, 0xD4, 0x6D, 0xBF, 0x6A, 0x1B, 0xF5, 0x83, 0x1F, 0x6F, 0x27,
  0x8E, 0xAC, 0x14, 0x9F, 0xCC, 0x8A, 0xF8, 0xA9, 0x2E, 0x24, 0x8B, 0xA3, 0x1A, 0x98, 0x6A, 0xB3,
  0x81, 0x8D, 0xE7, 0xF3, 0xA5, 0x62, 0x5C, 0x53, 0x3E, 0x9E, 0xF1, 0x8F, 0xED, 0x09, 0x77, 0xAA,
  0x23, 0x09, 0x2F, 0x24, 0x94, 0x8E, 0x81, 0x9B, 0x20, 0x7D, 0x05, 0x78, 0x5F, 0x8A, 0xFC, 0x77,
  0x71, 0xAC, 0x4A, 0xFB, 0xA4, 0x24, 0x1F, 0x7A, 0xE4, 0x24, 0xBD, 0x96, 0x4E, 0xAC, 0x4D, 0x40,
  0xC4, 0xB7, 0x53, 0x45, 0x86, 0x95, 0x82, 0x69, 0x4C, 0xAC, 0x49, 0x39, 0xA8, 0xC8, 0xCD, 0x2F,
  0x4A, 0x2A, 0x86, 0x33, 0xA5, 0x14, 0xE2, 0x33, 0x4D, 0xE9, 0x40, 0x07, 0x5A, 0x69, 0x18, 0xA7,
  0x50, 0x46, 0x68, 0x01, 0x94, 0xD7, 0x4D, 0xE3, 0x14, 0xEA, 0x28, 0x02, 0xA9, 0x18, 0x38, 0x34,
  0x54, 0xD2, 0xA6, 0xE1, 0x91, 0xD4, 0x54, 0x35, 0x05, 0x85, 0x14, 0x51, 0x40, 0x05, 0x14, 0x51,
  0x40, 0x05, 0x14, 0x51, 0x40, 0x05, 0x14, 0x51, 0x40, 0x05, 0x14, 0x51, 0x40, 0x05, 0x14, 0x51,
  0x40, 0x05, 0x14, 0x51, 0x40, 0x05, 0x14, 0x51, 0x40, 0x05, 0x14, 0x51, 0x40, 0x05, 0x14, 0x51,
  0x40, 0x05, 0x14, 0x51, 0x40, 0x05, 0x14, 0x51, 0x40, 0x05, 0x14, 0x51, 0x40, 0x05, 0x14, 0x51,
  0x40, 0x05, 0x14, 0x51, 0x40, 0x05, 0x14, 0x51, 0x40, 0x05, 0x14, 0x51, 0x40, 0x05, 0x14, 0x51,
  0x40, 0x05, 0x14, 0x51, 0x40, 0x05, 0x14, 0x51, 0x40, 0x05, 0x14, 0x51, 0x40, 0x05, 0x14, 0x51,
  0x40, 0x05, 0x14, 0x51, 0x40, 0x05, 0x14, 0x51, 0x40, 0x05, 0x14, 0x51, 0x40, 0x05, 0x14, 0x50,
  0x06, 0x4E, 0x05, 0x00, 0x3E, 0x24, 0xDC, 0x72, 0x7A, 0x0A, 0x9E, 0x91, 0x57, 0x6A, 0x81, 0x56,
  0x2D, 0xAD, 0x5E, 0xE1, 0xC0, 0x51, 0x9C, 0xD5, 0x12, 0x42, 0x06, 0x69, 0xEB, 0x13, 0x63, 0x38,
  0x35, 0xDB, 0x78, 0x77, 0xE1, 0xF5, 0xD6, 0xAA, 0xCB, 0x88, 0x98, 0x83, 0xED, 0x5E, 0x85, 0x61,
  0xF0, 0x3E, 0xE6, 0x58, 0x81, 0x31, 0x1E, 0x9E, 0x94, 0x5C, 0x47, 0x84, 0x18, 0xD8, 0x76, 0xA6,
  0xE2, 0xBD, 0xBF, 0x56, 0xF8, 0x29, 0x75, 0x6D, 0x19, 0x61, 0x11, 0xE3, 0xD0, 0x57, 0x9D, 0xEB,
  0x9E, 0x0D, 0xB9, 0xD2, 0x99, 0xB7, 0xC6, 0x46, 0x3D, 0xA8, 0x4C, 0x0E, 0x58, 0x0C, 0x52, 0xD3,
  0xE4, 0x88, 0xC6, 0xC4, 0x11, 0x4C, 0xEB, 0x4C, 0x03, 0xAD, 0x38, 0x0C, 0x50, 0x06, 0x28, 0xA0,
  0x02, 0x8A, 0x29, 0xC0, 0x62, 0x80, 0x00, 0x29, 0x68, 0xA2, 0x80, 0x0A, 0x29, 0x40, 0xCD, 0x2E,
  0x31, 0x40, 0x08, 0x16, 0x97, 0x18, 0xA5, 0xA2, 0x80, 0x0A, 0x28, 0xA5, 0xDB, 0x40, 0x09, 0x45,
  0x2E, 0xDA, 0x5C, 0x50, 0x03, 0x68, 0xA7, 0x51, 0x40, 0x0D, 0xC5, 0x14, 0xEA, 0x28, 0x01, 0xB4,
  0x53, 0xB1, 0x49, 0xB4, 0x50, 0x02, 0x51, 0x4B, 0xB6, 0x92, 0x80, 0x13, 0x19, 0xA4, 0x2B, 0x4E,
  0xA2, 0x80, 0x19, 0x45, 0x3B, 0x19, 0xA4, 0x23, 0x14, 0x00, 0x94, 0x84, 0x52, 0xD1, 0x40, 0x0C,
  0xA2, 0x9C, 0x46, 0x69, 0x28, 0x01, 0x08, 0xCD, 0x37, 0xA5, 0x3A, 0x82, 0x33, 0x40, 0x0D, 0xA4,
  0x23, 0x34, 0xBD, 0x29, 0xD1, 0xC6, 0x64, 0x6C, 0x01, 0x9A, 0x00, 0x8B, 0x14, 0xE1, 0x1B, 0x1E,
  0x82, 0xBA, 0x7D, 0x0F, 0xC1, 0xF7, 0x3A, 0xA3, 0xAE, 0xC8, 0xC9, 0xCF, 0xB5, 0x7A, 0x2E, 0x91,
  0xF0, 0x56, 0xEA, 0xE6, 0x30, 0xC6, 0x23, 0xF9, 0x52, 0xB8, 0x1E, 0x26, 0xD1, 0x36, 0x3A, 0x54,
  0x64, 0x11, 0x5E, 0xF9, 0x7D, 0xF0, 0x3A, 0xE6, 0x38, 0x89, 0x11, 0x13, 0xF8, 0x57, 0x9F, 0xF8,
  0x8B, 0xE1, 0xE5, 0xD6, 0x96, 0x58, 0x98, 0x98, 0x01, 0xED, 0x45, 0xC0, 0xE0, 0xAA, 0x09, 0x53,
  0x69, 0xC8, 0xE8, 0x6A, 0xFD, 0xD5, 0xA3, 0xDB, 0xB9, 0x56, 0x04, 0x55, 0x66, 0x5D, 0xC0, 0x83,
  0x46, 0xE3, 0x2B, 0x51, 0x41, 0x05, 0x49, 0x06, 0x8A, 0x92, 0x82, 0x8A, 0x28, 0xA0, 0x02, 0x8A,
  0x28, 0xA0, 0x02, 0x8A, 0x28, 0xA0, 0x02, 0x8A, 0x28, 0xA0, 0x02, 0x8A, 0x28, 0xA0, 0x02, 0x8A,
  0x28, 0xA0, 0x02, 0x8A, 0x28, 0xA0, 0x02, 0x8A, 0x28, 0xA0, 0x02, 0x8A, 0x28, 0xA0, 0x02, 0x8A,
  0x28, 0xA0, 0x02, 0x8A, 0x28, 0xA0, 0x02, 0x8A, 0x28, 0xA0, 0x02, 0x8A, 0x28, 0xA0, 0x02, 0x8A,
  0x28, 0xA0, 0x02, 0x8A, 0x28, 0xA0, 0x02, 0x8A, 0x28, 0xA0, 0x02, 0x8A, 0x28, 0xA0, 0x02, 0x8A,
  0x28, 0xA0, 0x02, 0x8A, 0x28, 0xA0, 0x02, 0x8A, 0x28, 0xA0, 0x02, 0x8A, 0x28, 0xA0, 0x02, 0x8A,
  0x28, 0xA0, 0x02, 0x8A, 0x28, 0xA0, 0x02, 0x8A, 0x28, 0xA0, 0x02, 0xA5, 0x85, 0x3F, 0x8B, 0xF2,
  0xA8, 0xD5, 0x77, 0x10, 0x2A, 0xC8, 0x18, 0x18, 0xA6, 0x84, 0xC9, 0x21, 0x8C, 0xC8, 0xE0, 0x0A,
  0xF5, 0x4F, 0x86, 0x9E, 0x03, 0x7D, 0x66, 0xEA, 0x3C, 0xA6, 0x41, 0x3E, 0x95, 0xE7, 0x9A, 0x05,
  0xAF, 0xDA, 0x6F, 0x51, 0x71, 0x9C, 0x9A, 0xFB, 0x97, 0xF6, 0x54, 0xF8, 0x72, 0x35, 0xFD, 0x6F,
  0x4F, 0x80, 0x44, 0x1D, 0x99, 0x97, 0x0A, 0xC3, 0x82, 0xC4, 0x80, 0xA0, 0xFB, 0x64, 0x8F, 0xC0,
  0x1A, 0x1B, 0xB1, 0x0D, 0xD9, 0x5C, 0xF6, 0x0F, 0xD9, 0xDB, 0xF6, 0x47, 0x9F, 0xC5, 0x71, 0xC7,
  0x34, 0xD0, 0x2C, 0x16, 0xA8, 0x14, 0xC9, 0x24, 0x80, 0x85, 0x40, 0x79, 0x19, 0xC7, 0x24, 0x9E,
  0xCA, 0x39, 0xF5, 0x22, 0xBE, 0xC1, 0xD0, 0x3F, 0x65, 0xBF, 0x06, 0x68, 0xD6, 0xAB, 0x1C, 0xB1,
  0x4D, 0x74, 0xE0, 0x60, 0xB2, 0x05, 0x88, 0x7E, 0x00, 0x02, 0x7F, 0x32, 0x6B, 0xD3, 0xBC, 0x3B,
  0xE1, 0xFB, 0x4F, 0x0B, 0xE8, 0xB6, 0xBA, 0x65, 0x92, 0x05, 0x82, 0xDD, 0x76, 0xE7, 0xBB, 0xB7,
  0xF1, 0x39, 0xF7, 0x27, 0x9A, 0xD2, 0xAE, 0x67, 0x26, 0xCC, 0x37, 0xDC, 0xF0, 0xAF, 0x18, 0xFE,
  0xC9, 0x1E, 0x15, 0xD7, 0xED, 0x64, 0x16, 0x39, 0xB5, 0x9C, 0x8F, 0x94, 0x5C, 0x28, 0x75, 0xCF,
  0xFB, 0xCA, 0x03, 0x0F, 0xD7, 0xE9, 0x5F, 0x09, 0xFE, 0xD0, 0xBF, 0xB3, 0x2D, 0xD7, 0x83, 0x6E,
  0x6E, 0x63, 0x9A, 0xD4, 0xA8, 0x5E, 0xF8, 0x07, 0x83, 0xD0, 0x82, 0x38, 0x2A, 0x7B, 0x11, 0xF4,
  0x38, 0x35, 0xFA, 0xC3, 0x5E, 0x7F, 0xF1, 0xB7, 0xC0, 0xB6, 0xBE, 0x36, 0xF0, 0x2D, 0xFA, 0xCB,
  0x0A, 0xC9, 0x73, 0x69, 0x13, 0xCD, 0x13, 0x63, 0x92, 0xA0, 0x65, 0xD3, 0xE8, 0x40, 0x27, 0xEA,
  0x01, 0xA6, 0xA4, 0xD0, 0x27, 0x63, 0xF0, 0x03, 0xC7, 0x1E, 0x15, 0x7D, 0x1E, 0xF2, 0x40, 0x50,
  0x80, 0x0F, 0xA5, 0x71, 0x65, 0x76, 0x9C, 0x77, 0xAF, 0xA9, 0xFF, 0x00, 0x68, 0x2F, 0x07, 0x2E,
  0x97, 0xA8, 0x5D, 0xA6, 0xDE, 0x63, 0x76, 0x5C, 0xE3, 0xAF, 0xBD, 0x7C, 0xC1, 0x7B, 0x1F, 0x97,
  0x3B, 0x0F, 0x7A, 0xE8, 0x46, 0xE9, 0xDC, 0xAF, 0x45, 0x14, 0xE0, 0x31, 0x54, 0x30, 0x03, 0x14,
  0xB4, 0x51, 0x40, 0x05, 0x38, 0x0A, 0x00, 0xC5, 0x2D, 0x00, 0x14, 0x51, 0x4A, 0x16, 0x80, 0x13,
  0x19, 0xA5, 0x0B, 0x4B, 0x45, 0x00, 0x14, 0x51, 0x45, 0x00, 0x14, 0x52, 0xE0, 0xD2, 0xED, 0xA0,
  0x06, 0xD1, 0x4E, 0xDB, 0x46, 0x05, 0x00, 0x36, 0x8A, 0x76, 0x05, 0x1B, 0x68, 0x01, 0xB4, 0x53,
  0xB6, 0xD2, 0x60, 0xD0, 0x02, 0x51, 0x45, 0x14, 0x00, 0x85, 0x69, 0x08, 0xC5, 0x3A, 0x8A, 0x00,
  0x6D, 0x14, 0xA5, 0x69, 0x28, 0x01, 0x08, 0xA6, 0xD3, 0xE9, 0x08, 0xCD, 0x00, 0x36, 0x82, 0x33,
  0x45, 0x14, 0x00, 0xDE, 0x94, 0x94, 0xE2, 0x33, 0x4D, 0xA0, 0x03, 0x6E, 0xE3, 0x8A, 0xEC, 0x3C,
  0x13, 0xE1, 0x77, 0xD5, 0xEF, 0x23, 0x50, 0xA4, 0x82, 0x6B, 0x96, 0xB4, 0x8F, 0xCC, 0x99, 0x47,
  0xBD, 0x7D, 0x2F, 0xF0, 0x07, 0xC2, 0x03, 0x53, 0xBF, 0xB5, 0x40, 0xA3, 0x74, 0x8E, 0xAA, 0x09,
  0x1E, 0xA6, 0x93, 0x13, 0x76, 0x3D, 0xAF, 0xF6, 0x7C, 0xFD, 0x9A, 0xAE, 0xBC, 0x63, 0x75, 0x6D,
  0x14, 0x16, 0xAC, 0xFB, 0xCF, 0x60, 0x01, 0x38, 0xEA, 0x72, 0x78, 0x00, 0x77, 0x27, 0x81, 0xEE,
  0x78, 0xAF, 0xBC, 0x7C, 0x17, 0xFB, 0x22, 0xF8, 0x5B, 0x40, 0xB5, 0x8F, 0xFB, 0x40, 0x9B, 0x99,
  0xC0, 0x1B, 0x96, 0xDD, 0x42, 0xA8, 0xFF, 0x00, 0x81, 0xB0, 0x2C, 0x7F, 0x4A, 0xEC, 0x7E, 0x02,
  0xF8, 0x0E, 0xD3, 0xC1, 0x5E, 0x03, 0xB1, 0x78, 0xA1, 0x54, 0xB9, 0xBD, 0x89, 0x64, 0x76, 0xC7,
  0x22, 0x3F, 0xE0, 0x5F, 0xCB, 0xE6, 0x3E, 0xED, 0x5E, 0x91, 0x5C, 0xD2, 0x93, 0x30, 0x6E, 0xE7,
  0x90, 0xEB, 0x9F, 0xB2, 0xF7, 0x82, 0xF5, 0x7B, 0x56, 0x8E, 0x38, 0x66, 0xB6, 0x7C, 0x60, 0x33,
  0x6D, 0x94, 0x7E, 0x20, 0x80, 0x7F, 0x22, 0x2B, 0xE4, 0x5F, 0xDA, 0x1F, 0xF6, 0x43, 0x9B, 0xC2,
  0xF0, 0xC9, 0x71, 0x6F, 0x0A, 0xDC, 0x5A, 0x3E, 0x76, 0x49, 0x10, 0x25, 0x5B, 0x03, 0x24, 0x0C,
  0xF2, 0x1B, 0x1F, 0xC2, 0x7F, 0x02, 0x6B, 0xF4, 0x62, 0xA8, 0xEB, 0x9A, 0x25, 0xA7, 0x88, 0xB4,
  0x9B, 0x9D, 0x36, 0xFA, 0x31, 0x25, 0xB5, 0xC2, 0x6C, 0x6F, 0x55, 0xF4, 0x61, 0xE8, 0x41, 0xE4,
  0x1F, 0x6A, 0x4A, 0x4D, 0x06, 0xDB, 0x1F, 0xCF, 0x7F, 0xC4, 0xDF, 0x00, 0xBE, 0x8D, 0x73, 0x21,
  0x11, 0xE0, 0x03, 0xE9, 0x5E, 0x4D, 0x3C, 0x66, 0x29, 0x0A, 0x9A, 0xFD, 0x04, 0xFD, 0xAC, 0xFE,
  0x1A, 0x8F, 0x0E, 0xEB, 0xBA, 0x8D, 0xBB, 0x46, 0xAA, 0xCA, 0xEE, 0x1B, 0x68, 0xE3, 0x70, 0x62,
  0x1B, 0x1E, 0xD9, 0x19, 0xFC, 0x6B, 0xE0, 0xEF, 0x11, 0x5A, 0x7D, 0x9A, 0xF6, 0x45, 0xC6, 0x30,
  0x6B, 0xA5, 0x33, 0x78, 0xBB, 0xAB, 0x98, 0x93, 0x2E, 0x46, 0xEA, 0x86, 0xAD, 0x11, 0x91, 0x8A,
  0xAC, 0xCB, 0xB5, 0x88, 0xA1, 0x96, 0x84, 0xA2, 0x8A, 0x29, 0x0C, 0x28, 0xA2, 0x8A, 0x00, 0x28,
  0xA2, 0x8A, 0x00, 0x28, 0xA2, 0x8A, 0x00, 0x28, 0xA2, 0x8A, 0x00, 0x28, 0xA2, 0x8A, 0x00, 0x28,
  0xA2, 0x8A, 0x00, 0x28, 0xA2, 0x8A, 0x00, 0x28, 0xA2, 0x8A, 0x00, 0x28, 0xA2, 0x8A, 0x00, 0x28,
  0xA2, 0x8A, 0x00, 0x28, 0xA2, 0x8A, 0x00, 0x28, 0xA2, 0x8A, 0x00, 0x28, 0xA2, 0x8A, 0x00, 0x28,
  0xA2, 0x8A, 0x00, 0x28, 0xA2, 0x8A, 0x00, 0x28, 0xA2, 0x8A, 0x00, 0x28, 0xA2, 0x8A, 0x00, 0x28,
  0xA2, 0x8A, 0x00, 0x28, 0xA2, 0x8A, 0x00, 0x28, 0xA2, 0x8A, 0x00, 0x28, 0xA2, 0x8A, 0x00, 0x28,
  0xA2, 0x8A, 0x00, 0x28, 0xA2, 0x80, 0x32, 0x68, 0x02, 0x58, 0x17, 0xAB, 0x54, 0xB4, 0x8A, 0x36,
  0x80, 0x29, 0x6A, 0x89, 0x3A, 0x1F, 0x08, 0x90, 0x35, 0x18, 0xB3, 0xEA, 0x2B, 0xF4, 0xB3, 0xF6,
  0x18, 0xBC, 0xB6, 0x87, 0xC6, 0x5A, 0x41, 0x90, 0xA8, 0x1E, 0x74, 0x5C, 0x9F, 0xF7, 0xB1, 0xFC,
  0xC8, 0xAF, 0xCC, 0x3D, 0x16, 0xE7, 0xEC, 0xD7, 0x48, 0xDE, 0x86, 0xBE, 0xC6, 0xFD, 0x9B, 0x7E,
  0x24, 0x8D, 0x0B, 0x52, 0xB3, 0x9B, 0xCD, 0x29, 0xB4, 0x80, 0xC5, 0x4F, 0x20, 0x7A, 0x8F, 0x70,
  0x70, 0x7F, 0x0A, 0x99, 0x22, 0x24, 0xAE, 0x8F, 0xDA, 0x4E, 0x94, 0x57, 0x27, 0xF0, 0xDB, 0xE2,
  0x05, 0x97, 0xC4, 0x3F, 0x0E, 0x41, 0x7D, 0x6F, 0x2A, 0x1B, 0xA5, 0x45, 0xFB, 0x4C, 0x4A, 0x7E,
  0xEB, 0x11, 0xF7, 0x87, 0xFB, 0x2D, 0xD4, 0x1F, 0xC3, 0xA8, 0xAE, 0xB2, 0xB9, 0x4C, 0x42, 0xAA,
  0x6A, 0xF3, 0x47, 0x6F, 0xA4, 0xDF, 0x4B, 0x31, 0x02, 0x14, 0xB7, 0x91, 0x9C, 0x9E, 0x9B, 0x42,
  0x1C, 0xD5, 0xBA, 0xF1, 0x8F, 0xDA, 0x4B, 0xE2, 0xD5, 0x87, 0x82, 0x7C, 0x25, 0x79, 0xA6, 0x24,
  0xEA, 0xD7, 0xD7, 0x09, 0xB6, 0x65, 0x53, 0xCC, 0x68, 0x79, 0xDA, 0x7F, 0xDA, 0x6E, 0x98, 0xEC,
  0x32, 0x7D, 0x28, 0x4A, 0xE0, 0x7E, 0x68, 0x7E, 0xD4, 0x33, 0xC4, 0xDA, 0xAD, 0xF0, 0x5C, 0x70,
  0x40, 0x3F, 0x5D, 0xA3, 0x35, 0xF1, 0x7E, 0xAA, 0x41, 0xBA, 0x7C, 0x7A, 0xD7, 0xD0, 0x5F, 0x1D,
  0x7C, 0x69, 0xFD, 0xAB, 0x7D, 0x72, 0xC6, 0x4D, 0xCE, 0xEC, 0x58, 0x9F, 0x72, 0x6B, 0xE7, 0x7B,
  0x97, 0xF3, 0x66, 0x63, 0xEF, 0x5D, 0x68, 0xDA, 0x2A, 0xC8, 0x88, 0x0A, 0x5A, 0x28, 0xAA, 0x28,
  0x29, 0xC0, 0x62, 0x80, 0x29, 0x68, 0x00, 0xA2, 0x8A, 0x70, 0x18, 0xA0, 0x00, 0x0C, 0x51, 0x45,
  0x14, 0x00, 0x51, 0x4A, 0x06, 0x69, 0xC0, 0x62, 0x80, 0x1A, 0x16, 0x9D, 0x8C, 0x51, 0x45, 0x00,
  0x14, 0x51, 0x45, 0x00, 0x14, 0x51, 0x46, 0x28, 0x15, 0xC2, 0x8A, 0x31, 0x45, 0x01, 0x70, 0xA2,
  0x8A, 0x28, 0x18, 0x62, 0x9A, 0x56, 0x9D, 0x45, 0x00, 0x32, 0x8A, 0x79, 0x19, 0xA6, 0x91, 0x8A,
  0x00, 0x4A, 0x08, 0xCD, 0x14, 0x50, 0x03, 0x68, 0xA7, 0x11, 0x9A, 0x6D, 0x00, 0x21, 0x19, 0xA6,
  0xD3, 0xE9, 0x08, 0xA0, 0x06, 0xD2, 0x11, 0x4B, 0x45, 0x00, 0x59, 0xD3, 0x08, 0x17, 0x29, 0x9F,
  0x5A, 0xFB, 0x1B, 0xF6, 0x62, 0x9E, 0x25, 0xD5, 0xB4, 0xFC, 0xE3, 0x25, 0xC0, 0x1F, 0x5C, 0x60,
  0x7E, 0xB5, 0xF1, 0x9C, 0x0F, 0xE5, 0xCA, 0x0D, 0x7D, 0x03, 0xF0, 0x3B, 0xC6, 0x3F, 0xD9, 0x97,
  0xB6, 0xE4, 0x49, 0xB1, 0x95, 0x81, 0x07, 0xD0, 0x8A, 0x96, 0x4C, 0x95, 0xD1, 0xFB, 0xB5, 0xE1,
  0xA9, 0xA2, 0xB8, 0xF0, 0xE6, 0x93, 0x2C, 0x24, 0x18, 0x9E, 0xD2, 0x12, 0xB8, 0xF4, 0xD8, 0x2B,
  0x4A, 0xBC, 0x3B, 0xF6, 0x64, 0xF8, 0xBB, 0x63, 0xE3, 0x1F, 0x0A, 0x5A, 0x69, 0x32, 0xCE, 0xAB,
  0x7B, 0x08, 0x22, 0x05, 0x63, 0xF7, 0xD7, 0xA9, 0x41, 0xEE, 0xBC, 0xE0, 0x77, 0x52, 0x31, 0xD0,
  0xD7, 0xB8, 0xD7, 0x23, 0x56, 0x31, 0x41, 0x41, 0xE9, 0x45, 0x73, 0x3F, 0x10, 0x3C, 0x77, 0x63,
  0xF0, 0xFF, 0x00, 0xC3, 0xF3, 0x6A, 0x17, 0x72, 0x20, 0x9F, 0x6B, 0x7D, 0x9E, 0x16, 0x38, 0x32,
  0x38, 0x1D, 0x7F, 0xDD, 0x1D, 0x49, 0xF4, 0xF7, 0x22, 0x80, 0x3E, 0x07, 0xFD, 0xBB, 0xAE, 0xED,
  0xA5, 0xF1, 0x7E, 0xA9, 0xE5, 0x90, 0x48, 0x92, 0x40, 0x71, 0xEA, 0x02, 0x83, 0xFA, 0x83, 0x5F,
  0x98, 0xDE, 0x33, 0x20, 0xEA, 0x52, 0xE3, 0xA6, 0x4D, 0x7D, 0x7F, 0xFB, 0x4C, 0x7C, 0x4D, 0xFF,
  0x00, 0x84, 0x83, 0x54, 0xBD, 0x9C, 0xCC, 0x64, 0xDE, 0xC7, 0x0C, 0x7A, 0xB7, 0x24, 0x93, 0xF8,
  0x92, 0x4F, 0xE3, 0x5F, 0x18, 0x6B, 0xB7, 0x5F, 0x6A, 0xBB, 0x76, 0xCE, 0x72, 0x6B, 0xA6, 0x2B,
  0x43, 0x58, 0xAB, 0x23, 0x2E, 0xA3, 0x9D, 0x78, 0x0D, 0x52, 0x50, 0x46, 0x41, 0x15, 0x66, 0x85,
  0x5A, 0x28, 0x23, 0x07, 0x14, 0x54, 0x94, 0x14, 0x51, 0x45, 0x00, 0x14, 0x51, 0x45, 0x00, 0x14,
  0x51, 0x45, 0x00, 0x14, 0x51, 0x45, 0x00, 0x14, 0x51, 0x45, 0x00, 0x14, 0x51, 0x45, 0x00, 0x14,
  0x51, 0x45, 0x00, 0x14, 0x51, 0x45, 0x00, 0x14, 0x51, 0x45, 0x00, 0x14, 0x51, 0x45, 0x00, 0x14,
  0x51, 0x45, 0x00, 0x14, 0x51, 0x45, 0x00, 0x14, 0x51, 0x45, 0x00, 0x14, 0x51, 0x45, 0x00, 0x14,
  0x51, 0x45, 0x00, 0x14, 0x51, 0x45, 0x00, 0x14, 0x51, 0x45, 0x00, 0x14, 0x51, 0x45, 0x00, 0x14,
  0x51, 0x45, 0x00, 0x14, 0x51, 0x45, 0x00, 0x14, 0x51, 0x45, 0x00, 0x14, 0x51, 0x45, 0x00, 0x14,
  0xF8, 0x57, 0x2D, 0x9F, 0x4A, 0x65, 0x4F, 0x0A, 0xE1, 0x33, 0xEB, 0x4D, 0x09, 0x8F, 0xA2, 0x8A,
  0x55, 0xAA, 0x24, 0x7A, 0x36, 0xC6, 0x04, 0x57, 0x77, 0xE0, 0x7F, 0x19, 0x4B, 0xA2, 0xDD, 0x46,
  0x43, 0x90, 0x01, 0xF5, 0xAE, 0x0E, 0x9F, 0x1C, 0x8D, 0x1B, 0x02, 0x0D, 0x20, 0x3F, 0x40, 0x7E,
  0x08, 0x7E, 0xD3, 0xF7, 0xDE, 0x11, 0x96, 0xDE, 0x4B, 0x6B, 0xD7, 0x8C, 0xA7, 0x4D, 0xAF, 0x82,
  0x01, 0xEA, 0x07, 0xB1, 0xEE, 0x08, 0x20, 0xFA, 0x57, 0xD7, 0xBE, 0x1D, 0xFD, 0xBA, 0xED, 0x26,
  0xB4, 0x5F, 0xB7, 0xDA, 0xDB, 0x4D, 0x26, 0x3E, 0xFE, 0x1A, 0x32, 0x4F, 0xBE, 0xDD, 0xC3, 0xF2,
  0x02, 0xBF, 0x17, 0xB4, 0xBF, 0x13, 0xDC, 0xD8, 0x11, 0xB2, 0x42, 0x31, 0xEF, 0x5D, 0x5D, 0xA7,
  0xC5, 0x4B, 0xD8, 0x13, 0x1E, 0x6B, 0x7E, 0x75, 0x0E, 0x29, 0x90, 0xE1, 0x73, 0xF5, 0x7F, 0xC7,
  0x1F, 0xB7, 0x51, 0xFB, 0x1C, 0xA9, 0xA5, 0xAC, 0x36, 0x44, 0x8C, 0x07, 0x84, 0x12, 0xFF, 0x00,
  0xF7, 0xDB, 0xF4, 0xFC, 0x17, 0x35, 0xF1, 0x37, 0xC6, 0x3F, 0x8F, 0xF7, 0x3E, 0x22, 0x96, 0x77,
  0x96, 0xE8, 0xC8, 0xCC, 0x49, 0xC6, 0xE2, 0x79, 0x3D, 0x4F, 0x3C, 0x92, 0x7D, 0x4F, 0x35, 0xF3,
  0xA5, 0xFF, 0x00, 0xC4, 0xDB, 0xDB, 0xA4, 0x20, 0xCA, 0xDC, 0xFB, 0xD7, 0x27, 0xA8, 0xEB, 0xB3,
  0xDF, 0x31, 0x2E, 0xE4, 0xE7, 0xDE, 0x85, 0x14, 0x81, 0x46, 0xC5, 0xEF, 0x13, 0xF8, 0x86, 0x4D,
  0x56, 0xE9, 0xD8, 0xB1, 0x39, 0x35, 0xCF, 0xD2, 0x64, 0xB1, 0xC9, 0xA5, 0xAB, 0x2C, 0x29, 0x40,
  0xCD, 0x25, 0x38, 0x71, 0x4C, 0x05, 0xA2, 0x8A, 0x50, 0x28, 0x01, 0x40, 0xC5, 0x14, 0x51, 0x40,
  0x05, 0x28, 0x14, 0x01, 0x4E, 0xA0, 0x02, 0x8A, 0x28, 0xA0, 0x02, 0x8C, 0x66, 0x94, 0x2D, 0x3A,
  0x81, 0x0D, 0xDB, 0x4B, 0x81, 0x4B, 0x45, 0x03, 0x0A, 0x28, 0xA2, 0x80, 0xB8, 0x51, 0x45, 0x14,
  0x05, 0xC4, 0xC0, 0xA4, 0xDB, 0x4E, 0xA2, 0x80, 0x19, 0x8C, 0x51, 0x4F, 0xA6, 0x95, 0xA0, 0x42,
  0x51, 0x45, 0x14, 0x0C, 0x69, 0x14, 0x94, 0xFA, 0x69, 0x14, 0x00, 0x94, 0x11, 0x9A, 0x28, 0xA0,
  0x06, 0xD1, 0x4A, 0x45, 0x25, 0x00, 0x34, 0x8A, 0x4A, 0x77, 0x5A, 0x6D, 0x00, 0x15, 0xBD, 0xE1,
  0xAD, 0x7E, 0x4D, 0x2A, 0xE5, 0x19, 0x58, 0x8C, 0x1A, 0xC1, 0xA4, 0xC9, 0x53, 0x91, 0x48, 0x0F,
  0xB0, 0xFE, 0x0F, 0x7C, 0x7B, 0xB8, 0xF0, 0xFC, 0xB0, 0xBC, 0x77, 0x25, 0x08, 0x20, 0x91, 0xB8,
  0x80, 0x71, 0xD3, 0xF1, 0x1E, 0xA3, 0x91, 0x5F, 0x6E, 0x78, 0x13, 0xF6, 0xEA, 0x75, 0xB3, 0x8A,
  0x3D, 0x50, 0x45, 0x7D, 0x80, 0x06, 0xF9, 0xC1, 0xDF, 0xFF, 0x00, 0x7D, 0xAF, 0x5F, 0xC5, 0x73,
  0x5F, 0x8E, 0x5A, 0x7E, 0xB7, 0x3D, 0x8B, 0x02, 0x8E, 0x46, 0x2B, 0xAC, 0xD3, 0xFE, 0x25, 0xDE,
  0xDA, 0xA0, 0x02, 0x56, 0xE3, 0xDE, 0xA1, 0xC5, 0x32, 0x1C, 0x6E, 0x7E, 0xBF, 0xF8, 0x83, 0xF6,
  0xEA, 0xB2, 0x8A, 0xD1, 0xBE, 0xC3, 0x6B, 0x6D, 0x14, 0x98, 0xFB, 0xC4, 0x3C, 0x84, 0x7D, 0x03,
  0x6D, 0x1F, 0x9E, 0x6B, 0xE4, 0x6F, 0x8E, 0x1F, 0xB5, 0x1D, 0xFF, 0x00, 0x8B, 0xE4, 0xB8, 0x92,
  0xE6, 0xF5, 0xDF, 0x70, 0xC1, 0xCB, 0xE4, 0x91, 0xD8, 0x71, 0x80, 0x07, 0xB0, 0x00, 0x57, 0xC7,
  0xF7, 0x5F, 0x15, 0x6F, 0x66, 0x8C, 0x8F, 0x35, 0xBF, 0x3A, 0xE5, 0xB5, 0x4F, 0x15, 0x5C, 0xEA,
  0x04, 0xEE, 0x90, 0x9C, 0xFB, 0xD2, 0x51, 0x48, 0x14, 0x2C, 0x6F, 0x78, 0xEF, 0xC6, 0xB2, 0x6B,
  0x57, 0x52, 0x1D, 0xE4, 0x82, 0x6B, 0x81, 0x91, 0x8B, 0xB1, 0x26, 0x96, 0x59, 0x1A, 0x46, 0x24,
  0x9A, 0x65, 0x68, 0x8B, 0x1B, 0x49, 0x4A, 0xC2, 0x92, 0x98, 0x10, 0x4C, 0xB8, 0x6C, 0xFA, 0xD3,
  0x2A, 0x79, 0x97, 0x29, 0xF4, 0xA8, 0x2A, 0x59, 0x48, 0x28, 0xA2, 0x8A, 0x43, 0x0A, 0x28, 0xA2,
  0x80, 0x0A, 0x28, 0xA2, 0x80, 0x0A, 0x28, 0xA2, 0x80, 0x0A, 0x28, 0xA2, 0x80, 0x0A, 0x28, 0xA2,
  0x80, 0x0A, 0x28, 0xA2, 0x80, 0x0A, 0x28, 0xA2, 0x80, 0x0A, 0x28, 0xA2, 0x80, 0x0A, 0x28, 0xA2,
  0x80, 0x0A, 0x28, 0xA2, 0x80, 0x0A, 0x28, 0xA2, 0x80, 0x0A, 0x28, 0xA2, 0x80, 0x0A, 0x28, 0xA2,
  0x80, 0x0A, 0x28, 0xA2, 0x80, 0x0A, 0x28, 0xA2, 0x80, 0x0A, 0x28, 0xA2, 0x80, 0x0A, 0x28, 0xA2,
  0x80, 0x0A, 0x28, 0xA2, 0x80, 0x0A, 0x28, 0xA2, 0x80, 0x0A, 0x28, 0xA2, 0x80, 0x0A, 0x28, 0xA2,
  0x80, 0x01, 0xC9, 0xAB, 0x40, 0x60, 0x01, 0x55, 0xE2, 0x19, 0x71, 0x56, 0x29, 0xA1, 0x30, 0xA7,
  0x0E, 0x94, 0xDA, 0x7D, 0x51, 0x21, 0x4A, 0xB4, 0x94, 0xE1, 0xD2, 0x80, 0x16, 0x81, 0xD6, 0x8A,
  0x55, 0xA0, 0x07, 0x66, 0x92, 0x8A, 0x51, 0xD6, 0x80, 0x1C, 0x38, 0x14, 0x51, 0x45, 0x00, 0x2A,
  0x8A, 0x75, 0x20, 0xE2, 0x96, 0x80, 0x00, 0x33, 0x4E, 0xA4, 0x51, 0x4B, 0x40, 0x05, 0x28, 0x19,
  0xA4, 0xA7, 0x81, 0x8A, 0x00, 0x28, 0xA2, 0x8A, 0x00, 0x29, 0xC0, 0x62, 0x80, 0x31, 0x4B, 0x40,
  0x05, 0x14, 0x50, 0x06, 0x68, 0x15, 0xC2, 0x8C, 0x66, 0x9C, 0x06, 0x28, 0xA0, 0x2C, 0x26, 0xDA,
  0x36, 0xD2, 0xD1, 0x40, 0x68, 0x26, 0xDA, 0x36, 0xD2, 0xD1, 0x40, 0x68, 0x37, 0x06, 0x8A, 0x75,
  0x04, 0x66, 0x80, 0xB0, 0xDA, 0x28, 0x23, 0x14, 0x50, 0x17, 0x10, 0x8C, 0xD3, 0x69, 0xF4, 0x84,
  0x66, 0x81, 0x8D, 0xA2, 0x8A, 0x28, 0x01, 0xA4, 0x62, 0x92, 0x9E, 0x46, 0x69, 0x94, 0x00, 0x53,
  0x48, 0xC5, 0x3A, 0x90, 0x8A, 0x00, 0x4A, 0x6B, 0x0A, 0x75, 0x25, 0x00, 0x36, 0x82, 0x33, 0x45,
  0x14, 0x00, 0xCA, 0x5C, 0xD0, 0x7A, 0xD2, 0x50, 0x02, 0x1E, 0xB4, 0x94, 0xAD, 0x49, 0x40, 0x0D,
  0x6A, 0x4A, 0x71, 0xE9, 0x4D, 0xA0, 0x04, 0x3D, 0x29, 0xB4, 0xFA, 0x65, 0x00, 0x04, 0x64, 0x62,
  0xAA, 0x91, 0x82, 0x45, 0x5A, 0xAA, 0xF2, 0x8C, 0x39, 0xF7, 0xA4, 0xC6, 0x86, 0xD1, 0x45, 0x15,
  0x25, 0x05, 0x14, 0x51, 0x40, 0x05, 0x14, 0x51, 0x40, 0x05, 0x14, 0x51, 0x40, 0x05, 0x14, 0x51,
  0x40, 0x05, 0x14, 0x51, 0x40, 0x05, 0x14, 0x51, 0x40, 0x05, 0x14, 0x51, 0x40, 0x05, 0x14, 0x51,
  0x40, 0x05, 0x14, 0x51, 0x40, 0x05, 0x14, 0x51, 0x40, 0x05, 0x14, 0x51, 0x40, 0x05, 0x14, 0x51,
  0x40, 0x05, 0x14, 0x51, 0x40, 0x05, 0x14, 0x51, 0x40, 0x05, 0x14, 0x51, 0x40, 0x05, 0x14, 0x51,
  0x40, 0x05, 0x14, 0x51, 0x40, 0x05, 0x14, 0x51, 0x40, 0x05, 0x14, 0x51, 0x40, 0x05, 0x14, 0x51,
  0x40, 0x05, 0x14, 0x51, 0x40, 0x12, 0x40, 0x39, 0x26, 0xA6, 0xA8, 0xE1, 0x18, 0x5C, 0xFB, 0xD4,
  0x95, 0x48, 0x96, 0x28, 0xEB, 0x4E, 0xA6, 0xAD, 0x3A, 0x98, 0x82, 0x9F, 0x4D, 0x1D, 0x69, 0xD4,
  0x00, 0x53, 0x87, 0x4A, 0x6D, 0x3A, 0x80, 0x0A, 0x72, 0xD3, 0x69, 0xE3, 0xA5, 0x00, 0x14, 0xA3,
  0xAD, 0x25, 0x39, 0x68, 0x01, 0x68, 0xA2, 0x95, 0x68, 0x01, 0x68, 0xA2, 0x8A, 0x00, 0x55, 0x14,
  0xEA, 0x07, 0x02, 0x8A, 0x00, 0x29, 0x40, 0xA4, 0x1C, 0xD3, 0xE8, 0x10, 0x51, 0x45, 0x00, 0x66,
  0x80, 0x62, 0x81, 0x9A, 0x5A, 0x28, 0xA0, 0x36, 0x0A, 0x28, 0xA5, 0x0B, 0x40, 0xB7, 0x12, 0x8A,
  0x7E, 0x28, 0xA0, 0x76, 0x19, 0x45, 0x3E, 0x8C, 0x50, 0x16, 0x19, 0x45, 0x29, 0x5A, 0x4A, 0x05,
  0xB0, 0x52, 0x11, 0x8A, 0x5A, 0x28, 0x1E, 0xE3, 0x68, 0xA0, 0x8C, 0x51, 0x40, 0x21, 0xA4, 0x52,
  0x53, 0xE9, 0x84, 0x62, 0x80, 0x0A, 0x46, 0x14, 0xB4, 0x1E, 0x68, 0x18, 0xCA, 0x28, 0xA2, 0x80,
  0x1A, 0x78, 0xA2, 0x95, 0xA9, 0x28, 0x01, 0xA7, 0xAD, 0x25, 0x39, 0xBA, 0x53, 0x68, 0x01, 0x1A,
  0x9B, 0x4F, 0x3D, 0x29, 0x94, 0x00, 0x1E, 0x94, 0xDA, 0x75, 0x34, 0xD0, 0x01, 0x4C, 0xA7, 0xD3,
  0x4F, 0x5A, 0x00, 0x4A, 0x69, 0xEB, 0x4E, 0xA4, 0x6A, 0x00, 0x6D, 0x45, 0x38, 0xE4, 0x1A, 0x96,
  0x99, 0x30, 0xCA, 0x7D, 0x29, 0x31, 0xA2, 0x0A, 0x28, 0xA2, 0xA4, 0xA0, 0xA2, 0x8A, 0x28, 0x00,
  0xA2, 0x8A, 0x28, 0x00, 0xA2, 0x8A, 0x28, 0x00, 0xA2, 0x8A, 0x28, 0x00, 0xA2, 0x8A, 0x28, 0x00,
  0xA2, 0x8A, 0x28, 0x00, 0xA2, 0x8A, 0x28, 0x00, 0xA2, 0x8A, 0x28, 0x00, 0xA2, 0x8A, 0x28, 0x00,
  0xA2, 0x8A, 0x28, 0x00, 0xA2, 0x8A, 0x28, 0x00, 0xA2, 0x8A, 0x28, 0x00, 0xA2, 0x8A, 0x28, 0x00,
  0xA2, 0x8A, 0x28, 0x00, 0xA2, 0x8A, 0x28, 0x00, 0xA2, 0x8A, 0x28, 0x00, 0xA2, 0x8A, 0x28, 0x00,
  0xA2, 0x8A, 0x28, 0x00, 0xA2, 0x8A, 0x28, 0x00, 0xA2, 0x8A, 0x28, 0x00, 0xA2, 0x8A, 0x28, 0x02,
  0xC4, 0x43, 0x08, 0x29, 0xD4, 0x46, 0xB9, 0x0A, 0x3D, 0xAB, 0x42, 0xD7, 0x48, 0x9A, 0xEB, 0x1B,
  0x54, 0x9A, 0xA2, 0x0A, 0x2B, 0x4B, 0x5B, 0xA9, 0xE1, 0x3B, 0xB6, 0x19, 0x11, 0x37, 0xE5, 0x4E,
  0xFF, 0x00, 0x84, 0x4A, 0xF3, 0xFE, 0x79, 0x37, 0xE5, 0x45, 0xC0, 0xC1, 0x5A, 0x75, 0x6F, 0x2F,
  0x84, 0x6F, 0x3F, 0xE7, 0x93, 0x7E, 0x54, 0xBF, 0xF0, 0x89, 0x5E, 0x7F, 0xCF, 0x26, 0xFC, 0xA8,
  0xB8, 0x18, 0x03, 0xAD, 0x3A, 0xB7, 0x87, 0x84, 0xAF, 0x33, 0xFE, 0xA9, 0xBF, 0x2A, 0x8E, 0x6F,
  0x0C, 0xDC, 0xC2, 0xA4, 0xB4, 0x6C, 0x3F, 0x0A, 0x00, 0xC5, 0xA7, 0xD4, 0x93, 0x5B, 0x34, 0x0D,
  0x86, 0x18, 0xA8, 0xE9, 0x80, 0x53, 0x87, 0x4A, 0x6D, 0x3E, 0x80, 0x0A, 0x55, 0xE9, 0x49, 0x4E,
  0x1D, 0x28, 0x00, 0xA5, 0x1D, 0x69, 0x29, 0xCB, 0x40, 0x0B, 0x45, 0x14, 0x50, 0x02, 0xAD, 0x3A,
  0x90, 0x74, 0xA5, 0xA0, 0x02, 0x9C, 0x06, 0x29, 0xA3, 0xAD, 0x3A, 0x81, 0x20, 0xA2, 0x8A, 0x50,
  0x28, 0x16, 0xE2, 0x81, 0x8A, 0x5A, 0x28, 0xA0, 0x61, 0x45, 0x14, 0xBB, 0x68, 0x10, 0x94, 0x52,
  0xED, 0xA4, 0xC6, 0x28, 0x00, 0xA4, 0x23, 0x34, 0xB4, 0x50, 0x31, 0x94, 0x52, 0xB0, 0xA4, 0xA0,
  0x5B, 0x01, 0x19, 0x14, 0xDA, 0x75, 0x34, 0xF5, 0xA0, 0x6C, 0x29, 0xAC, 0x29, 0xD4, 0x87, 0xA5,
  0x03, 0x1B, 0x45, 0x14, 0x50, 0x03, 0x4F, 0x5A, 0x4A, 0x73, 0x53, 0x68, 0x01, 0x0F, 0x4A, 0x4A,
  0x71, 0xA6, 0xD0, 0x02, 0x1E, 0x94, 0xDA, 0x7D, 0x32, 0x80, 0x0A, 0x65, 0x3E, 0x9F, 0x0D, 0xBB,
  0x4C, 0xD8, 0x51, 0x9C, 0xD0, 0x04, 0x34, 0xD3, 0xD6, 0xB7, 0x20, 0xF0, 0xD5, 0xCC, 0xCB, 0x95,
  0x8C, 0x9F, 0xC2, 0xA4, 0x6F, 0x09, 0x5E, 0x7F, 0xCF, 0x26, 0xFC, 0xA9, 0x01, 0xCF, 0xD3, 0x5A,
  0xBA, 0x1F, 0xF8, 0x44, 0xAF, 0x3F, 0xE7, 0x93, 0x7E, 0x54, 0x8D, 0xE1, 0x1B, 0xCF, 0xF9, 0xE4,
  0xDF, 0x95, 0x17, 0x03, 0x9E, 0xA4, 0x6E, 0x95, 0xD0, 0x7F, 0xC2, 0x25, 0x79, 0xFF, 0x00, 0x3C,
  0x9B, 0xF2, 0xA4, 0x7F, 0x09, 0xDD, 0xA8, 0x39, 0x89, 0xBF, 0x2A, 0x2E, 0x07, 0x3D, 0x4D, 0x90,
  0x65, 0x0D, 0x69, 0xDD, 0x68, 0xF3, 0x5A, 0xE7, 0x7A, 0x91, 0x59, 0xD2, 0x2E, 0x01, 0x06, 0x81,
  0x95, 0x68, 0xA2, 0x8A, 0x92, 0x82, 0x8A, 0x28, 0xA0, 0x02, 0x8A, 0x28, 0xA0, 0x02, 0x8A, 0x28,
  0xA0, 0x02, 0x8A, 0x28, 0xA0, 0x02, 0x8A, 0x28, 0xA0, 0x02, 0x8A, 0x28, 0xA0, 0x02, 0x8A, 0x28,
  0xA0, 0x02, 0x8A, 0x28, 0xA0, 0x02, 0x8A, 0x28, 0xA0, 0x02, 0x8A, 0x28, 0xA0, 0x02, 0x8A, 0x28,
  0xA0, 0x02, 0x8A, 0x28, 0xA0, 0x02, 0x8A, 0x28, 0xA0, 0x02, 0x8A, 0x28, 0xA0, 0x02, 0x8A, 0x28,
  0xA0, 0x02, 0x8A, 0x28, 0xA0, 0x02, 0x8A, 0x28, 0xA0, 0x02, 0x8A, 0x28, 0xA0, 0x02, 0x8A, 0x28,
  0xA0, 0x02, 0x8A, 0x28, 0xA0, 0x02, 0x8A, 0x28, 0xA0, 0x0D, 0x1B, 0x24, 0x0F, 0x2A, 0x8A, 0xFA,
  0x13, 0xE0, 0xD7, 0xC3, 0xB4, 0xF1, 0x3D, 0xDD, 0xAC, 0x18, 0x50, 0xD3, 0x3A, 0xA0, 0x67, 0xE8,
  0x09, 0x3D, 0x4D, 0x7C, 0xFF, 0x00, 0xA6, 0xFF, 0x00, 0xC7, 0xCA, 0x7D, 0x6B, 0xEC, 0x4F, 0xD9,
  0x9D, 0x41, 0xD4, 0xB4, 0xF3, 0x8F, 0xF9, 0x68, 0xBF, 0xCE, 0x9B, 0x33, 0x7B, 0x1E, 0xE3, 0x63,
  0xFB, 0x10, 0xF8, 0x8E, 0x5B, 0x68, 0xA4, 0x4D, 0x16, 0x69, 0x63, 0x75, 0x0C, 0xAE, 0x90, 0xB9,
  0x0C, 0x08, 0xC8, 0x23, 0x8E, 0x84, 0x55, 0x8F, 0xF8, 0x61, 0xEF, 0x12, 0xFF, 0x00, 0xD0, 0x0A,
  0xE7, 0xFE, 0xFC, 0x3F, 0xF8, 0x57, 0xE8, 0xFF, 0x00, 0x85, 0xC7, 0xFC, 0x53, 0x3A, 0x3F, 0xFD,
  0x79, 0x41, 0xFF, 0x00, 0xA2, 0xD6, 0xB5, 0x31, 0x5C, 0xFC, 0xEC, 0xC6, 0xEC, 0xFC, 0xCD, 0x1F,
  0xB0, 0xFF, 0x00, 0x89, 0x7F, 0xE8, 0x05, 0x73, 0xFF, 0x00, 0x7E, 0x1F, 0xFC, 0x29, 0x7F, 0xE1,
  0x88, 0x3C, 0x49, 0xFF, 0x00, 0x40, 0x2B, 0x9F, 0xFB, 0xF0, 0xFF, 0x00, 0xE1, 0x5F, 0xA6, 0x38,
  0xA3, 0x14, 0x73, 0xB0, 0xBB, 0x3F, 0x33, 0xFF, 0x00, 0xE1, 0x88, 0x3C, 0x49, 0xFF, 0x00, 0x40,
  0x2B, 0x9F, 0xFB, 0xF0, 0xFF, 0x00, 0xE1, 0x5E, 0x7F, 0xF1, 0x67, 0xF6, 0x5D, 0xD4, 0x3C, 0x05,
  0xA3, 0xFD, 0xA7, 0x53, 0xB3, 0xFB, 0x1E, 0xFF, 0x00, 0xB9, 0x1C, 0x88, 0xCA, 0xCC, 0x39, 0xE4,
  0x02, 0x3A, 0x71, 0x5F, 0xAE, 0x18, 0xAF, 0x94, 0x7F, 0x6E, 0xB5, 0x07, 0x49, 0xD2, 0xF3, 0xFF,
  0x00, 0x3C, 0x1B, 0xFF, 0x00, 0x43, 0x34, 0xE3, 0x26, 0xD8, 0x5D, 0xDC, 0xFC, 0x6F, 0xF1, 0xD6,
  0x90, 0xBA, 0x75, 0xFC, 0x88, 0xA3, 0x18, 0x26, 0xB8, 0xD3, 0xD6, 0xBD, 0x2B, 0xE2, 0xB0, 0xC6,
  0xAD, 0x2F, 0xD4, 0xD7, 0x9A, 0x9E, 0xB5, 0xD0, 0x8D, 0xC0, 0x75, 0xA7, 0xD3, 0x47, 0x5A, 0x75,
  0x30, 0x0A, 0x75, 0x36, 0x9D, 0x40, 0x05, 0x39, 0x7A, 0x53, 0x69, 0xC3, 0xA5, 0x00, 0x2D, 0x14,
  0x50, 0x3A, 0xD0, 0x0C, 0x7D, 0x14, 0x51, 0x40, 0x31, 0x56, 0x96, 0x91, 0x7A, 0x52, 0xD0, 0x2E,
  0x81, 0x4F, 0x1D, 0x29, 0x94, 0xFA, 0x01, 0x05, 0x1D, 0x68, 0xA5, 0x5A, 0x04, 0x2F, 0x4A, 0x5A,
  0x28, 0xA0, 0x02, 0x93, 0xAD, 0x2D, 0x14, 0x00, 0xC3, 0xC5, 0x14, 0xAD, 0x49, 0x40, 0x01, 0xE9,
  0x4C, 0xA7, 0xD3, 0x4D, 0x03, 0x62, 0x52, 0x35, 0x2D, 0x23, 0x74, 0xA0, 0x3A, 0x09, 0x45, 0x14,
  0x50, 0x08, 0x65, 0x14, 0x1E, 0xB4, 0x50, 0x08, 0x46, 0xE9, 0x4D, 0xA7, 0x1E, 0x94, 0xDA, 0x06,
  0x14, 0xDA, 0x75, 0x34, 0xF5, 0xA0, 0x02, 0x98, 0x7A, 0xD3, 0xE9, 0xA7, 0xAD, 0x00, 0x20, 0xEB,
  0x5D, 0x77, 0x82, 0x34, 0xA5, 0xD4, 0x6F, 0xE3, 0x42, 0x33, 0x93, 0x5C, 0x88, 0xEB, 0x5E, 0x89,
  0xF0, 0xB4, 0x67, 0x55, 0x8B, 0xEA, 0x29, 0x30, 0x3E, 0xB6, 0xF8, 0x43, 0xFB, 0x31, 0x5F, 0xF8,
  0xFF, 0x00, 0x4A, 0x33, 0xE9, 0x96, 0x9F, 0x6B, 0x68, 0xFE, 0xFC, 0x51, 0xA3, 0x33, 0x81, 0xC7,
  0x38, 0x03, 0xA7, 0x20, 0x57, 0xA3, 0x7F, 0xC3, 0x10, 0x78, 0x93, 0xFE, 0x80, 0x57, 0x3F, 0xF7,
  0xE1, 0xFF, 0x00, 0xC2, 0xBD, 0xD7, 0xF6, 0x0F, 0x50, 0x2D, 0xF5, 0x2C, 0x0F, 0xF9, 0x76, 0xFF,
  0x00, 0xD9, 0xD2, 0xBE, 0xBB, 0xC5, 0x73, 0xB9, 0x34, 0xCC, 0x5B, 0x77, 0x3F, 0x33, 0xBF, 0xE1,
  0x88, 0x3C, 0x49, 0xFF, 0x00, 0x40, 0x2B, 0x9F, 0xFB, 0xF0, 0xFF, 0x00, 0xE1, 0x48, 0x7F, 0x61,
  0xFF, 0x00, 0x12, 0xFF, 0x00, 0xD0, 0x0A, 0xE7, 0xFE, 0xFC, 0x3F, 0xF8, 0x57, 0xE9, 0x96, 0x28,
  0xC5, 0x2E, 0x76, 0x2B, 0xB3, 0xF3, 0x33, 0xFE, 0x18, 0x7B, 0xC4, 0xBF, 0xF4, 0x02, 0xB9, 0xFF,
  0x00, 0xBF, 0x0F, 0xFE, 0x15, 0x0D, 0xDF, 0xEC, 0x41, 0xE2, 0x44, 0x82, 0x47, 0x3A, 0x24, 0xE8,
  0xAA, 0xA5, 0x99, 0x9A, 0x07, 0x00, 0x00, 0x32, 0x49, 0xE2, 0xBF, 0x4E, 0x71, 0x54, 0xB5, 0xA1,
  0xFF, 0x00, 0x12, 0x6D, 0x47, 0xFE, 0xBD, 0xA5, 0xFF, 0x00, 0xD0, 0x0D, 0x1C, 0xEC, 0x2E, 0xCF,
  0xC2, 0x4F, 0x8C, 0xFF, 0x00, 0x0D, 0x93, 0xC2, 0xD7, 0x57, 0x56, 0xC4, 0x23, 0x34, 0x2C, 0x50,
  0xB4, 0x7F, 0x74, 0xE3, 0xB8, 0xAF, 0x9D, 0x6F, 0xE3, 0xF2, 0xE7, 0x61, 0xEF, 0x5F, 0x68, 0x7E,
  0xD3, 0x8A, 0x06, 0xA5, 0xA8, 0x1F, 0xF6, 0xCF, 0xF2, 0xAF, 0x8C, 0xF5, 0x4F, 0xF8, 0xFA, 0x7F,
  0xAD, 0x6E, 0x8D, 0xA2, 0xEE, 0x8C, 0x8A, 0x28, 0x3D, 0x68, 0xA0, 0xD0, 0x28, 0xA2, 0x8A, 0x00,
  0x28, 0xA2, 0x8A, 0x00, 0x28, 0xA2, 0x8A, 0x00, 0x28, 0xA2, 0x8A, 0x00, 0x28, 0xA2, 0x8A, 0x00,
  0x28, 0xA2, 0x8A, 0x00, 0x28, 0xA2, 0x8A, 0x00, 0x28, 0xA2, 0x8A, 0x00, 0x28, 0xA2, 0x8A, 0x00,
  0x28, 0xA2, 0x8A, 0x00, 0x28, 0xA2, 0x8A, 0x00, 0x28, 0xA2, 0x8A, 0x00, 0x28, 0xA2, 0x8A, 0x00,
  0x28, 0xA2, 0x8A, 0x00, 0x28, 0xA2, 0x8A, 0x00, 0x28, 0xA2, 0x8A, 0x00, 0x28, 0xA2, 0x8A, 0x00,
  0x28, 0xA2, 0x8A, 0x00, 0x28, 0xA2, 0x8A, 0x00, 0x28, 0xA2, 0x8A, 0x00, 0x28, 0xA2, 0x8A, 0x00,
  0xD5, 0xD3, 0x7F, 0xE3, 0xE5, 0x3E, 0xB5, 0xF6, 0x27, 0xEC, 0xCE, 0xC3, 0xFB, 0x4B, 0x4F, 0xE7,
  0xFE, 0x5A, 0x2F, 0xF3, 0xAF, 0x8E, 0x2C, 0x5F, 0x64, 0xAA, 0x6B, 0xE8, 0x7F, 0x82, 0xFF, 0x00,
  0x10, 0xA3, 0xF0, 0xCD, 0xDD, 0xA4, 0xE4, 0xAB, 0x18, 0x5D, 0x5C, 0x2B, 0x1E, 0x0E, 0x0F, 0x43,
  0x4D, 0x99, 0xBD, 0x8F, 0xDD, 0x8F, 0x0B, 0x9F, 0xF8, 0xA6, 0x74, 0x7F, 0xFA, 0xF2, 0x83, 0xFF,
  0x00, 0x45, 0xAD, 0x6A, 0x66, 0xBF, 0x35, 0x2C, 0x3F, 0x6E, 0x6F, 0x11, 0xC3, 0x69, 0x14, 0x51,
  0xEA, 0xCF, 0x0C, 0x71, 0xA0, 0x44, 0x45, 0x90, 0xE1, 0x54, 0x0C, 0x00, 0x3F, 0x0A, 0xB1, 0xFF,
  0x00, 0x0D, 0xD3, 0xE2, 0x5F, 0xFA, 0x0D, 0xCB, 0xFF, 0x00, 0x7F, 0x7F, 0xFA, 0xD5, 0xCF, 0xC8,
  0xCC, 0x6C, 0xCF, 0xD2, 0x3C, 0xD1, 0x9A, 0xFC, 0xDD, 0x1F, 0xB7, 0x4F, 0x89, 0x7F, 0xE8, 0x35,
  0x2F, 0xFD, 0xFD, 0xFF, 0x00, 0xEB, 0x52, 0xFF, 0x00, 0xC3, 0x73, 0xF8, 0x93, 0xFE, 0x83, 0x72,
  0xFF, 0x00, 0xDF, 0xDF, 0xFE, 0xB5, 0x1C, 0x8C, 0x2C, 0xFB, 0x1F, 0xA4, 0x39, 0xAF, 0x94, 0x7F,
  0x6E, 0xB2, 0x06, 0x93, 0xA5, 0xF3, 0xFF, 0x00, 0x2C, 0x1B, 0xFF, 0x00, 0x43, 0x35, 0xE1, 0x83,
  0xF6, 0xE7, 0xF1, 0x27, 0xFD, 0x06, 0xE5, 0xFF, 0x00, 0xBF, 0xBF, 0xFD, 0x6A, 0xF3, 0xAF, 0x8C,
  0x3F, 0xB5, 0x25, 0xF7, 0xC4, 0x2D, 0x1C, 0x5B, 0x6A, 0x97, 0x42, 0xE9, 0xA3, 0xFB, 0x92, 0xBB,
  0x92, 0xCA, 0x39, 0x38, 0x1E, 0xC7, 0x34, 0xD4, 0x5A, 0x61, 0x66, 0x7C, 0x7F, 0xF1, 0x58, 0xFF,
  0x00, 0xC4, 0xDA, 0x5F, 0xA9, 0xAF, 0x35, 0x3D, 0x6B, 0xB3, 0xF1, 0xE6, 0xAC, 0xBA, 0x8D, 0xFC,
  0x8E, 0xA7, 0x39, 0x35, 0xC6, 0x1E, 0xB5, 0xD0, 0x8D, 0xC5, 0x1D, 0x69, 0xD4, 0xC1, 0xD6, 0x9F,
  0x4C, 0x00, 0x75, 0xA7, 0x53, 0x69, 0xD4, 0x00, 0x53, 0x87, 0x4A, 0x6D, 0x39, 0x7A, 0x50, 0x02,
  0xD0, 0x3A, 0xD1, 0x45, 0x00, 0xC7, 0xD1, 0x45, 0x14, 0x03, 0x15, 0x7A, 0x52, 0xD2, 0x2D, 0x2D,
  0x02, 0xE8, 0x14, 0xFA, 0x65, 0x3C, 0x74, 0xA0, 0x10, 0x52, 0xAD, 0x25, 0x03, 0x8A, 0x04, 0x3E,
  0x8A, 0x4E, 0xB4, 0xB4, 0x00, 0x51, 0x45, 0x27, 0x4A, 0x00, 0x46, 0xA4, 0xA0, 0x9C, 0xD1, 0x40,
  0x05, 0x34, 0xF5, 0xA7, 0x1E, 0x29, 0x94, 0x0D, 0x85, 0x23, 0x74, 0xA5, 0xA4, 0x6A, 0x03, 0xA0,
  0x94, 0x51, 0x45, 0x00, 0x86, 0x1E, 0xB4, 0x51, 0x45, 0x00, 0x84, 0x3D, 0x29, 0xB4, 0xE6, 0xE9,
  0x4D, 0xA0, 0x61, 0x4D, 0x3D, 0x69, 0xD4, 0xDA, 0x00, 0x29, 0xA7, 0xAD, 0x3A, 0x98, 0x7A, 0xD0,
  0x00, 0x3A, 0xD7, 0xA2, 0x7C, 0x2D, 0x38, 0xD5, 0x62, 0xFA, 0x8A, 0xF3, 0xB1, 0xD6, 0xBA, 0xFF,
  0x00, 0x03, 0xEA, 0x8B, 0xA7, 0xDF, 0xC6, 0xE4, 0xE3, 0x04, 0x52, 0x60, 0x7E, 0xC3, 0x7E, 0xC1,
  0xE4, 0x1B, 0x7D, 0x47, 0x9F, 0xF9, 0x76, 0xFF, 0x00, 0xD9, 0xD2, 0xBE, 0xBB, 0xCD, 0x7E, 0x49,
  0xFC, 0x1A, 0xFD, 0xA7, 0xEF, 0x7E, 0x1D, 0xE9, 0x4D, 0x0E, 0x99, 0x72, 0x2D, 0x64, 0x93, 0xEF,
  0xCC, 0x8E, 0x43, 0x11, 0xC7, 0xCB, 0xF4, 0xC8, 0x06, 0xBD, 0x2C, 0xFE, 0xDC, 0xFE, 0x24, 0xFF,
  0x00, 0xA0, 0xDC, 0xBF, 0xF7, 0xF7, 0xFF, 0x00, 0xAD, 0x5C, 0xEE, 0x2D, 0xB3, 0x06, 0x9D, 0xCF,
  0xD2, 0x1C, 0xD1, 0x9A, 0xFC, 0xDE, 0xFF, 0x00, 0x86, 0xE7, 0xF1, 0x27, 0xFD, 0x06, 0xE5, 0xFF,
  0x00, 0xBF, 0xBF, 0xFD, 0x6A, 0x43, 0xFB, 0x74, 0xF8, 0x97, 0xFE, 0x83, 0x52, 0xFF, 0x00, 0xDF,
  0xDF, 0xFE, 0xB5, 0x2E, 0x46, 0x16, 0x7D, 0x8F, 0xD2, 0x2C, 0xD5, 0x2D, 0x68, 0x8F, 0xEC, 0x5D,
  0x47, 0xFE, 0xBD, 0xA5, 0xFF, 0x00, 0xD0, 0x0D, 0x7E, 0x74, 0xFF, 0x00, 0xC3, 0x74, 0xF8, 0x97,
  0xFE, 0x83, 0x72, 0xFF, 0x00, 0xDF, 0xDF, 0xFE, 0xB5, 0x43, 0x79, 0xFB, 0x73, 0xF8, 0x91, 0xED,
  0xE4, 0x46, 0xD5, 0xE4, 0x91, 0x1D, 0x4A, 0xB2, 0xB4, 0x9C, 0x10, 0x46, 0x08, 0xA3, 0x91, 0x85,
  0x99, 0xE0, 0xFF, 0x00, 0xB4, 0xE3, 0x03, 0xA9, 0x6A, 0x1C, 0xFF, 0x00, 0x19, 0xFE, 0x55, 0xF1,
  0x96, 0xA9, 0xFF, 0x00, 0x1F, 0x4F, 0xF5, 0xAF, 0xA2, 0xBE, 0x35, 0x7C, 0x46, 0x8F, 0xC5, 0x37,
  0x77, 0x77, 0x23, 0x62, 0x19, 0x98, 0xBE, 0xC4, 0x3C, 0x2E, 0x7B, 0x0A, 0xF9, 0xC6, 0xFE, 0x4F,
  0x32, 0x76, 0x3E, 0xF5, 0xBC, 0x4D, 0xA2, 0xAC, 0x8C, 0xC3, 0xD6, 0x8A, 0x28, 0xA0, 0xD0, 0x28,
  0xA2, 0x8A, 0x00, 0x28, 0xA2, 0x8A, 0x00, 0x28, 0xA2, 0x8A, 0x00, 0x28, 0xA2, 0x8A, 0x00, 0x28,
  0xA2, 0x8A, 0x00, 0x28, 0xA2, 0x8A, 0x00, 0x28, 0xA2, 0x8A, 0x00, 0x28, 0xA2, 0x8A, 0x00, 0x28,
  0xA2, 0x8A, 0x00, 0x28, 0xA2, 0x8A, 0x00, 0x28, 0xA2, 0x8A, 0x00, 0x28, 0xA2, 0x8A, 0x00, 0x28,
  0xA2, 0x8A, 0x00, 0x28, 0xA2, 0x8A, 0x00, 0x28, 0xA2, 0x8A, 0x00, 0x28, 0xA2, 0x8A, 0x00, 0x28,
  0xA2, 0x8A, 0x00, 0x28, 0xA2, 0x8A, 0x00, 0x28, 0xA2, 0x8A, 0x00, 0x28, 0xA2, 0x8A, 0x00, 0x28,
  0xA2, 0x8A, 0x00, 0xB5, 0x1B, 0x60, 0x29, 0xF6, 0xAD, 0x2B, 0x3D, 0x66, 0x6B, 0x4C, 0x6C, 0x72,
  0x31, 0x59, 0x71, 0x1C, 0xA0, 0xA7, 0x55, 0x12, 0x74, 0x89, 0xE3, 0x0B, 0xC0, 0xB8, 0xF3, 0x58,
  0x7E, 0x34, 0xEF, 0xF8, 0x4C, 0x6F, 0x3F, 0xE7, 0xB3, 0x7E, 0x75, 0xCD, 0xAD, 0x2D, 0x16, 0x11,
  0xD2, 0x2F, 0x8C, 0x6F, 0x3F, 0xE7, 0xB3, 0x7E, 0x74, 0xBF, 0xF0, 0x98, 0xDE, 0x7F, 0xCF, 0x66,
  0xFC, 0xEB, 0x9B, 0x5A, 0x75, 0x16, 0x03, 0xA3, 0x5F, 0x18, 0xDE, 0x7F, 0xCF, 0x66, 0xFC, 0xE9,
  0x93, 0xF8, 0xAA, 0xEA, 0x75, 0xC3, 0x48, 0x4F, 0xE3, 0x5C, 0xF8, 0xEB, 0x4E, 0xA0, 0x0B, 0x13,
  0xDD, 0x34, 0xED, 0x96, 0x39, 0xA8, 0xA9, 0x94, 0xFA, 0x60, 0x14, 0xFA, 0x65, 0x38, 0x74, 0xA0,
  0x05, 0xA7, 0x0E, 0x94, 0xDA, 0x51, 0xD2, 0x80, 0x16, 0x9C, 0xB4, 0xDA, 0x51, 0xD6, 0x80, 0x1D,
  0x45, 0x14, 0x50, 0x03, 0x87, 0x4A, 0x5A, 0x6A, 0xD3, 0xA8, 0x00, 0x1D, 0x69, 0xD4, 0xDA, 0x70,
  0x39, 0x14, 0x09, 0x05, 0x2A, 0x9A, 0x4A, 0x28, 0x16, 0xC3, 0xE8, 0xA4, 0x07, 0x34, 0xB4, 0x0C,
  0x33, 0x8A, 0x5D, 0xD4, 0x94, 0x50, 0x21, 0x77, 0x52, 0x13, 0x9A, 0x28, 0xA0, 0x02, 0x8A, 0x29,
  0x09, 0xC5, 0x03, 0x06, 0x34, 0xDA, 0x28, 0xA0, 0x5B, 0x85, 0x34, 0xF5, 0xA7, 0x13, 0x81, 0x4D,
  0xA0, 0x6C, 0x29, 0x0F, 0x4A, 0x5A, 0x6B, 0x50, 0x31, 0x28, 0xA2, 0x8A, 0x00, 0x46, 0xA6, 0xD2,
  0x9E, 0xB4, 0x94, 0x00, 0x1A, 0x6D, 0x38, 0xF4, 0xA6, 0xD0, 0x01, 0x4C, 0xA7, 0x1E, 0x94, 0xDA,
  0x00, 0x2A, 0x48, 0x6E, 0x5A, 0x07, 0xCA, 0x9C, 0x11, 0x51, 0xD3, 0x4D, 0x00, 0x6E, 0x41, 0xE2,
  0x9B, 0xA8, 0x14, 0x05, 0x90, 0x8F, 0xC6, 0xA4, 0x6F, 0x18, 0xDE, 0x7F, 0xCF, 0x66, 0xFC, 0xEB,
  0x9E, 0xA6, 0x9E, 0xB4, 0x80, 0xE8, 0xBF, 0xE1, 0x31, 0xBC, 0xFF, 0x00, 0x9E, 0xCD, 0xF9, 0xD2,
  0x37, 0x8C, 0x6F, 0x3F, 0xE7, 0xB3, 0x7E, 0x75, 0xCF, 0x53, 0x5A, 0x8B, 0x01, 0xD1, 0x7F, 0xC2,
  0x63, 0x79, 0xFF, 0x00, 0x3D, 0x9B, 0xF3, 0xA6, 0xBF, 0x8C, 0x2F, 0x08, 0x3F, 0xBD, 0x63, 0xF8,
  0xD7, 0x3D, 0x48, 0xDD, 0x28, 0xB0, 0x1A, 0x37, 0x9A, 0xD4, 0xD7, 0x7F, 0x7D, 0xC9, 0xCD, 0x66,
  0x3B, 0x64, 0x13, 0x45, 0x36, 0x43, 0x84, 0x34, 0x0C, 0xAF, 0x45, 0x14, 0x54, 0x94, 0x14, 0x51,
  0x45, 0x00, 0x14, 0x51, 0x45, 0x00, 0x14, 0x51, 0x45, 0x00, 0x14, 0x51, 0x45, 0x00, 0x14, 0x51,
  0x45, 0x00, 0x14, 0x51, 0x45, 0x00, 0x14, 0x51, 0x45, 0x00, 0x14, 0x51, 0x45, 0x00, 0x14, 0x51,
  0x45, 0x00, 0x14, 0x51, 0x45, 0x00, 0x14, 0x51, 0x45, 0x00, 0x14, 0x51, 0x45, 0x00, 0x14, 0x51,
  0x45, 0x00, 0x14, 0x51, 0x45, 0x00, 0x14, 0x51, 0x45, 0x00, 0x14, 0x51, 0x45, 0x00, 0x14, 0x51,
  0x45, 0x00, 0x14, 0x51, 0x45, 0x00, 0x14, 0x51, 0x45, 0x00, 0x14, 0x51, 0x45, 0x00, 0x14, 0x51,
  0x45, 0x00, 0x4D, 0x09, 0xCA, 0x7E, 0x35, 0x25, 0x43, 0x01, 0xE4, 0x8A, 0x9A, 0xA9, 0x12, 0xC5,
  0x5A, 0x75, 0x34, 0x75, 0xA7, 0x53, 0x10, 0xA3, 0xAD, 0x3A, 0x99, 0x4F, 0xA0, 0x02, 0x9D, 0x4D,
  0xA7, 0x0E, 0x94, 0x00, 0x53, 0xC7, 0x4A, 0x65, 0x39, 0x68, 0x01, 0x69, 0xCB, 0x4D, 0xA5, 0x1D,
  0x68, 0x01, 0xD4, 0xAB, 0x49, 0x45, 0x00, 0x3A, 0x8A, 0x28, 0xA0, 0x07, 0x8E, 0x68, 0xA6, 0xA9,
  0xA7, 0x50, 0x00, 0x38, 0x34, 0xFA, 0x65, 0x2A, 0x9A, 0x04, 0x3A, 0x80, 0x71, 0x45, 0x14, 0x03,
  0x1D, 0x45, 0x20, 0x38, 0xA5, 0xA0, 0x37, 0x0A, 0x50, 0xD4, 0x94, 0x50, 0x2D, 0x87, 0xE6, 0x8A,
  0x65, 0x2D, 0x03, 0xB8, 0xEA, 0x33, 0x4D, 0xCD, 0x25, 0x01, 0x71, 0xC5, 0xA9, 0xB4, 0x51, 0x40,
  0xB7, 0x0A, 0x28, 0xA4, 0x27, 0x34, 0x0F, 0x61, 0x09, 0xCD, 0x14, 0x51, 0x40, 0x20, 0xA6, 0x13,
  0x9A, 0x52, 0x69, 0x28, 0x00, 0xA0, 0xF1, 0x45, 0x23, 0x1A, 0x06, 0x36, 0x8A, 0x28, 0xA0, 0x04,
  0x6A, 0x4A, 0x0F, 0x34, 0x50, 0x02, 0x37, 0x4A, 0x6D, 0x2B, 0x75, 0xA4, 0xA0, 0x00, 0xF4, 0xA6,
  0x53, 0x9A, 0x9B, 0x40, 0x05, 0x34, 0xF5, 0xA7, 0x1E, 0x94, 0xDA, 0x00, 0x29, 0xA7, 0xAD, 0x3A,
  0x99, 0x40, 0x05, 0x23, 0x52, 0xD3, 0x4F, 0x5A, 0x00, 0x4A, 0x64, 0xC7, 0x09, 0xF5, 0xA7, 0xD4,
  0x53, 0x9E, 0x82, 0x93, 0x1A, 0x22, 0xA2, 0x8A, 0x2A, 0x4A, 0x0A, 0x28, 0xA2, 0x80, 0x0A, 0x28,
  0xA2, 0x80, 0x0A, 0x28, 0xA2, 0x80, 0x0A, 0x28, 0xA2, 0x80, 0x0A, 0x28, 0xA2, 0x80, 0x0A, 0x28,
  0xA2, 0x80, 0x0A, 0x28, 0xA2, 0x80, 0x0A, 0x28, 0xA2, 0x80, 0x0A, 0x28, 0xA2, 0x80, 0x0A, 0x28,
  0xA2, 0x80, 0x0A, 0x28, 0xA2, 0x80, 0x0A, 0x28, 0xA2, 0x80, 0x0A, 0x28, 0xA2, 0x80, 0x0A, 0x28,
  0xA2, 0x80, 0x0A, 0x28, 0xA2, 0x80, 0x0A, 0x28, 0xA2, 0x80, 0x0A, 0x28, 0xA2, 0x80, 0x0A, 0x28,
  0xA2, 0x80, 0x0A, 0x28, 0xA2, 0x80, 0x0A, 0x28, 0xA2, 0x80, 0x0A, 0x28, 0xA2, 0x80, 0x1D, 0x11,
  0xC3, 0x8A, 0xB1, 0x55, 0x47, 0x06, 0xAD, 0x03, 0x90, 0x0D, 0x34, 0x26, 0x14, 0xFA, 0x65, 0x38,
  0x74, 0xAA, 0x24, 0x5A, 0x70, 0xE9, 0x4D, 0xA5, 0x5A, 0x00, 0x75, 0x2A, 0xD2, 0x50, 0x3A, 0xD0,
  0x03, 0xA9, 0x47, 0x5A, 0x29, 0x28, 0x01, 0xF4, 0x50, 0x39, 0x14, 0x50, 0x03, 0x87, 0x34, 0xB4,
  0xD5, 0x34, 0xEA, 0x00, 0x50, 0x69, 0x69, 0xA0, 0xE2, 0x9D, 0x40, 0x05, 0x3C, 0x1C, 0xD3, 0x29,
  0x41, 0xC5, 0x00, 0x3A, 0x8A, 0x28, 0xA0, 0x07, 0x03, 0x9A, 0x5A, 0x65, 0x38, 0x1C, 0xD0, 0x02,
  0xD0, 0x0E, 0x28, 0xA2, 0x81, 0x58, 0x70, 0x39, 0xA2, 0x9B, 0x46, 0x4D, 0x01, 0x71, 0xD4, 0x52,
  0x6E, 0xA3, 0x75, 0x01, 0xA0, 0xB4, 0x52, 0x6E, 0xA3, 0x75, 0x01, 0xA0, 0xB4, 0x13, 0x8A, 0x6E,
  0x4D, 0x14, 0x05, 0xC0, 0x9C, 0xD1, 0x45, 0x14, 0x05, 0x82, 0x90, 0x9C, 0x50, 0x4E, 0x29, 0xBD,
  0x68, 0x18, 0x51, 0x45, 0x14, 0x00, 0x1E, 0x29, 0x94, 0xA4, 0xE6, 0x92, 0x80, 0x0A, 0x42, 0x69,
  0x69, 0xA4, 0xE6, 0x80, 0x0A, 0x4A, 0x5A, 0x6B, 0x1A, 0x00, 0x4A, 0x28, 0xA0, 0xF0, 0x28, 0x01,
  0xA7, 0xAD, 0x25, 0x14, 0x50, 0x02, 0x35, 0x25, 0x29, 0xEB, 0x49, 0x40, 0x08, 0x7A, 0x53, 0x69,
  0x5A, 0x92, 0x80, 0x0A, 0x65, 0x38, 0xF4, 0xA6, 0xD0, 0x01, 0x55, 0xE5, 0x39, 0x73, 0xED, 0x56,
  0x09, 0xC0, 0xAA, 0xA4, 0xE4, 0x93, 0x49, 0x8D, 0x05, 0x14, 0x51, 0x52, 0x50, 0x51, 0x45, 0x14,
  0x00, 0x51, 0x45, 0x14, 0x00, 0x51, 0x45, 0x14, 0x00, 0x51, 0x45, 0x14, 0x00, 0x51, 0x45, 0x14,
  0x00, 0x51, 0x45, 0x14, 0x00, 0x51, 0x45, 0x14, 0x00, 0x51, 0x45, 0x14, 0x00, 0x51, 0x45, 0x14,
  0x00, 0x51, 0x45, 0x14, 0x00, 0x51, 0x45, 0x14, 0x00, 0x51, 0x45, 0x14, 0x00, 0x51, 0x45, 0x14,
  0x00, 0x51, 0x45, 0x14, 0x00, 0x51, 0x45, 0x14, 0x00, 0x51, 0x45, 0x14, 0x00, 0x51, 0x45, 0x14,
  0x00, 0x51, 0x45, 0x14, 0x00, 0x51, 0x45, 0x14, 0x00, 0x51, 0x45, 0x14, 0x00, 0x51, 0x45, 0x14,
  0x00, 0x54, 0xF0, 0x9C, 0xA6, 0x3D, 0x2A, 0x0A, 0x7C, 0x2D, 0x86, 0xC7, 0xAD, 0x34, 0x26, 0x4F,
  0x4A, 0xB4, 0x94, 0x55, 0x12, 0x3E, 0x9F, 0x1A, 0x17, 0x60, 0x00, 0xA6, 0xA2, 0x97, 0x60, 0x05,
  0x76, 0xFE, 0x09, 0xF0, 0x74, 0xBA, 0xCD, 0xCA, 0x00, 0x84, 0x82, 0x7D, 0x29, 0x01, 0x89, 0xA6,
  0xF8, 0x6A, 0xE2, 0xFC, 0x8D, 0x88, 0x4E, 0x7D, 0xAB, 0xA8, 0xB5, 0xF8, 0x61, 0x7B, 0x3A, 0x03,
  0xE4, 0xB7, 0xE5, 0x5F, 0x59, 0xFC, 0x14, 0xFD, 0x99, 0x6F, 0xBC, 0x59, 0x2D, 0xBC, 0x56, 0xD6,
  0x4F, 0x23, 0x39, 0xC0, 0xDA, 0x9B, 0x8B, 0x63, 0xAE, 0x07, 0x7C, 0x77, 0x3C, 0x01, 0xDC, 0xD7,
  0xD7, 0x7E, 0x1C, 0xFD, 0x84, 0x11, 0x6D, 0x14, 0xDF, 0xCF, 0x6D, 0x6F, 0x26, 0xDF, 0xB8, 0xD2,
  0x17, 0x23, 0xEB, 0xB0, 0x60, 0x7E, 0x66, 0xA1, 0xC9, 0x22, 0x1C, 0x92, 0x3F, 0x23, 0x2F, 0xBE,
  0x1B, 0xDE, 0xDA, 0xA1, 0x26, 0x26, 0xE3, 0xDA, 0xB9, 0x7B, 0xFD, 0x16, 0x7B, 0x26, 0x21, 0xD0,
  0x8C, 0x7B, 0x57, 0xEC, 0x27, 0x8E, 0x7F, 0x61, 0x39, 0xE2, 0xB3, 0x96, 0x4D, 0x38, 0x45, 0x7C,
  0x00, 0x27, 0x6D, 0xBB, 0x6E, 0x6F, 0xFB, 0xE1, 0x80, 0x27, 0xF0, 0x24, 0xD7, 0xC5, 0x5F, 0x17,
  0xFE, 0x02, 0x5C, 0x68, 0x12, 0xCC, 0xB2, 0x5B, 0x14, 0x60, 0x4E, 0x08, 0x5E, 0x0E, 0x3A, 0xFE,
  0x3E, 0xDD, 0x45, 0x35, 0x24, 0xC1, 0x49, 0x33, 0xE3, 0xFC, 0x15, 0x38, 0x34, 0xB5, 0xBD, 0xE2,
  0x5D, 0x02, 0x4D, 0x2A, 0xE5, 0xD4, 0xA9, 0x18, 0x35, 0x83, 0x54, 0x58, 0x53, 0x87, 0x34, 0xDA,
  0x50, 0x71, 0x4C, 0x07, 0x52, 0x83, 0x49, 0x45, 0x00, 0x3A, 0x8A, 0x01, 0xCD, 0x14, 0x00, 0xA0,
  0xD3, 0xA9, 0x94, 0xA0, 0xD0, 0x03, 0xA8, 0xA2, 0x8A, 0x00, 0x50, 0xD4, 0xEA, 0x65, 0x00, 0xE2,
  0x81, 0x0F, 0xA2, 0x9B, 0xBA, 0x97, 0x34, 0x0C, 0x5A, 0x28, 0xA2, 0x80, 0xB0, 0x51, 0x45, 0x14,
  0x05, 0x82, 0x8A, 0x4C, 0xD2, 0x6E, 0xA0, 0x07, 0x53, 0x4B, 0x52, 0x13, 0x9A, 0x28, 0x10, 0x51,
  0x45, 0x14, 0x0C, 0x29, 0x09, 0xA0, 0x9A, 0x6D, 0x00, 0x14, 0x51, 0x41, 0x38, 0xA0, 0x04, 0x63,
  0x49, 0x45, 0x14, 0x00, 0x94, 0xDA, 0x52, 0x69, 0x28, 0x00, 0xA4, 0xC1, 0x63, 0x81, 0x4B, 0x5B,
  0x9E, 0x1C, 0xD0, 0xA4, 0xD5, 0x2E, 0x51, 0x15, 0x49, 0xC9, 0xA4, 0x05, 0x2B, 0x0D, 0x1A, 0x6B,
  0xD6, 0x01, 0x10, 0x9C, 0xFB, 0x57, 0x51, 0x61, 0xF0, 0xE2, 0xF6, 0xE9, 0x01, 0x11, 0x37, 0x3E,
  0xD5, 0xF4, 0x0F, 0xC2, 0x2F, 0x81, 0x17, 0x1A, 0xF4, 0xB1, 0x2C, 0x76, 0xDB, 0xC9, 0xC6, 0x49,
  0x1C, 0x0C, 0xD7, 0xDB, 0x1E, 0x04, 0xFD, 0x85, 0x2E, 0x67, 0xB3, 0x8A, 0x5D, 0x45, 0x63, 0xB1,
  0x56, 0x00, 0xE2, 0xE1, 0xB6, 0x37, 0xFD, 0xF0, 0xA0, 0x9F, 0xCC, 0x8A, 0x97, 0x2B, 0x10, 0xE4,
  0x91, 0xF9, 0x59, 0x75, 0xF0, 0xBE, 0xF6, 0x14, 0x27, 0xC9, 0x6F, 0xCA, 0xB9, 0x9D, 0x4F, 0xC3,
  0x37, 0x36, 0x0C, 0x77, 0xC6, 0x46, 0x3D, 0xAB, 0xF6, 0x5F, 0xC4, 0x3F, 0xB0, 0x84, 0x4F, 0x68,
  0xDF, 0x62, 0xB8, 0xB5, 0xB8, 0x93, 0x1F, 0x71, 0x5D, 0x90, 0x9F, 0xA6, 0xF1, 0x83, 0xF9, 0x8A,
  0xF9, 0x27, 0xE3, 0x67, 0xEC, 0xC3, 0x7F, 0xE1, 0x39, 0x2E, 0x23, 0xB9, 0xB2, 0x78, 0xCA, 0x75,
  0xDC, 0x98, 0x2B, 0x9E, 0x84, 0x8F, 0x43, 0xD8, 0x82, 0x41, 0xF5, 0xA4, 0xA4, 0x98, 0x29, 0xA6,
  0x7C, 0x05, 0x24, 0x65, 0x18, 0x82, 0x29, 0x95, 0xDE, 0x78, 0xE3, 0xC1, 0x92, 0xE8, 0xB7, 0x2E,
  0x36, 0x10, 0x01, 0xF4, 0xAE, 0x15, 0xD4, 0xA3, 0x10, 0x6A, 0xCB, 0x23, 0x6A, 0x4A, 0x5A, 0x4A,
  0x60, 0x32, 0x53, 0x84, 0xFA, 0xD4, 0x15, 0x24, 0xCD, 0x96, 0xC7, 0xA5, 0x47, 0x52, 0xCA, 0x41,
  0x45, 0x14, 0x52, 0x18, 0x51, 0x45, 0x14, 0x00, 0x51, 0x45, 0x14, 0x00, 0x51, 0x45, 0x14, 0x00,
  0x51, 0x45, 0x14, 0x00, 0x51, 0x45, 0x14, 0x00, 0x51, 0x45, 0x14, 0x00, 0x51, 0x45, 0x14, 0x00,
  0x51, 0x45, 0x14, 0x00, 0x51, 0x45, 0x14, 0x00, 0x51, 0x45, 0x14, 0x00, 0x51, 0x45, 0x14, 0x00,
  0x51, 0x45, 0x14, 0x00, 0x51, 0x45, 0x14, 0x00, 0x51, 0x45, 0x14, 0x00, 0x51, 0x45, 0x14, 0x00,
  0x51, 0x45, 0x14, 0x00, 0x51, 0x45, 0x14, 0x00, 0x51, 0x45, 0x14, 0x00, 0x51, 0x45, 0x14, 0x00,
  0x51, 0x45, 0x14, 0x00, 0x51, 0x45, 0x14, 0x00, 0x50, 0x0E, 0x0E, 0x68, 0xA2, 0x80, 0x2D, 0x29,
  0xDC, 0x01, 0xA2, 0xA2, 0x81, 0xB8, 0x2B, 0x52, 0xD5, 0x12, 0x68, 0xE8, 0xD6, 0xDF, 0x69, 0xBA,
  0x45, 0xF5, 0x35, 0xF6, 0x0F, 0xEC, 0xE1, 0xF0, 0xD8, 0x6B, 0x9A, 0x8D, 0x9C, 0x5E, 0x51, 0x6D,
  0xE4, 0x16, 0xDA, 0x39, 0xC7, 0xA0, 0xF7, 0x3D, 0x3F, 0x1A, 0xF9, 0x37, 0xC2, 0x2A, 0x0E, 0xA3,
  0x16, 0x7D, 0x45, 0x7E, 0x96, 0x7E, 0xC3, 0x36, 0x16, 0xD7, 0x1E, 0x31, 0xD2, 0x16, 0x40, 0x08,
  0xF3, 0xA2, 0xE0, 0xFF, 0x00, 0xBD, 0x9F, 0xE6, 0x05, 0x4C, 0x99, 0x12, 0x76, 0x47, 0xDF, 0xDF,
  0x0C, 0x3E, 0x1C, 0xD8, 0xFC, 0x39, 0xF0, 0xE4, 0x16, 0x70, 0x42, 0x8B, 0x7A, 0xF1, 0xAF, 0xDA,
  0x65, 0x51, 0xDF, 0xFB, 0x83, 0xD1, 0x57, 0xA7, 0xB9, 0xC9, 0x3D, 0x6B, 0xB1, 0xA3, 0xAD, 0x15,
  0xCA, 0x62, 0x15, 0xE2, 0x3F, 0xB4, 0xB7, 0xC2, 0x0B, 0x0F, 0x19, 0xF8, 0x52, 0xF3, 0x55, 0x8A,
  0x05, 0x4B, 0xE8, 0x17, 0x74, 0xE5, 0x47, 0xFA, 0xC5, 0xE8, 0x1F, 0xFD, 0xE5, 0xF5, 0xEE, 0xB9,
  0xCF, 0x41, 0x5E, 0xDD, 0x55, 0x35, 0x88, 0x23, 0xBA, 0xD2, 0x2F, 0xE1, 0x98, 0x03, 0x14, 0x96,
  0xF2, 0x23, 0x83, 0xE8, 0x50, 0x83, 0x42, 0x76, 0x03, 0xF0, 0x8B, 0xE3, 0x97, 0x82, 0xFF, 0x00,
  0xB2, 0xEF, 0x6E, 0x01, 0x8F, 0x63, 0x23, 0x10, 0x47, 0xA1, 0x15, 0xF3, 0xD5, 0xC2, 0x79, 0x53,
  0x30, 0xF7, 0xAF, 0xB5, 0xFF, 0x00, 0x6A, 0x1B, 0x68, 0x97, 0x56, 0xBF, 0xC6, 0x39, 0x20, 0x9F,
  0xA9, 0x50, 0x4D, 0x7C, 0x5F, 0xAA, 0x80, 0x2E, 0x9F, 0xEB, 0x5D, 0x68, 0xDA, 0x2E, 0xE8, 0xAB,
  0x45, 0x20, 0x34, 0xB5, 0x45, 0x0E, 0x06, 0x96, 0x99, 0x4E, 0x07, 0x34, 0x00, 0xB4, 0xE0, 0x73,
  0x4D, 0xA2, 0x80, 0x1D, 0x45, 0x00, 0xE6, 0x8A, 0x00, 0x50, 0x71, 0x4E, 0xCE, 0x69, 0x94, 0x50,
  0x03, 0xE8, 0xA4, 0x0D, 0x4B, 0x9A, 0x00, 0x28, 0xA2, 0x8A, 0x00, 0x28, 0xCD, 0x14, 0x50, 0x2B,
  0x06, 0x68, 0xA2, 0x8A, 0x02, 0xC1, 0x45, 0x14, 0x50, 0x30, 0xA2, 0x8C, 0xE2, 0x90, 0xB5, 0x00,
  0x2E, 0x71, 0x4D, 0x27, 0x34, 0x94, 0x50, 0x01, 0x45, 0x14, 0x13, 0x8A, 0x00, 0x09, 0xC5, 0x36,
  0x8A, 0x28, 0x00, 0xA4, 0x27, 0x14, 0x13, 0x8A, 0x6D, 0x00, 0x14, 0x51, 0x48, 0x4D, 0x00, 0x49,
  0x02, 0x79, 0x92, 0xA8, 0xAF, 0x7D, 0xF8, 0x23, 0xE0, 0xEF, 0xED, 0x3B, 0xD8, 0x3F, 0x77, 0xBD,
  0x99, 0x80, 0x03, 0x1D, 0x4D, 0x78, 0x3E, 0x98, 0x01, 0xB9, 0x4C, 0xFA, 0xD7, 0xD8, 0xFF, 0x00,
  0xB3, 0x15, 0xB4, 0x4D, 0xAB, 0x69, 0xE4, 0x81, 0xC3, 0x83, 0xF8, 0x81, 0x91, 0xFA, 0xD4, 0xB2,
  0x64, 0xEC, 0x8F, 0xD2, 0x9F, 0xD9, 0x87, 0xE0, 0xED, 0x87, 0x84, 0x7C, 0x2F, 0x69, 0xAC, 0x4F,
  0x02, 0xBD, 0xE4, 0xA0, 0x9B, 0x7D, 0xC3, 0xEE, 0x01, 0xC1, 0x93, 0xEA, 0x4E, 0x40, 0xF4, 0x03,
  0x8E, 0xB5, 0xEF, 0x15, 0x9B, 0xE1, 0x9B, 0x78, 0xED, 0x3C, 0x37, 0xA4, 0xC3, 0x08, 0x02, 0x24,
  0xB4, 0x84, 0x2E, 0x3D, 0x36, 0x0A, 0xD2, 0xAE, 0x46, 0xEE, 0xCC, 0x50, 0x57, 0x2B, 0xF1, 0x1B,
  0xE1, 0xF5, 0x8F, 0xC4, 0x3F, 0x0F, 0xCD, 0x63, 0x73, 0x12, 0x7D, 0xA8, 0x23, 0x7D, 0x9A, 0x66,
  0x1F, 0x71, 0x88, 0xFB, 0xA7, 0xD5, 0x5B, 0xA1, 0x1F, 0x8F, 0x51, 0x5D, 0x55, 0x07, 0xA5, 0x00,
  0x7E, 0x30, 0xFE, 0xD2, 0x9F, 0x0C, 0x86, 0x81, 0xA9, 0xDE, 0xC0, 0x61, 0x31, 0xEC, 0x24, 0x80,
  0xC3, 0x91, 0xC9, 0x04, 0x1F, 0x70, 0x41, 0x1F, 0x85, 0x7C, 0x6B, 0xAE, 0x5A, 0xFD, 0x96, 0xE9,
  0xD7, 0x1D, 0x0D, 0x7E, 0xA4, 0xFE, 0xDD, 0xD6, 0x16, 0xF0, 0xF8, 0xBF, 0x54, 0xD8, 0x00, 0xCC,
  0xB2, 0x12, 0x07, 0xA9, 0x0A, 0xC7, 0xF5, 0x63, 0x5F, 0x98, 0xFE, 0x33, 0x50, 0x35, 0x29, 0x71,
  0xEA, 0x6B, 0xA6, 0x2C, 0xD6, 0x2E, 0xE8, 0xE6, 0xE8, 0x27, 0x00, 0x9A, 0x2A, 0x39, 0xDB, 0x03,
  0x6F, 0xAD, 0x59, 0xA1, 0x09, 0x39, 0x24, 0xD1, 0x45, 0x15, 0x25, 0x05, 0x14, 0x51, 0x40, 0x05,
  0x14, 0x51, 0x40, 0x05, 0x14, 0x51, 0x40, 0x05, 0x14, 0x51, 0x40, 0x05, 0x14, 0x51, 0x40, 0x05,
  0x14, 0x51, 0x40, 0x05, 0x14, 0x51, 0x40, 0x05, 0x14, 0x51, 0x40, 0x05, 0x14, 0x51, 0x40, 0x05,
  0x14, 0x51, 0x40, 0x05, 0x14, 0x51, 0x40, 0x05, 0x14, 0x51, 0x40, 0x05, 0x14, 0x51, 0x40, 0x05,
  0x14, 0x51, 0x40, 0x05, 0x14, 0x51, 0x40, 0x05, 0x14, 0x51, 0x40, 0x05, 0x14, 0x51, 0x40, 0x05,
  0x14, 0x51, 0x40, 0x05, 0x14, 0x51, 0x40, 0x05, 0x14, 0x51, 0x40, 0x05, 0x14, 0x51, 0x40, 0x05,
  0x14, 0x51, 0x40, 0x05, 0x14, 0x51, 0x40, 0x0A, 0xAD, 0xB5, 0x81, 0xAB, 0x20, 0xE4, 0x66, 0xAA,
  0xD4, 0xB0, 0xBF, 0x1B, 0x4F, 0xE1, 0x4D, 0x09, 0x9B, 0x5E, 0x1F, 0xBA, 0xFB, 0x35, 0xEC, 0x6D,
  0x9C, 0x60, 0xD7, 0xDD, 0x5F, 0xB2, 0x87, 0xC4, 0x55, 0xD0, 0x35, 0xCD, 0x3A, 0x75, 0x94, 0x2B,
  0x2B, 0xA9, 0x04, 0x9E, 0x03, 0x06, 0x05, 0x73, 0xF8, 0x80, 0x3F, 0x1A, 0xF8, 0x12, 0x19, 0x0C,
  0x52, 0x06, 0x15, 0xEB, 0x1F, 0x0C, 0x7C, 0x7A, 0xFA, 0x35, 0xD4, 0x60, 0xBE, 0x00, 0x3E, 0xB4,
  0x34, 0x43, 0x57, 0x56, 0x3F, 0xA0, 0xFD, 0x07, 0x5C, 0xB5, 0xF1, 0x26, 0x91, 0x6B, 0xA9, 0x59,
  0x38, 0x7B, 0x7B, 0x84, 0xDE, 0x3D, 0x54, 0xF7, 0x53, 0xEE, 0x0E, 0x41, 0xFA, 0x56, 0x85, 0x7E,
  0x75, 0x7E, 0xCE, 0xBF, 0xB5, 0xD4, 0xBE, 0x18, 0x86, 0x3B, 0x6B, 0x99, 0x96, 0xE2, 0xD1, 0xC0,
  0x0F, 0x1C, 0xA4, 0x95, 0x6C, 0x0C, 0x02, 0x71, 0xCA, 0xB6, 0x38, 0xDC, 0x3A, 0xF7, 0x06, 0xBE,
  0xC0, 0xD0, 0xBF, 0x69, 0x5F, 0x05, 0xEB, 0x56, 0xAB, 0x2B, 0x5D, 0x4D, 0x6A, 0xC4, 0x64, 0xAE,
  0xD1, 0x28, 0xFC, 0x0A, 0x9F, 0xE6, 0x05, 0x73, 0x38, 0xB4, 0x61, 0xB6, 0xE7, 0xAA, 0xD7, 0x09,
  0xF1, 0xA3, 0xC6, 0xD6, 0xBE, 0x0B, 0xF0, 0x2E, 0xA1, 0x2C, 0xB3, 0x2C, 0x77, 0x17, 0x51, 0x3C,
  0x10, 0x82, 0x79, 0xC1, 0x18, 0x76, 0xFA, 0x05, 0x27, 0xF1, 0x20, 0x77, 0xAE, 0x47, 0xC6, 0x1F,
  0xB5, 0x57, 0x84, 0xBC, 0x39, 0x6B, 0x23, 0x5A, 0x3B, 0x5E, 0x4E, 0x07, 0xCB, 0xE7, 0x11, 0x12,
  0x67, 0xE9, 0xCB, 0x1F, 0xC0, 0x0F, 0xAD, 0x7C, 0x25, 0xFB, 0x44, 0xFE, 0xD3, 0x97, 0x5E, 0x32,
  0xB8, 0xB8, 0x92, 0x5B, 0xAC, 0xA1, 0xE0, 0x01, 0xC0, 0xC0, 0xE8, 0xA0, 0x74, 0x55, 0x1E, 0x9E,
  0xBC, 0x92, 0x4D, 0x0A, 0x2C, 0x16, 0xBB, 0x1E, 0x19, 0xFB, 0x42, 0x78, 0xC5, 0x75, 0x4D, 0x42,
  0xEE, 0x40, 0xD8, 0x32, 0x3B, 0x10, 0x33, 0xD0, 0x76, 0x15, 0xF2, 0xED, 0xF4, 0x9E, 0x65, 0xC3,
  0x1F, 0x7A, 0xEB, 0xFC, 0x77, 0xE2, 0xB7, 0xD6, 0x2F, 0x24, 0x6D, 0xF9, 0x04, 0xD7, 0x12, 0x5B,
  0x71, 0x26, 0xBA, 0x51, 0xBA, 0x56, 0x12, 0x9C, 0x0E, 0x69, 0xB4, 0xBD, 0x2A, 0x86, 0x3A, 0x8A,
  0x01, 0xCD, 0x14, 0x00, 0xE0, 0x73, 0x4B, 0x4C, 0xA7, 0x03, 0x40, 0x0B, 0x4A, 0x0D, 0x25, 0x14,
  0x00, 0xEA, 0x29, 0xA0, 0xE2, 0x94, 0x35, 0x00, 0x2D, 0x14, 0x51, 0x40, 0x0B, 0x93, 0x4B, 0xBA,
  0x9B, 0x45, 0x00, 0x3B, 0x75, 0x19, 0x14, 0xDA, 0x28, 0x01, 0xD9, 0x14, 0x6E, 0xA6, 0xD1, 0x40,
  0x0E, 0xDD, 0x49, 0x93, 0x49, 0x45, 0x00, 0x14, 0x51, 0x45, 0x00, 0x14, 0x52, 0x16, 0xA4, 0x27,
  0x34, 0x00, 0xA5, 0xA9, 0x28, 0xA2, 0x80, 0x0A, 0x42, 0x71, 0x41, 0x38, 0xA6, 0xD0, 0x01, 0xD6,
  0x8A, 0x28, 0x27, 0x14, 0x00, 0x84, 0xE2, 0x9B, 0x4B, 0xD6, 0x92, 0x80, 0x27, 0xB3, 0x93, 0xCB,
  0x9D, 0x4F, 0xBD, 0x7D, 0x35, 0xFB, 0x3F, 0xF8, 0xB9, 0x74, 0xBB, 0xFB, 0x47, 0xDC, 0x37, 0x46,
  0xEA, 0xC0, 0x1E, 0xF8, 0x3D, 0x2B, 0xE5, 0xED, 0xDB, 0x4E, 0x6B, 0xB3, 0xF0, 0x3F, 0x8A, 0x5F,
  0x47, 0xBC, 0x8D, 0xB7, 0x10, 0x01, 0xA9, 0x62, 0x6A, 0xE7, 0xEF, 0xE7, 0xC0, 0xAF, 0x1C, 0x5A,
  0xF8, 0xCF, 0xC0, 0x56, 0x1E, 0x54, 0xCA, 0xF7, 0x16, 0x71, 0x2C, 0x2E, 0xB9, 0xE4, 0xA7, 0xF0,
  0x37, 0xD0, 0x8E, 0x3E, 0xAA, 0x6B, 0xD1, 0x2B, 0xF2, 0x83, 0xF6, 0x77, 0xFD, 0xA6, 0x2E, 0xBC,
  0x1B, 0x73, 0x6D, 0x24, 0x37, 0x45, 0x42, 0xF6, 0xEB, 0xC1, 0xEA, 0x08, 0x3C, 0x15, 0x3D, 0xC1,
  0xFA, 0x8C, 0x1A, 0xFB, 0xCB, 0xC1, 0x9F, 0xB5, 0x77, 0x85, 0x3C, 0x47, 0x69, 0x19, 0xBC, 0x66,
  0xB4, 0x9C, 0x8F, 0x98, 0xC0, 0x44, 0x89, 0x9F, 0xA1, 0x21, 0x87, 0xD3, 0x07, 0xEB, 0x5C, 0xF2,
  0x8B, 0x46, 0x0D, 0x5B, 0x73, 0xDB, 0x6A, 0x9E, 0xB1, 0xAB, 0xDA, 0xE8, 0x1A, 0x5D, 0xCE, 0xA1,
  0x7B, 0x20, 0x8A, 0xD6, 0xDD, 0x0B, 0xBB, 0x1E, 0xFE, 0x80, 0x7B, 0x93, 0x80, 0x07, 0xA9, 0xAF,
  0x38, 0xD6, 0xFF, 0x00, 0x69, 0x2F, 0x05, 0xE8, 0xF6, 0xAD, 0x2A, 0xDD, 0xCD, 0x72, 0xC0, 0x64,
  0x28, 0x41, 0x18, 0xFC, 0x4B, 0x91, 0xFA, 0x03, 0x5F, 0x23, 0xFE, 0xD1, 0x3F, 0xB5, 0xE3, 0xF8,
  0x92, 0xDE, 0x4B, 0x5B, 0x39, 0x56, 0xDA, 0xCD, 0x33, 0xB2, 0x38, 0x98, 0xED, 0x53, 0x8C, 0x6E,
  0xC9, 0xE5, 0x9B, 0xDC, 0xE0, 0x0E, 0xC3, 0xBD, 0x25, 0x16, 0xC3, 0x7D, 0x8F, 0x1C, 0xFD, 0xAD,
  0xFE, 0x24, 0xAF, 0x88, 0xB5, 0xFD, 0x4A, 0xE0, 0xC8, 0x0B, 0x33, 0xB9, 0x6C, 0x1C, 0x8D, 0xC5,
  0x89, 0x23, 0xF0, 0xCE, 0x3F, 0x0A, 0xF8, 0x2B, 0xC4, 0x77, 0x5F, 0x69, 0xBE, 0x91, 0xBA, 0xE4,
  0xD7, 0xA4, 0xFC, 0x50, 0xF8, 0x80, 0xFA, 0xCD, 0xCC, 0xA0, 0x49, 0x90, 0x49, 0xEF, 0x5E, 0x45,
  0x3C, 0xA6, 0x59, 0x09, 0x35, 0xD2, 0x91, 0xBC, 0x55, 0x95, 0x88, 0xC9, 0xC0, 0xAA, 0xCC, 0xDB,
  0x98, 0x9A, 0x96, 0x66, 0xC0, 0xDB, 0xEB, 0x50, 0xD0, 0xCB, 0x41, 0x45, 0x14, 0x52, 0x18, 0x51,
  0x45, 0x14, 0x00, 0x51, 0x45, 0x14, 0x00, 0x51, 0x45, 0x14, 0x00, 0x51, 0x45, 0x14, 0x00, 0x51,
  0x45, 0x14, 0x00, 0x51, 0x45, 0x14, 0x00, 0x51, 0x45, 0x14, 0x00, 0x51, 0x45, 0x14, 0x00, 0x51,
  0x45, 0x14, 0x00, 0x51, 0x45, 0x14, 0x00, 0x51, 0x45, 0x14, 0x00, 0x51, 0x45, 0x14, 0x00, 0x51,
  0x45, 0x14, 0x00, 0x51, 0x45, 0x14, 0x00, 0x51, 0x45, 0x14, 0x00, 0x51, 0x45, 0x14, 0x00, 0x51,
  0x45, 0x14, 0x00, 0x51, 0x45, 0x14, 0x00, 0x51, 0x45, 0x14, 0x00, 0x51, 0x45, 0x14, 0x00, 0x51,
  0x45, 0x14, 0x00, 0x51, 0x45, 0x14, 0x00, 0x51, 0x45, 0x14, 0x00, 0x50, 0x0E, 0xD2, 0x08, 0xA2,
  0x8A, 0x00, 0xB2, 0xAD, 0xB8, 0x03, 0x56, 0x6D, 0x6E, 0xDE, 0xD9, 0xC3, 0x29, 0x23, 0x15, 0x42,
  0x27, 0xDA, 0x70, 0x7A, 0x1A, 0x9E, 0xA8, 0x93, 0xBF, 0xF0, 0xDF, 0xC4, 0x5B, 0xAD, 0x29, 0x94,
  0x09, 0x48, 0x03, 0xDE, 0xBD, 0x13, 0x4F, 0xF8, 0xE9, 0x71, 0x14, 0x40, 0x19, 0x4F, 0xE7, 0x5F,
  0x3E, 0x82, 0x47, 0x43, 0x52, 0x2C, 0xCF, 0x8E, 0xB4, 0xAC, 0x2B, 0x1E, 0xEB, 0xAB, 0xFC, 0x6E,
  0xB9, 0xB9, 0x8D, 0x95, 0x65, 0x3C, 0xFB, 0xD7, 0x9B, 0xEB, 0xDE, 0x35, 0xB9, 0xD5, 0x59, 0xB7,
  0x48, 0x4E, 0x7D, 0xEB, 0x92, 0x32, 0xB1, 0xEA, 0x69, 0xB9, 0xE6, 0x9D, 0x80, 0x9A, 0x59, 0x9A,
  0x56, 0x24, 0x9A, 0x67, 0x4A, 0x40, 0x73, 0x4B, 0x4C, 0x07, 0x03, 0x9A, 0x29, 0xBD, 0x29, 0xC0,
  0xE6, 0x80, 0x17, 0xA5, 0x28, 0x39, 0xA6, 0xD1, 0x40, 0x0F, 0xA2, 0x90, 0x1A, 0x5A, 0x00, 0x50,
  0x69, 0x69, 0xB4, 0x50, 0x03, 0xE8, 0xA6, 0x86, 0xA5, 0xA0, 0x05, 0xCE, 0x29, 0x77, 0x52, 0x51,
  0x40, 0x0B, 0xB8, 0x52, 0xE6, 0x9B, 0x45, 0x00, 0x3A, 0x8A, 0x6D, 0x19, 0xA0, 0x07, 0x51, 0x4D,
  0xCD, 0x14, 0x00, 0xEC, 0xD1, 0x91, 0x4D, 0xA2, 0x80, 0x17, 0x75, 0x26, 0x73, 0x45, 0x14, 0x00,
  0x51, 0x49, 0x48, 0x5A, 0x80, 0x16, 0x90, 0x9A, 0x4A, 0x28, 0x00, 0xA2, 0x8A, 0x42, 0x68, 0x00,
  0x27, 0x14, 0x9D, 0x69, 0x28, 0xA0, 0x02, 0x82, 0x71, 0x41, 0x38, 0xA6, 0x93, 0x9A, 0x00, 0x3A,
  0xD3, 0xE2, 0x94, 0xC4, 0xD9, 0x07, 0x14, 0xCA, 0x42, 0x71, 0x40, 0x1D, 0x5E, 0x85, 0xE3, 0x3B,
  0x9D, 0x29, 0xD7, 0x6C, 0x84, 0x63, 0xDE, 0xBD, 0x23, 0x46, 0xF8, 0xDB, 0x73, 0x6D, 0x1A, 0xAB,
  0x4A, 0x78, 0xF7, 0xAF, 0x0A, 0xCF, 0x34, 0xE1, 0x2B, 0x0E, 0x86, 0x95, 0x80, 0xFA, 0x02, 0xFF,
  0x00, 0xE3, 0xAD, 0xC4, 0xB1, 0x10, 0x25, 0x3D, 0x3D, 0x6B, 0xCF, 0x3C, 0x49, 0xF1, 0x1E, 0xEB,
  0x55, 0x2C, 0x0C, 0xAC, 0x41, 0xF7, 0xAE, 0x09, 0xA6, 0x7C, 0x75, 0xA8, 0xC9, 0x27, 0xA9, 0xA2,
  0xC1, 0x62, 0xC5, 0xD5, 0xE3, 0xDC, 0xB9, 0x66, 0x39, 0xCD, 0x56, 0x66, 0xDA, 0x09, 0x34, 0x54,
  0x12, 0xBE, 0xE3, 0x81, 0xD0, 0x51, 0xB0, 0xC6, 0x31, 0xDC, 0x49, 0x34, 0x51, 0x45, 0x49, 0x41,
  0x45, 0x14, 0x50, 0x01, 0x45, 0x14, 0x50, 0x01, 0x45, 0x14, 0x50, 0x01, 0x45, 0x14, 0x50, 0x01,
  0x45, 0x14, 0x50, 0x01, 0x45, 0x14, 0x50, 0x01, 0x45, 0x14, 0x50, 0x01, 0x45, 0x14, 0x50, 0x01,
  0x45, 0x14, 0x50, 0x01, 0x45, 0x14, 0x50, 0x01, 0x45, 0x14, 0x50, 0x01, 0x45, 0x14, 0x50, 0x01,
  0x45, 0x14, 0x50, 0x01, 0x45, 0x14, 0x50, 0x01, 0x45, 0x14, 0x50, 0x01, 0x45, 0x14, 0x50, 0x01,
  0x45, 0x14, 0x50, 0x01, 0x45, 0x14, 0x50, 0x01, 0x45, 0x14, 0x50, 0x01, 0x45, 0x14, 0x50, 0x01,
  0x45, 0x14, 0x50, 0x01, 0x45, 0x14, 0x50, 0x01, 0x45, 0x14, 0x50, 0x01, 0x45, 0x14, 0x50, 0x01,
  0x45, 0x14, 0x50, 0x01, 0x53, 0x44, 0xFB, 0x86, 0x0F, 0x51, 0x50, 0xD0, 0x0E, 0x0E, 0x45, 0x00,
  0x5A, 0xA2, 0x9A, 0x8F, 0xBC, 0x67, 0xBD, 0x3A, 0xAC, 0x81, 0xE0, 0xE6, 0x8A, 0x68, 0x38, 0xA7,
  0x75, 0xA0, 0x03, 0xA5, 0x38, 0x1C, 0xD3, 0x68, 0xE9, 0x40, 0x0F, 0xA3, 0xA5, 0x20, 0x39, 0xA7,
  0xC5, 0x19, 0x91, 0x80, 0x14, 0x00, 0x28, 0x2D, 0xD0, 0x54, 0xF1, 0xDA, 0x49, 0x27, 0x45, 0x35,
  0xD4, 0xF8, 0x5F, 0xC1, 0x57, 0x1A, 0xBC, 0xA8, 0x16, 0x32, 0x41, 0xF6, 0xAF, 0x6E, 0xF0, 0x87,
  0xC0, 0x1B, 0xAD, 0x4D, 0x54, 0x25, 0xA4, 0x92, 0xB6, 0x32, 0x42, 0x21, 0x35, 0x37, 0x06, 0xEC,
  0x7C, 0xD9, 0xFD, 0x99, 0x30, 0x19, 0xD8, 0x6A, 0x27, 0x81, 0xE3, 0xEA, 0x0D, 0x7D, 0x99, 0x37,
  0xEC, 0xC3, 0x7E, 0xB0, 0x67, 0xFB, 0x3E, 0x43, 0xC7, 0x40, 0x01, 0x3F, 0x90, 0xAF, 0x34, 0xF1,
  0x8F, 0xC0, 0xFB, 0x9D, 0x33, 0xCC, 0x06, 0xDD, 0x91, 0x97, 0xAA, 0x95, 0xC1, 0x14, 0x5C, 0x95,
  0x24, 0xCF, 0x9E, 0xE8, 0xAD, 0xED, 0x7F, 0xC3, 0x53, 0x69, 0x72, 0xB2, 0xB2, 0x11, 0x83, 0x58,
  0x07, 0x2A, 0x70, 0x69, 0x94, 0x2D, 0x14, 0x03, 0x9A, 0x29, 0x80, 0xB9, 0xA5, 0xDD, 0x4D, 0xA2,
  0x80, 0x1D, 0x9A, 0x5A, 0x65, 0x14, 0x00, 0xFA, 0x29, 0x99, 0x34, 0xB9, 0x34, 0x00, 0xEA, 0x29,
  0xB9, 0x34, 0x99, 0x34, 0x00, 0xFA, 0x4C, 0xD3, 0x68, 0xA0, 0x07, 0x6E, 0xA4, 0xDD, 0x49, 0x45,
  0x00, 0x14, 0x51, 0x46, 0x71, 0x40, 0x05, 0x14, 0x80, 0x96, 0x38, 0x15, 0xBB, 0xA1, 0x78, 0x72,
  0x6D, 0x52, 0x65, 0x54, 0x42, 0x73, 0x48, 0x0C, 0x64, 0x82, 0x49, 0x3A, 0x29, 0xA9, 0x46, 0x99,
  0x39, 0x1F, 0x70, 0xD7, 0xBC, 0x78, 0x3B, 0xE0, 0x8D, 0xCE, 0xA6, 0x23, 0xFD, 0xC3, 0x3B, 0x37,
  0x40, 0x17, 0x24, 0xD7, 0xA7, 0x5B, 0xFE, 0xCC, 0x57, 0xEF, 0x06, 0x7F, 0xB3, 0xE4, 0x1C, 0x74,
  0x60, 0x01, 0xFC, 0x8D, 0x2B, 0x92, 0xE4, 0x91, 0xF1, 0xAC, 0x96, 0x72, 0x47, 0xD5, 0x4D, 0x42,
  0xC0, 0xAF, 0x5A, 0xFA, 0x83, 0xC5, 0xDF, 0xB3, 0xFD, 0xD6, 0x98, 0x8C, 0x1E, 0xD2, 0x48, 0x9B,
  0xA8, 0x0E, 0x84, 0x66, 0xBC, 0x47, 0xC5, 0x3E, 0x08, 0xB8, 0xD1, 0xE5, 0x70, 0xD1, 0x90, 0x07,
  0xB5, 0x3B, 0x8D, 0x3B, 0x9C, 0x57, 0x5A, 0x29, 0xF2, 0xC4, 0x62, 0x62, 0x08, 0xC5, 0x46, 0x4E,
  0x29, 0x8C, 0x3A, 0x53, 0x49, 0xCD, 0x04, 0xE6, 0x8A, 0x00, 0x28, 0x27, 0x14, 0x74, 0xA6, 0x93,
  0x9A, 0x00, 0x4A, 0x28, 0xA4, 0x77, 0x08, 0x33, 0x40, 0x0D, 0x95, 0xF6, 0x8C, 0x0E, 0xA6, 0xA0,
  0xA0, 0x92, 0xC7, 0x27, 0xAD, 0x15, 0x25, 0x85, 0x14, 0x51, 0x48, 0x02, 0x8A, 0x28, 0xA0, 0x02,
  0x8A, 0x28, 0xA0, 0x02, 0x8A, 0x28, 0xA0, 0x02, 0x8A, 0x28, 0xA0, 0x02, 0x8A, 0x28, 0xA0, 0x02,
  0x8A, 0x28, 0xA0, 0x02, 0x8A, 0x28, 0xA0, 0x02, 0x8A, 0x28, 0xA0, 0x02, 0x8A, 0x28, 0xA0, 0x02,
  0x8A, 0x28, 0xA0, 0x02, 0x8A, 0x28, 0xA0, 0x02, 0x8A, 0x28, 0xA0, 0x02, 0x8A, 0x28, 0xA0, 0x02,
  0x8A, 0x28, 0xA0, 0x02, 0x8A, 0x28, 0xA0, 0x02, 0x8A, 0x28, 0xA0, 0x02, 0x8A, 0x28, 0xA0, 0x02,
  0x8A, 0x28, 0xA0, 0x02, 0x8A, 0x28, 0xA0, 0x02, 0x8A, 0x28, 0xA0, 0x02, 0x8A, 0x28, 0xA0, 0x02,
  0x8A, 0x28, 0xA0, 0x02, 0x8A, 0x28, 0xA0, 0x02, 0x8A, 0x28, 0xA0, 0x02, 0x8A, 0x28, 0xA0, 0x02,
  0x8A, 0x28, 0xA0, 0x05, 0x56, 0x28, 0x72, 0x2A, 0xC2, 0xB0, 0x61, 0x91, 0x55, 0xA9, 0xC8, 0xE5,
  0x0F, 0xB5, 0x34, 0x26, 0x8B, 0x14, 0xA0, 0xE2, 0x90, 0x10, 0xC3, 0x22, 0x8A, 0xA2, 0x47, 0xF5,
  0xA2, 0x9A, 0x0E, 0x29, 0xC0, 0xE6, 0x80, 0x01, 0x5D, 0x4F, 0x83, 0xF4, 0x36, 0xD5, 0x6F, 0x63,
  0x50, 0xB9, 0xC9, 0xAE, 0x62, 0x31, 0x97, 0x15, 0xED, 0x9F, 0x05, 0x74, 0x84, 0xB9, 0xBF, 0x88,
  0xB0, 0xCF, 0x22, 0x93, 0x03, 0xEA, 0x0F, 0xD9, 0xAB, 0xF6, 0x7C, 0x9F, 0xC6, 0x37, 0xF6, 0xB0,
  0x45, 0x6C, 0x5F, 0x71, 0x03, 0x8E, 0x32, 0x71, 0x93, 0x93, 0xD8, 0x01, 0xC9, 0x3D, 0x87, 0xB9,
  0x15, 0xFA, 0x45, 0xE0, 0x3F, 0x80, 0xBE, 0x17, 0xF0, 0x56, 0x9D, 0x0C, 0x4F, 0x63, 0x0E, 0xA3,
  0x72, 0xA0, 0x6E, 0x79, 0x93, 0xF7, 0x60, 0xFF, 0x00, 0xB2, 0x9D, 0x3F, 0x16, 0xC9, 0xAE, 0x3B,
  0xF6, 0x45, 0xF0, 0x5C, 0x1A, 0x07, 0x80, 0xCE, 0xA1, 0xE5, 0x81, 0x3C, 0xF8, 0x81, 0x58, 0x8E,
  0x42, 0x80, 0x19, 0xFF, 0x00, 0x36, 0x61, 0xFF, 0x00, 0x7C, 0x8A, 0xF7, 0x9A, 0xE6, 0x94, 0xAE,
  0xCE, 0x76, 0xEE, 0x66, 0xCD, 0xE1, 0xAD, 0x22, 0xE2, 0x03, 0x0C, 0xBA, 0x4D, 0x8B, 0xC5, 0x8C,
  0x6C, 0x36, 0xC9, 0x8F, 0xE5, 0x5E, 0x41, 0xF1, 0x77, 0xF6, 0x64, 0xD0, 0xBC, 0x63, 0xA5, 0x4F,
  0x2E, 0x93, 0x68, 0xB6, 0xF7, 0xAA, 0xA4, 0x8B, 0x60, 0x7E, 0x57, 0xF6, 0x42, 0x7E, 0xEB, 0x7B,
  0x7D, 0xD3, 0xD3, 0x03, 0xAD, 0x7B, 0x8D, 0x15, 0x09, 0xB4, 0x07, 0xE2, 0x8F, 0xC7, 0xBF, 0x83,
  0xCF, 0xE1, 0xFB, 0xCB, 0x98, 0x9A, 0x12, 0xAC, 0xA4, 0xE0, 0x95, 0xC6, 0x46, 0x7D, 0x3B, 0x1E,
  0xC4, 0x76, 0x22, 0xBE, 0x4E, 0xD6, 0xF4, 0xF6, 0xB1, 0xBA, 0x74, 0x23, 0x18, 0x35, 0xFB, 0x1B,
  0xFB, 0x75, 0x78, 0x16, 0xDD, 0x64, 0x1A, 0xA4, 0x71, 0x05, 0xFB, 0x54, 0x62, 0x56, 0xC0, 0xFE,
  0x3C, 0xED, 0x7F, 0xCF, 0x08, 0x7E, 0xA4, 0xD7, 0xE4, 0xF7, 0xC4, 0xBD, 0x3D, 0x6D, 0x75, 0x39,
  0x40, 0x18, 0xE4, 0xD7, 0x4C, 0x5D, 0xD1, 0xAC, 0x5D, 0xCF, 0x3F, 0xA5, 0xC9, 0xA0, 0xF5, 0xA4,
  0xAD, 0x0B, 0x1D, 0xBA, 0x97, 0x34, 0xCA, 0x28, 0x01, 0xF4, 0x53, 0x2A, 0x6B, 0x78, 0x5A, 0x67,
  0x0A, 0x39, 0xA0, 0x06, 0x51, 0x8A, 0xEB, 0x74, 0xAF, 0x04, 0x5D, 0x6A, 0x28, 0x0A, 0x46, 0x4E,
  0x7D, 0xAB, 0x5C, 0x7C, 0x2E, 0xBE, 0x23, 0xFD, 0x49, 0xFC, 0xA9, 0x5C, 0x0F, 0x3B, 0xC5, 0x15,
  0xE8, 0x87, 0xE1, 0x6D, 0xF0, 0x1F, 0xEA, 0x4F, 0xE5, 0x59, 0x5A, 0xA7, 0x81, 0xAE, 0xB4, 0xF4,
  0x2C, 0xF1, 0x91, 0x8F, 0x6A, 0x2E, 0x07, 0x21, 0x45, 0x49, 0x73, 0x0B, 0x40, 0xE5, 0x4D, 0x43,
  0x4C, 0x07, 0x66, 0x93, 0x75, 0x36, 0x8A, 0x00, 0x5C, 0x9A, 0x4A, 0x28, 0xA0, 0x0D, 0x2D, 0x1A,
  0xC4, 0xDE, 0xDC, 0xA2, 0x81, 0x9C, 0x9A, 0xFA, 0xA7, 0xE0, 0x47, 0xC2, 0x27, 0xD7, 0xEF, 0x2D,
  0xA3, 0x58, 0x72, 0x5B, 0x04, 0x9D, 0xB9, 0xC0, 0xF5, 0xFF, 0x00, 0xEB, 0x77, 0xAF, 0x9F, 0xBE,
  0x1C, 0x58, 0x2D, 0xD6, 0xA7, 0x10, 0x23, 0xB8, 0xAF, 0xD5, 0x9F, 0xD8, 0x57, 0xC0, 0x76, 0xF3,
  0xDE, 0xAE, 0xA3, 0x2C, 0x41, 0x85, 0xAA, 0x19, 0x86, 0x47, 0xF1, 0x0C, 0x2A, 0x7F, 0xE3, 0xCC,
  0x4F, 0xFC, 0x04, 0x54, 0x49, 0xD8, 0x89, 0x3B, 0x23, 0xDA, 0x3E, 0x0E, 0x7E, 0xCC, 0x3A, 0x27,
  0x84, 0x74, 0x98, 0x27, 0xD6, 0x2D, 0x04, 0xD7, 0x8E, 0xA0, 0xFD, 0x94, 0x9C, 0x04, 0xFF, 0x00,
  0xAE, 0x84, 0x72, 0xC7, 0xFD, 0x90, 0x70, 0x3A, 0x73, 0x5E, 0xCD, 0x6F, 0xE1, 0x9D, 0x1E, 0xD2,
  0x01, 0x0C, 0x3A, 0x4D, 0x8C, 0x71, 0x0E, 0x36, 0x2D, 0xB2, 0x63, 0xF9, 0x56, 0x95, 0x15, 0xCA,
  0xDD, 0xCC, 0xAC, 0x79, 0xDF, 0x8E, 0x3E, 0x05, 0x78, 0x5B, 0xC6, 0x7A, 0x7C, 0xD1, 0x7D, 0x82,
  0x1D, 0x3E, 0xE1, 0xC1, 0xC4, 0x90, 0x27, 0xC8, 0x4F, 0xFB, 0x49, 0xD0, 0xFE, 0x18, 0x3E, 0xF5,
  0xF9, 0xC9, 0xFB, 0x4C, 0x7E, 0xCF, 0x13, 0x78, 0x36, 0xFA, 0xEA, 0x19, 0x2D, 0xB6, 0x05, 0x3C,
  0x77, 0x1C, 0xF2, 0x08, 0x3D, 0xD4, 0x8E, 0x41, 0xFA, 0x83, 0xC8, 0xAF, 0xD5, 0xFA, 0xF1, 0x2F,
  0xDA, 0xBB, 0xC1, 0x90, 0x78, 0x8F, 0xE1, 0xF3, 0x5E, 0x98, 0xC1, 0x9E, 0xD8, 0x98, 0x8B, 0x63,
  0x9D, 0xAC, 0x09, 0x1F, 0x93, 0x81, 0xFF, 0x00, 0x7D, 0x1F, 0x5A, 0xB8, 0xCA, 0xCC, 0x2F, 0x63,
  0xF0, 0x87, 0xC6, 0x7A, 0x0B, 0x69, 0x57, 0xB2, 0x29, 0x5C, 0x60, 0xD7, 0x24, 0x7A, 0xD7, 0xBA,
  0xFC, 0x6D, 0xD1, 0xD2, 0xDA, 0xFA, 0x56, 0x0B, 0x8E, 0x6B, 0xC3, 0x25, 0x1B, 0x5C, 0x8A, 0xE9,
  0x4C, 0xE8, 0x1B, 0x47, 0x4A, 0x09, 0xC5, 0x34, 0x9C, 0xD3, 0x00, 0x27, 0x34, 0x94, 0x50, 0x48,
  0x51, 0x93, 0x40, 0x08, 0xCC, 0x14, 0x64, 0xD5, 0x77, 0x62, 0xE7, 0x26, 0x95, 0xDC, 0xB9, 0xF6,
  0xA6, 0xD4, 0xB2, 0x90, 0x51, 0x45, 0x14, 0x86, 0x14, 0x51, 0x45, 0x00, 0x14, 0x51, 0x45, 0x00,
  0x14, 0x51, 0x45, 0x00, 0x14, 0x51, 0x45, 0x00, 0x14, 0x51, 0x45, 0x00, 0x14, 0x51, 0x45, 0x00,
  0x14, 0x51, 0x45, 0x00, 0x14, 0x51, 0x45, 0x00, 0x14, 0x51, 0x45, 0x00, 0x14, 0x51, 0x45, 0x00,
  0x14, 0x51, 0x45, 0x00, 0x14, 0x51, 0x45, 0x00, 0x14, 0x51, 0x45, 0x00, 0x14, 0x51, 0x45, 0x00,
  0x14, 0x51, 0x45, 0x00, 0x14, 0x51, 0x45, 0x00, 0x14, 0x51, 0x45, 0x00, 0x14, 0x51, 0x45, 0x00,
  0x14, 0x51, 0x45, 0x00, 0x14, 0x51, 0x45, 0x00, 0x14, 0x51, 0x45, 0x00, 0x14, 0x51, 0x45, 0x00,
  0x14, 0x51, 0x45, 0x00, 0x14, 0x51, 0x45, 0x00, 0x14, 0x51, 0x45, 0x00, 0x14, 0x51, 0x45, 0x00,
  0x14, 0x51, 0x45, 0x00, 0x14, 0x51, 0x45, 0x00, 0x39, 0x1C, 0xA1, 0xF6, 0xF4, 0xA9, 0xD5, 0x83,
  0x0C, 0x8A, 0xAD, 0x4A, 0xAC, 0x50, 0xE4, 0x53, 0xB8, 0xAC, 0x59, 0xA2, 0x9A, 0x8E, 0x1C, 0x71,
  0xF9, 0x53, 0xAA, 0x89, 0x25, 0x85, 0xBE, 0x71, 0x5E, 0xF1, 0xF0, 0x3A, 0xF9, 0x22, 0xBD, 0x88,
  0x13, 0xDE, 0xBC, 0x0C, 0x1C, 0x1C, 0xD7, 0x79, 0xF0, 0xEF, 0xC4, 0x67, 0x4B, 0xBF, 0x88, 0x96,
  0xC0, 0xC8, 0xA9, 0x60, 0x7E, 0xF0, 0x7E, 0xCB, 0xDA, 0xE4, 0x1A, 0xBF, 0xC3, 0x18, 0x63, 0x8D,
  0x81, 0x78, 0x25, 0xDC, 0xC0, 0x1E, 0xCE, 0xAA, 0x41, 0xFC, 0xC3, 0x0F, 0xC2, 0xBD, 0x7A, 0xBF,
  0x39, 0xFF, 0x00, 0x64, 0x4F, 0xDA, 0x1E, 0x3F, 0x0B, 0xDC, 0xC3, 0x6F, 0x71, 0x20, 0x92, 0xD2,
  0x65, 0xF2, 0xDE, 0x3D, 0xC0, 0x6E, 0x52, 0x73, 0x81, 0x9E, 0x8C, 0x0F, 0x23, 0xEA, 0x47, 0x7A,
  0xFD, 0x0A, 0xD1, 0x35, 0xCB, 0x0F, 0x11, 0xE9, 0xF1, 0xDF, 0x69, 0xB7, 0x29, 0x77, 0x6C, 0xE3,
  0xEF, 0xA1, 0xE5, 0x4F, 0xA3, 0x0E, 0xAA, 0x7D, 0x8D, 0x73, 0x49, 0x59, 0x9C, 0xFB, 0x68, 0x5E,
  0xA2, 0x8C, 0xD7, 0x33, 0xE3, 0xBF, 0x88, 0x1A, 0x57, 0xC3, 0xFD, 0x2A, 0x4B, 0xBD, 0x42, 0x64,
  0xF3, 0xF6, 0x96, 0x8A, 0xD7, 0x78, 0x0F, 0x27, 0xFF, 0x00, 0x12, 0xBE, 0xAC, 0x78, 0xFA, 0x9E,
  0x2A, 0x40, 0xF9, 0xC7, 0xF6, 0xEA, 0xF1, 0x04, 0x10, 0xE9, 0x96, 0xB6, 0x3B, 0x94, 0xC9, 0x1C,
  0x19, 0x61, 0x9E, 0x41, 0x77, 0xDC, 0x07, 0xE4, 0x99, 0xFC, 0x6B, 0xF2, 0x1B, 0xE2, 0xAD, 0xD2,
  0xCF, 0xAA, 0x4B, 0xB4, 0xE7, 0x93, 0x5F, 0x60, 0x7E, 0xD4, 0x7F, 0x1C, 0x1F, 0xC5, 0xFA, 0xBD,
  0xED, 0xCC, 0x97, 0x01, 0xF7, 0x33, 0x1C, 0x8E, 0x01, 0x3D, 0x38, 0x1D, 0x80, 0x00, 0x00, 0x3D,
  0x05, 0x7C, 0x2D, 0xE2, 0x9D, 0x50, 0xEA, 0x17, 0xB2, 0x36, 0x73, 0x93, 0x5D, 0x11, 0x56, 0x46,
  0xB0, 0x56, 0x30, 0x73, 0xCD, 0x1B, 0xA9, 0x28, 0xAD, 0x4B, 0x1D, 0x9A, 0x29, 0xB4, 0x66, 0x80,
  0x1D, 0x5B, 0x5E, 0x1A, 0x84, 0x4D, 0x7D, 0x1A, 0x91, 0x9C, 0x9A, 0xC3, 0xC9, 0xAE, 0x83, 0xC2,
  0x2D, 0xFF, 0x00, 0x13, 0x28, 0xBF, 0xDE, 0x14, 0x80, 0xFB, 0x7F, 0xF6, 0x62, 0xF8, 0x43, 0x63,
  0xE3, 0xFD, 0x5A, 0xCF, 0x4C, 0x9C, 0xF9, 0x4D, 0x71, 0xB5, 0x23, 0x7E, 0x80, 0x31, 0x60, 0x06,
  0x78, 0x3C, 0x73, 0x5F, 0x5D, 0xAF, 0xEC, 0x1F, 0x08, 0x00, 0x7F, 0x68, 0xD9, 0xFE, 0x6F, 0xFF,
  0x00, 0xC4, 0x57, 0x85, 0x7E, 0xC4, 0x07, 0x3E, 0x36, 0xD0, 0xBF, 0xEB, 0xBC, 0x5F, 0xFA, 0x18,
  0xAF, 0xD3, 0x01, 0xD2, 0xB9, 0xE4, 0xDA, 0x66, 0x0D, 0xBB, 0x9F, 0x22, 0x37, 0xEC, 0x1F, 0x09,
  0x07, 0xFE, 0x26, 0x36, 0x7F, 0x9B, 0xFF, 0x00, 0xF1, 0x15, 0xF2, 0x77, 0xED, 0x3F, 0xF0, 0x6A,
  0xC7, 0xE1, 0xDE, 0xA9, 0x73, 0xA6, 0x42, 0xDE, 0x74, 0x90, 0x06, 0x59, 0x1F, 0xAA, 0x96, 0x07,
  0xF8, 0x78, 0x1C, 0x63, 0x1D, 0x6B, 0xF5, 0xB0, 0xF4, 0xAF, 0xCD, 0xEF, 0xDB, 0x9C, 0xFF, 0x00,
  0xC5, 0x6F, 0xAD, 0xFF, 0x00, 0xD7, 0x47, 0xFE, 0x94, 0x45, 0xB6, 0xC1, 0x37, 0x73, 0xF3, 0x2B,
  0xC5, 0x30, 0x08, 0x2F, 0xE4, 0x51, 0xC6, 0x0D, 0x61, 0x57, 0x43, 0xE3, 0x16, 0xFF, 0x00, 0x89,
  0x94, 0xDF, 0xEF, 0x1A, 0xE7, 0x32, 0x6B, 0xA0, 0xDC, 0x75, 0x19, 0xA6, 0xE6, 0x8A, 0x60, 0x2E,
  0xEA, 0x33, 0xCD, 0x25, 0x14, 0x01, 0xE8, 0x5F, 0x0B, 0xEE, 0x96, 0x1D, 0x52, 0x2C, 0x9E, 0xE2,
  0xBF, 0x5C, 0x7F, 0x61, 0x0F, 0x10, 0xDB, 0xBC, 0x37, 0x16, 0x45, 0x94, 0x49, 0x35, 0xBB, 0x05,
  0xE7, 0xBA, 0xB2, 0xBE, 0x3F, 0x22, 0xDF, 0x95, 0x7E, 0x33, 0xF8, 0x67, 0x53, 0x36, 0x17, 0xB1,
  0xBE, 0x71, 0x83, 0x5F, 0x71, 0x7E, 0xCC, 0x3F, 0x1B, 0x1F, 0xC2, 0x7A, 0xB5, 0x95, 0xCC, 0x77,
  0x1E, 0x59, 0x46, 0x53, 0xBB, 0xAE, 0xD2, 0x3A, 0x1C, 0x77, 0x1C, 0x90, 0x47, 0x70, 0x4D, 0x65,
  0x25, 0x74, 0x44, 0xF5, 0x47, 0xEB, 0xC5, 0x15, 0xCA, 0xFC, 0x3E, 0xF8, 0x8D, 0xA4, 0xFC, 0x43,
  0xD2, 0x62, 0xB9, 0xB1, 0x9A, 0x35, 0xBA, 0xD8, 0x1A, 0x5B, 0x4D, 0xE0, 0xB2, 0x7B, 0xAF, 0xF7,
  0x97, 0xD0, 0x8F, 0xC7, 0x06, 0xBA, 0xAC, 0xD7, 0x39, 0x90, 0x57, 0x96, 0x7E, 0xD2, 0x5A, 0xDC,
  0x3A, 0x3F, 0xC3, 0x1B, 0xA5, 0x95, 0x80, 0x69, 0xE5, 0x50, 0xA0, 0x9E, 0xC8, 0x0B, 0x93, 0xFA,
  0x01, 0xF8, 0xD7, 0xA3, 0xEA, 0xFA, 0xCD, 0x96, 0x81, 0x61, 0x25, 0xEE, 0xA1, 0x73, 0x1D, 0xA5,
  0xAC, 0x63, 0x26, 0x49, 0x0E, 0x33, 0xEC, 0x07, 0x52, 0x7D, 0x87, 0x35, 0xF0, 0x07, 0xED, 0x7B,
  0xFB, 0x44, 0xC5, 0xE2, 0x49, 0x65, 0xB3, 0xB5, 0x93, 0xCB, 0xB3, 0x81, 0x4C, 0x69, 0x1E, 0xE1,
  0x95, 0x5C, 0xE4, 0xE7, 0x1F, 0xC4, 0xC4, 0x02, 0x7D, 0x00, 0x03, 0xD6, 0xAA, 0x2A, 0xEC, 0x37,
  0xD0, 0xF8, 0x53, 0xE3, 0xAD, 0xFA, 0x4B, 0x79, 0x28, 0x07, 0x9C, 0x9A, 0xF9, 0xFE, 0x76, 0xFD,
  0xE1, 0xAE, 0xF7, 0xE2, 0x3F, 0x89, 0x0E, 0xAB, 0x7F, 0x29, 0x0D, 0x90, 0x49, 0xAF, 0x3E, 0x27,
  0x24, 0x9A, 0xE9, 0x47, 0x42, 0x12, 0x8A, 0x29, 0x1D, 0xC2, 0x0E, 0x6A, 0x80, 0x19, 0x82, 0x8C,
  0x9A, 0x81, 0xDC, 0xB9, 0xF6, 0xA4, 0x67, 0x2E, 0x72, 0x69, 0x2A, 0x6E, 0x55, 0x82, 0x8A, 0x28,
  0xA4, 0x30, 0xA2, 0x8A, 0x28, 0x00, 0xA2, 0x8A, 0x28, 0x00, 0xA2, 0x8A, 0x28, 0x00, 0xA2, 0x8A,
  0x28, 0x00, 0xA2, 0x8A, 0x28, 0x00, 0xA2, 0x8A, 0x28, 0x00, 0xA2, 0x8A, 0x28, 0x00, 0xA2, 0x8A,
  0x28, 0x00, 0xA2, 0x8A, 0x28, 0x00, 0xA2, 0x8A, 0x28, 0x00, 0xA2, 0x8A, 0x28, 0x00, 0xA2, 0x8A,
  0x28, 0x00, 0xA2, 0x8A, 0x28, 0x00, 0xA2, 0x8A, 0x28, 0x00, 0xA2, 0x8A, 0x28, 0x00, 0xA2, 0x8A,
  0x28, 0x00, 0xA2, 0x8A, 0x28, 0x00, 0xA2, 0x8A, 0x28, 0x00, 0xA2, 0x8A, 0x28, 0x00, 0xA2, 0x8A,
  0x28, 0x00, 0xA2, 0x8A, 0x28, 0x00, 0xA2, 0x8A, 0x28, 0x00, 0xA2, 0x8A, 0x28, 0x00, 0xA2, 0x8A,
  0x28, 0x00, 0xA2, 0x8A, 0x28, 0x00, 0xA2, 0x8A, 0x28, 0x00, 0xA2, 0x8A, 0x28, 0x00, 0xA2, 0x8A,
  0x28, 0x00, 0xA2, 0x8A, 0x28, 0x00, 0xA2, 0x8A, 0x28, 0x00, 0x04, 0x83, 0x91, 0xC5, 0x4C, 0x92,
  0x86, 0xE0, 0xF0, 0x6A, 0x1A, 0x28, 0x02, 0xD5, 0x58, 0xB4, 0xB9, 0x6B, 0x69, 0x03, 0x03, 0x8C,
  0x55, 0x04, 0x94, 0xAF, 0x07, 0x91, 0x53, 0x2B, 0x06, 0x19, 0x06, 0xAB, 0x72, 0x4F, 0x5E, 0xF0,
  0x07, 0xC4, 0xD9, 0xB4, 0x69, 0x23, 0x06, 0x42, 0x00, 0xF7, 0xAF, 0xAA, 0xFE, 0x1A, 0xFE, 0xD6,
  0x7A, 0xA7, 0x87, 0x56, 0x36, 0xB7, 0xD4, 0x64, 0x46, 0x00, 0x0D, 0xC2, 0x42, 0xAD, 0x8F, 0x4D,
  0xC0, 0xE4, 0x8F, 0x63, 0x9A, 0xFC, 0xFB, 0x8E, 0x76, 0x88, 0xE4, 0x1C, 0x56, 0x9D, 0xA7, 0x88,
  0xAE, 0x6D, 0xB1, 0xB6, 0x42, 0x3F, 0x1A, 0x4D, 0x12, 0xD2, 0x7B, 0x9F, 0xA8, 0xD7, 0x7F, 0xB7,
  0x7F, 0x88, 0x25, 0xB2, 0x31, 0xFF, 0x00, 0x6A, 0x4C, 0x09, 0x18, 0xC8, 0x98, 0x03, 0xF9, 0x85,
  0x07, 0xF5, 0xAF, 0x05, 0xF8, 0x9D, 0xFB, 0x4C, 0x5F, 0x78, 0x80, 0x4C, 0x67, 0xBD, 0x69, 0x37,
  0x9C, 0xB0, 0xDC, 0x4E, 0xE3, 0xEE, 0x49, 0xC9, 0xFC, 0x6B, 0xE4, 0x03, 0xE3, 0x3B, 0xC2, 0xB8,
  0xF3, 0x5B, 0xF3, 0xAC, 0xFB, 0xAD, 0x76, 0x7B, 0xA2, 0x77, 0x39, 0x3F, 0x8D, 0x25, 0x1B, 0x12,
  0xA2, 0x91, 0xD7, 0xF8, 0xD7, 0xC7, 0x53, 0x6B, 0x53, 0xBE, 0x64, 0x24, 0x13, 0xEB, 0x5C, 0x14,
  0xB2, 0x99, 0x1C, 0x92, 0x69, 0x1A, 0x42, 0xE7, 0x24, 0xD3, 0x6A, 0x8B, 0x17, 0x75, 0x2E, 0x45,
  0x36, 0x8A, 0x60, 0x3E, 0x8A, 0x65, 0x2E, 0x4D, 0x00, 0x3A, 0xB7, 0xFC, 0x25, 0xFF, 0x00, 0x21,
  0x28, 0xBF, 0xDE, 0x15, 0xCF, 0x6E, 0xAE, 0x83, 0xC2, 0x2D, 0xFF, 0x00, 0x13, 0x28, 0xBF, 0xDE,
  0x14, 0x98, 0x1F, 0xA4, 0xDF, 0xB1, 0x07, 0xFC, 0x8E, 0xDA, 0x17, 0xFD, 0x77, 0x8B, 0xFF, 0x00,
  0x43, 0x15, 0xFA, 0x62, 0x3A, 0x57, 0xE6, 0x6F, 0xEC, 0x3E, 0x7F, 0xE2, 0xB7, 0xD0, 0xBF, 0xEB,
  0xBC, 0x7F, 0xFA, 0x18, 0xAF, 0xD3, 0x21, 0xD2, 0xB9, 0x67, 0xB9, 0x83, 0xDC, 0x0F, 0x4A, 0xFC,
  0xDE, 0xFD, 0xB9, 0xFF, 0x00, 0xE4, 0x77, 0xD6, 0xFF, 0x00, 0xEB, 0xA3, 0xFF, 0x00, 0x4A, 0xFD,
  0x21, 0x3D, 0x2B, 0xF3, 0x77, 0xF6, 0xE9, 0x3F, 0xF1, 0x5B, 0xEB, 0x5F, 0xF5, 0xD1, 0xFF, 0x00,
  0xA5, 0x38, 0x6E, 0x0B, 0x74, 0x7E, 0x67, 0x78, 0xC7, 0xFE, 0x42, 0x53, 0x7F, 0xBC, 0x6B, 0x9D,
  0xAE, 0x87, 0xC6, 0x2D, 0xFF, 0x00, 0x13, 0x29, 0xBF, 0xDE, 0x35, 0xCE, 0x6E, 0xAE, 0x94, 0x6E,
  0x3A, 0x8A, 0x6E, 0x4D, 0x25, 0x30, 0x1D, 0x91, 0x49, 0xBA, 0x92, 0x8A, 0x00, 0x7C, 0x72, 0x14,
  0x60, 0x41, 0xAE, 0xE7, 0xC1, 0x9E, 0x38, 0x9B, 0x45, 0x9D, 0x08, 0x90, 0x80, 0x0F, 0xAD, 0x70,
  0x74, 0xE5, 0x72, 0x87, 0x20, 0xD2, 0x03, 0xED, 0x8F, 0x86, 0x3F, 0xB4, 0xA5, 0xEE, 0x80, 0x21,
  0x30, 0xDE, 0xB4, 0x7B, 0x0E, 0xE0, 0xA5, 0x8F, 0x07, 0xD4, 0x60, 0xE4, 0x1F, 0xA6, 0x2B, 0xDF,
  0xEC, 0x7F, 0x6E, 0xEF, 0x10, 0x41, 0x66, 0x23, 0xFE, 0xD4, 0x99, 0xB0, 0x38, 0x26, 0x60, 0xC7,
  0xF3, 0x65, 0x27, 0xF5, 0xAF, 0xCB, 0x6B, 0x5D, 0x6E, 0x7B, 0x52, 0x36, 0xB9, 0x1F, 0x8D, 0x68,
  0xAF, 0x8C, 0xEF, 0x15, 0x71, 0xE6, 0xB7, 0xE7, 0x50, 0xE2, 0x89, 0x71, 0x4C, 0xFB, 0xA7, 0xE2,
  0x4F, 0xED, 0x6F, 0xAA, 0xF8, 0x85, 0x64, 0x37, 0x1A, 0x94, 0x8E, 0xC4, 0x11, 0xB9, 0xA5, 0x66,
  0x6C, 0x7B, 0x12, 0x78, 0xFC, 0x31, 0x5F, 0x29, 0xFC, 0x40, 0xF8, 0xA1, 0x36, 0xB3, 0x24, 0x80,
  0x4A, 0x48, 0x3E, 0xF5, 0xE6, 0xD7, 0x7E, 0x23, 0xB9, 0xB9, 0xCE, 0xE9, 0x09, 0xCF, 0xBD, 0x65,
  0xCB, 0x3B, 0x4A, 0x49, 0x62, 0x4D, 0x52, 0x43, 0x49, 0x22, 0x5B, 0xCB, 0xA6, 0xB9, 0x90, 0xB3,
  0x1C, 0xE6, 0xAB, 0x52, 0x33, 0x05, 0x19, 0x26, 0xA1, 0x79, 0x4B, 0x70, 0x38, 0x14, 0xCA, 0x24,
  0x79, 0x42, 0xF0, 0x39, 0x35, 0x01, 0x24, 0x9C, 0x9E, 0x68, 0xA2, 0xA4, 0xA0, 0xA2, 0x8A, 0x28,
  0x00, 0xA2, 0x8A, 0x28, 0x00, 0xA2, 0x8A, 0x28, 0x00, 0xA2, 0x8A, 0x28, 0x00, 0xA2, 0x8A, 0x28,
  0x00, 0xA2, 0x8A, 0x28, 0x00, 0xA2, 0x8A, 0x28, 0x00, 0xA2, 0x8A, 0x28, 0x00, 0xA2, 0x8A, 0x28,
  0x00, 0xA2, 0x8A, 0x28, 0x00, 0xA2, 0x8A, 0x28, 0x00, 0xA2, 0x8A, 0x28, 0x00, 0xA2, 0x8A, 0x28,
  0x00, 0xA2, 0x8A, 0x28, 0x00, 0xA2, 0x8A, 0x28, 0x00, 0xA2, 0x8A, 0x28, 0x00, 0xA2, 0x8A, 0x28,
  0x00, 0xA2, 0x8A, 0x28, 0x00, 0xA2, 0x8A, 0x28, 0x00, 0xA2, 0x8A, 0x28, 0x00, 0xA2, 0x8A, 0x28,
  0x00, 0xA2, 0x8A, 0x28, 0x00, 0xA2, 0x8A, 0x28, 0x00, 0xA2, 0x8A, 0x28, 0x00, 0xA2, 0x8A, 0x28,
  0x00, 0xA2, 0x8A, 0x28, 0x00, 0xA2, 0x8A, 0x28, 0x00, 0xA2, 0x8A, 0x28, 0x00, 0xA2, 0x8A, 0x28,
  0x00, 0xA2, 0x8A, 0x28, 0x00, 0xA2, 0x8A, 0x28, 0x00, 0xA2, 0x8A, 0x28, 0x00, 0xA2, 0x8A, 0x28,
  0x00, 0xA0, 0x12, 0xA7, 0x20, 0xE2, 0x8A, 0x28, 0x02, 0x64, 0x9B, 0x3F, 0x7B, 0x8F, 0x7A, 0x90,
  0x1C, 0xF4, 0xAA, 0xB4, 0xAA, 0xC5, 0x7A, 0x1A, 0x77, 0x15, 0x8B, 0x34, 0x54, 0x6B, 0x30, 0xFE,
  0x21, 0x8F, 0x7A, 0x90, 0x10, 0x7A, 0x1C, 0xD3, 0x10, 0xB4, 0x6E, 0xA4, 0xA2, 0x98, 0x87, 0x64,
  0x52, 0xD3, 0x28, 0xA0, 0x07, 0xD1, 0x4D, 0xC9, 0xA5, 0xDD, 0x40, 0x0B, 0x5B, 0xFE, 0x12, 0xFF,
  0x00, 0x90, 0x94, 0x5F, 0xEF, 0x0A, 0xE7, 0xF7, 0x56, 0xFF, 0x00, 0x84, 0xDC, 0x0D, 0x46, 0x22,
  0x4F, 0xF1, 0x0A, 0x4C, 0x0F, 0xD2, 0x7F, 0xD8, 0x7B, 0xFE, 0x47, 0x7D, 0x0B, 0xFE, 0xBB, 0xC5,
  0xFF, 0x00, 0xA1, 0x8A, 0xFD, 0x33, 0x1D, 0x2B, 0xF3, 0x1B, 0xF6, 0x1F, 0xBB, 0x89, 0x7C, 0x6D,
  0xA2, 0x17, 0x91, 0x51, 0x56, 0x58, 0xD9, 0x99, 0x98, 0x00, 0x06, 0xF1, 0xC9, 0x26, 0xBF, 0x4B,
  0x06, 0xB5, 0xA7, 0x63, 0xFE, 0x42, 0x36, 0x7F, 0xF8, 0x10, 0x9F, 0xE3, 0x5C, 0xD3, 0xDC, 0xC1,
  0xEE, 0x5D, 0x3D, 0x2B, 0xF3, 0x73, 0xF6, 0xE9, 0xFF, 0x00, 0x91, 0xDF, 0x5B, 0xFF, 0x00, 0xAE,
  0x8F, 0xFD, 0x2B, 0xF4, 0x58, 0xEB, 0x5A, 0x76, 0x3F, 0xE4, 0x23, 0x67, 0xFF, 0x00, 0x81, 0x09,
  0xFE, 0x35, 0xF9, 0xC7, 0xFB, 0x73, 0xDE, 0x42, 0xFE, 0x36, 0xD6, 0x19, 0x24, 0x49, 0x15, 0xDD,
  0xCA, 0xB2, 0x30, 0x20, 0x8C, 0x8E, 0x84, 0x51, 0x0D, 0xC1, 0x6E, 0x8F, 0xCD, 0x3F, 0x18, 0xFF,
  0x00, 0xC8, 0x4A, 0x6F, 0xF7, 0x8D, 0x73, 0x95, 0xD0, 0xF8, 0xC1, 0xC1, 0xD4, 0x66, 0xE7, 0xB9,
  0xAE, 0x77, 0x75, 0x74, 0xA3, 0x71, 0x68, 0xA4, 0xDD, 0x49, 0x93, 0x4C, 0x07, 0x52, 0x64, 0x53,
  0x68, 0xA0, 0x05, 0xDD, 0x45, 0x25, 0x14, 0x00, 0x51, 0x41, 0x20, 0x0E, 0x4E, 0x2A, 0x36, 0x98,
  0x0E, 0x9C, 0xD2, 0x19, 0x21, 0x38, 0xA8, 0xDE, 0x60, 0x3E, 0xEF, 0x3E, 0xF5, 0x13, 0x31, 0x6E,
  0xA6, 0x92, 0x95, 0xC7, 0x60, 0x2C, 0x58, 0xE4, 0x9C, 0xD1, 0x45, 0x14, 0x86, 0x14, 0x51, 0x45,
  0x00, 0x14, 0x51, 0x45, 0x00, 0x14, 0x51, 0x45, 0x00, 0x14, 0x51, 0x45, 0x00, 0x14, 0x51, 0x45,
  0x00, 0x14, 0x51, 0x45, 0x00, 0x14, 0x51, 0x45, 0x00, 0x14, 0x51, 0x45, 0x00, 0x14, 0x51, 0x45,
  0x00, 0x14, 0x51, 0x45, 0x00, 0x14, 0x51, 0x45, 0x00, 0x14, 0x51, 0x45, 0x00, 0x14, 0x51, 0x45,
  0x00, 0x14, 0x51, 0x45, 0x00, 0x14, 0x51, 0x45, 0x00, 0x14, 0x51, 0x45, 0x00, 0x14, 0x51, 0x45,
  0x00, 0x14, 0x51, 0x45, 0x00, 0x14, 0x51, 0x45, 0x00, 0x14, 0x51, 0x45, 0x00, 0x14, 0x51, 0x45,
  0x00, 0x14, 0x51, 0x45, 0x00, 0x14, 0x51, 0x45, 0x00, 0x14, 0x51, 0x45, 0x00, 0x14, 0x51, 0x45,
  0x00, 0x14, 0x51, 0x45, 0x00, 0x14, 0x51, 0x45, 0x00, 0x14, 0x51, 0x45, 0x00, 0x14, 0x51, 0x45,
  0x00, 0x14, 0x51, 0x45, 0x00, 0x14, 0x51, 0x45, 0x00, 0x14, 0x51, 0x45, 0x00, 0x14, 0x51, 0x45,
  0x00, 0x14, 0x51, 0x45, 0x00, 0x14, 0x51, 0x45, 0x00, 0x14, 0x51, 0x45, 0x00, 0x14, 0x02, 0x47,
  0x4E, 0x28, 0xA2, 0x80, 0x24, 0x59, 0x88, 0xEB, 0xCD, 0x3D, 0x65, 0x53, 0xED, 0xF5, 0xA8, 0x28,
  0xA7, 0x71, 0x58, 0xB4, 0x08, 0x3D, 0x0E, 0x68, 0xAA, 0xA0, 0x91, 0xD0, 0xE2, 0x9C, 0x25, 0x61,
  0xDF, 0x3F, 0x5A, 0x2E, 0x16, 0x2C, 0x51, 0x51, 0x09, 0xFD, 0x45, 0x38, 0x4C, 0xA7, 0xD4, 0x53,
  0xB8, 0xAC, 0x3E, 0xB4, 0x74, 0x7B, 0xBF, 0xB2, 0xDC, 0xA3, 0xFA, 0x1A, 0xCC, 0x12, 0x29, 0xEE,
  0x29, 0xCB, 0x20, 0x07, 0x20, 0x8F, 0xCE, 0x80, 0x3E, 0x93, 0xF8, 0x6F, 0xF1, 0x9E, 0x7F, 0x0A,
  0xC6, 0x0D, 0xBD, 0xDB, 0xDB, 0xB9, 0x5D, 0x8C, 0x51, 0xB1, 0x91, 0xE8, 0x7F, 0x2A, 0xF4, 0x65,
  0xFD, 0xA7, 0x2F, 0x02, 0x8C, 0xEA, 0x12, 0x13, 0xFE, 0xF5, 0x7C, 0x5F, 0x1D, 0xFC, 0xB1, 0x8F,
  0x95, 0x88, 0xA9, 0x3F, 0xB5, 0x27, 0xFE, 0xF9, 0xFC, 0xE9, 0x58, 0x9B, 0x26, 0x7D, 0x98, 0xDF,
  0xB4, 0xE5, 0xE1, 0x1C, 0x6A, 0x12, 0x7F, 0xDF, 0x55, 0xE7, 0xBF, 0x11, 0xFE, 0x35, 0xDC, 0x78,
  0xA6, 0x1C, 0x5C, 0xDD, 0xBD, 0xC1, 0x55, 0xDA, 0xA5, 0xDB, 0x3B, 0x47, 0x5C, 0x0A, 0xF9, 0xD7,
  0xFB, 0x52, 0x6F, 0xEF, 0x9F, 0xCE, 0xA3, 0x92, 0xFE, 0x59, 0x07, 0xCC, 0xC6, 0x8B, 0x02, 0x8A,
  0x45, 0xAD, 0x6A, 0xF3, 0xED, 0x77, 0x4E, 0xF9, 0xEA, 0x6B, 0x32, 0x95, 0xA4, 0xC9, 0xC9, 0x22,
  0x98, 0x64, 0x51, 0xDC, 0x53, 0x28, 0x75, 0x14, 0xC3, 0x32, 0x8F, 0x53, 0x4D, 0x33, 0xFA, 0x0A,
  0x2E, 0x16, 0x25, 0xA3, 0x38, 0xAA, 0xE6, 0x56, 0x3D, 0xF1, 0xF4, 0xA6, 0x92, 0x4F, 0x53, 0x9A,
  0x57, 0x0B, 0x13, 0xB4, 0xAA, 0x3D, 0xFE, 0x94, 0xC6, 0x98, 0x9E, 0x9C, 0x54, 0x74, 0x51, 0x71,
  0xD8, 0x09, 0x24, 0xF2, 0x73, 0x45, 0x14, 0x52, 0x18, 0x51, 0x45, 0x14, 0x00, 0x51, 0x45, 0x14,
  0x00, 0x51, 0x45, 0x14, 0x00, 0x51, 0x45, 0x14, 0x00, 0x51, 0x45, 0x14, 0x00, 0x51, 0x45, 0x14,
  0x00, 0x51, 0x45, 0x14, 0x00, 0x51, 0x45, 0x14, 0x00, 0x51, 0x45, 0x14, 0x00, 0x51, 0x45, 0x14,
  0x00, 0x51, 0x45, 0x14, 0x00, 0x51, 0x45, 0x14, 0x00, 0x51, 0x45, 0x14, 0x00, 0x51, 0x45, 0x14,
  0x00, 0x51, 0x45, 0x14, 0x00, 0x51, 0x45, 0x14, 0x00, 0x51, 0x45, 0x14, 0x00, 0x51, 0x45, 0x14,
  0x00, 0x51, 0x45, 0x14, 0x00, 0x51, 0x45, 0x14, 0x00, 0x51, 0x45, 0x14, 0x00, 0x51, 0x45, 0x14,
  0x00, 0x51, 0x45, 0x14, 0x00, 0x51, 0x45, 0x14, 0x00, 0x51, 0x45, 0x14, 0x00, 0x51, 0x45, 0x14,
  0x00, 0x51, 0x45, 0x14, 0x00, 0x51, 0x45, 0x14, 0x00, 0x51, 0x45, 0x14, 0x00, 0x51, 0x45, 0x14,
  0x00, 0x51, 0x45, 0x14, 0x00, 0x51, 0x45, 0x14, 0x00, 0x51, 0x45, 0x14, 0x00, 0x51, 0x45, 0x14,
  0x00, 0x51, 0x45, 0x14, 0x00, 0x51, 0x45, 0x14, 0x00, 0x51, 0x45, 0x14, 0x00, 0x51, 0x45, 0x14,
  0x00, 0x51, 0x45, 0x14, 0x00, 0x51, 0x45, 0x14, 0x00, 0x51, 0x45, 0x14, 0x00, 0x51, 0x45, 0x14,
  0x00, 0x51, 0x45, 0x14, 0x00, 0x51, 0x9A, 0x28, 0xA0, 0x03, 0x34, 0x51, 0x45, 0x00, 0x14, 0x51,
  0x45, 0x00, 0x14, 0x51, 0x45, 0x00, 0x14, 0x51, 0x45, 0x00, 0x14, 0x51, 0x45, 0x00, 0x14, 0x51,
  0x45, 0x00, 0x14, 0x51, 0x45, 0x00, 0x14, 0x51, 0x45, 0x00, 0x14, 0x51, 0x45, 0x00, 0x14, 0x51,
  0x45, 0x00, 0x14, 0x51, 0x45, 0x00, 0x14, 0x51, 0x45, 0x00, 0x14, 0x51, 0x45, 0x00, 0x14, 0x51,
  0x45, 0x00, 0x14, 0x51, 0x45, 0x00, 0x14, 0x51, 0x45, 0x00, 0x14, 0x51, 0x45, 0x00, 0x14, 0x51,
  0x45, 0x00, 0x14, 0x51, 0x45, 0x00, 0x14, 0x51, 0x45, 0x00, 0x14, 0x51, 0x45, 0x00, 0x14, 0x51,
  0x45, 0x00, 0x14, 0x51, 0x45, 0x00, 0x14, 0x51, 0x45, 0x00, 0x14, 0x51, 0x45, 0x00, 0x14, 0x51,
  0x45, 0x00, 0x14, 0x51, 0x45, 0x00, 0x14, 0x51, 0x45, 0x00, 0x14, 0x51, 0x45, 0x00, 0x14, 0x51,
  0x45, 0x00, 0x14, 0x51, 0x45, 0x00, 0x14, 0x51, 0x45, 0x00, 0x14, 0x51, 0x45, 0x00, 0x14, 0x51,
  0x45, 0x00, 0x14, 0x51, 0x45, 0x00, 0x7F, 0xFF, 0xD9,
};
