#pragma once
// ==========================================================
//  dream_img.h - the Dreamsaver icon (sleeping figure)
//  175x175 RGB565, LITTLE endian, same format as tile_img.h.
//  From the uploaded drawing: the light background keyed out to
//  the dark ground 0x181C22 so it sits like the other tiles.
// ==========================================================
#include <Arduino.h>
#include <lvgl.h>

const uint8_t img_dream_map[] = {
  0xe4,0x18,0xe4,0x18,0xe4,0x18,0xe4,0x18,0xe4,0x18,0xe4,0x18,0xe4,0x18,0xe4,0x18,
  0xe4,0x18,0xe4,0x18,0xe4,0x18,0xe4,0x18,0xe4,0x18,0xe4,0x18,0xe4,0x18,0xe4,0x18,
  0xe4,0x18,0xe4,0x18,0xe4,0x18,0xe4,0x18,0xe4,0x18,0xe4,0x18,0xe4,0x18,0xe4,0x18,
  0xe4,0x18,0xe4,0x18,0xe4,0x18,0xe4,0x18,0xe4,0x18,0xe4,0x18,0xe4,0x18,0xe4,0x18,
  0xe4,0x18,0xe4,0x18,0xe4,0x18,0xe4,0x18,0xe4,0x18,0xe4,0x18,0xe4,0x18,0xe4,0x18,
  0xe4,0x18,0xe4,0x18,0xe4,0x18,0xe4,0x18,0xe4,0x18,0xe4,0x18,0xe4,0x18,0xe4,0x18,
  0xe4,0x18,0xe4,0x18,0xe4,0x18,0xe4,0x18,0xe4,0x18,0xe4,0x18,0xe4,0x18,0xe4,0x18,
  0xe4,0x18,0xe4,0x18,0xe4,0x18,0xe4,0x18,0xe4,0x18,0xe4,0x18,0xe4,0x18,0xe4,0x18,
  0xe4,0x18,0xe4,0x18,0xe4,0x18,0xe4,0x18,0xe4,0x18,0xe4,0x18,0xe4,0x18,0xe4,0x18,
  0xe4,0x18,0xe4,0x18,0xe4,0x18,0xe4,0x18,0xe4,0x18,0xe4,0x18,0xe4,0x18,0xe4,0x18,
  0xe4,0x18,0xe4,0x18,0xe4,0x18,0xe4,0x18,0xe4,0x18,0xe4,0x18,0xe4,0x18,0xe4,0x18,
  0xe4,0x18,0xe4,0x18,0xe4,0x18,0xe4,0x18,0xe4,0x18,0xe4,0x18,0xe4,0x18,0xe4,0x18,
  0xe4,0x18,0xe4,0x18,0xe4,0x18,0xe4,0x18,0xe4,0x18,0xe4,0x18,0xe4,0x18,0xe4,0x18,
  0xe4,0x18,0xe4,0x18,0xe4,0x18,0xe4,0x18,0xe4,0x18,0xe4,0x18,0xe4,0x18,0xe4,0x18,
  0xe4,0x18,0xe4,0x18,0xe4,0x18,0xe4,0x18,0xe4,0x18,0xe4,0x18,0xe4,0x18,0xe4,0x18,
  0xe4,0x18,0xe4,0x18,0xe4,0x18,0xe4,0x18,0xe4,0x18,0xe4,0x18,0xe4,0x18,0xe4,0x18,
  0xe4,0x18,0xe4,0x18,0xe4,0x18,0xe4,0x18,0xe4,0x18,0xe4,0x18,0xe4,0x18,0xe4,0x18,
  0xe4,0x18,0xe4,0x18,0xe4,0x18,0xe4,0x18,0xe4,0x18,0xe4,0x18,0xe4,0x18,0xe4,0x18,
  0xe4,0x18,0xe4,0x18,0xe4,0x18,0xe4,0x18,0xe4,0x18,0xe4,0x18,0xe4,0x18,0xe4,0x18,
  0xe4,0x18,0xe4,0x18,0xe4,0x18,0xe4,0x18,0xe4,0x18,0xe4,0x18,0xe4,0x18,0xe4,0x18,
  0xe4,0x18,0xe4,0x18,0xe4,0x18,0xe4,0x18,0xe4,0x18,0xe4,0x18,0xe4,0x18,0xe4,0x18,
  0xe4,0x18,0xe4,0x18,0xe4,0x18,0xe4,0x18,0xe4,0x18,0xe4,0x18,0xe4,0x18,0xe4,0x18,
  0xe4,0x18,0xe4,0x18,0xe4,0x18,0xe4,0x18,0xe4,0x18,0xe4,0x18,0xe4,0x18,0xe4,0x18,
  0xe4,0x18,0xe4,0x18,0xe4,0x18,0xe4,0x18,0xe4,0x18,0xe4,0x18,0xe4,0x18,0xe4,0x18,
  0xe4,0x18,0xe4,0x18,0xe4,0x18,0xe4,0x18,0xe4,0x18,0xe4,0x18,0xe4,0x18,0xe4,0x18,
  0xe4,0x18,0xe4,0x18,0xe4,0x18,0xe4,0x18,0xe4,0x18,0xe4,0x18,0xe4,0x18,0xe4,0x18,
  0xe4,0x18,0xe4,0x18,0xe4,0x18,0xe4,0x18,0xe4,0x18,0xe4,0x18,0xe4,0x18,0xe4,0x18,
  0xe4,0x18,0xe4,0x18,0xe4,0x18,0xe4,0x18,0xe4,0x18,0xe4,0x18,0xe4,0x18,0xe4,0x18,
  0xe4,0x18,0xe4,0x18,0xe4,0x18,0xe4,0x18,0xe4,0x18,0xe4,0x18,0xe4,0x18,0xe4,0x18,
  0xe4,0x18,0xe4,0x18,0xe4,0x18,0xe4,0x18,0xe4,0x18,0xe4,0x18,0xe4,0x18,0xe4,0x18,
  0xe4,0x18,0xe4,0x18,0xe4,0x18,0xe4,0x18,0xe4,0x18,0xe4,0x18,0xe4,0x18,0xe4,0x18,
  0xe4,0x18,0xe4,0x18,0xe4,0x18,0xe4,0x18,0xe4,0x18,0xe4,0x18,0xe4,0x18,0xe4,0x18,
  0xe4,0x18,0xe4,0x18,0xe4,0x18,0xe4,0x18,0xe4,0x18,0xe4,0x18,0xe4,0x18,0xe4,0x18,
  0xe4,0x18,0xe4,0x18,0xe4,0x18,0xe4,0x18,0xe4,0x18,0xe4,0x18,0xe4,0x18,0xe4,0x18,
  0xe4,0x18,0xe4,0x18,0xe4,0x18,0xe4,0x18,0xe4,0x18,0xe4,0x18,0xe4,0x18,0xe4,0x18,
  0xe4,0x18,0xe4,0x18,0xe4,0x18,0xe4,0x18,0xe4,0x18,0xe4,0x18,0xe4,0x18,0xe4,0x18,
  0xe4,0x18,0xe4,0x18,0xe4,0x18,0xe4,0x18,0xe4,0x18,0xe4,0x18,0xe4,0x18,0xe4,0x18,
  0xe4,0x18,0xe4,0x18,0xe4,0x18,0xe4,0x18,0xe4,0x18,0xe4,0x18,0xe4,0x18,0xe4,0x18,
  0xe4,0x18,0xe4,0x18,0xe4,0x18,0xe4,0x18,0xe4,0x18,0xe4,0x18,0xe4,0x18,0xe4,0x18,
  0xe4,0x18,0xe4,0x18,0xe4,0x18,0xe4,0x18,0xe4,0x18,0xe4,0x18,0xe4,0x18,0xe4,0x18,
  0xe4,0x18,0xe4,0x18,0xe4,0x18,0xe4,0x18,0xe4,0x18,0xe4,0x18,0xe4,0x18,0xe4,0x18,
  0xe4,0x18,0xe4,0x18,0xe4,0x18,0xe4,0x18,0xe4,0x18,0xe4,0x18,0xe4,0x18,0xe4,0x18,
  0xe4,0x18,0xe4,0x18,0xe4,0x18,0xe4,0x18,0xe4,0x18,0xe4,0x18,0xe4,0x18,0xe4,0x18,
  0xe4,0x18,0xe4,0x18,0xe4,0x18,0xe4,0x18,0xe4,0x18,0xe4,0x18,0xe4,0x18,0xe4,0x18,
  0xe4,0x18,0xe4,0x18,0xe4,0x18,0xe4,0x18,0xe4,0x18,0xe4,0x18,0xe4,0x18,0xe4,0x18,
  0xe4,0x18,0xe4,0x18,0xe4,0x18,0xe4,0x18,0xe4,0x18,0xe4,0x18,0xe4,0x18,0xe4,0x18,
  0xe4,0x18,0xe4,0x18,0xe4,0x18,0xe4,0x18,0xe4,0x18,0xe4,0x18,0xe4,0x18,0xe4,0x18,
  0xe4,0x18,0xe4,0x18,0xe4,0x18,0xe4,0x18,0xe4,0x18,0xe4,0x18,0xe4,0x18,0xe4,0x18,
  0xe4,0x18,0xe4,0x18,0xe4,0x18,0xe4,0x18,0xe4,0x18,0xe4,0x18,0xe4,0x18,0xe4,0x18,
  0xe4,0x18,0xe4,0x18,0xe4,0x18,0xe4,0x18,0xe4,0x18,0xe4,0x18,0xe4,0x18,0xe4,0x18,
  0xe4,0x18,0xe4,0x18,0xe4,0x18,0xe4,0x18,0xe4,0x18,0xe4,0x18,0xe4,0x18,0xe4,0x18,
  0xe4,0x18,0xe4,0x18,0xe4,0x18,0xe4,0x18,0xe4,0x18,0xe4,0x18,0xe4,0x18,0xe4,0x18,
  0xe4,0x18,0xe4,0x18,0xe4,0x18,0xe4,0x18,0xe4,0x18,0xe4,0x18,0xe4,0x18,0xe4,0x18,
  0xe4,0x18,0xe4,0x18,0xe4,0x18,0xe4,0x18,0xe4,0x18,0xe4,0x18,0xe4,0x18,0xe4,0x18,
  0xe4,0x18,0xe4,0x18,0xe4,0x18,0xe4,0x18,0xe4,0x18,0xe4,0x18,0xe4,0x18,0xe4,0x18,
  0xe4,0x18,0xe4,0x18,0xe4,0x18,0xe4,0x18,0xe4,0x18,0xe4,0x18,0xe4,0x18,0xe4,0x18,
  0xe4,0x18,0xe4,0x18,0xe4,0x18,0xe4,0x18,0xe4,0x18,0xe4,0x18,0xe4,0x18,0xe4,0x18,
  0xe4,0x18,0xe4,0x18,0xe4,0x18,0xe4,0x18,0xe4,0x18,0xe4,0x18,0xe4,0x18,0xe4,0x18,
  0xe4,0x18,0xe4,0x18,0xe4,0x18,0xe4,0x18,0xe4,0x18,0xe4,0x18,0xe4,0x18,0xe4,0x18,
  0xe4,0x18,0xe4,0x18,0xe4,0x18,0xe4,0x18,0xe4,0x18,0xe4,0x18,0xe4,0x18,0xe4,0x18,
  0xe4,0x18,0xe4,0x18,0xe4,0x18,0xe4,0x18,0xe4,0x18,0xe4,0x18,0xe4,0x18,0xe4,0x18,
  0xe4,0x18,0xe4,0x18,0xe4,0x18,0xe4,0x18,0xe4,0x18,0xe4,0x18,0xe4,0x18,0xe4,0x18,
  0xe4,0x18,0xe4,0x18,0xe4,0x18,0xe4,0x18,0xe4,0x18,0xe4,0x18,0xe4,0x18,0xe4,0x18,
  0xe4,0x18,0xe4,0x18,0xe4,0x18,0xe4,0x18,0xe4,0x18,0xe4,0x18,0xe4,0x18,0xe4,0x18,
  0xe4,0x18,0xe4,0x18,0xe4,0x18,0xe4,0x18,0xe4,0x18,0xe4,0x18,0xe4,0x18,0xe4,0x18,
  0xe4,0x18,0xe4,0x18,0xe4,0x18,0xe4,0x18,0xe4,0x18,0xe4,0x18,0xe4,0x18,0xe4,0x18,
  0xe4,0x18,0xe4,0x18,0xe4,0x18,0xe4,0x18,0xe4,0x18,0xe4,0x18,0xe4,0x18,0xe4,0x18,
  0xe4,0x18,0xe4,0x18,0xe4,0x18,0xe4,0x18,0xe4,0x18,0xe4,0x18,0xe4,0x18,0xe4,0x18,
  0xe4,0x18,0xe4,0x18,0xe4,0x18,0xe4,0x18,0xe4,0x18,0xe4,0x18,0xe4,0x18,0xe4,0x18,
  0xe4,0x18,0xe4,0x18,0xe4,0x18,0xe4,0x18,0xe4,0x18,0xe4,0x18,0xe4,0x18,0xe4,0x18,
  0xe4,0x18,0xe4,0x18,0xe4,0x18,0xe4,0x18,0xe4,0x18,0xe4,0x18,0xe4,0x18,0xe4,0x18,
  0xe4,0x18,0xe4,0x18,0xe4,0x18,0xe4,0x18,0xe4,0x18,0xe4,0x18,0xe4,0x18,0xe4,0x18,
  0xe4,0x18,0xe4,0x18,0xe4,0x18,0xe4,0x18,0xe4,0x18,0xe4,0x18,0xe4,0x18,0xe4,0x18,
  0xe4,0x18,0xe4,0x18,0xe4,0x18,0xe4,0x18,0xe4,0x18,0xe4,0x18,0xe4,0x18,0xe4,0x18,
  0xe4,0x18,0xe4,0x18,0xe4,0x18,0xe4,0x18,0xe4,0x18,0xe4,0x18,0xe4,0x18,0xe4,0x18,
  0xe4,0x18,0xe4,0x18,0xe4,0x18,0xe4,0x18,0xe4,0x18,0xe4,0x18,0xe4,0x18,0xe4,0x18,
  0xe4,0x18,0xe4,0x18,0xe4,0x18,0xe4,0x18,0xe4,0x18,0xe4,0x18,0xe4,0x18,0xe4,0x18,
  0xe4,0x18,0xe4,0x18,0xe4,0x18,0xe4,0x18,0xe4,0x18,0xe4,0x18,0xe4,0x18,0xe4,0x18,
  0xe4,0x18,0xe4,0x18,0xe4,0x18,0xe4,0x18,0xe4,0x18,0xe4,0x18,0xe4,0x18,0xe4,0x18,
  0xe4,0x18,0xe4,0x18,0xe4,0x18,0xe4,0x18,0xe4,0x18,0xe4,0x18,0xe4,0x18,0xe4,0x18,
  0xe4,0x18,0xe4,0x18,0xe4,0x18,0xe4,0x18,0xe4,0x18,0xe4,0x18,0xe4,0x18,0xe4,0x18,
  0xe4,0x18,0xe4,0x18,0xe4,0x18,0xe4,0x18,0xe4,0x18,0xe4,0x18,0xe4,0x18,0xe4,0x18,
  0xe4,0x18,0xe4,0x18,0xe4,0x18,0xe4,0x18,0xe4,0x18,0xe4,0x18,0xe4,0x18,0xe4,0x18,
  0xe4,0x18,0xe4,0x18,0xe4,0x18,0xe4,0x18,0xe4,0x18,0xe4,0x18,0xe4,0x18,0xe4,0x18,
  0xe4,0x18,0xe4,0x18,0xe4,0x18,0xe4,0x18,0xe4,0x18,0xe4,0x18,0xe4,0x18,0xe4,0x18,
  0xe4,0x18,0xe4,0x18,0xe4,0x18,0xe4,0x18,0xe4,0x18,0xe4,0x18,0xe4,0x18,0xe4,0x18,
  0xe4,0x18,0xe4,0x18,0xe4,0x18,0xe4,0x18,0xe4,0x18,0xe4,0x18,0xe4,0x18,0xe4,0x18,
  0xe4,0x18,0xe4,0x18,0xe4,0x18,0xe4,0x18,0xe4,0x18,0xe4,0x18,0xe4,0x18,0xe4,0x18,
  0xe4,0x18,0xe4,0x18,0xe4,0x18,0xe4,0x18,0xe4,0x18,0xe4,0x18,0xe4,0x18,0xe4,0x18,
  0xe4,0x18,0xe4,0x18,0xe4,0x18,0xe4,0x18,0xe4,0x18,0xe4,0x18,0xe4,0x18,0xe4,0x18,
  0xe4,0x18,0xe4,0x18,0xe4,0x18,0xe4,0x18,0xe4,0x18,0xe4,0x18,0xe4,0x18,0xe4,0x18,
  0xe4,0x18,0xe4,0x18,0xe4,0x18,0xe4,0x18,0xe4,0x18,0xe4,0x18,0xe4,0x18,0xe4,0x18,
  0xe4,0x18,0xe4,0x18,0xe4,0x18,0xe4,0x18,0xe4,0x18,0xe4,0x18,0xe4,0x18,0xe4,0x18,
  0xe4,0x18,0xe4,0x18,0xe4,0x18,0xe4,0x18,0xe4,0x18,0xe4,0x18,0xe4,0x18,0xe4,0x18,
  0xe4,0x18,0xe4,0x18,0xe4,0x18,0xe4,0x18,0xe4,0x18,0xe4,0x18,0xe4,0x18,0xe4,0x18,
  0xe4,0x18,0xe4,0x18,0xe4,0x18,0xe4,0x18,0xe4,0x18,0xe4,0x18,0xe4,0x18,0xe4,0x18,
  0xe4,0x18,0xe4,0x18,0xe4,0x18,0xe4,0x18,0xe4,0x18,0xe4,0x18,0xe4,0x18,0xe4,0x18,
  0xe4,0x18,0xe4,0x18,0xe4,0x18,0xe4,0x18,0xe4,0x18,0xe4,0x18,0xe4,0x18,0xe4,0x18,
  0xe4,0x18,0xe4,0x18,0xe4,0x18,0xe4,0x18,0xe4,0x18,0xe4,0x18,0xe4,0x18,0xe4,0x18,
  0xe4,0x18,0xe4,0x18,0xe4,0x18,0xe4,0x18,0xe4,0x18,0xe4,0x18,0xe4,0x18,0xe4,0x18,
  0xe4,0x18,0xe4,0x18,0xe4,0x18,0xe4,0x18,0xe4,0x18,0xe4,0x18,0xe4,0x18,0xe4,0x18,
  0xe4,0x18,0xe4,0x18,0xe4,0x18,0xe4,0x18,0xe4,0x18,0xe4,0x18,0xe4,0x18,0xe4,0x18,
  0xe4,0x18,0xe4,0x18,0xe4,0x18,0xe4,0x18,0xe4,0x18,0xe4,0x18,0xe4,0x18,0xe4,0x18,
  0xe4,0x18,0xe4,0x18,0xe4,0x18,0xe4,0x18,0xe4,0x18,0xe4,0x18,0xe4,0x18,0xe4,0x18,
  0xe4,0x18,0xe4,0x18,0xe4,0x18,0xe4,0x18,0xe4,0x18,0xe4,0x18,0xe4,0x18,0xe4,0x18,
  0xe4,0x18,0xe4,0x18,0xe4,0x18,0xe4,0x18,0xe4,0x18,0xe4,0x18,0xe4,0x18,0xe4,0x18,
  0xe4,0x18,0xe4,0x18,0xe4,0x18,0xe4,0x18,0xe4,0x18,0xe4,0x18,0xe4,0x18,0xe4,0x18,
  0xe4,0x18,0xe4,0x18,0xe4,0x18,0xe4,0x18,0xe4,0x18,0xe4,0x18,0xe4,0x18,0xe4,0x18,
  0xe4,0x18,0xe4,0x18,0xe4,0x18,0xe4,0x18,0xe4,0x18,0xe4,0x18,0xe4,0x18,0xe4,0x18,
  0xe4,0x18,0xe4,0x18,0xe4,0x18,0xe4,0x18,0xe4,0x18,0xe4,0x18,0xe4,0x18,0xe4,0x18,
  0xe4,0x18,0xe4,0x18,0xe4,0x18,0xe4,0x18,0xe4,0x18,0xe4,0x18,0xe4,0x18,0xe4,0x18,
  0xe4,0x18,0xe4,0x18,0xe4,0x18,0xe4,0x18,0xe4,0x18,0xe4,0x18,0xe4,0x18,0xe4,0x18,
  0xe4,0x18,0xe4,0x18,0xe4,0x18,0xe4,0x18,0xe4,0x18,0xe4,0x18,0xe4,0x18,0xe4,0x18,
  0xe4,0x18,0xe4,0x18,0xe4,0x18,0xe4,0x18,0xe4,0x18,0xe4,0x18,0xe4,0x18,0xe4,0x18,
  0xe4,0x18,0xe4,0x18,0xe4,0x18,0xe4,0x18,0xe4,0x18,0xe4,0x18,0xe4,0x18,0xe4,0x18,
  0xe4,0x18,0xe4,0x18,0xe4,0x18,0xe4,0x18,0xe4,0x18,0xe4,0x18,0xe4,0x18,0xe4,0x18,
  0xe4,0x18,0xe4,0x18,0xe4,0x18,0xe4,0x18,0xe4,0x18,0xe4,0x18,0xe4,0x18,0xe4,0x18,
  0xe4,0x18,0xe4,0x18,0xe4,0x18,0xe4,0x18,0xe4,0x18,0xe4,0x18,0xe4,0x18,0xe4,0x18,
  0xe4,0x18,0xe4,0x18,0xe4,0x18,0xe4,0x18,0xe4,0x18,0xe4,0x18,0xe4,0x18,0xe4,0x18,
  0xe4,0x18,0xe4,0x18,0xe4,0x18,0xe4,0x18,0xe4,0x18,0xe4,0x18,0xe4,0x18,0xe4,0x18,
  0xe4,0x18,0xe4,0x18,0xe4,0x18,0xe4,0x18,0xe4,0x18,0xe4,0x18,0xe4,0x18,0xe4,0x18,
  0xe4,0x18,0xe4,0x18,0xe4,0x18,0xe4,0x18,0xe4,0x18,0xe4,0x18,0xe4,0x18,0xe4,0x18,
  0xe4,0x18,0xe4,0x18,0xe4,0x18,0xe4,0x18,0xe4,0x18,0xe4,0x18,0xe4,0x18,0xe4,0x18,
  0xe4,0x18,0xe4,0x18,0xe4,0x18,0xe4,0x18,0xe4,0x18,0xe4,0x18,0xe4,0x18,0xe4,0x18,
  0xe4,0x18,0xe4,0x18,0xe4,0x18,0xe4,0x18,0xe4,0x18,0xe4,0x18,0xe4,0x18,0xe4,0x18,
  0xe4,0x18,0xe4,0x18,0xe4,0x18,0xe4,0x18,0xe4,0x18,0xe4,0x18,0xe4,0x18,0xe4,0x18,
  0xe4,0x18,0xe4,0x18,0xe4,0x18,0xe4,0x18,0xe4,0x18,0xe4,0x18,0xe4,0x18,0xe4,0x18,
  0xe4,0x18,0xe4,0x18,0xe4,0x18,0xe4,0x18,0xe4,0x18,0xe4,0x18,0xe4,0x18,0xe4,0x18,
  0xe4,0x18,0xe4,0x18,0xe4,0x18,0xe4,0x18,0xe4,0x18,0xe4,0x18,0xe4,0x18,0xe4,0x18,
  0xe4,0x18,0xe4,0x18,0xe4,0x18,0xe4,0x18,0xe4,0x18,0xe4,0x18,0xe4,0x18,0xe4,0x18,
  0xe4,0x18,0xe4,0x18,0xe4,0x18,0xe4,0x18,0xe4,0x18,0xe4,0x18,0xe4,0x18,0xe4,0x18,
  0xe4,0x18,0xe4,0x18,0xe4,0x18,0xe4,0x18,0xe4,0x18,0xe4,0x18,0xe4,0x18,0xe4,0x18,
  0xe4,0x18,0xe4,0x18,0xe4,0x18,0xe4,0x18,0xe4,0x18,0xe4,0x18,0xe4,0x18,0xe4,0x18,
  0xe4,0x18,0xe4,0x18,0xe4,0x18,0xe4,0x18,0xe4,0x18,0xe4,0x18,0xe4,0x18,0xe4,0x18,
  0xe4,0x18,0xe4,0x18,0xe4,0x18,0xe4,0x18,0xe4,0x18,0xe4,0x18,0xe4,0x18,0xe4,0x18,
  0xe4,0x18,0xe4,0x18,0xe4,0x18,0xe4,0x18,0xe4,0x18,0xe4,0x18,0xe4,0x18,0xe4,0x18,
  0xe4,0x18,0xe4,0x18,0xe4,0x18,0xe4,0x18,0xe4,0x18,0xe4,0x18,0xe4,0x18,0xe4,0x18,
  0xe4,0x18,0xe4,0x18,0xe4,0x18,0xe4,0x18,0xe4,0x18,0xe4,0x18,0xe4,0x18,0xe4,0x18,
  0xe4,0x18,0xe4,0x18,0xe4,0x18,0xe4,0x18,0xe4,0x18,0xe4,0x18,0xe4,0x18,0xe4,0x18,
  0xe4,0x18,0xe4,0x18,0xe4,0x18,0xe4,0x18,0xe4,0x18,0xe4,0x18,0xe4,0x18,0xe4,0x18,
  0xe4,0x18,0xe4,0x18,0xe4,0x18,0xe4,0x18,0xe4,0x18,0xe4,0x18,0xe4,0x18,0xe4,0x18,
  0xe4,0x18,0xe4,0x18,0xe4,0x18,0xe4,0x18,0xe4,0x18,0xe4,0x18,0xe4,0x18,0xe4,0x18,
  0xe4,0x18,0xe4,0x18,0xe4,0x18,0xe4,0x18,0xe4,0x18,0xe4,0x18,0xe4,0x18,0xe4,0x18,
  0xe4,0x18,0xe4,0x18,0xe4,0x18,0xe4,0x18,0xe4,0x18,0xe4,0x18,0xe4,0x18,0xe4,0x18,
  0xe4,0x18,0xe4,0x18,0xe4,0x18,0xe4,0x18,0xe4,0x18,0xe4,0x18,0xe4,0x18,0xe4,0x18,
  0xe4,0x18,0xe4,0x18,0xe4,0x18,0xe4,0x18,0xe4,0x18,0xe4,0x18,0xe4,0x18,0xe4,0x18,
  0xe4,0x18,0xe4,0x18,0xe4,0x18,0xe4,0x18,0xe4,0x18,0xe4,0x18,0xe4,0x18,0xe4,0x18,
  0xe4,0x18,0xe4,0x18,0xe4,0x18,0xe4,0x18,0xe4,0x18,0xe4,0x18,0xe4,0x18,0xe4,0x18,
  0xe4,0x18,0xe4,0x18,0xe4,0x18,0xe4,0x18,0xe4,0x18,0xe4,0x18,0xe4,0x18,0xe4,0x18,
  0xe4,0x18,0xe4,0x18,0xe4,0x18,0xe4,0x18,0xe4,0x18,0xe4,0x18,0xe4,0x18,0xe4,0x18,
  0xe4,0x18,0xe4,0x18,0xe4,0x18,0xe4,0x18,0xe4,0x18,0xe4,0x18,0xe4,0x18,0xe4,0x18,
  0xe4,0x18,0xe4,0x18,0xe4,0x18,0xe4,0x18,0xe4,0x18,0xe4,0x18,0xe4,0x18,0xe4,0x18,
  0xe4,0x18,0xe4,0x18,0xe4,0x18,0xe4,0x18,0xe4,0x18,0xe4,0x18,0xe4,0x18,0xe4,0x18,
  0xe4,0x18,0xe4,0x18,0xe4,0x18,0xe4,0x18,0xe4,0x18,0xe4,0x18,0xe4,0x18,0xe4,0x18,
  0xe4,0x18,0xe4,0x18,0xe4,0x18,0xe4,0x18,0xe4,0x18,0xe4,0x18,0xe4,0x18,0xe4,0x18,
  0xe4,0x18,0xe4,0x18,0xe4,0x18,0xe4,0x18,0xe4,0x18,0xe4,0x18,0xe4,0x18,0xe4,0x18,
  0xe4,0x18,0xe4,0x18,0xe4,0x18,0xe4,0x18,0xe4,0x18,0xe4,0x18,0xe4,0x18,0xe4,0x18,
  0xe4,0x18,0xe4,0x18,0xe4,0x18,0xe4,0x18,0xe4,0x18,0xe4,0x18,0xe4,0x18,0xe4,0x18,
  0xe4,0x18,0xe4,0x18,0xe4,0x18,0xe4,0x18,0xe4,0x18,0xe4,0x18,0xe4,0x18,0xe4,0x18,
  0xe4,0x18,0xe4,0x18,0xe4,0x18,0xe4,0x18,0xe4,0x18,0xe4,0x18,0xe4,0x18,0xe4,0x18,
  0xe4,0x18,0xe4,0x18,0xe4,0x18,0xe4,0x18,0xe4,0x18,0xe4,0x18,0xe4,0x18,0xe4,0x18,
  0xe4,0x18,0xe4,0x18,0xe4,0x18,0xe4,0x18,0xe4,0x18,0xe4,0x18,0xe4,0x18,0xe4,0x18,
  0xe4,0x18,0xe4,0x18,0xe4,0x18,0xe4,0x18,0xe4,0x18,0xe4,0x18,0xe4,0x18,0xe4,0x18,
  0xe4,0x18,0xe4,0x18,0xe4,0x18,0xe4,0x18,0xe4,0x18,0xe4,0x18,0xe4,0x18,0xe4,0x18,
  0xe4,0x18,0xe4,0x18,0xe4,0x18,0xe4,0x18,0xe4,0x18,0xe4,0x18,0xe4,0x18,0xe4,0x18,
  0xe4,0x18,0xe4,0x18,0xe4,0x18,0xe4,0x18,0xe4,0x18,0xe4,0x18,0xe4,0x18,0xe4,0x18,
  0xe4,0x18,0xe4,0x18,0xe4,0x18,0xe4,0x18,0xe4,0x18,0xe4,0x18,0xe4,0x18,0xe4,0x18,
  0xe4,0x18,0xe4,0x18,0xe4,0x18,0xe4,0x18,0xe4,0x18,0xe4,0x18,0xe4,0x18,0xe4,0x18,
  0xe4,0x18,0xe4,0x18,0xe4,0x18,0xe4,0x18,0xe4,0x18,0xe4,0x18,0xe4,0x18,0xe4,0x18,
  0xe4,0x18,0xe4,0x18,0xe4,0x18,0xe4,0x18,0xa3,0x10,0xe4,0x18,0xe4,0x18,0xe4,0x18,
  0xe4,0x18,0xe4,0x18,0xe4,0x18,0xe4,0x18,0xe4,0x18,0xe4,0x18,0xe4,0x18,0xe4,0x18,
  0xe4,0x18,0xe4,0x18,0xe4,0x18,0xe4,0x18,0xe4,0x18,0xe4,0x18,0xe4,0x18,0xe4,0x18,
  0xe4,0x18,0xe4,0x18,0xe4,0x18,0xe4,0x18,0xe4,0x18,0xe4,0x18,0xe4,0x18,0xe4,0x18,
  0xe4,0x18,0xe4,0x18,0xe4,0x18,0xe4,0x18,0xe4,0x18,0xe4,0x18,0xe4,0x18,0xe4,0x18,
  0xe4,0x18,0xe4,0x18,0xe4,0x18,0xe4,0x18,0xe4,0x18,0xe4,0x18,0xe4,0x18,0xe4,0x18,
  0xe4,0x18,0xe4,0x18,0xe4,0x18,0xe4,0x18,0xe4,0x18,0xe4,0x18,0xe4,0x18,0xe4,0x18,
  0xe4,0x18,0xe4,0x18,0xe4,0x18,0xe4,0x18,0xe4,0x18,0xe4,0x18,0xe4,0x18,0xe4,0x18,
  0xe4,0x18,0xe4,0x18,0xe4,0x18,0xe4,0x18,0xe4,0x18,0xe4,0x18,0xe4,0x18,0xe4,0x18,
  0xe4,0x18,0xe4,0x18,0xe4,0x18,0xe4,0x18,0xe4,0x18,0xe4,0x18,0xe4,0x18,0xe4,0x18,
  0xe4,0x18,0xe4,0x18,0xe4,0x18,0xe4,0x18,0xe4,0x18,0xe4,0x18,0xe4,0x18,0xe4,0x18,
  0xe4,0x18,0xe4,0x18,0xe4,0x18,0xe4,0x18,0xe4,0x18,0xe4,0x18,0xe4,0x18,0xe4,0x18,
  0xe4,0x18,0xe4,0x18,0xe4,0x18,0xe4,0x18,0xe4,0x18,0xe4,0x18,0xe4,0x18,0xe4,0x18,
  0xe4,0x18,0xe4,0x18,0xe4,0x18,0xe4,0x18,0xe4,0x18,0xe4,0x18,0xe4,0x18,0xe4,0x18,
  0xe4,0x18,0xe4,0x18,0xe4,0x18,0xe4,0x18,0xe4,0x18,0xe4,0x18,0xe4,0x18,0xe4,0x18,
  0xe4,0x18,0xe4,0x18,0xe4,0x18,0xe4,0x18,0xe4,0x18,0xe4,0x18,0xe4,0x18,0xe4,0x18,
  0xe4,0x18,0xe4,0x18,0xe4,0x18,0xe4,0x18,0xe4,0x18,0xe4,0x18,0xe4,0x18,0xe4,0x18,
  0xe4,0x18,0xe4,0x18,0xe4,0x18,0xe4,0x18,0xe4,0x18,0xe4,0x18,0xe4,0x18,0xe4,0x18,
  0xe4,0x18,0xe4,0x18,0xe4,0x18,0xe4,0x18,0xe4,0x18,0xe4,0x18,0xe4,0x18,0xe4,0x18,
  0xe4,0x18,0xe4,0x18,0xe4,0x18,0xe4,0x18,0xe4,0x18,0xe4,0x18,0xe4,0x18,0xe4,0x18,
  0xe4,0x18,0xe4,0x18,0xe4,0x18,0xe4,0x18,0xe4,0x18,0xe4,0x18,0xe4,0x18,0xe4,0x18,
  0xc3,0x10,0xc3,0x10,0xc3,0x10,0xa3,0x10,0xc3,0x10,0xc3,0x10,0xc3,0x10,0xc3,0x10,
  0xc3,0x10,0xa3,0x10,0xc4,0x18,0xe8,0x39,0xa3,0x10,0xe4,0x18,0xe4,0x18,0xe4,0x18,
  0xe4,0x18,0xe4,0x18,0xe4,0x18,0xe4,0x18,0xe4,0x18,0xe4,0x18,0xe4,0x18,0xe4,0x18,
  0xe4,0x18,0xe4,0x18,0xe4,0x18,0xe4,0x18,0xe4,0x18,0xe4,0x18,0xe4,0x18,0xe4,0x18,
  0xe4,0x18,0xe4,0x18,0xe4,0x18,0xe4,0x18,0xe4,0x18,0xe4,0x18,0xe4,0x18,0xe4,0x18,
  0xe4,0x18,0xe4,0x18,0xe4,0x18,0xe4,0x18,0xe4,0x18,0xe4,0x18,0xe4,0x18,0xe4,0x18,
  0xe4,0x18,0xe4,0x18,0xe4,0x18,0xe4,0x18,0xe4,0x18,0xe4,0x18,0xe4,0x18,0xe4,0x18,
  0xe4,0x18,0xe4,0x18,0xe4,0x18,0xe4,0x18,0xe4,0x18,0xe4,0x18,0xe4,0x18,0xe4,0x18,
  0xe4,0x18,0xe4,0x18,0xe4,0x18,0xe4,0x18,0xe4,0x18,0xe4,0x18,0xe4,0x18,0xe4,0x18,
  0xe4,0x18,0xe4,0x18,0xe4,0x18,0xe4,0x18,0xe4,0x18,0xe4,0x18,0xe4,0x18,0xe4,0x18,
  0xe4,0x18,0xe4,0x18,0xe4,0x18,0xe4,0x18,0xe4,0x18,0xe4,0x18,0xe4,0x18,0xe4,0x18,
  0xe4,0x18,0xe4,0x18,0xe4,0x18,0xe4,0x18,0xe4,0x18,0xe4,0x18,0xe4,0x18,0xe4,0x18,
  0xe4,0x18,0xe4,0x18,0xe4,0x18,0xe4,0x18,0xe4,0x18,0xe4,0x18,0xe4,0x18,0xe4,0x18,
  0xe4,0x18,0xe4,0x18,0xe4,0x18,0xe4,0x18,0xe4,0x18,0xe4,0x18,0xe4,0x18,0xe4,0x18,
  0xe4,0x18,0xe4,0x18,0xe4,0x18,0xe4,0x18,0xe4,0x18,0xe4,0x18,0xe4,0x18,0xe4,0x18,
  0xe4,0x18,0xe4,0x18,0xe4,0x18,0xe4,0x18,0xe4,0x18,0xe4,0x18,0xe4,0x18,0xe4,0x18,
  0xe4,0x18,0xe4,0x18,0xe4,0x18,0xe4,0x18,0xe4,0x18,0xe4,0x18,0xe4,0x18,0xe4,0x18,
  0xe4,0x18,0xe4,0x18,0xe4,0x18,0xe4,0x18,0xe4,0x18,0xe4,0x18,0xe4,0x18,0xe4,0x18,
  0xe4,0x18,0xe4,0x18,0xe4,0x18,0xe4,0x18,0xe4,0x18,0xe4,0x18,0xe4,0x18,0xe4,0x18,
  0xe4,0x18,0xe4,0x18,0xe4,0x18,0xe4,0x18,0xe4,0x18,0xe4,0x18,0xe4,0x18,0xe4,0x18,
  0xe4,0x18,0xe4,0x18,0xe4,0x18,0xe4,0x18,0xe4,0x18,0xe4,0x18,0xe4,0x18,0xe4,0x18,
  0xe4,0x18,0xe4,0x18,0xe4,0x18,0xe4,0x18,0xe4,0x18,0xe4,0x18,0xe4,0x18,0x20,0x00,
  0x00,0x00,0x00,0x00,0x00,0x00,0x00,0x00,0x00,0x00,0x00,0x00,0x00,0x00,0x00,0x00,
  0x00,0x00,0x20,0x00,0x0c,0x63,0x2d,0x63,0x83,0x08,0xe4,0x18,0xe4,0x18,0xe4,0x18,
  0xe4,0x18,0xe4,0x18,0xe4,0x18,0xe4,0x18,0xe4,0x18,0xe4,0x18,0xe4,0x18,0xe4,0x18,
  0xe4,0x18,0xe4,0x18,0xe4,0x18,0xe4,0x18,0xe4,0x18,0xe4,0x18,0xe4,0x18,0xe4,0x18,
  0xe4,0x18,0xe4,0x18,0xe4,0x18,0xe4,0x18,0xe4,0x18,0xe4,0x18,0xe4,0x18,0xe4,0x18,
  0xe4,0x18,0xe4,0x18,0xe4,0x18,0xe4,0x18,0xe4,0x18,0xe4,0x18,0xe4,0x18,0xe4,0x18,
  0xe4,0x18,0xe4,0x18,0xe4,0x18,0xe4,0x18,0xe4,0x18,0xe4,0x18,0xe4,0x18,0xe4,0x18,
  0xe4,0x18,0xe4,0x18,0xe4,0x18,0xe4,0x18,0xe4,0x18,0xe4,0x18,0xe4,0x18,0xe4,0x18,
  0xe4,0x18,0xe4,0x18,0xe4,0x18,0xe4,0x18,0xe4,0x18,0xe4,0x18,0xe4,0x18,0xe4,0x18,
  0xe4,0x18,0xe4,0x18,0xe4,0x18,0xe4,0x18,0xe4,0x18,0xe4,0x18,0xe4,0x18,0xe4,0x18,
  0xe4,0x18,0xe4,0x18,0xe4,0x18,0xe4,0x18,0xe4,0x18,0xe4,0x18,0xe4,0x18,0xe4,0x18,
  0xe4,0x18,0xe4,0x18,0xe4,0x18,0xe4,0x18,0xe4,0x18,0xe4,0x18,0xe4,0x18,0xe4,0x18,
  0xe4,0x18,0xe4,0x18,0xe4,0x18,0xe4,0x18,0xe4,0x18,0xe4,0x18,0xe4,0x18,0xe4,0x18,
  0xe4,0x18,0xe4,0x18,0xe4,0x18,0xe4,0x18,0xe4,0x18,0xe4,0x18,0xe4,0x18,0xe4,0x18,
  0xe4,0x18,0xe4,0x18,0xe4,0x18,0xe4,0x18,0xe4,0x18,0xe4,0x18,0xe4,0x18,0xe4,0x18,
  0xe4,0x18,0xe4,0x18,0xe4,0x18,0xe4,0x18,0xe4,0x18,0xe4,0x18,0xe4,0x18,0xe4,0x18,
  0xe4,0x18,0xe4,0x18,0xe4,0x18,0xe4,0x18,0xe4,0x18,0xe4,0x18,0xe4,0x18,0xe4,0x18,
  0xe4,0x18,0xe4,0x18,0xe4,0x18,0xe4,0x18,0xe4,0x18,0xe4,0x18,0xe4,0x18,0xe4,0x18,
  0xe4,0x18,0xe4,0x18,0xe4,0x18,0xe4,0x18,0xe4,0x18,0xe4,0x18,0xe4,0x18,0xe4,0x18,
  0xe4,0x18,0xe4,0x18,0xe4,0x18,0xe4,0x18,0xe4,0x18,0xe4,0x18,0xe4,0x18,0xe4,0x18,
  0xe4,0x18,0xe4,0x18,0xe4,0x18,0xe4,0x18,0xe4,0x18,0xe4,0x18,0xe4,0x18,0xe4,0x18,
  0xe4,0x18,0xe4,0x18,0xe4,0x18,0xe4,0x18,0xe4,0x18,0xe4,0x18,0x20,0x00,0x00,0x00,
  0x00,0x00,0x00,0x00,0x00,0x00,0x00,0x00,0x00,0x00,0x00,0x00,0x00,0x00,0x00,0x00,
  0x00,0x00,0x00,0x00,0x29,0x42,0xc3,0x10,0xe4,0x18,0xe4,0x18,0xe4,0x18,0xe4,0x18,
  0xe4,0x18,0xe4,0x18,0xe4,0x18,0xe4,0x18,0xe4,0x18,0xe4,0x18,0xe4,0x18,0xe4,0x18,
  0xe4,0x18,0xe4,0x18,0xe4,0x18,0xe4,0x18,0xe4,0x18,0xe4,0x18,0xe4,0x18,0xe4,0x18,
  0xe4,0x18,0xe4,0x18,0xe4,0x18,0xe4,0x18,0xe4,0x18,0xe4,0x18,0xe4,0x18,0xe4,0x18,
  0xe4,0x18,0xe4,0x18,0xe4,0x18,0xe4,0x18,0xe4,0x18,0xe4,0x18,0xe4,0x18,0xe4,0x18,
  0xe4,0x18,0xe4,0x18,0xe4,0x18,0xe4,0x18,0xe4,0x18,0xe4,0x18,0xe4,0x18,0xe4,0x18,
  0xe4,0x18,0xe4,0x18,0xe4,0x18,0xe4,0x18,0xe4,0x18,0xe4,0x18,0xe4,0x18,0xe4,0x18,
  0xe4,0x18,0xe4,0x18,0xe4,0x18,0xe4,0x18,0xe4,0x18,0xe4,0x18,0xe4,0x18,0xe4,0x18,
  0xe4,0x18,0xe4,0x18,0xe4,0x18,0xe4,0x18,0xe4,0x18,0xe4,0x18,0xe4,0x18,0xe4,0x18,
  0xe4,0x18,0xe4,0x18,0xe4,0x18,0xe4,0x18,0xe4,0x18,0xe4,0x18,0xe4,0x18,0xe4,0x18,
  0xe4,0x18,0xe4,0x18,0xe4,0x18,0xe4,0x18,0xe4,0x18,0xe4,0x18,0xe4,0x18,0xe4,0x18,
  0xe4,0x18,0xe4,0x18,0xe4,0x18,0xe4,0x18,0xe4,0x18,0xe4,0x18,0xe4,0x18,0xe4,0x18,
  0xe4,0x18,0xe4,0x18,0xe4,0x18,0xe4,0x18,0xe4,0x18,0xe4,0x18,0xe4,0x18,0xe4,0x18,
  0xe4,0x18,0xe4,0x18,0xe4,0x18,0xe4,0x18,0xe4,0x18,0xe4,0x18,0xe4,0x18,0xe4,0x18,
  0xe4,0x18,0xe4,0x18,0xe4,0x18,0xe4,0x18,0xe4,0x18,0xe4,0x18,0xe4,0x18,0xe4,0x18,
  0xe4,0x18,0xe4,0x18,0xe4,0x18,0xe4,0x18,0xe4,0x18,0xe4,0x18,0xe4,0x18,0xe4,0x18,
  0xe4,0x18,0xe4,0x18,0xe4,0x18,0xe4,0x18,0xe4,0x18,0xe4,0x18,0xe4,0x18,0xe4,0x18,
  0xe4,0x18,0xe4,0x18,0xe4,0x18,0xe4,0x18,0xe4,0x18,0xe4,0x18,0xe4,0x18,0xe4,0x18,
  0xe4,0x18,0xe4,0x18,0xe4,0x18,0xe4,0x18,0xe4,0x18,0xe4,0x18,0xe4,0x18,0xe4,0x18,
  0xe4,0x18,0xe4,0x18,0xe4,0x18,0xe4,0x18,0xe4,0x18,0xe4,0x18,0xe4,0x18,0xe4,0x18,
  0xe4,0x18,0xe4,0x18,0xe4,0x18,0xe4,0x18,0xe4,0x18,0x20,0x00,0x00,0x00,0x00,0x00,
  0x00,0x00,0x00,0x00,0x00,0x00,0x00,0x00,0x00,0x00,0x00,0x00,0x00,0x00,0x00,0x00,
  0x00,0x00,0x61,0x08,0xe4,0x18,0xe4,0x18,0xe4,0x18,0xe4,0x18,0xe4,0x18,0xe4,0x18,
  0xe4,0x18,0xe4,0x18,0xe4,0x18,0xe4,0x18,0xe4,0x18,0xe4,0x18,0xe4,0x18,0xe4,0x18,
  0xe4,0x18,0xe4,0x18,0xe4,0x18,0xe4,0x18,0xe4,0x18,0xe4,0x18,0xe4,0x18,0xe4,0x18,
  0xe4,0x18,0xe4,0x18,0xe4,0x18,0xe4,0x18,0xe4,0x18,0xe4,0x18,0xe4,0x18,0xe4,0x18,
  0xe4,0x18,0xe4,0x18,0xe4,0x18,0xe4,0x18,0xe4,0x18,0xe4,0x18,0xe4,0x18,0xe4,0x18,
  0xe4,0x18,0xe4,0x18,0xe4,0x18,0xe4,0x18,0xe4,0x18,0xe4,0x18,0xe4,0x18,0xe4,0x18,
  0xe4,0x18,0xe4,0x18,0xe4,0x18,0xe4,0x18,0xe4,0x18,0xe4,0x18,0xe4,0x18,0xe4,0x18,
  0xe4,0x18,0xe4,0x18,0xe4,0x18,0xe4,0x18,0xe4,0x18,0xe4,0x18,0xe4,0x18,0xe4,0x18,
  0xe4,0x18,0xe4,0x18,0xe4,0x18,0xe4,0x18,0xe4,0x18,0xe4,0x18,0xe4,0x18,0xe4,0x18,
  0xe4,0x18,0xe4,0x18,0xe4,0x18,0xe4,0x18,0xe4,0x18,0xe4,0x18,0xe4,0x18,0xe4,0x18,
  0xe4,0x18,0xe4,0x18,0xe4,0x18,0xe4,0x18,0xe4,0x18,0xe4,0x18,0xe4,0x18,0xe4,0x18,
  0xe4,0x18,0xe4,0x18,0xe4,0x18,0xe4,0x18,0xe4,0x18,0xe4,0x18,0xe4,0x18,0xe4,0x18,
  0xe4,0x18,0xe4,0x18,0xe4,0x18,0xe4,0x18,0xe4,0x18,0xe4,0x18,0xe4,0x18,0xe4,0x18,
  0xe4,0x18,0xe4,0x18,0xe4,0x18,0xe4,0x18,0xe4,0x18,0xe4,0x18,0xe4,0x18,0xe4,0x18,
  0xe4,0x18,0xe4,0x18,0xe4,0x18,0xe4,0x18,0xe4,0x18,0xe4,0x18,0xe4,0x18,0xe4,0x18,
  0xe4,0x18,0xe4,0x18,0xe4,0x18,0xe4,0x18,0xe4,0x18,0xe4,0x18,0xe4,0x18,0xe4,0x18,
  0xe4,0x18,0xe4,0x18,0xe4,0x18,0xe4,0x18,0xe4,0x18,0xe4,0x18,0xe4,0x18,0xe4,0x18,
  0xe4,0x18,0xe4,0x18,0xe4,0x18,0xe4,0x18,0xe4,0x18,0xe4,0x18,0xe4,0x18,0xe4,0x18,
  0xe4,0x18,0xe4,0x18,0xe4,0x18,0xe4,0x18,0xe4,0x18,0xe4,0x18,0xe4,0x18,0xe4,0x18,
  0xe4,0x18,0xe4,0x18,0xe4,0x18,0xe4,0x18,0xe4,0x18,0xe4,0x18,0xe4,0x18,0xe4,0x18,
  0xe4,0x18,0xe4,0x18,0xe4,0x18,0xe4,0x18,0x20,0x00,0x00,0x00,0x00,0x00,0x00,0x00,
  0x00,0x00,0x00,0x00,0x00,0x00,0x00,0x00,0x00,0x00,0x00,0x00,0x00,0x00,0x20,0x00,
  0x0c,0x63,0xa3,0x10,0xe4,0x18,0xe4,0x18,0xe4,0x18,0xe4,0x18,0xe4,0x18,0xe4,0x18,
  0xe4,0x18,0xe4,0x18,0xe4,0x18,0xe4,0x18,0xe4,0x18,0xe4,0x18,0xe4,0x18,0xe4,0x18,
  0xe4,0x18,0xe4,0x18,0xe4,0x18,0xe4,0x18,0xe4,0x18,0xe4,0x18,0xe4,0x18,0xe4,0x18,
  0xe4,0x18,0xe4,0x18,0xe4,0x18,0xe4,0x18,0xe4,0x18,0xe4,0x18,0xe4,0x18,0xe4,0x18,
  0xe4,0x18,0xe4,0x18,0xe4,0x18,0xe4,0x18,0xe4,0x18,0xe4,0x18,0xe4,0x18,0xe4,0x18,
  0xe4,0x18,0xe4,0x18,0xe4,0x18,0xe4,0x18,0xe4,0x18,0xe4,0x18,0xe4,0x18,0xe4,0x18,
  0xe4,0x18,0xe4,0x18,0xe4,0x18,0xe4,0x18,0xe4,0x18,0xe4,0x18,0xe4,0x18,0xe4,0x18,
  0xe4,0x18,0xe4,0x18,0xe4,0x18,0xe4,0x18,0xe4,0x18,0xe4,0x18,0xe4,0x18,0xe4,0x18,
  0xe4,0x18,0xe4,0x18,0xe4,0x18,0xe4,0x18,0xe4,0x18,0xe4,0x18,0xe4,0x18,0xe4,0x18,
  0xe4,0x18,0xe4,0x18,0xe4,0x18,0xe4,0x18,0xe4,0x18,0xe4,0x18,0xe4,0x18,0xe4,0x18,
  0xe4,0x18,0xe4,0x18,0xe4,0x18,0xe4,0x18,0xe4,0x18,0xe4,0x18,0xe4,0x18,0xe4,0x18,
  0xe4,0x18,0xe4,0x18,0xe4,0x18,0xe4,0x18,0xe4,0x18,0xe4,0x18,0xe4,0x18,0xe4,0x18,
  0xe4,0x18,0xe4,0x18,0xe4,0x18,0xe4,0x18,0xe4,0x18,0xe4,0x18,0xe4,0x18,0xe4,0x18,
  0xe4,0x18,0xe4,0x18,0xe4,0x18,0xe4,0x18,0xe4,0x18,0xe4,0x18,0xe4,0x18,0xe4,0x18,
  0xe4,0x18,0xe4,0x18,0xe4,0x18,0xe4,0x18,0xe4,0x18,0xe4,0x18,0xe4,0x18,0xe4,0x18,
  0xe4,0x18,0xe4,0x18,0xe4,0x18,0xe4,0x18,0xe4,0x18,0xe4,0x18,0xe4,0x18,0xe4,0x18,
  0xe4,0x18,0xe4,0x18,0xe4,0x18,0xe4,0x18,0xe4,0x18,0xe4,0x18,0xe4,0x18,0xe4,0x18,
  0xe4,0x18,0xe4,0x18,0xe4,0x18,0xe4,0x18,0xe4,0x18,0xe4,0x18,0xe4,0x18,0xe4,0x18,
  0xe4,0x18,0xe4,0x18,0xe4,0x18,0xe4,0x18,0xe4,0x18,0xe4,0x18,0xe4,0x18,0xe4,0x18,
  0xe4,0x18,0xe4,0x18,0xe4,0x18,0xe4,0x18,0xe4,0x18,0xe4,0x18,0xe4,0x18,0xe4,0x18,
  0xe4,0x18,0xe4,0x18,0xe4,0x18,0x41,0x08,0x20,0x00,0x00,0x00,0xa3,0x10,0x20,0x00,
  0x00,0x00,0x00,0x00,0x00,0x00,0x00,0x00,0x00,0x00,0x00,0x00,0x4d,0x6b,0x6a,0x4a,
  0xa3,0x10,0xe4,0x18,0xe4,0x18,0xe4,0x18,0xe4,0x18,0xe4,0x18,0xe4,0x18,0xe4,0x18,
  0xe4,0x18,0xe4,0x18,0xe4,0x18,0xe4,0x18,0xe4,0x18,0xe4,0x18,0xe4,0x18,0xe4,0x18,
  0xe4,0x18,0xe4,0x18,0xe4,0x18,0xe4,0x18,0xe4,0x18,0xe4,0x18,0xe4,0x18,0xe4,0x18,
  0xe4,0x18,0xe4,0x18,0xe4,0x18,0xe4,0x18,0xe4,0x18,0xe4,0x18,0xe4,0x18,0xe4,0x18,
  0xe4,0x18,0xe4,0x18,0xe4,0x18,0xe4,0x18,0xe4,0x18,0xe4,0x18,0xe4,0x18,0xe4,0x18,
  0xe4,0x18,0xe4,0x18,0xe4,0x18,0xe4,0x18,0xe4,0x18,0xe4,0x18,0xe4,0x18,0xe4,0x18,
  0xe4,0x18,0xe4,0x18,0xe4,0x18,0xe4,0x18,0xe4,0x18,0xe4,0x18,0xe4,0x18,0xe4,0x18,
  0xe4,0x18,0xe4,0x18,0xe4,0x18,0xe4,0x18,0xe4,0x18,0xe4,0x18,0xe4,0x18,0xe4,0x18,
  0xe4,0x18,0xe4,0x18,0xe4,0x18,0xe4,0x18,0xe4,0x18,0xe4,0x18,0xe4,0x18,0xe4,0x18,
  0xe4,0x18,0xe4,0x18,0xe4,0x18,0xe4,0x18,0xe4,0x18,0xe4,0x18,0xe4,0x18,0xe4,0x18,
  0xe4,0x18,0xe4,0x18,0xe4,0x18,0xe4,0x18,0xe4,0x18,0xe4,0x18,0xe4,0x18,0xe4,0x18,
  0xe4,0x18,0xe4,0x18,0xe4,0x18,0xe4,0x18,0xe4,0x18,0xe4,0x18,0xe4,0x18,0xe4,0x18,
  0xe4,0x18,0xe4,0x18,0xe4,0x18,0xe4,0x18,0xe4,0x18,0xe4,0x18,0xe4,0x18,0xe4,0x18,
  0xe4,0x18,0xe4,0x18,0xe4,0x18,0xe4,0x18,0xe4,0x18,0xe4,0x18,0xe4,0x18,0xe4,0x18,
  0xe4,0x18,0xe4,0x18,0xe4,0x18,0xe4,0x18,0xe4,0x18,0xe4,0x18,0xe4,0x18,0xe4,0x18,
  0xe4,0x18,0xe4,0x18,0xe4,0x18,0xe4,0x18,0xe4,0x18,0xe4,0x18,0xe4,0x18,0xe4,0x18,
  0xe4,0x18,0xe4,0x18,0xe4,0x18,0xe4,0x18,0xe4,0x18,0xe4,0x18,0xe4,0x18,0xe4,0x18,
  0xe4,0x18,0xe4,0x18,0xe4,0x18,0xe4,0x18,0xe4,0x18,0xe4,0x18,0xe4,0x18,0xe4,0x18,
  0xe4,0x18,0xe4,0x18,0xe4,0x18,0xe4,0x18,0xe4,0x18,0xe4,0x18,0xe4,0x18,0xe4,0x18,
  0xe4,0x18,0xe4,0x18,0xe4,0x18,0xe4,0x18,0xe4,0x18,0xe4,0x18,0xe4,0x18,0xe4,0x18,
  0xe4,0x18,0xe4,0x18,0x04,0x19,0x62,0x08,0x29,0x42,0x4d,0x6b,0x20,0x00,0x00,0x00,
  0x00,0x00,0x00,0x00,0x00,0x00,0x00,0x00,0x6d,0x6b,0x49,0x42,0x62,0x08,0xe4,0x18,
  0xe4,0x18,0xe4,0x18,0xe4,0x18,0xe4,0x18,0xe4,0x18,0xe4,0x18,0xe4,0x18,0xe4,0x18,
  0xe4,0x18,0xe4,0x18,0xe4,0x18,0xe4,0x18,0xe4,0x18,0xe4,0x18,0xe4,0x18,0xe4,0x18,
  0xe4,0x18,0xe4,0x18,0xe4,0x18,0xe4,0x18,0xe4,0x18,0xe4,0x18,0xe4,0x18,0xe4,0x18,
  0xe4,0x18,0xe4,0x18,0xe4,0x18,0xe4,0x18,0xe4,0x18,0xe4,0x18,0xe4,0x18,0xe4,0x18,
  0xe4,0x18,0xe4,0x18,0xe4,0x18,0xe4,0x18,0xe4,0x18,0xe4,0x18,0xe4,0x18,0xe4,0x18,
  0xe4,0x18,0xe4,0x18,0xe4,0x18,0xe4,0x18,0xe4,0x18,0xe4,0x18,0xe4,0x18,0xe4,0x18,
  0xe4,0x18,0xe4,0x18,0xe4,0x18,0xe4,0x18,0xe4,0x18,0xe4,0x18,0xe4,0x18,0xe4,0x18,
  0xe4,0x18,0xe4,0x18,0xe4,0x18,0xe4,0x18,0xe4,0x18,0xe4,0x18,0xe4,0x18,0xe4,0x18,
  0xe4,0x18,0xe4,0x18,0xe4,0x18,0xe4,0x18,0xe4,0x18,0xe4,0x18,0xe4,0x18,0xe4,0x18,
  0xe4,0x18,0xe4,0x18,0xe4,0x18,0xe4,0x18,0xe4,0x18,0xe4,0x18,0xe4,0x18,0xe4,0x18,
  0xe4,0x18,0xe4,0x18,0xe4,0x18,0xe4,0x18,0xe4,0x18,0xe4,0x18,0xe4,0x18,0xe4,0x18,
  0xe4,0x18,0xe4,0x18,0xe4,0x18,0xe4,0x18,0xe4,0x18,0xe4,0x18,0xe4,0x18,0xe4,0x18,
  0xe4,0x18,0xe4,0x18,0xe4,0x18,0xe4,0x18,0xe4,0x18,0xe4,0x18,0xe4,0x18,0xe4,0x18,
  0xe4,0x18,0xe4,0x18,0xe4,0x18,0xe4,0x18,0xe4,0x18,0xe4,0x18,0xe4,0x18,0xe4,0x18,
  0xe4,0x18,0xe4,0x18,0xe4,0x18,0xe4,0x18,0xe4,0x18,0xe4,0x18,0xe4,0x18,0xe4,0x18,
  0xe4,0x18,0xe4,0x18,0xe4,0x18,0xe4,0x18,0xe4,0x18,0xe4,0x18,0xe4,0x18,0xe4,0x18,
  0xe4,0x18,0xe4,0x18,0xe4,0x18,0xe4,0x18,0xe4,0x18,0xe4,0x18,0xe4,0x18,0xe4,0x18,
  0xe4,0x18,0xe4,0x18,0xe4,0x18,0xe4,0x18,0xe4,0x18,0xe4,0x18,0xe4,0x18,0xe4,0x18,
  0xe4,0x18,0xe4,0x18,0xe4,0x18,0xe4,0x18,0xe4,0x18,0xe4,0x18,0xe4,0x18,0xe4,0x18,
  0xe4,0x18,0xe4,0x18,0xe4,0x18,0xe4,0x18,0xe4,0x18,0xe4,0x18,0xe4,0x18,0xe4,0x18,
  0xe4,0x18,0x62,0x08,0x09,0x42,0x6d,0x6b,0x20,0x00,0x00,0x00,0x00,0x00,0x00,0x00,
  0x00,0x00,0x00,0x00,0x4d,0x6b,0x49,0x42,0x62,0x08,0xe4,0x18,0xe4,0x18,0xe4,0x18,
  0xe4,0x18,0xe4,0x18,0xe4,0x18,0xe4,0x18,0xe4,0x18,0xe4,0x18,0xe4,0x18,0xe4,0x18,
  0xe4,0x18,0xe4,0x18,0xe4,0x18,0xe4,0x18,0xe4,0x18,0xe4,0x18,0xe4,0x18,0xe4,0x18,
  0xe4,0x18,0xe4,0x18,0xe4,0x18,0xe4,0x18,0xe4,0x18,0xe4,0x18,0xe4,0x18,0xe4,0x18,
  0xe4,0x18,0xe4,0x18,0xe4,0x18,0xe4,0x18,0xe4,0x18,0xe4,0x18,0xe4,0x18,0xe4,0x18,
  0xe4,0x18,0xe4,0x18,0xe4,0x18,0xe4,0x18,0xe4,0x18,0xe4,0x18,0xe4,0x18,0xe4,0x18,
  0xe4,0x18,0xe4,0x18,0xe4,0x18,0xe4,0x18,0xe4,0x18,0xe4,0x18,0xe4,0x18,0xe4,0x18,
  0xe4,0x18,0xe4,0x18,0xe4,0x18,0xe4,0x18,0xe4,0x18,0xe4,0x18,0xe4,0x18,0xe4,0x18,
  0xe4,0x18,0xe4,0x18,0xe4,0x18,0xe4,0x18,0xe4,0x18,0xe4,0x18,0xe4,0x18,0xe4,0x18,
  0xe4,0x18,0xe4,0x18,0xe4,0x18,0xe4,0x18,0xe4,0x18,0xe4,0x18,0xe4,0x18,0xe4,0x18,
  0xe4,0x18,0xe4,0x18,0xe4,0x18,0xe4,0x18,0xe4,0x18,0xe4,0x18,0xe4,0x18,0xe4,0x18,
  0xe4,0x18,0xe4,0x18,0xe4,0x18,0xe4,0x18,0xe4,0x18,0xe4,0x18,0xe4,0x18,0xe4,0x18,
  0xe4,0x18,0xe4,0x18,0xe4,0x18,0xe4,0x18,0xe4,0x18,0xe4,0x18,0xe4,0x18,0xe4,0x18,
  0xe4,0x18,0xe4,0x18,0xe4,0x18,0xe4,0x18,0xe4,0x18,0xe4,0x18,0xe4,0x18,0xe4,0x18,
  0xe4,0x18,0xe4,0x18,0xe4,0x18,0xe4,0x18,0xe4,0x18,0xe4,0x18,0xe4,0x18,0xe4,0x18,
  0xe4,0x18,0xe4,0x18,0xe4,0x18,0xe4,0x18,0xe4,0x18,0xe4,0x18,0xe4,0x18,0xe4,0x18,
  0xe4,0x18,0xe4,0x18,0xe4,0x18,0xe4,0x18,0xe4,0x18,0xe4,0x18,0xe4,0x18,0xe4,0x18,
  0xe4,0x18,0xe4,0x18,0xe4,0x18,0xe4,0x18,0xe4,0x18,0xe4,0x18,0xe4,0x18,0xe4,0x18,
  0xe4,0x18,0xe4,0x18,0xe4,0x18,0xe4,0x18,0xe4,0x18,0xe4,0x18,0xe4,0x18,0xe4,0x18,
  0xe4,0x18,0xe4,0x18,0xe4,0x18,0xe4,0x18,0xe4,0x18,0xe4,0x18,0xe4,0x18,0xe4,0x18,
  0xe4,0x18,0xe4,0x18,0xe4,0x18,0xe4,0x18,0xe4,0x18,0xe4,0x18,0x04,0x19,0x62,0x08,
  0x29,0x42,0x4d,0x6b,0x00,0x00,0x00,0x00,0x00,0x00,0x00,0x00,0x00,0x00,0x00,0x00,
  0x6d,0x6b,0x49,0x42,0x62,0x08,0xe4,0x18,0xe4,0x18,0xe4,0x18,0xe4,0x18,0xe4,0x18,
  0xe4,0x18,0xe4,0x18,0xe4,0x18,0xe4,0x18,0xe4,0x18,0xe4,0x18,0xe4,0x18,0xe4,0x18,
  0xe4,0x18,0xe4,0x18,0xe4,0x18,0xe4,0x18,0xe4,0x18,0xe4,0x18,0xe4,0x18,0xe4,0x18,
  0xe4,0x18,0xe4,0x18,0xe4,0x18,0xe4,0x18,0xe4,0x18,0xe4,0x18,0xe4,0x18,0xe4,0x18,
  0xe4,0x18,0xe4,0x18,0xe4,0x18,0xe4,0x18,0xe4,0x18,0xe4,0x18,0xe4,0x18,0xe4,0x18,
  0xe4,0x18,0xe4,0x18,0xe4,0x18,0xe4,0x18,0xe4,0x18,0xe4,0x18,0xe4,0x18,0xe4,0x18,
  0xe4,0x18,0xe4,0x18,0xe4,0x18,0xe4,0x18,0xe4,0x18,0xe4,0x18,0xe4,0x18,0xe4,0x18,
  0xe4,0x18,0xe4,0x18,0xe4,0x18,0xe4,0x18,0xe4,0x18,0xe4,0x18,0xe4,0x18,0xe4,0x18,
  0xe4,0x18,0xe4,0x18,0xe4,0x18,0xe4,0x18,0xe4,0x18,0xe4,0x18,0xe4,0x18,0xe4,0x18,
  0xe4,0x18,0xe4,0x18,0xe4,0x18,0xe4,0x18,0xe4,0x18,0xe4,0x18,0xe4,0x18,0xe4,0x18,
  0xe4,0x18,0xe4,0x18,0xe4,0x18,0xe4,0x18,0xe4,0x18,0xe4,0x18,0xe4,0x18,0xe4,0x18,
  0xe4,0x18,0xe4,0x18,0xe4,0x18,0xe4,0x18,0xe4,0x18,0xe4,0x18,0xe4,0x18,0xe4,0x18,
  0xe4,0x18,0xe4,0x18,0xe4,0x18,0xe4,0x18,0xe4,0x18,0xe4,0x18,0xe4,0x18,0xe4,0x18,
  0xe4,0x18,0xe4,0x18,0xe4,0x18,0xe4,0x18,0xe4,0x18,0xe4,0x18,0xe4,0x18,0xe4,0x18,
  0xe4,0x18,0xe4,0x18,0xe4,0x18,0xe4,0x18,0xe4,0x18,0xe4,0x18,0xe4,0x18,0xe4,0x18,
  0xe4,0x18,0xe4,0x18,0xe4,0x18,0xe4,0x18,0xe4,0x18,0xe4,0x18,0xe4,0x18,0xe4,0x18,
  0xe4,0x18,0xe4,0x18,0xe4,0x18,0xe4,0x18,0xe4,0x18,0xe4,0x18,0xe4,0x18,0xe4,0x18,
  0xe4,0x18,0xe4,0x18,0xe4,0x18,0xe4,0x18,0xe4,0x18,0xe4,0x18,0xe4,0x18,0xe4,0x18,
  0xe4,0x18,0xe4,0x18,0xe4,0x18,0xe4,0x18,0xe4,0x18,0xe4,0x18,0xe4,0x18,0xe4,0x18,
  0xe4,0x18,0xe4,0x18,0xe4,0x18,0xe4,0x18,0xe4,0x18,0xe4,0x18,0xe4,0x18,0xe4,0x18,
  0xe4,0x18,0xe4,0x18,0xe4,0x18,0xe4,0x18,0xe4,0x18,0x62,0x08,0x29,0x42,0x4d,0x6b,
  0x00,0x00,0x00,0x00,0x00,0x00,0x00,0x00,0x00,0x00,0x20,0x00,0x4d,0x6b,0x49,0x42,
  0x62,0x08,0x04,0x19,0xe4,0x18,0xe4,0x18,0xe4,0x18,0xe4,0x18,0xe4,0x18,0xe4,0x18,
  0xe4,0x18,0xe4,0x18,0xe4,0x18,0xe4,0x18,0xe4,0x18,0xe4,0x18,0xe4,0x18,0xe4,0x18,
  0xe4,0x18,0xe4,0x18,0xe4,0x18,0xe4,0x18,0xe4,0x18,0xe4,0x18,0xe4,0x18,0xe4,0x18,
  0xe4,0x18,0xe4,0x18,0xe4,0x18,0xe4,0x18,0xe4,0x18,0xe4,0x18,0xe4,0x18,0xe4,0x18,
  0xe4,0x18,0xe4,0x18,0xe4,0x18,0xe4,0x18,0xe4,0x18,0xe4,0x18,0xe4,0x18,0xe4,0x18,
  0xe4,0x18,0xe4,0x18,0xe4,0x18,0xe4,0x18,0xe4,0x18,0xe4,0x18,0xe4,0x18,0xe4,0x18,
  0xe4,0x18,0xe4,0x18,0xe4,0x18,0xe4,0x18,0xe4,0x18,0xe4,0x18,0xe4,0x18,0xe4,0x18,
  0xe4,0x18,0xe4,0x18,0xe4,0x18,0xe4,0x18,0xe4,0x18,0xe4,0x18,0xe4,0x18,0xe4,0x18,
  0xe4,0x18,0xe4,0x18,0xe4,0x18,0xe4,0x18,0xe4,0x18,0xe4,0x18,0xe4,0x18,0xe4,0x18,
  0xe4,0x18,0xe4,0x18,0xe4,0x18,0xe4,0x18,0xe4,0x18,0xe4,0x18,0xe4,0x18,0xe4,0x18,
  0xe4,0x18,0xe4,0x18,0xe4,0x18,0xe4,0x18,0xe4,0x18,0xe4,0x18,0xe4,0x18,0xe4,0x18,
  0xe4,0x18,0xe4,0x18,0xe4,0x18,0xe4,0x18,0xe4,0x18,0xe4,0x18,0xe4,0x18,0xe4,0x18,
  0xe4,0x18,0xe4,0x18,0xe4,0x18,0xe4,0x18,0xe4,0x18,0xe4,0x18,0xe4,0x18,0xe4,0x18,
  0xe4,0x18,0xe4,0x18,0xe4,0x18,0xe4,0x18,0xe4,0x18,0xe4,0x18,0xe4,0x18,0xe4,0x18,
  0xe4,0x18,0xe4,0x18,0xe4,0x18,0xe4,0x18,0xe4,0x18,0xe4,0x18,0xe4,0x18,0xe4,0x18,
  0xe4,0x18,0xe4,0x18,0xe4,0x18,0xe4,0x18,0xe4,0x18,0xe4,0x18,0xe4,0x18,0xe4,0x18,
  0xe4,0x18,0xe4,0x18,0xe4,0x18,0xe4,0x18,0xe4,0x18,0xe4,0x18,0xe4,0x18,0xe4,0x18,
  0xe4,0x18,0xe4,0x18,0xe4,0x18,0xe4,0x18,0xe4,0x18,0xe4,0x18,0xe4,0x18,0xe4,0x18,
  0xe4,0x18,0xe4,0x18,0xe4,0x18,0xe4,0x18,0xe4,0x18,0xe4,0x18,0xe4,0x18,0xe4,0x18,
  0xe4,0x18,0xe4,0x18,0xe4,0x18,0xe4,0x18,0xe4,0x18,0xe4,0x18,0xe4,0x18,0xe4,0x18,
  0xe4,0x18,0xe4,0x18,0xe4,0x18,0x62,0x08,0x29,0x42,0x2c,0x63,0x00,0x00,0x00,0x00,
  0x00,0x00,0x00,0x00,0x00,0x00,0x00,0x00,0xeb,0x5a,0x49,0x42,0x42,0x00,0xe4,0x18,
  0xc4,0x10,0xe4,0x18,0xe4,0x18,0xe4,0x18,0xe4,0x18,0xe4,0x18,0xe4,0x18,0xe4,0x18,
  0xe4,0x18,0xe4,0x18,0xe4,0x18,0xe4,0x18,0xe4,0x18,0xe4,0x18,0xe4,0x18,0xe4,0x18,
  0xe4,0x18,0xe4,0x18,0xe4,0x18,0xe4,0x18,0xe4,0x18,0xe4,0x18,0xe4,0x18,0xe4,0x18,
  0xe4,0x18,0xe4,0x18,0xe4,0x18,0xe4,0x18,0xe4,0x18,0xe4,0x18,0xe4,0x18,0xe4,0x18,
  0xe4,0x18,0xe4,0x18,0xe4,0x18,0xe4,0x18,0xe4,0x18,0xe4,0x18,0xe4,0x18,0xe4,0x18,
  0xe4,0x18,0xe4,0x18,0xe4,0x18,0xe4,0x18,0xe4,0x18,0xe4,0x18,0xe4,0x18,0xe4,0x18,
  0xe4,0x18,0xe4,0x18,0xe4,0x18,0xe4,0x18,0xe4,0x18,0xe4,0x18,0xe4,0x18,0xe4,0x18,
  0xe4,0x18,0xe4,0x18,0xe4,0x18,0xe4,0x18,0xe4,0x18,0xe4,0x18,0xe4,0x18,0xe4,0x18,
  0xe4,0x18,0xe4,0x18,0xe4,0x18,0xe4,0x18,0xe4,0x18,0xe4,0x18,0xe4,0x18,0xe4,0x18,
  0xe4,0x18,0xe4,0x18,0xe4,0x18,0xe4,0x18,0xe4,0x18,0xe4,0x18,0xe4,0x18,0xe4,0x18,
  0xe4,0x18,0xe4,0x18,0xe4,0x18,0xe4,0x18,0xe4,0x18,0xe4,0x18,0xe4,0x18,0xe4,0x18,
  0xe4,0x18,0xe4,0x18,0xe4,0x18,0xe4,0x18,0xe4,0x18,0xe4,0x18,0xe4,0x18,0xe4,0x18,
  0xe4,0x18,0xe4,0x18,0xe4,0x18,0xe4,0x18,0xe4,0x18,0xe4,0x18,0xe4,0x18,0xe4,0x18,
  0xe4,0x18,0xe4,0x18,0xe4,0x18,0xe4,0x18,0xe4,0x18,0xe4,0x18,0xe4,0x18,0xe4,0x18,
  0xe4,0x18,0xe4,0x18,0xe4,0x18,0xe4,0x18,0xe4,0x18,0xe4,0x18,0xe4,0x18,0xe4,0x18,
  0xe4,0x18,0xe4,0x18,0xe4,0x18,0xe4,0x18,0xe4,0x18,0xe4,0x18,0xe4,0x18,0xe4,0x18,
  0xe4,0x18,0xe4,0x18,0xe4,0x18,0xe4,0x18,0xe4,0x18,0xe4,0x18,0xe4,0x18,0xe4,0x18,
  0xe4,0x18,0xe4,0x18,0xe4,0x18,0xe4,0x18,0xe4,0x18,0xe4,0x18,0xe4,0x18,0xe4,0x18,
  0xe4,0x18,0xe4,0x18,0xe4,0x18,0xe4,0x18,0xe4,0x18,0xe4,0x18,0xe4,0x18,0xe4,0x18,
  0xe4,0x18,0xe4,0x18,0xe4,0x18,0xe4,0x18,0xe4,0x18,0xe4,0x18,0xe4,0x18,0xe4,0x18,
  0xe4,0x18,0xa3,0x10,0x49,0x42,0x4d,0x6b,0x00,0x00,0x00,0x00,0x00,0x00,0x00,0x00,
  0x00,0x00,0x00,0x00,0x00,0x00,0x41,0x08,0x00,0x00,0x00,0x00,0x00,0x00,0xc3,0x10,
  0xe4,0x18,0xe4,0x18,0xe4,0x18,0xe4,0x18,0xe4,0x18,0xe4,0x18,0xe4,0x18,0xe4,0x18,
  0xe4,0x18,0xe4,0x18,0xe4,0x18,0xe4,0x18,0xe4,0x18,0xe4,0x18,0xe4,0x18,0xe4,0x18,
  0xe4,0x18,0xe4,0x18,0xe4,0x18,0xe4,0x18,0xe4,0x18,0xe4,0x18,0xe4,0x18,0xe4,0x18,
  0xe4,0x18,0xe4,0x18,0xe4,0x18,0xe4,0x18,0xe4,0x18,0xe4,0x18,0xe4,0x18,0xe4,0x18,
  0xe4,0x18,0xe4,0x18,0xe4,0x18,0xe4,0x18,0xe4,0x18,0xe4,0x18,0xe4,0x18,0xe4,0x18,
  0xe4,0x18,0xe4,0x18,0xe4,0x18,0xe4,0x18,0xe4,0x18,0xe4,0x18,0xe4,0x18,0xe4,0x18,
  0xe4,0x18,0xe4,0x18,0xe4,0x18,0xe4,0x18,0xe4,0x18,0xe4,0x18,0xe4,0x18,0xe4,0x18,
  0xe4,0x18,0xe4,0x18,0xe4,0x18,0xe4,0x18,0xe4,0x18,0xe4,0x18,0xe4,0x18,0xe4,0x18,
  0xe4,0x18,0xe4,0x18,0xe4,0x18,0xe4,0x18,0xe4,0x18,0xe4,0x18,0xe4,0x18,0xe4,0x18,
  0xe4,0x18,0xe4,0x18,0xe4,0x18,0xe4,0x18,0xe4,0x18,0xe4,0x18,0xe4,0x18,0xe4,0x18,
  0xe4,0x18,0xe4,0x18,0xe4,0x18,0xe4,0x18,0xe4,0x18,0xe4,0x18,0xe4,0x18,0xe4,0x18,
  0xe4,0x18,0xe4,0x18,0xe4,0x18,0xe4,0x18,0xe4,0x18,0xe4,0x18,0xe4,0x18,0xe4,0x18,
  0xe4,0x18,0xe4,0x18,0xe4,0x18,0xe4,0x18,0xe4,0x18,0xe4,0x18,0xe4,0x18,0xe4,0x18,
  0xe4,0x18,0xe4,0x18,0xe4,0x18,0xe4,0x18,0xe4,0x18,0xe4,0x18,0xe4,0x18,0xe4,0x18,
  0xe4,0x18,0xe4,0x18,0xe4,0x18,0xe4,0x18,0xe4,0x18,0xe4,0x18,0xe4,0x18,0xe4,0x18,
  0xe4,0x18,0xe4,0x18,0xe4,0x18,0xe4,0x18,0xe4,0x18,0xe4,0x18,0xe4,0x18,0xe4,0x18,
  0xe4,0x18,0xe4,0x18,0xe4,0x18,0xe4,0x18,0xe4,0x18,0xe4,0x18,0xe4,0x18,0xe4,0x18,
  0xe4,0x18,0xe4,0x18,0xe4,0x18,0xe4,0x18,0xe4,0x18,0xe4,0x18,0xe4,0x18,0xe4,0x18,
  0xe4,0x18,0xe4,0x18,0xe4,0x18,0xe4,0x18,0xe4,0x18,0xe4,0x18,0xe4,0x18,0xe4,0x18,
  0xe4,0x18,0xe4,0x18,0xe4,0x18,0xe4,0x18,0xe4,0x18,0xe4,0x18,0xe4,0x18,0xe4,0x18,
  0xa3,0x10,0x29,0x42,0x61,0x08,0x00,0x00,0x00,0x00,0x00,0x00,0x00,0x00,0x00,0x00,
  0x00,0x00,0x00,0x00,0x00,0x00,0x00,0x00,0x00,0x00,0x00,0x00,0xc3,0x10,0xe4,0x18,
  0xe4,0x18,0xe4,0x18,0xe4,0x18,0xe4,0x18,0xe4,0x18,0xe4,0x18,0xe4,0x18,0xe4,0x18,
  0xe4,0x18,0xe4,0x18,0xe4,0x18,0xe4,0x18,0xe4,0x18,0xe4,0x18,0xe4,0x18,0xe4,0x18,
  0xe4,0x18,0xe4,0x18,0xe4,0x18,0xe4,0x18,0xe4,0x18,0xe4,0x18,0xe4,0x18,0xe4,0x18,
  0xe4,0x18,0xe4,0x18,0xe4,0x18,0xe4,0x18,0xe4,0x18,0xe4,0x18,0xe4,0x18,0xe4,0x18,
  0xe4,0x18,0xe4,0x18,0xe4,0x18,0xe4,0x18,0xe4,0x18,0xe4,0x18,0xe4,0x18,0xe4,0x18,
  0xe4,0x18,0xe4,0x18,0xe4,0x18,0xe4,0x18,0xe4,0x18,0xe4,0x18,0xe4,0x18,0xe4,0x18,
  0xe4,0x18,0xe4,0x18,0xe4,0x18,0xe4,0x18,0xe4,0x18,0xe4,0x18,0xe4,0x18,0xe4,0x18,
  0xe4,0x18,0xe4,0x18,0xe4,0x18,0xe4,0x18,0xe4,0x18,0xe4,0x18,0xe4,0x18,0xe4,0x18,
  0xe4,0x18,0xe4,0x18,0xe4,0x18,0xe4,0x18,0xe4,0x18,0xe4,0x18,0xe4,0x18,0xe4,0x18,
  0xe4,0x18,0xe4,0x18,0xe4,0x18,0xe4,0x18,0xe4,0x18,0xe4,0x18,0xe4,0x18,0xe4,0x18,
  0xe4,0x18,0xe4,0x18,0xe4,0x18,0xe4,0x18,0xe4,0x18,0xe4,0x18,0xe4,0x18,0xe4,0x18,
  0xe4,0x18,0xe4,0x18,0xe4,0x18,0xe4,0x18,0xe4,0x18,0xe4,0x18,0xe4,0x18,0xe4,0x18,
  0xe4,0x18,0xe4,0x18,0xe4,0x18,0xe4,0x18,0xe4,0x18,0xe4,0x18,0xe4,0x18,0xe4,0x18,
  0xe4,0x18,0xe4,0x18,0xe4,0x18,0xe4,0x18,0xe4,0x18,0xe4,0x18,0xe4,0x18,0xe4,0x18,
  0xe4,0x18,0xe4,0x18,0xe4,0x18,0xe4,0x18,0xe4,0x18,0xe4,0x18,0xe4,0x18,0xe4,0x18,
  0xe4,0x18,0xe4,0x18,0xe4,0x18,0xe4,0x18,0xe4,0x18,0xe4,0x18,0xe4,0x18,0xe4,0x18,
  0xe4,0x18,0xe4,0x18,0xe4,0x18,0xe4,0x18,0xe4,0x18,0xe4,0x18,0xe4,0x18,0xe4,0x18,
  0xe4,0x18,0xe4,0x18,0xe4,0x18,0xe4,0x18,0xe4,0x18,0xe4,0x18,0xe4,0x18,0xe4,0x18,
  0xe4,0x18,0xe4,0x18,0xe4,0x18,0xe4,0x18,0xe4,0x18,0xe4,0x18,0xe4,0x18,0xe4,0x18,
  0xe4,0x18,0xe4,0x18,0xe4,0x18,0xe4,0x18,0xe4,0x18,0xe4,0x18,0xe4,0x18,0x04,0x19,
  0x21,0x00,0x00,0x00,0x00,0x00,0x00,0x00,0x00,0x00,0x00,0x00,0x00,0x00,0x00,0x00,
  0x00,0x00,0x00,0x00,0x00,0x00,0x00,0x00,0x00,0x00,0xc3,0x10,0xe4,0x18,0xe4,0x18,
  0xe4,0x18,0xe4,0x18,0xe4,0x18,0xe4,0x18,0xe4,0x18,0xe4,0x18,0xe4,0x18,0xe4,0x18,
  0xe4,0x18,0xe4,0x18,0xe4,0x18,0xe4,0x18,0xe4,0x18,0xe4,0x18,0xe4,0x18,0xe4,0x18,
  0xe4,0x18,0xe4,0x18,0xe4,0x18,0xe4,0x18,0xe4,0x18,0xe4,0x18,0xe4,0x18,0xe4,0x18,
  0xe4,0x18,0xe4,0x18,0xe4,0x18,0xe4,0x18,0xe4,0x18,0xe4,0x18,0xe4,0x18,0xe4,0x18,
  0xe4,0x18,0xe4,0x18,0xe4,0x18,0xe4,0x18,0xe4,0x18,0xe4,0x18,0xe4,0x18,0xe4,0x18,
  0xe4,0x18,0xe4,0x18,0xe4,0x18,0xe4,0x18,0xe4,0x18,0xe4,0x18,0xe4,0x18,0xe4,0x18,
  0xe4,0x18,0xe4,0x18,0xe4,0x18,0xe4,0x18,0xe4,0x18,0xe4,0x18,0xe4,0x18,0xe4,0x18,
  0xe4,0x18,0xe4,0x18,0xe4,0x18,0xe4,0x18,0xe4,0x18,0xe4,0x18,0xe4,0x18,0xe4,0x18,
  0xe4,0x18,0xe4,0x18,0xe4,0x18,0xe4,0x18,0xe4,0x18,0xe4,0x18,0xe4,0x18,0xe4,0x18,
  0xe4,0x18,0xe4,0x18,0xe4,0x18,0xe4,0x18,0xe4,0x18,0xe4,0x18,0xe4,0x18,0xe4,0x18,
  0xe4,0x18,0xe4,0x18,0xe4,0x18,0xe4,0x18,0xe4,0x18,0xe4,0x18,0xe4,0x18,0xe4,0x18,
  0xe4,0x18,0xe4,0x18,0xe4,0x18,0xe4,0x18,0xe4,0x18,0xe4,0x18,0xe4,0x18,0xe4,0x18,
  0xe4,0x18,0xe4,0x18,0xe4,0x18,0xe4,0x18,0xe4,0x18,0xe4,0x18,0xe4,0x18,0xe4,0x18,
  0xe4,0x18,0xe4,0x18,0xe4,0x18,0xe4,0x18,0xe4,0x18,0xe4,0x18,0xe4,0x18,0xe4,0x18,
  0xe4,0x18,0xe4,0x18,0xe4,0x18,0xe4,0x18,0xe4,0x18,0xe4,0x18,0xe4,0x18,0xe4,0x18,
  0xe4,0x18,0xe4,0x18,0xe4,0x18,0xe4,0x18,0xe4,0x18,0xe4,0x18,0xe4,0x18,0xe4,0x18,
  0xe4,0x18,0xe4,0x18,0xe4,0x18,0xe4,0x18,0xe4,0x18,0xe4,0x18,0xe4,0x18,0xe4,0x18,
  0xe4,0x18,0xe4,0x18,0xe4,0x18,0xe4,0x18,0xe4,0x18,0xe4,0x18,0xe4,0x18,0xe4,0x18,
  0xe4,0x18,0xe4,0x18,0xe4,0x18,0xe4,0x18,0xe4,0x18,0xe4,0x18,0xe4,0x18,0xe4,0x18,
  0xe4,0x18,0xe4,0x18,0xe4,0x18,0xe4,0x18,0xe4,0x18,0xe4,0x18,0xa3,0x10,0x49,0x42,
  0x82,0x10,0x00,0x00,0x00,0x00,0x00,0x00,0x00,0x00,0x00,0x00,0x00,0x00,0x00,0x00,
  0x00,0x00,0x00,0x00,0x00,0x00,0x00,0x00,0xc3,0x10,0xe4,0x18,0xe4,0x18,0xe4,0x18,
  0xe4,0x18,0xe4,0x18,0xe4,0x18,0xe4,0x18,0xe4,0x18,0xe4,0x18,0xe4,0x18,0xe4,0x18,
  0xe4,0x18,0xe4,0x18,0xe4,0x18,0xe4,0x18,0xe4,0x18,0xe4,0x18,0xc4,0x10,0xc3,0x10,
  0xe4,0x18,0xe4,0x18,0xe4,0x18,0xe4,0x18,0xe4,0x18,0xe4,0x18,0xe4,0x18,0xe4,0x18,
  0xe4,0x18,0xe4,0x18,0xe4,0x18,0xe4,0x18,0xe4,0x18,0xe4,0x18,0xe4,0x18,0xe4,0x18,
  0xe4,0x18,0xe4,0x18,0xe4,0x18,0xe4,0x18,0xe4,0x18,0xe4,0x18,0xe4,0x18,0xe4,0x18,
  0xe4,0x18,0xe4,0x18,0xe4,0x18,0xe4,0x18,0xe4,0x18,0xe4,0x18,0xe4,0x18,0xe4,0x18,
  0xe4,0x18,0xe4,0x18,0xe4,0x18,0xe4,0x18,0xe4,0x18,0xe4,0x18,0xe4,0x18,0xe4,0x18,
  0xe4,0x18,0xe4,0x18,0xe4,0x18,0xe4,0x18,0xe4,0x18,0xe4,0x18,0xe4,0x18,0xe4,0x18,
  0xe4,0x18,0xe4,0x18,0xe4,0x18,0xe4,0x18,0xe4,0x18,0xe4,0x18,0xe4,0x18,0xe4,0x18,
  0xe4,0x18,0xe4,0x18,0xe4,0x18,0xe4,0x18,0xe4,0x18,0xe4,0x18,0xe4,0x18,0xe4,0x18,
  0xe4,0x18,0xe4,0x18,0xe4,0x18,0xe4,0x18,0xe4,0x18,0xe4,0x18,0xe4,0x18,0xe4,0x18,
  0xe4,0x18,0xe4,0x18,0xe4,0x18,0xe4,0x18,0xe4,0x18,0xe4,0x18,0xe4,0x18,0xe4,0x18,
  0xe4,0x18,0xe4,0x18,0xe4,0x18,0xe4,0x18,0xe4,0x18,0xe4,0x18,0xe4,0x18,0xe4,0x18,
  0xe4,0x18,0xe4,0x18,0xe4,0x18,0xe4,0x18,0xe4,0x18,0xe4,0x18,0xe4,0x18,0xe4,0x18,
  0xe4,0x18,0xe4,0x18,0xe4,0x18,0xe4,0x18,0xe4,0x18,0xe4,0x18,0xe4,0x18,0xe4,0x18,
  0xe4,0x18,0xe4,0x18,0xe4,0x18,0xe4,0x18,0xe4,0x18,0xe4,0x18,0xe4,0x18,0xe4,0x18,
  0xe4,0x18,0xe4,0x18,0xe4,0x18,0xe4,0x18,0xe4,0x18,0xe4,0x18,0xe4,0x18,0xe4,0x18,
  0xe4,0x18,0xe4,0x18,0xe4,0x18,0xe4,0x18,0xe4,0x18,0xe4,0x18,0xe4,0x18,0xe4,0x18,
  0xe4,0x18,0xe4,0x18,0xe4,0x18,0xe4,0x18,0xe4,0x18,0xe4,0x18,0xe4,0x18,0xe4,0x18,
  0xe4,0x18,0xe4,0x18,0xe4,0x18,0xe4,0x18,0xe4,0x18,0xa3,0x10,0x29,0x42,0xae,0x73,
  0xa2,0x10,0x00,0x00,0x00,0x00,0x00,0x00,0x00,0x00,0x00,0x00,0x00,0x00,0x00,0x00,
  0x00,0x00,0x00,0x00,0x00,0x00,0xc3,0x10,0xe4,0x18,0xe4,0x18,0xe4,0x18,0xe4,0x18,
  0xe4,0x18,0xe4,0x18,0xc4,0x18,0xc4,0x10,0xc4,0x10,0xc4,0x10,0xc4,0x10,0xc4,0x10,
  0xc4,0x10,0xc4,0x10,0xc4,0x10,0xc4,0x10,0xc4,0x10,0x04,0x19,0x25,0x21,0xa3,0x10,
  0xe4,0x18,0xe4,0x18,0xe4,0x18,0xe4,0x18,0xe4,0x18,0xe4,0x18,0xe4,0x18,0xe4,0x18,
  0xe4,0x18,0xe4,0x18,0xe4,0x18,0xe4,0x18,0xe4,0x18,0xe4,0x18,0xe4,0x18,0xe4,0x18,
  0xe4,0x18,0xe4,0x18,0xe4,0x18,0xe4,0x18,0xe4,0x18,0xe4,0x18,0xe4,0x18,0xe4,0x18,
  0xe4,0x18,0xe4,0x18,0xe4,0x18,0xe4,0x18,0xe4,0x18,0xe4,0x18,0xe4,0x18,0xe4,0x18,
  0xe4,0x18,0xe4,0x18,0xe4,0x18,0xe4,0x18,0xe4,0x18,0xe4,0x18,0xe4,0x18,0xe4,0x18,
  0xe4,0x18,0xe4,0x18,0xe4,0x18,0xe4,0x18,0xe4,0x18,0xe4,0x18,0xe4,0x18,0xe4,0x18,
  0xe4,0x18,0xe4,0x18,0xe4,0x18,0xe4,0x18,0xe4,0x18,0xe4,0x18,0xe4,0x18,0xe4,0x18,
  0xe4,0x18,0xe4,0x18,0xe4,0x18,0xe4,0x18,0xe4,0x18,0xe4,0x18,0xe4,0x18,0xe4,0x18,
  0xe4,0x18,0xe4,0x18,0xe4,0x18,0xe4,0x18,0xe4,0x18,0xe4,0x18,0xe4,0x18,0xe4,0x18,
  0xe4,0x18,0xe4,0x18,0xe4,0x18,0xe4,0x18,0xe4,0x18,0xe4,0x18,0xe4,0x18,0xe4,0x18,
  0xe4,0x18,0xe4,0x18,0xe4,0x18,0xe4,0x18,0xe4,0x18,0xe4,0x18,0xe4,0x18,0xe4,0x18,
  0xe4,0x18,0xe4,0x18,0xe4,0x18,0xe4,0x18,0xe4,0x18,0xe4,0x18,0xe4,0x18,0xe4,0x18,
  0xe4,0x18,0xe4,0x18,0xe4,0x18,0xe4,0x18,0xe4,0x18,0xe4,0x18,0xe4,0x18,0xe4,0x18,
  0xe4,0x18,0xe4,0x18,0xe4,0x18,0xe4,0x18,0xe4,0x18,0xe4,0x18,0xe4,0x18,0xe4,0x18,
  0xe4,0x18,0xe4,0x18,0xe4,0x18,0xe4,0x18,0xe4,0x18,0xe4,0x18,0xe4,0x18,0xe4,0x18,
  0xe4,0x18,0xe4,0x18,0xe4,0x18,0xe4,0x18,0xe4,0x18,0xe4,0x18,0xe4,0x18,0xe4,0x18,
  0xe4,0x18,0xe4,0x18,0xe4,0x18,0xe4,0x18,0xe4,0x18,0xe4,0x18,0xe4,0x18,0xe4,0x18,
  0xe4,0x18,0xe4,0x18,0xe4,0x18,0xe4,0x18,0xe4,0x18,0xa3,0x10,0x45,0x21,0xe4,0x18,
  0xc4,0x10,0xc4,0x10,0xc4,0x10,0xc4,0x10,0xc4,0x10,0xc4,0x10,0xc4,0x10,0xc4,0x10,
  0xc4,0x10,0xc4,0x10,0xe4,0x18,0xe4,0x18,0xe4,0x18,0xe4,0x18,0xe4,0x18,0xe4,0x18,
  0xe4,0x18,0xa3,0x10,0x00,0x00,0x00,0x00,0x00,0x00,0x00,0x00,0x00,0x00,0x00,0x00,
  0x00,0x00,0x00,0x00,0x00,0x00,0x00,0x00,0x24,0x21,0x10,0x7c,0xa7,0x31,0xa3,0x10,
  0xe4,0x18,0xe4,0x18,0xe4,0x18,0xe4,0x18,0xe4,0x18,0xe4,0x18,0xe4,0x18,0xe4,0x18,
  0xe4,0x18,0xe4,0x18,0xe4,0x18,0xe4,0x18,0xe4,0x18,0xe4,0x18,0xe4,0x18,0xe4,0x18,
  0xe4,0x18,0xe4,0x18,0xe4,0x18,0xe4,0x18,0xe4,0x18,0xe4,0x18,0xe4,0x18,0xe4,0x18,
  0xe4,0x18,0xe4,0x18,0xe4,0x18,0xe4,0x18,0xe4,0x18,0xe4,0x18,0xe4,0x18,0xe4,0x18,
  0xe4,0x18,0xe4,0x18,0xe4,0x18,0xe4,0x18,0xe4,0x18,0xe4,0x18,0xe4,0x18,0xe4,0x18,
  0xe4,0x18,0xe4,0x18,0xe4,0x18,0xe4,0x18,0xe4,0x18,0xe4,0x18,0xe4,0x18,0xe4,0x18,
  0xe4,0x18,0xe4,0x18,0xe4,0x18,0xe4,0x18,0xe4,0x18,0xe4,0x18,0xe4,0x18,0xe4,0x18,
  0xe4,0x18,0xe4,0x18,0xe4,0x18,0xe4,0x18,0xe4,0x18,0xe4,0x18,0xe4,0x18,0xe4,0x18,
  0xe4,0x18,0xe4,0x18,0xe4,0x18,0xe4,0x18,0xe4,0x18,0xe4,0x18,0xe4,0x18,0xe4,0x18,
  0xe4,0x18,0xe4,0x18,0xe4,0x18,0xe4,0x18,0xe4,0x18,0xe4,0x18,0xe4,0x18,0xe4,0x18,
  0xe4,0x18,0xe4,0x18,0xe4,0x18,0xe4,0x18,0xe4,0x18,0xe4,0x18,0xe4,0x18,0xe4,0x18,
  0xe4,0x18,0xe4,0x18,0xe4,0x18,0xe4,0x18,0xe4,0x18,0xe4,0x18,0xe4,0x18,0xe4,0x18,
  0xe4,0x18,0xe4,0x18,0xe4,0x18,0xe4,0x18,0xe4,0x18,0xe4,0x18,0xe4,0x18,0xe4,0x18,
  0xe4,0x18,0xe4,0x18,0xe4,0x18,0xe4,0x18,0xe4,0x18,0xe4,0x18,0xe4,0x18,0xe4,0x18,
  0xe4,0x18,0xe4,0x18,0xe4,0x18,0xe4,0x18,0xe4,0x18,0xe4,0x18,0xe4,0x18,0xe4,0x18,
  0xe4,0x18,0xe4,0x18,0xe4,0x18,0xe4,0x18,0xe4,0x18,0xe4,0x18,0xe4,0x18,0xe4,0x18,
  0xe4,0x18,0xe4,0x18,0xe4,0x18,0xe4,0x18,0xe4,0x18,0xe4,0x18,0xe4,0x18,0xe4,0x18,
  0xe4,0x18,0xe4,0x18,0xe4,0x18,0xe4,0x18,0xe4,0x18,0xc3,0x10,0xc4,0x10,0xe4,0x18,
  0xe4,0x18,0xe4,0x18,0xe4,0x18,0xe4,0x18,0xe4,0x18,0xe4,0x18,0xe4,0x18,0xe4,0x18,
  0xe4,0x18,0xe4,0x18,0xe4,0x18,0xe4,0x18,0xe4,0x18,0xe4,0x18,0xe4,0x18,0xe4,0x18,
  0xa3,0x10,0x00,0x00,0x00,0x00,0x00,0x00,0x00,0x00,0x00,0x00,0x00,0x00,0x00,0x00,
  0x00,0x00,0x00,0x00,0x00,0x00,0x00,0x00,0x24,0x21,0x49,0x4a,0x83,0x08,0xe4,0x18,
  0xe4,0x18,0xe4,0x18,0xe4,0x18,0xe4,0x18,0xe4,0x18,0xe4,0x18,0xe4,0x18,0xe4,0x18,
  0xe4,0x18,0xe4,0x18,0xe4,0x18,0xe4,0x18,0xe4,0x18,0xe4,0x18,0xe4,0x18,0xe4,0x18,
  0xe4,0x18,0xe4,0x18,0xe4,0x18,0xe4,0x18,0xe4,0x18,0xe4,0x18,0xe4,0x18,0xe4,0x18,
  0xe4,0x18,0xe4,0x18,0xe4,0x18,0xe4,0x18,0xe4,0x18,0xe4,0x18,0xe4,0x18,0xe4,0x18,
  0xe4,0x18,0xe4,0x18,0xe4,0x18,0xe4,0x18,0xe4,0x18,0xe4,0x18,0xe4,0x18,0xe4,0x18,
  0xe4,0x18,0xe4,0x18,0xe4,0x18,0xe4,0x18,0xe4,0x18,0xe4,0x18,0xe4,0x18,0xe4,0x18,
  0xe4,0x18,0xe4,0x18,0xe4,0x18,0xe4,0x18,0xe4,0x18,0xe4,0x18,0xe4,0x18,0xe4,0x18,
  0xe4,0x18,0xe4,0x18,0xe4,0x18,0xe4,0x18,0xe4,0x18,0xe4,0x18,0xe4,0x18,0xe4,0x18,
  0xe4,0x18,0xe4,0x18,0xe4,0x18,0xe4,0x18,0xe4,0x18,0xe4,0x18,0xe4,0x18,0xe4,0x18,
  0xe4,0x18,0xe4,0x18,0xe4,0x18,0xe4,0x18,0xe4,0x18,0xe4,0x18,0xe4,0x18,0xe4,0x18,
  0xe4,0x18,0xe4,0x18,0xe4,0x18,0xe4,0x18,0xe4,0x18,0xe4,0x18,0xe4,0x18,0xe4,0x18,
  0xe4,0x18,0xe4,0x18,0xe4,0x18,0xe4,0x18,0xe4,0x18,0xe4,0x18,0xe4,0x18,0xe4,0x18,
  0xe4,0x18,0xe4,0x18,0xe4,0x18,0xe4,0x18,0xe4,0x18,0xe4,0x18,0xe4,0x18,0xe4,0x18,
  0xe4,0x18,0xe4,0x18,0xe4,0x18,0xe4,0x18,0xe4,0x18,0xe4,0x18,0xe4,0x18,0xe4,0x18,
  0xe4,0x18,0xe4,0x18,0xe4,0x18,0xe4,0x18,0xe4,0x18,0xe4,0x18,0xe4,0x18,0xe4,0x18,
  0xe4,0x18,0xe4,0x18,0xe4,0x18,0xe4,0x18,0xe4,0x18,0xe4,0x18,0xe4,0x18,0xe4,0x18,
  0xe4,0x18,0xe4,0x18,0xe4,0x18,0xe4,0x18,0xe4,0x18,0xe4,0x18,0xe4,0x18,0xe4,0x18,
  0xe4,0x18,0xe4,0x18,0xe4,0x18,0xe4,0x18,0xe4,0x18,0xe4,0x18,0xe4,0x18,0xe4,0x18,
  0xe4,0x18,0xe4,0x18,0xe4,0x18,0xe4,0x18,0xe4,0x18,0xe4,0x18,0xe4,0x18,0xe4,0x18,
  0xe4,0x18,0xe4,0x18,0xe4,0x18,0xe4,0x18,0xe4,0x18,0xe4,0x18,0xe4,0x18,0xa3,0x10,
  0x00,0x00,0x00,0x00,0x00,0x00,0x00,0x00,0x00,0x00,0x00,0x00,0x00,0x00,0x00,0x00,
  0x00,0x00,0x00,0x00,0x00,0x00,0x00,0x00,0x82,0x08,0xe4,0x18,0xe4,0x18,0xe4,0x18,
  0xe4,0x18,0xe4,0x18,0xe4,0x18,0xe4,0x18,0xe4,0x18,0xe4,0x18,0xe4,0x18,0xe4,0x18,
  0xe4,0x18,0xe4,0x18,0xe4,0x18,0xe4,0x18,0xe4,0x18,0xe4,0x18,0xe4,0x18,0xe4,0x18,
  0xe4,0x18,0xe4,0x18,0xe4,0x18,0xe4,0x18,0xe4,0x18,0xe4,0x18,0xe4,0x18,0xe4,0x18,
  0xe4,0x18,0xe4,0x18,0xe4,0x18,0xe4,0x18,0xe4,0x18,0xe4,0x18,0xe4,0x18,0xe4,0x18,
  0xe4,0x18,0xe4,0x18,0xe4,0x18,0xe4,0x18,0xe4,0x18,0xe4,0x18,0xe4,0x18,0xe4,0x18,
  0xe4,0x18,0xe4,0x18,0xe4,0x18,0xe4,0x18,0xe4,0x18,0xe4,0x18,0xe4,0x18,0xe4,0x18,
  0xe4,0x18,0xe4,0x18,0xe4,0x18,0xe4,0x18,0xe4,0x18,0xe4,0x18,0xe4,0x18,0xe4,0x18,
  0xe4,0x18,0xe4,0x18,0xe4,0x18,0xe4,0x18,0xe4,0x18,0xe4,0x18,0xe4,0x18,0xe4,0x18,
  0xe4,0x18,0xe4,0x18,0xe4,0x18,0xe4,0x18,0xe4,0x18,0xe4,0x18,0xe4,0x18,0xe4,0x18,
  0xe4,0x18,0xe4,0x18,0xe4,0x18,0xe4,0x18,0xe4,0x18,0xe4,0x18,0xe4,0x18,0xe4,0x18,
  0xe4,0x18,0xe4,0x18,0xe4,0x18,0xe4,0x18,0xe4,0x18,0xe4,0x18,0xe4,0x18,0xe4,0x18,
  0xe4,0x18,0xe4,0x18,0xe4,0x18,0xe4,0x18,0xe4,0x18,0xe4,0x18,0xe4,0x18,0xe4,0x18,
  0xe4,0x18,0xe4,0x18,0xe4,0x18,0xe4,0x18,0xe4,0x18,0xe4,0x18,0xe4,0x18,0xe4,0x18,
  0xe4,0x18,0xe4,0x18,0xe4,0x18,0xe4,0x18,0xe4,0x18,0xe4,0x18,0xe4,0x18,0xe4,0x18,
  0xe4,0x18,0xe4,0x18,0xe4,0x18,0xe4,0x18,0xe4,0x18,0xe4,0x18,0xe4,0x18,0xe4,0x18,
  0xe4,0x18,0xe4,0x18,0xe4,0x18,0xe4,0x18,0xe4,0x18,0xe4,0x18,0xe4,0x18,0xe4,0x18,
  0xe4,0x18,0xe4,0x18,0xe4,0x18,0xe4,0x18,0xe4,0x18,0xe4,0x18,0xe4,0x18,0xe4,0x18,
  0xe4,0x18,0xe4,0x18,0xe4,0x18,0xe4,0x18,0xe4,0x18,0xe4,0x18,0xe4,0x18,0xe4,0x18,
  0xe4,0x18,0xe4,0x18,0xe4,0x18,0xe4,0x18,0xe4,0x18,0xe4,0x18,0xe4,0x18,0xe4,0x18,
  0xe4,0x18,0xe4,0x18,0xe4,0x18,0xe4,0x18,0xe4,0x18,0xe4,0x18,0xc3,0x10,0x00,0x00,
  0x00,0x00,0x00,0x00,0x00,0x00,0x00,0x00,0x00,0x00,0x00,0x00,0x00,0x00,0x00,0x00,
  0x00,0x00,0x00,0x00,0x04,0x21,0x29,0x42,0x83,0x08,0xe4,0x18,0xe4,0x18,0xe4,0x18,
  0xe4,0x18,0xe4,0x18,0xe4,0x18,0xe4,0x18,0xe4,0x18,0xe4,0x18,0xe4,0x18,0xe4,0x18,
  0xe4,0x18,0xe4,0x18,0xe4,0x18,0xe4,0x18,0xe4,0x18,0xe4,0x18,0xe4,0x18,0xe4,0x18,
  0xe4,0x18,0xe4,0x18,0xe4,0x18,0xe4,0x18,0xe4,0x18,0xe4,0x18,0xe4,0x18,0xe4,0x18,
  0xe4,0x18,0xe4,0x18,0xe4,0x18,0xe4,0x18,0xe4,0x18,0xe4,0x18,0xe4,0x18,0xe4,0x18,
  0xe4,0x18,0xe4,0x18,0xe4,0x18,0xe4,0x18,0xe4,0x18,0xe4,0x18,0xe4,0x18,0xe4,0x18,
  0xe4,0x18,0xe4,0x18,0xe4,0x18,0xe4,0x18,0xe4,0x18,0xe4,0x18,0xe4,0x18,0xe4,0x18,
  0xe4,0x18,0xe4,0x18,0xe4,0x18,0xe4,0x18,0xe4,0x18,0xe4,0x18,0xe4,0x18,0xe4,0x18,
  0xe4,0x18,0xe4,0x18,0xe4,0x18,0xe4,0x18,0xe4,0x18,0xe4,0x18,0xe4,0x18,0xe4,0x18,
  0xe4,0x18,0xe4,0x18,0xe4,0x18,0xe4,0x18,0xe4,0x18,0xe4,0x18,0xe4,0x18,0xe4,0x18,
  0xe4,0x18,0xe4,0x18,0xe4,0x18,0xe4,0x18,0xe4,0x18,0xe4,0x18,0xe4,0x18,0xe4,0x18,
  0xe4,0x18,0xe4,0x18,0xe4,0x18,0xe4,0x18,0xe4,0x18,0xe4,0x18,0xe4,0x18,0xe4,0x18,
  0xe4,0x18,0xe4,0x18,0xe4,0x18,0xe4,0x18,0xe4,0x18,0xe4,0x18,0xe4,0x18,0xe4,0x18,
  0xe4,0x18,0xe4,0x18,0xe4,0x18,0xe4,0x18,0xe4,0x18,0xe4,0x18,0xe4,0x18,0xe4,0x18,
  0xe4,0x18,0xe4,0x18,0xe4,0x18,0xe4,0x18,0xe4,0x18,0xe4,0x18,0xe4,0x18,0xe4,0x18,
  0xe4,0x18,0xe4,0x18,0xe4,0x18,0xe4,0x18,0xe4,0x18,0xe4,0x18,0xe4,0x18,0xe4,0x18,
  0xe4,0x18,0xe4,0x18,0xe4,0x18,0xe4,0x18,0xe4,0x18,0xe4,0x18,0xe4,0x18,0xe4,0x18,
  0xe4,0x18,0xe4,0x18,0xe4,0x18,0xe4,0x18,0xe4,0x18,0xe4,0x18,0xe4,0x18,0xe4,0x18,
  0xe4,0x18,0xe4,0x18,0xe4,0x18,0xe4,0x18,0xe4,0x18,0xe4,0x18,0xe4,0x18,0xe4,0x18,
  0xe4,0x18,0xe4,0x18,0xe4,0x18,0xe4,0x18,0xe4,0x18,0xe4,0x18,0xe4,0x18,0xe4,0x18,
  0xe4,0x18,0xe4,0x18,0xe4,0x18,0xe4,0x18,0xe4,0x18,0xa3,0x10,0x00,0x00,0x00,0x00,
  0x00,0x00,0x41,0x08,0x00,0x00,0x00,0x00,0x00,0x00,0x00,0x00,0x00,0x00,0x00,0x00,
  0x41,0x08,0xcf,0x73,0xe8,0x39,0xa3,0x10,0xe4,0x18,0xe4,0x18,0xe4,0x18,0xe4,0x18,
  0xe4,0x18,0xe4,0x18,0xe4,0x18,0xe4,0x18,0xe4,0x18,0xe4,0x18,0xe4,0x18,0xe4,0x18,
  0xe4,0x18,0xe4,0x18,0xe4,0x18,0xe4,0x18,0xe4,0x18,0xe4,0x18,0xe4,0x18,0xe4,0x18,
  0xe4,0x18,0xe4,0x18,0xe4,0x18,0xe4,0x18,0xe4,0x18,0xe4,0x18,0xe4,0x18,0xe4,0x18,
  0xe4,0x18,0xe4,0x18,0xe4,0x18,0xe4,0x18,0xe4,0x18,0xe4,0x18,0xe4,0x18,0xe4,0x18,
  0xe4,0x18,0xe4,0x18,0xe4,0x18,0xe4,0x18,0xe4,0x18,0xe4,0x18,0xe4,0x18,0xe4,0x18,
  0xe4,0x18,0xe4,0x18,0xe4,0x18,0xe4,0x18,0xe4,0x18,0xe4,0x18,0xe4,0x18,0xe4,0x18,
  0xe4,0x18,0xe4,0x18,0xe4,0x18,0xe4,0x18,0xe4,0x18,0xe4,0x18,0xe4,0x18,0xe4,0x18,
  0xe4,0x18,0xe4,0x18,0xe4,0x18,0xe4,0x18,0xe4,0x18,0xe4,0x18,0xe4,0x18,0xe4,0x18,
  0xe4,0x18,0xe4,0x18,0xe4,0x18,0xe4,0x18,0xe4,0x18,0xe4,0x18,0xe4,0x18,0xe4,0x18,
  0xe4,0x18,0xe4,0x18,0xe4,0x18,0xe4,0x18,0xe4,0x18,0xe4,0x18,0xe4,0x18,0xe4,0x18,
  0xe4,0x18,0xe4,0x18,0xe4,0x18,0xe4,0x18,0xe4,0x18,0xe4,0x18,0xe4,0x18,0xe4,0x18,
  0xe4,0x18,0xe4,0x18,0xe4,0x18,0xe4,0x18,0xe4,0x18,0xe4,0x18,0xe4,0x18,0xe4,0x18,
  0xe4,0x18,0xe4,0x18,0xe4,0x18,0xe4,0x18,0xe4,0x18,0xe4,0x18,0xe4,0x18,0xe4,0x18,
  0xe4,0x18,0xe4,0x18,0xe4,0x18,0xe4,0x18,0xe4,0x18,0xe4,0x18,0xe4,0x18,0xe4,0x18,
  0xe4,0x18,0xe4,0x18,0xe4,0x18,0xe4,0x18,0xe4,0x18,0xe4,0x18,0xe4,0x18,0xe4,0x18,
  0xe4,0x18,0xe4,0x18,0xe4,0x18,0xe4,0x18,0xe4,0x18,0xe4,0x18,0xe4,0x18,0xe4,0x18,
  0xe4,0x18,0xe4,0x18,0xe4,0x18,0xe4,0x18,0xe4,0x18,0xe4,0x18,0xe4,0x18,0xe4,0x18,
  0xe4,0x18,0xe4,0x18,0xe4,0x18,0xe4,0x18,0xe4,0x18,0xe4,0x18,0xe4,0x18,0xe4,0x18,
  0xe4,0x18,0xe4,0x18,0xe4,0x18,0xe4,0x18,0xe4,0x18,0xe4,0x18,0xe4,0x18,0xe4,0x18,
  0xe4,0x18,0xe4,0x18,0xe4,0x18,0xe4,0x18,0xc4,0x10,0xe4,0x18,0x42,0x00,0xab,0x52,
  0x69,0x4a,0x00,0x00,0x00,0x00,0x00,0x00,0x00,0x00,0x00,0x00,0x61,0x08,0x8e,0x73,
  0xa7,0x31,0x82,0x08,0xe4,0x18,0xe4,0x18,0xe4,0x18,0xe4,0x18,0xe4,0x18,0xe4,0x18,
  0xe4,0x18,0xe4,0x18,0xe4,0x18,0xe4,0x18,0xe4,0x18,0xe4,0x18,0xe4,0x18,0xe4,0x18,
  0xe4,0x18,0xe4,0x18,0xe4,0x18,0xe4,0x18,0xe4,0x18,0xe4,0x18,0xe4,0x18,0xe4,0x18,
  0xe4,0x18,0xe4,0x18,0xe4,0x18,0xe4,0x18,0xe4,0x18,0xe4,0x18,0xe4,0x18,0xe4,0x18,
  0xe4,0x18,0xe4,0x18,0xe4,0x18,0xe4,0x18,0xe4,0x18,0xe4,0x18,0xe4,0x18,0xe4,0x18,
  0xe4,0x18,0xe4,0x18,0xe4,0x18,0xe4,0x18,0xe4,0x18,0xe4,0x18,0xe4,0x18,0xe4,0x18,
  0xe4,0x18,0xe4,0x18,0xe4,0x18,0xe4,0x18,0xe4,0x18,0xe4,0x18,0xe4,0x18,0xe4,0x18,
  0xe4,0x18,0xe4,0x18,0xe4,0x18,0xe4,0x18,0xe4,0x18,0xe4,0x18,0xe4,0x18,0xe4,0x18,
  0xe4,0x18,0xe4,0x18,0xe4,0x18,0xe4,0x18,0xe4,0x18,0xe4,0x18,0xe4,0x18,0xe4,0x18,
  0xe4,0x18,0xe4,0x18,0xe4,0x18,0xe4,0x18,0xe4,0x18,0xe4,0x18,0xe4,0x18,0xe4,0x18,
  0xe4,0x18,0xe4,0x18,0xe4,0x18,0xe4,0x18,0xe4,0x18,0xe4,0x18,0xe4,0x18,0xe4,0x18,
  0xe4,0x18,0xe4,0x18,0xe4,0x18,0xe4,0x18,0xe4,0x18,0xe4,0x18,0xe4,0x18,0xe4,0x18,
  0xe4,0x18,0xe4,0x18,0xe4,0x18,0xe4,0x18,0xe4,0x18,0xe4,0x18,0xe4,0x18,0xe4,0x18,
  0xe4,0x18,0xe4,0x18,0xe4,0x18,0xe4,0x18,0xe4,0x18,0xe4,0x18,0xe4,0x18,0xe4,0x18,
  0xe4,0x18,0xe4,0x18,0xe4,0x18,0xe4,0x18,0xe4,0x18,0xe4,0x18,0xe4,0x18,0xe4,0x18,
  0xe4,0x18,0xe4,0x18,0xe4,0x18,0xe4,0x18,0xe4,0x18,0xe4,0x18,0xe4,0x18,0xe4,0x18,
  0xe4,0x18,0xe4,0x18,0xe4,0x18,0xe4,0x18,0xe4,0x18,0xe4,0x18,0xe4,0x18,0xe4,0x18,
  0xe4,0x18,0xe4,0x18,0xe4,0x18,0xe4,0x18,0xe4,0x18,0xe4,0x18,0xe4,0x18,0xe4,0x18,
  0xe4,0x18,0xe4,0x18,0xe4,0x18,0xe4,0x18,0xe4,0x18,0xe4,0x18,0xe4,0x18,0xe4,0x18,
  0xe4,0x18,0xe4,0x18,0xe4,0x18,0xe4,0x18,0xe4,0x18,0xe4,0x18,0xe4,0x18,0xe4,0x18,
  0xe4,0x18,0xe4,0x18,0xe4,0x18,0xe4,0x18,0x62,0x08,0xab,0x52,0x0c,0x63,0x00,0x00,
  0x00,0x00,0x00,0x00,0x00,0x00,0x00,0x00,0x41,0x08,0xae,0x73,0xc7,0x31,0x82,0x08,
  0xe4,0x18,0xe4,0x18,0xe4,0x18,0xe4,0x18,0xe4,0x18,0xe4,0x18,0xe4,0x18,0xe4,0x18,
  0xe4,0x18,0xe4,0x18,0xe4,0x18,0xe4,0x18,0xe4,0x18,0xe4,0x18,0xe4,0x18,0xe4,0x18,
  0xe4,0x18,0xe4,0x18,0xe4,0x18,0xe4,0x18,0xe4,0x18,0xe4,0x18,0xe4,0x18,0xe4,0x18,
  0xe4,0x18,0xe4,0x18,0xe4,0x18,0xe4,0x18,0xe4,0x18,0xe4,0x18,0xe4,0x18,0xe4,0x18,
  0xe4,0x18,0xe4,0x18,0xe4,0x18,0xe4,0x18,0xe4,0x18,0xe4,0x18,0xe4,0x18,0xe4,0x18,
  0xe4,0x18,0xe4,0x18,0xe4,0x18,0xe4,0x18,0xe4,0x18,0xe4,0x18,0xe4,0x18,0xe4,0x18,
  0xe4,0x18,0xe4,0x18,0xe4,0x18,0xe4,0x18,0xe4,0x18,0xe4,0x18,0xe4,0x18,0xe4,0x18,
  0xe4,0x18,0xe4,0x18,0xe4,0x18,0xe4,0x18,0xe4,0x18,0xe4,0x18,0xe4,0x18,0xe4,0x18,
  0xe4,0x18,0xe4,0x18,0xe4,0x18,0xe4,0x18,0xe4,0x18,0xe4,0x18,0xe4,0x18,0xe4,0x18,
  0xe4,0x18,0xe4,0x18,0xe4,0x18,0xe4,0x18,0xe4,0x18,0xe4,0x18,0xe4,0x18,0xe4,0x18,
  0xe4,0x18,0xe4,0x18,0xe4,0x18,0xe4,0x18,0xe4,0x18,0xe4,0x18,0xe4,0x18,0xe4,0x18,
  0xe4,0x18,0xe4,0x18,0xe4,0x18,0xe4,0x18,0xe4,0x18,0xe4,0x18,0xe4,0x18,0xe4,0x18,
  0xe4,0x18,0xe4,0x18,0xe4,0x18,0xe4,0x18,0xe4,0x18,0xe4,0x18,0xe4,0x18,0xe4,0x18,
  0xe4,0x18,0xe4,0x18,0xe4,0x18,0xe4,0x18,0xe4,0x18,0xe4,0x18,0xe4,0x18,0xe4,0x18,
  0xe4,0x18,0xe4,0x18,0xe4,0x18,0xe4,0x18,0xe4,0x18,0xe4,0x18,0xe4,0x18,0xe4,0x18,
  0xe4,0x18,0xe4,0x18,0xe4,0x18,0xe4,0x18,0xe4,0x18,0xe4,0x18,0xe4,0x18,0xe4,0x18,
  0xe4,0x18,0xe4,0x18,0xe4,0x18,0xe4,0x18,0xe4,0x18,0xe4,0x18,0xe4,0x18,0xe4,0x18,
  0xe4,0x18,0xe4,0x18,0xe4,0x18,0xe4,0x18,0xe4,0x18,0xe4,0x18,0xe4,0x18,0xe4,0x18,
  0xe4,0x18,0xe4,0x18,0xe4,0x18,0xe4,0x18,0xe4,0x18,0xe4,0x18,0xe4,0x18,0xe4,0x18,
  0xe4,0x18,0xe4,0x18,0xe4,0x18,0xe4,0x18,0xe4,0x18,0xe4,0x18,0xe4,0x18,0xe4,0x18,
  0xe4,0x18,0xe4,0x18,0x62,0x08,0xab,0x52,0x0c,0x63,0x00,0x00,0x00,0x00,0x00,0x00,
  0x00,0x00,0x00,0x00,0x61,0x08,0xae,0x73,0xa7,0x31,0x82,0x08,0xe4,0x18,0xe4,0x18,
  0xe4,0x18,0xe4,0x18,0xe4,0x18,0xe4,0x18,0xe4,0x18,0xe4,0x18,0xe4,0x18,0xe4,0x18,
  0xe4,0x18,0xe4,0x18,0xe4,0x18,0xe4,0x18,0xe4,0x18,0xe4,0x18,0xe4,0x18,0xe4,0x18,
  0xe4,0x18,0xe4,0x18,0xe4,0x18,0xe4,0x18,0xe4,0x18,0xe4,0x18,0xe4,0x18,0xe4,0x18,
  0xe4,0x18,0xe4,0x18,0xe4,0x18,0xe4,0x18,0xe4,0x18,0xe4,0x18,0xe4,0x18,0xe4,0x18,
  0xe4,0x18,0xe4,0x18,0xe4,0x18,0xe4,0x18,0xe4,0x18,0xe4,0x18,0xe4,0x18,0xe4,0x18,
  0xe4,0x18,0xe4,0x18,0xe4,0x18,0xe4,0x18,0xe4,0x18,0xe4,0x18,0xe4,0x18,0xe4,0x18,
  0xe4,0x18,0xe4,0x18,0xe4,0x18,0xe4,0x18,0xe4,0x18,0xe4,0x18,0xe4,0x18,0xe4,0x18,
  0xe4,0x18,0xe4,0x18,0xe4,0x18,0xe4,0x18,0xe4,0x18,0xe4,0x18,0xe4,0x18,0xe4,0x18,
  0xe4,0x18,0xe4,0x18,0xe4,0x18,0xe4,0x18,0xe4,0x18,0xe4,0x18,0xe4,0x18,0xe4,0x18,
  0xe4,0x18,0xe4,0x18,0xe4,0x18,0xe4,0x18,0xe4,0x18,0xe4,0x18,0xe4,0x18,0xe4,0x18,
  0xe4,0x18,0xe4,0x18,0xe4,0x18,0xe4,0x18,0xe4,0x18,0xe4,0x18,0xe4,0x18,0xe4,0x18,
  0xe4,0x18,0xe4,0x18,0xe4,0x18,0xe4,0x18,0xe4,0x18,0xe4,0x18,0xe4,0x18,0xe4,0x18,
  0xe4,0x18,0xe4,0x18,0xe4,0x18,0xe4,0x18,0xe4,0x18,0xe4,0x18,0xe4,0x18,0xe4,0x18,
  0xe4,0x18,0xe4,0x18,0xe4,0x18,0xe4,0x18,0xe4,0x18,0xe4,0x18,0xe4,0x18,0xe4,0x18,
  0xe4,0x18,0xe4,0x18,0xe4,0x18,0xe4,0x18,0xe4,0x18,0xe4,0x18,0xe4,0x18,0xe4,0x18,
  0xe4,0x18,0xe4,0x18,0xe4,0x18,0xe4,0x18,0xe4,0x18,0xe4,0x18,0xe4,0x18,0xe4,0x18,
  0xe4,0x18,0xe4,0x18,0xe4,0x18,0xe4,0x18,0xe4,0x18,0xe4,0x18,0xe4,0x18,0xe4,0x18,
  0xe4,0x18,0xe4,0x18,0xe4,0x18,0xe4,0x18,0xe4,0x18,0xe4,0x18,0xe4,0x18,0xe4,0x18,
  0xe4,0x18,0xe4,0x18,0xe4,0x18,0xe4,0x18,0xe4,0x18,0xe4,0x18,0xe4,0x18,0xe4,0x18,
  0xe4,0x18,0xe4,0x18,0xe4,0x18,0xe4,0x18,0xe4,0x18,0xe4,0x18,0xe4,0x18,0xe4,0x18,
  0x62,0x08,0xab,0x52,0x0c,0x63,0x00,0x00,0x00,0x00,0x00,0x00,0x00,0x00,0x00,0x00,
  0x41,0x08,0xae,0x73,0xa7,0x31,0x82,0x08,0xe4,0x18,0xe4,0x18,0xe4,0x18,0xe4,0x18,
  0xe4,0x18,0xe4,0x18,0xe4,0x18,0xe4,0x18,0xe4,0x18,0xe4,0x18,0xe4,0x18,0xe4,0x18,
  0xe4,0x18,0xe4,0x18,0xe4,0x18,0xe4,0x18,0xe4,0x18,0xe4,0x18,0xe4,0x18,0xe4,0x18,
  0xe4,0x18,0xe4,0x18,0xe4,0x18,0xe4,0x18,0xe4,0x18,0xe4,0x18,0xe4,0x18,0xe4,0x18,
  0xe4,0x18,0xe4,0x18,0xe4,0x18,0xe4,0x18,0xe4,0x18,0xe4,0x18,0xe4,0x18,0xe4,0x18,
  0xe4,0x18,0xe4,0x18,0xe4,0x18,0xe4,0x18,0xe4,0x18,0xe4,0x18,0xe4,0x18,0xe4,0x18,
  0xe4,0x18,0xe4,0x18,0xe4,0x18,0xe4,0x18,0xe4,0x18,0xe4,0x18,0xe4,0x18,0xe4,0x18,
  0xe4,0x18,0xe4,0x18,0xe4,0x18,0xe4,0x18,0xe4,0x18,0xe4,0x18,0xe4,0x18,0xe4,0x18,
  0xe4,0x18,0xe4,0x18,0xe4,0x18,0xe4,0x18,0xe4,0x18,0xe4,0x18,0xe4,0x18,0xe4,0x18,
  0xe4,0x18,0xe4,0x18,0xe4,0x18,0xe4,0x18,0xe4,0x18,0xe4,0x18,0xe4,0x18,0xe4,0x18,
  0xe4,0x18,0xe4,0x18,0xe4,0x18,0xe4,0x18,0xe4,0x18,0xe4,0x18,0xe4,0x18,0xe4,0x18,
  0xe4,0x18,0xe4,0x18,0xe4,0x18,0xe4,0x18,0xe4,0x18,0xe4,0x18,0xe4,0x18,0xe4,0x18,
  0xe4,0x18,0xe4,0x18,0xe4,0x18,0xe4,0x18,0xe4,0x18,0xe4,0x18,0xe4,0x18,0xe4,0x18,
  0xe4,0x18,0xe4,0x18,0xe4,0x18,0xe4,0x18,0xe4,0x18,0xe4,0x18,0xe4,0x18,0xe4,0x18,
  0xe4,0x18,0xe4,0x18,0xe4,0x18,0xe4,0x18,0xe4,0x18,0xe4,0x18,0xe4,0x18,0xe4,0x18,
  0xe4,0x18,0xe4,0x18,0xe4,0x18,0xe4,0x18,0xe4,0x18,0xe4,0x18,0xe4,0x18,0xe4,0x18,
  0xe4,0x18,0xe4,0x18,0xe4,0x18,0xe4,0x18,0xe4,0x18,0xe4,0x18,0xe4,0x18,0xe4,0x18,
  0xe4,0x18,0xe4,0x18,0xe4,0x18,0xe4,0x18,0xe4,0x18,0xe4,0x18,0xe4,0x18,0xe4,0x18,
  0xe4,0x18,0xe4,0x18,0xe4,0x18,0xe4,0x18,0xe4,0x18,0xe4,0x18,0xe4,0x18,0xe4,0x18,
  0xe4,0x18,0xe4,0x18,0xe4,0x18,0xe4,0x18,0xe4,0x18,0xe4,0x18,0xe4,0x18,0xe4,0x18,
  0xe4,0x18,0xe4,0x18,0xe4,0x18,0xe4,0x18,0xe4,0x18,0xe4,0x18,0x62,0x08,0xab,0x52,
  0x0c,0x63,0x00,0x00,0x00,0x00,0x00,0x00,0x00,0x00,0x00,0x00,0x61,0x08,0x8e,0x73,
  0xc7,0x31,0x82,0x08,0x04,0x19,0xe4,0x18,0xe4,0x18,0xe4,0x18,0xe4,0x18,0xe4,0x18,
  0xe4,0x18,0xe4,0x18,0xe4,0x18,0xe4,0x18,0xe4,0x18,0xe4,0x18,0xe4,0x18,0xe4,0x18,
  0xe4,0x18,0xe4,0x18,0xe4,0x18,0xe4,0x18,0xe4,0x18,0xe4,0x18,0xe4,0x18,0xe4,0x18,
  0xe4,0x18,0xe4,0x18,0xe4,0x18,0xe4,0x18,0xe4,0x18,0xe4,0x18,0xe4,0x18,0xe4,0x18,
  0xe4,0x18,0xe4,0x18,0xe4,0x18,0xe4,0x18,0xe4,0x18,0xe4,0x18,0xe4,0x18,0xe4,0x18,
  0xe4,0x18,0xe4,0x18,0xe4,0x18,0xe4,0x18,0xe4,0x18,0xe4,0x18,0xe4,0x18,0xe4,0x18,
  0xe4,0x18,0xe4,0x18,0xe4,0x18,0xe4,0x18,0xe4,0x18,0xe4,0x18,0xe4,0x18,0xe4,0x18,
  0xe4,0x18,0xe4,0x18,0xe4,0x18,0xe4,0x18,0xe4,0x18,0xe4,0x18,0xe4,0x18,0xe4,0x18,
  0xe4,0x18,0xe4,0x18,0xe4,0x18,0xe4,0x18,0xe4,0x18,0xe4,0x18,0xe4,0x18,0xe4,0x18,
  0xe4,0x18,0xe4,0x18,0xe4,0x18,0xe4,0x18,0xe4,0x18,0xe4,0x18,0xe4,0x18,0xe4,0x18,
  0xe4,0x18,0xe4,0x18,0xe4,0x18,0xe4,0x18,0xe4,0x18,0xe4,0x18,0xe4,0x18,0xe4,0x18,
  0xe4,0x18,0xe4,0x18,0xe4,0x18,0xe4,0x18,0xe4,0x18,0xe4,0x18,0xe4,0x18,0xe4,0x18,
  0xe4,0x18,0xe4,0x18,0xe4,0x18,0xe4,0x18,0xe4,0x18,0xe4,0x18,0xe4,0x18,0xe4,0x18,
  0xe4,0x18,0xe4,0x18,0xe4,0x18,0xe4,0x18,0xe4,0x18,0xe4,0x18,0xe4,0x18,0xe4,0x18,
  0xe4,0x18,0xe4,0x18,0xe4,0x18,0xe4,0x18,0xe4,0x18,0xe4,0x18,0xe4,0x18,0xe4,0x18,
  0xe4,0x18,0xe4,0x18,0xe4,0x18,0xe4,0x18,0xe4,0x18,0xe4,0x18,0xe4,0x18,0xe4,0x18,
  0xe4,0x18,0xe4,0x18,0xe4,0x18,0xe4,0x18,0xe4,0x18,0xe4,0x18,0xe4,0x18,0xe4,0x18,
  0xe4,0x18,0xe4,0x18,0xe4,0x18,0xe4,0x18,0xe4,0x18,0xe4,0x18,0xe4,0x18,0xe4,0x18,
  0xe4,0x18,0xe4,0x18,0xe4,0x18,0xe4,0x18,0xe4,0x18,0xe4,0x18,0xe4,0x18,0xe4,0x18,
  0xe4,0x18,0xe4,0x18,0xe4,0x18,0xe4,0x18,0xe4,0x18,0xe4,0x18,0xe4,0x18,0xe4,0x18,
  0xe4,0x18,0xe4,0x18,0xe4,0x18,0xe4,0x18,0xa3,0x10,0xcb,0x52,0x0c,0x63,0x00,0x00,
  0x00,0x00,0x00,0x00,0x00,0x00,0x00,0x00,0x00,0x00,0x20,0x00,0xa2,0x10,0x00,0x00,
  0x20,0x00,0x41,0x00,0xe4,0x18,0xe4,0x18,0xe4,0x18,0xe4,0x18,0xe4,0x18,0xe4,0x18,
  0xe4,0x18,0xe4,0x18,0xe4,0x18,0xe4,0x18,0xe4,0x18,0xe4,0x18,0xe4,0x18,0xe4,0x18,
  0xe4,0x18,0xe4,0x18,0xe4,0x18,0xe4,0x18,0xe4,0x18,0xe4,0x18,0xe4,0x18,0xe4,0x18,
  0xe4,0x18,0xe4,0x18,0xe4,0x18,0xe4,0x18,0xe4,0x18,0xe4,0x18,0xe4,0x18,0xe4,0x18,
  0xe4,0x18,0xe4,0x18,0xe4,0x18,0xe4,0x18,0xe4,0x18,0xe4,0x18,0xe4,0x18,0xe4,0x18,
  0xe4,0x18,0xe4,0x18,0xe4,0x18,0xe4,0x18,0xe4,0x18,0xe4,0x18,0xe4,0x18,0xe4,0x18,
  0xe4,0x18,0xe4,0x18,0xe4,0x18,0xe4,0x18,0xe4,0x18,0xe4,0x18,0xe4,0x18,0xe4,0x18,
  0xe4,0x18,0xe4,0x18,0xe4,0x18,0xe4,0x18,0xe4,0x18,0xe4,0x18,0xe4,0x18,0xe4,0x18,
  0xe4,0x18,0xe4,0x18,0xe4,0x18,0xe4,0x18,0xe4,0x18,0xe4,0x18,0xe4,0x18,0xe4,0x18,
  0xe4,0x18,0xe4,0x18,0xe4,0x18,0xe4,0x18,0xe4,0x18,0xe4,0x18,0xe4,0x18,0xe4,0x18,
  0xe4,0x18,0xe4,0x18,0xe4,0x18,0xe4,0x18,0xe4,0x18,0xe4,0x18,0xe4,0x18,0xe4,0x18,
  0xe4,0x18,0xe4,0x18,0xe4,0x18,0xe4,0x18,0xe4,0x18,0xe4,0x18,0xe4,0x18,0xe4,0x18,
  0xe4,0x18,0xe4,0x18,0xe4,0x18,0xe4,0x18,0xe4,0x18,0xe4,0x18,0xe4,0x18,0xe4,0x18,
  0xe4,0x18,0xe4,0x18,0xe4,0x18,0xe4,0x18,0xe4,0x18,0xe4,0x18,0xe4,0x18,0xe4,0x18,
  0xe4,0x18,0xe4,0x18,0xe4,0x18,0xe4,0x18,0xe4,0x18,0xe4,0x18,0xe4,0x18,0xe4,0x18,
  0xe4,0x18,0xe4,0x18,0xe4,0x18,0xe4,0x18,0xe4,0x18,0xe4,0x18,0xe4,0x18,0xe4,0x18,
  0xe4,0x18,0xe4,0x18,0xe4,0x18,0xe4,0x18,0xe4,0x18,0xe4,0x18,0xe4,0x18,0xe4,0x18,
  0xe4,0x18,0xe4,0x18,0xe4,0x18,0xe4,0x18,0xe4,0x18,0xe4,0x18,0xe4,0x18,0xe4,0x18,
  0xe4,0x18,0xe4,0x18,0xe4,0x18,0xe4,0x18,0xe4,0x18,0xe4,0x18,0xe4,0x18,0xe4,0x18,
  0xe4,0x18,0xe4,0x18,0xe4,0x18,0xe4,0x18,0xe4,0x18,0xe4,0x18,0xe4,0x18,0xe4,0x18,
  0xe4,0x18,0xe4,0x18,0xe4,0x18,0xe4,0x18,0xeb,0x5a,0x00,0x00,0x00,0x00,0x00,0x00,
  0x00,0x00,0x00,0x00,0x00,0x00,0x00,0x00,0x00,0x00,0x00,0x00,0x00,0x00,0x00,0x00,
  0x20,0x00,0xe4,0x18,0xe4,0x18,0xe4,0x18,0xe4,0x18,0xe4,0x18,0xe4,0x18,0xe4,0x18,
  0xe4,0x18,0xe4,0x18,0xe4,0x18,0xe4,0x18,0xe4,0x18,0xe4,0x18,0xe4,0x18,0xe4,0x18,
  0xe4,0x18,0xe4,0x18,0xe4,0x18,0xe4,0x18,0xe4,0x18,0xe4,0x18,0xe4,0x18,0xe4,0x18,
  0xe4,0x18,0xe4,0x18,0xe4,0x18,0xe4,0x18,0xe4,0x18,0xe4,0x18,0xe4,0x18,0xe4,0x18,
  0xe4,0x18,0xe4,0x18,0xe4,0x18,0xe4,0x18,0xe4,0x18,0xe4,0x18,0xe4,0x18,0xe4,0x18,
  0xe4,0x18,0xe4,0x18,0xe4,0x18,0xe4,0x18,0xe4,0x18,0xe4,0x18,0xe4,0x18,0xe4,0x18,
  0xe4,0x18,0xe4,0x18,0xe4,0x18,0xe4,0x18,0xe4,0x18,0xe4,0x18,0xe4,0x18,0xe4,0x18,
  0xe4,0x18,0xe4,0x18,0xe4,0x18,0xe4,0x18,0xe4,0x18,0xe4,0x18,0xe4,0x18,0xe4,0x18,
  0xe4,0x18,0xe4,0x18,0xe4,0x18,0xe4,0x18,0xe4,0x18,0xe4,0x18,0xe4,0x18,0xe4,0x18,
  0xe4,0x18,0xe4,0x18,0xe4,0x18,0xe4,0x18,0xe4,0x18,0xe4,0x18,0xe4,0x18,0xe4,0x18,
  0xe4,0x18,0xe4,0x18,0xe4,0x18,0xe4,0x18,0xe4,0x18,0xe4,0x18,0xe4,0x18,0xe4,0x18,
  0xe4,0x18,0xe4,0x18,0xe4,0x18,0xe4,0x18,0xe4,0x18,0xe4,0x18,0xe4,0x18,0xe4,0x18,
  0xe4,0x18,0xe4,0x18,0xe4,0x18,0xe4,0x18,0xe4,0x18,0xe4,0x18,0xe4,0x18,0xe4,0x18,
  0xe4,0x18,0xe4,0x18,0xe4,0x18,0xe4,0x18,0xe4,0x18,0xe4,0x18,0xe4,0x18,0xe4,0x18,
  0xe4,0x18,0xe4,0x18,0xe4,0x18,0xe4,0x18,0xe4,0x18,0xe4,0x18,0xe4,0x18,0xe4,0x18,
  0xe4,0x18,0xe4,0x18,0xe4,0x18,0xe4,0x18,0xe4,0x18,0xe4,0x18,0xe4,0x18,0xe4,0x18,
  0xe4,0x18,0xe4,0x18,0xe4,0x18,0xe4,0x18,0xe4,0x18,0xe4,0x18,0xe4,0x18,0xe4,0x18,
  0xe4,0x18,0xe4,0x18,0xe4,0x18,0xe4,0x18,0xe4,0x18,0xe4,0x18,0xe4,0x18,0xe4,0x18,
  0xe4,0x18,0xe4,0x18,0xe4,0x18,0xe4,0x18,0xe4,0x18,0xe4,0x18,0xe4,0x18,0xe4,0x18,
  0xe4,0x18,0xe4,0x18,0xe4,0x18,0xe4,0x18,0xe4,0x18,0xe4,0x18,0xe4,0x18,0xe4,0x18,
  0xe4,0x18,0xe4,0x18,0xe4,0x18,0x00,0x00,0x00,0x00,0x00,0x00,0x00,0x00,0x00,0x00,
  0x00,0x00,0x00,0x00,0x00,0x00,0x00,0x00,0x00,0x00,0x00,0x00,0x00,0x00,0x20,0x00,
  0xe4,0x18,0xe4,0x18,0xe4,0x18,0xe4,0x18,0xe4,0x18,0xe4,0x18,0xe4,0x18,0xe4,0x18,
  0xe4,0x18,0xe4,0x18,0xe4,0x18,0xe4,0x18,0xe4,0x18,0xe4,0x18,0xe4,0x18,0xe4,0x18,
  0xe4,0x18,0xe4,0x18,0xe4,0x18,0xe4,0x18,0xe4,0x18,0xe4,0x18,0xe4,0x18,0xe4,0x18,
  0xe4,0x18,0xe4,0x18,0xe4,0x18,0xe4,0x18,0xe4,0x18,0xe4,0x18,0xe4,0x18,0xe4,0x18,
  0xe4,0x18,0xe4,0x18,0xe4,0x18,0xe4,0x18,0xe4,0x18,0xe4,0x18,0xe4,0x18,0xe4,0x18,
  0xe4,0x18,0xe4,0x18,0xe4,0x18,0xe4,0x18,0xe4,0x18,0xe4,0x18,0xe4,0x18,0xe4,0x18,
  0xe4,0x18,0xe4,0x18,0xe4,0x18,0xe4,0x18,0xe4,0x18,0xe4,0x18,0xe4,0x18,0xe4,0x18,
  0xe4,0x18,0xe4,0x18,0xe4,0x18,0xe4,0x18,0xe4,0x18,0xe4,0x18,0xe4,0x18,0xe4,0x18,
  0xe4,0x18,0xe4,0x18,0xe4,0x18,0xe4,0x18,0xe4,0x18,0xe4,0x18,0xe4,0x18,0xe4,0x18,
  0xe4,0x18,0xe4,0x18,0xe4,0x18,0xe4,0x18,0xe4,0x18,0xe4,0x18,0xe4,0x18,0xe4,0x18,
  0xe4,0x18,0xe4,0x18,0xe4,0x18,0xe4,0x18,0xe4,0x18,0xe4,0x18,0xe4,0x18,0xe4,0x18,
  0xe4,0x18,0xe4,0x18,0xe4,0x18,0xe4,0x18,0xe4,0x18,0xe4,0x18,0xe4,0x18,0xe4,0x18,
  0xe4,0x18,0xe4,0x18,0xe4,0x18,0xe4,0x18,0xe4,0x18,0xe4,0x18,0xe4,0x18,0xe4,0x18,
  0xe4,0x18,0xe4,0x18,0xe4,0x18,0xe4,0x18,0xe4,0x18,0xe4,0x18,0xe4,0x18,0xe4,0x18,
  0xe4,0x18,0xe4,0x18,0xe4,0x18,0xe4,0x18,0xe4,0x18,0xe4,0x18,0xe4,0x18,0xe4,0x18,
  0xe4,0x18,0xe4,0x18,0xe4,0x18,0xe4,0x18,0xe4,0x18,0xe4,0x18,0xe4,0x18,0xe4,0x18,
  0xe4,0x18,0xe4,0x18,0xe4,0x18,0xe4,0x18,0xe4,0x18,0xe4,0x18,0xe4,0x18,0xe4,0x18,
  0xe4,0x18,0xe4,0x18,0xe4,0x18,0xe4,0x18,0xe4,0x18,0xe4,0x18,0xe4,0x18,0xe4,0x18,
  0xe4,0x18,0xe4,0x18,0xe4,0x18,0xe4,0x18,0xe4,0x18,0xe4,0x18,0xe4,0x18,0xe4,0x18,
  0xe4,0x18,0xe4,0x18,0xe4,0x18,0xe4,0x18,0xe4,0x18,0xe4,0x18,0xe4,0x18,0xe4,0x18,
  0xe4,0x18,0xe4,0x18,0xa6,0x31,0x00,0x00,0x00,0x00,0x00,0x00,0x00,0x00,0x00,0x00,
  0x00,0x00,0x00,0x00,0x00,0x00,0x00,0x00,0x00,0x00,0x00,0x00,0x20,0x00,0xe4,0x18,
  0xe4,0x18,0xe4,0x18,0xe4,0x18,0xe4,0x18,0xe4,0x18,0xe4,0x18,0xe4,0x18,0xe4,0x18,
  0xe4,0x18,0xe4,0x18,0xe4,0x18,0xe4,0x18,0xe4,0x18,0xe4,0x18,0xe4,0x18,0xe4,0x18,
  0xe4,0x18,0xe4,0x18,0xe4,0x18,0xe4,0x18,0xe4,0x18,0xe4,0x18,0xe4,0x18,0xe4,0x18,
  0xe4,0x18,0xe4,0x18,0xe4,0x18,0xe4,0x18,0xe4,0x18,0xe4,0x18,0xe4,0x18,0xe4,0x18,
  0xe4,0x18,0xe4,0x18,0xe4,0x18,0xe4,0x18,0xe4,0x18,0xe4,0x18,0xe4,0x18,0xe4,0x18,
  0xe4,0x18,0xe4,0x18,0xe4,0x18,0xe4,0x18,0xe4,0x18,0xe4,0x18,0xe4,0x18,0xe4,0x18,
  0xe4,0x18,0xe4,0x18,0xe4,0x18,0xe4,0x18,0xe4,0x18,0xe4,0x18,0xe4,0x18,0xe4,0x18,
  0xe4,0x18,0xe4,0x18,0xe4,0x18,0xe4,0x18,0xe4,0x18,0xe4,0x18,0xe4,0x18,0xe4,0x18,
  0xe4,0x18,0xe4,0x18,0xe4,0x18,0xe4,0x18,0xe4,0x18,0xe4,0x18,0xe4,0x18,0xe4,0x18,
  0xe4,0x18,0xe4,0x18,0xe4,0x18,0xe4,0x18,0xe4,0x18,0xe4,0x18,0xe4,0x18,0xe4,0x18,
  0xe4,0x18,0xe4,0x18,0xe4,0x18,0xe4,0x18,0xe4,0x18,0xe4,0x18,0xe4,0x18,0xe4,0x18,
  0xe4,0x18,0xe4,0x18,0xe4,0x18,0xe4,0x18,0xe4,0x18,0xe4,0x18,0xe4,0x18,0xe4,0x18,
  0xe4,0x18,0xe4,0x18,0xe4,0x18,0xe4,0x18,0xe4,0x18,0xe4,0x18,0xe4,0x18,0xe4,0x18,
  0xe4,0x18,0xe4,0x18,0xe4,0x18,0xe4,0x18,0xe4,0x18,0xe4,0x18,0xe4,0x18,0xe4,0x18,
  0xe4,0x18,0xe4,0x18,0xe4,0x18,0xe4,0x18,0xe4,0x18,0xe4,0x18,0xe4,0x18,0xe4,0x18,
  0xe4,0x18,0xe4,0x18,0xe4,0x18,0xe4,0x18,0xe4,0x18,0xe4,0x18,0xe4,0x18,0xe4,0x18,
  0xe4,0x18,0xe4,0x18,0xe4,0x18,0xe4,0x18,0xe4,0x18,0xe4,0x18,0xe4,0x18,0xe4,0x18,
  0xe4,0x18,0xe4,0x18,0xe4,0x18,0xe4,0x18,0xe4,0x18,0xe4,0x18,0xe4,0x18,0xe4,0x18,
  0xe4,0x18,0xe4,0x18,0xe4,0x18,0xe4,0x18,0xe4,0x18,0xe4,0x18,0xe4,0x18,0xe4,0x18,
  0xe4,0x18,0xe4,0x18,0xe4,0x18,0xe4,0x18,0xe4,0x18,0xe4,0x18,0xe4,0x18,0xe4,0x18,
  0xa3,0x10,0x6e,0x6b,0x49,0x4a,0x00,0x00,0x00,0x00,0x00,0x00,0x00,0x00,0x00,0x00,
  0x00,0x00,0x00,0x00,0x00,0x00,0x00,0x00,0x00,0x00,0x20,0x00,0xe4,0x18,0xe4,0x18,
  0xe4,0x18,0xe4,0x18,0xe4,0x18,0xe4,0x18,0xe4,0x18,0xe4,0x18,0xe4,0x18,0xe4,0x18,
  0xe4,0x18,0xe4,0x18,0xe4,0x18,0xe4,0x18,0xe4,0x18,0xe4,0x18,0xe4,0x18,0xe4,0x18,
  0xe4,0x18,0xe4,0x18,0xe4,0x18,0xe4,0x18,0xe4,0x18,0xe4,0x18,0xe4,0x18,0xe4,0x18,
  0xe4,0x18,0xe4,0x18,0xe4,0x18,0xe4,0x18,0xe4,0x18,0xe4,0x18,0xe4,0x18,0xe4,0x18,
  0xe4,0x18,0xe4,0x18,0xe4,0x18,0xe4,0x18,0xe4,0x18,0xe4,0x18,0xe4,0x18,0xe4,0x18,
  0xe4,0x18,0xe4,0x18,0xe4,0x18,0xe4,0x18,0xe4,0x18,0xe4,0x18,0xe4,0x18,0xe4,0x18,
  0xe4,0x18,0xe4,0x18,0xe4,0x18,0xe4,0x18,0xe4,0x18,0xe4,0x18,0xe4,0x18,0xe4,0x18,
  0xe4,0x18,0xe4,0x18,0xe4,0x18,0xe4,0x18,0xe4,0x18,0xe4,0x18,0xe4,0x18,0xe4,0x18,
  0xe4,0x18,0xe4,0x18,0xe4,0x18,0xe4,0x18,0xe4,0x18,0xe4,0x18,0xe4,0x18,0xe4,0x18,
  0xe4,0x18,0xe4,0x18,0xe4,0x18,0xe4,0x18,0xe4,0x18,0xe4,0x18,0xe4,0x18,0xe4,0x18,
  0xe4,0x18,0xe4,0x18,0xe4,0x18,0xe4,0x18,0xe4,0x18,0xe4,0x18,0xe4,0x18,0xe4,0x18,
  0xe4,0x18,0xe4,0x18,0xe4,0x18,0xe4,0x18,0xe4,0x18,0xe4,0x18,0xe4,0x18,0xe4,0x18,
  0xe4,0x18,0xe4,0x18,0xe4,0x18,0xe4,0x18,0xe4,0x18,0xe4,0x18,0xe4,0x18,0xe4,0x18,
  0xe4,0x18,0xe4,0x18,0xe4,0x18,0xe4,0x18,0xe4,0x18,0xe4,0x18,0xc3,0x10,0xc3,0x10,
  0xc3,0x10,0xc3,0x10,0xc4,0x10,0xe4,0x18,0xe4,0x18,0xe4,0x18,0xe4,0x18,0xe4,0x18,
  0xe4,0x18,0xe4,0x18,0xe4,0x18,0xe4,0x18,0xe4,0x18,0xe4,0x18,0xe4,0x18,0xe4,0x18,
  0xe4,0x18,0xe4,0x18,0xe4,0x18,0xe4,0x18,0xe4,0x18,0xe4,0x18,0xe4,0x18,0xe4,0x18,
  0xe4,0x18,0xe4,0x18,0xe4,0x18,0xe4,0x18,0xe4,0x18,0xe4,0x18,0xe4,0x18,0xe4,0x18,
  0xe4,0x18,0xe4,0x18,0xe4,0x18,0xe4,0x18,0xe4,0x18,0xe4,0x18,0xe4,0x18,0xe4,0x18,
  0xe4,0x18,0xe4,0x18,0xe4,0x18,0xe4,0x18,0xe4,0x18,0xe4,0x18,0xe4,0x18,0xc4,0x10,
  0xe4,0x18,0xc8,0x39,0xc3,0x10,0xa3,0x10,0xa3,0x10,0xa3,0x10,0xa3,0x10,0xa3,0x10,
  0xa3,0x10,0xa3,0x10,0xa3,0x10,0xa3,0x10,0xc3,0x10,0xe4,0x18,0xe4,0x18,0xe4,0x18,
  0xe4,0x18,0xe4,0x18,0xe4,0x18,0xe4,0x18,0xe4,0x18,0xe4,0x18,0xe4,0x18,0xe4,0x18,
  0xe4,0x18,0xe4,0x18,0xe4,0x18,0xe4,0x18,0xe4,0x18,0xe4,0x18,0xe4,0x18,0xe4,0x18,
  0xe4,0x18,0xe4,0x18,0xe4,0x18,0xe4,0x18,0xe4,0x18,0xe4,0x18,0xe4,0x18,0xe4,0x18,
  0xe4,0x18,0xe4,0x18,0xe4,0x18,0xe4,0x18,0xe4,0x18,0xe4,0x18,0xe4,0x18,0xe4,0x18,
  0xe4,0x18,0xe4,0x18,0xe4,0x18,0xe4,0x18,0xe4,0x18,0xe4,0x18,0xe4,0x18,0xe4,0x18,
  0xe4,0x18,0xe4,0x18,0xe4,0x18,0xe4,0x18,0xe4,0x18,0xe4,0x18,0xe4,0x18,0xe4,0x18,
  0xe4,0x18,0xe4,0x18,0xe4,0x18,0xe4,0x18,0xe4,0x18,0xe4,0x18,0xe4,0x18,0xe4,0x18,
  0xe4,0x18,0xe4,0x18,0xe4,0x18,0xe4,0x18,0xe4,0x18,0xe4,0x18,0xe4,0x18,0xe4,0x18,
  0xe4,0x18,0xe4,0x18,0xe4,0x18,0xe4,0x18,0xe4,0x18,0xe4,0x18,0xe4,0x18,0xe4,0x18,
  0xe4,0x18,0xe4,0x18,0xe4,0x18,0xe4,0x18,0xe4,0x18,0xe4,0x18,0xe4,0x18,0xe4,0x18,
  0xe4,0x18,0xe4,0x18,0xe4,0x18,0xe4,0x18,0xe4,0x18,0xe4,0x18,0xe4,0x18,0xe4,0x18,
  0xe4,0x18,0xe4,0x18,0xe4,0x18,0xe4,0x18,0xe4,0x18,0xe4,0x18,0xe4,0x18,0xe4,0x18,
  0xe4,0x18,0xe4,0x18,0xe4,0x18,0xe4,0x18,0xe4,0x18,0xe4,0x18,0xe4,0x18,0xe4,0x18,
  0x62,0x08,0x82,0x08,0xa3,0x10,0xc4,0x10,0xe4,0x18,0x45,0x21,0x66,0x29,0x46,0x21,
  0x66,0x29,0xe4,0x18,0xe4,0x10,0xc3,0x10,0x83,0x08,0x62,0x08,0xc3,0x10,0xe4,0x18,
  0xe4,0x18,0xe4,0x18,0xe4,0x18,0xe4,0x18,0xe4,0x18,0xe4,0x18,0xe4,0x18,0xe4,0x18,
  0xe4,0x18,0xe4,0x18,0xe4,0x18,0xe4,0x18,0xe4,0x18,0xe4,0x18,0xe4,0x18,0xe4,0x18,
  0xe4,0x18,0xe4,0x18,0xe4,0x18,0xe4,0x18,0xe4,0x18,0xe4,0x18,0xe4,0x18,0xe4,0x18,
  0xe4,0x18,0xe4,0x18,0xe4,0x18,0xe4,0x18,0xe4,0x18,0xe4,0x18,0xe4,0x18,0xe4,0x18,
  0xe4,0x18,0xe4,0x18,0xe4,0x18,0xe4,0x18,0xe4,0x18,0xe4,0x18,0xe4,0x18,0xe4,0x18,
  0xa3,0x10,0xe4,0x18,0xe4,0x18,0xe4,0x18,0xe4,0x18,0xe4,0x18,0xe4,0x18,0xe4,0x18,
  0xe4,0x18,0xe4,0x18,0xe4,0x18,0xe4,0x18,0xe4,0x18,0xe4,0x18,0xe4,0x18,0xe4,0x18,
  0xe4,0x18,0xe4,0x18,0xe4,0x18,0xe4,0x18,0xe4,0x18,0xe4,0x18,0xe4,0x18,0xe4,0x18,
  0xe4,0x18,0xe4,0x18,0xe4,0x18,0xe4,0x18,0xe4,0x18,0xe4,0x18,0xe4,0x18,0xe4,0x18,
  0xe4,0x18,0xe4,0x18,0xe4,0x18,0xe4,0x18,0xe4,0x18,0xe4,0x18,0xe4,0x18,0xe4,0x18,
  0xe4,0x18,0xe4,0x18,0xe4,0x18,0xe4,0x18,0xe4,0x18,0xe4,0x18,0xe4,0x18,0xe4,0x18,
  0xe4,0x18,0xe4,0x18,0xe4,0x18,0xe4,0x18,0xe4,0x18,0xe4,0x18,0xe4,0x18,0xe4,0x18,
  0xe4,0x18,0xe4,0x18,0xe4,0x18,0xe4,0x18,0xe4,0x18,0xe4,0x18,0xe4,0x18,0xe4,0x18,
  0xe4,0x18,0xe4,0x18,0xe4,0x18,0xe4,0x18,0xe4,0x18,0xe4,0x18,0xe4,0x18,0xe4,0x18,
  0xe4,0x18,0xe4,0x18,0xe4,0x18,0xe4,0x18,0xe4,0x18,0xe4,0x18,0xe4,0x18,0xe4,0x18,
  0xe4,0x18,0xe4,0x18,0xe4,0x18,0xe4,0x18,0xe4,0x18,0xe4,0x18,0xe4,0x18,0xe4,0x18,
  0xe4,0x18,0xe4,0x18,0xe4,0x18,0xe4,0x18,0xe4,0x18,0xe4,0x18,0xe4,0x18,0xe4,0x18,
  0xe4,0x18,0xe4,0x18,0xe4,0x18,0xe4,0x18,0xe4,0x18,0xe4,0x18,0xe4,0x18,0xe4,0x18,
  0xe4,0x18,0xe4,0x18,0xe4,0x18,0xe4,0x18,0xe4,0x18,0xe4,0x18,0xe4,0x18,0xe4,0x18,
  0xe4,0x18,0xe4,0x18,0xc4,0x10,0xa3,0x10,0xc3,0x10,0xa3,0x08,0xa3,0x10,0xab,0x52,
  0x8a,0x4a,0xa7,0x31,0x25,0x21,0x62,0x08,0x4d,0x6b,0x51,0x8c,0x10,0x84,0x51,0x8c,
  0x04,0x19,0xc3,0x10,0x66,0x29,0x08,0x42,0x0c,0x5b,0x25,0x21,0x83,0x08,0xa3,0x10,
  0xc3,0x10,0xc3,0x10,0xe4,0x18,0xe4,0x18,0xe4,0x18,0xe4,0x18,0xe4,0x18,0xe4,0x18,
  0xe4,0x18,0xe4,0x18,0xe4,0x18,0xe4,0x18,0xe4,0x18,0xe4,0x18,0xe4,0x18,0xe4,0x18,
  0xe4,0x18,0xe4,0x18,0xe4,0x18,0xe4,0x18,0xe4,0x18,0xe4,0x18,0xe4,0x18,0xe4,0x18,
  0xe4,0x18,0xe4,0x18,0xe4,0x18,0xe4,0x18,0xe4,0x18,0xe4,0x18,0xe4,0x18,0xe4,0x18,
  0xe4,0x18,0xe4,0x18,0xe4,0x18,0xe4,0x18,0xe4,0x18,0xe4,0x18,0xe4,0x18,0xe4,0x18,
  0xe4,0x18,0xe4,0x18,0xe4,0x18,0xe4,0x18,0xe4,0x18,0xe4,0x18,0xe4,0x18,0xe4,0x18,
  0xe4,0x18,0xe4,0x18,0xe4,0x18,0xe4,0x18,0xe4,0x18,0xe4,0x18,0xe4,0x18,0xe4,0x18,
  0xe4,0x18,0xe4,0x18,0xe4,0x18,0xe4,0x18,0xe4,0x18,0xe4,0x18,0xe4,0x18,0xe4,0x18,
  0xe4,0x18,0xe4,0x18,0xe4,0x18,0xe4,0x18,0xe4,0x18,0xe4,0x18,0xe4,0x18,0xe4,0x18,
  0xe4,0x18,0xe4,0x18,0xe4,0x18,0xe4,0x18,0xe4,0x18,0xe4,0x18,0xe4,0x18,0xe4,0x18,
  0xe4,0x18,0xe4,0x18,0xe4,0x18,0xe4,0x18,0xe4,0x18,0xe4,0x18,0xe4,0x18,0xe4,0x18,
  0xe4,0x18,0xe4,0x18,0xe4,0x18,0xe4,0x18,0xe4,0x18,0xe4,0x18,0xe4,0x18,0xe4,0x18,
  0xe4,0x18,0xe4,0x18,0xe4,0x18,0xe4,0x18,0xe4,0x18,0xe4,0x18,0xe4,0x18,0xe4,0x18,
  0xe4,0x18,0xe4,0x18,0xe4,0x18,0xe4,0x18,0xe4,0x18,0xe4,0x18,0xe4,0x18,0xe4,0x18,
  0xe4,0x18,0xe4,0x18,0xe4,0x18,0xe4,0x18,0xe4,0x18,0xe4,0x18,0xe4,0x18,0xe4,0x18,
  0xe4,0x18,0xe4,0x18,0xe4,0x18,0xe4,0x18,0xe4,0x18,0xe4,0x18,0xe4,0x18,0xe4,0x18,
  0xe4,0x18,0xe4,0x18,0xe4,0x18,0xe4,0x18,0xe4,0x18,0xe4,0x18,0xe4,0x18,0xe4,0x18,
  0xe4,0x18,0xe4,0x18,0xe4,0x18,0xe4,0x18,0xe4,0x18,0xe4,0x18,0xe4,0x18,0xe4,0x18,
  0xe4,0x18,0xe4,0x18,0xe4,0x18,0xe4,0x18,0xe4,0x18,0xe4,0x18,0xe4,0x18,0xe4,0x18,
  0xa3,0x10,0xe4,0x18,0x66,0x29,0x29,0x42,0xf0,0x7b,0x65,0x29,0x28,0x42,0x08,0x42,
  0x04,0x21,0x61,0x10,0x00,0x00,0x00,0x00,0x00,0x00,0x00,0x00,0x00,0x00,0x00,0x00,
  0x21,0x00,0xc3,0x18,0x86,0x31,0x8a,0x52,0x44,0x21,0x0c,0x5b,0x4d,0x63,0x25,0x21,
  0x66,0x29,0x82,0x08,0xe4,0x18,0xe4,0x18,0xe4,0x18,0xe4,0x18,0xe4,0x18,0xe4,0x18,
  0xe4,0x18,0xe4,0x18,0xe4,0x18,0xe4,0x18,0xe4,0x18,0xe4,0x18,0xe4,0x18,0xe4,0x18,
  0xe4,0x18,0xe4,0x18,0xe4,0x18,0xe4,0x18,0xe4,0x18,0xe4,0x18,0xe4,0x18,0xe4,0x18,
  0xe4,0x18,0xe4,0x18,0xe4,0x18,0xe4,0x18,0xe4,0x18,0xe4,0x18,0xe4,0x18,0xe4,0x18,
  0xe4,0x18,0xe4,0x18,0xe4,0x18,0xe4,0x18,0xe4,0x18,0xe4,0x18,0xe4,0x18,0xe4,0x18,
  0xe4,0x18,0xe4,0x18,0xe4,0x18,0xe4,0x18,0xe4,0x18,0xe4,0x18,0xe4,0x18,0xe4,0x18,
  0xe4,0x18,0xe4,0x18,0xe4,0x18,0xe4,0x18,0xe4,0x18,0xe4,0x18,0xe4,0x18,0xe4,0x18,
  0xe4,0x18,0xe4,0x18,0xe4,0x18,0xe4,0x18,0xe4,0x18,0xe4,0x18,0xe4,0x18,0xe4,0x18,
  0xe4,0x18,0xe4,0x18,0xe4,0x18,0xe4,0x18,0xe4,0x18,0xe4,0x18,0xe4,0x18,0xe4,0x18,
  0xe4,0x18,0xe4,0x18,0xe4,0x18,0xe4,0x18,0xe4,0x18,0xe4,0x18,0xe4,0x18,0xe4,0x18,
  0xe4,0x18,0xe4,0x18,0xe4,0x18,0xe4,0x18,0xe4,0x18,0xe4,0x18,0xe4,0x18,0xe4,0x18,
  0xe4,0x18,0xe4,0x18,0xe4,0x18,0xe4,0x18,0xe4,0x18,0xe4,0x18,0xe4,0x18,0xe4,0x18,
  0xe4,0x18,0xe4,0x18,0xe4,0x18,0xe4,0x18,0xe4,0x18,0xe4,0x18,0xe4,0x18,0xe4,0x18,
  0xe4,0x18,0xe4,0x18,0xe4,0x18,0xe4,0x18,0xe4,0x18,0xe4,0x18,0xe4,0x18,0xe4,0x18,
  0xe4,0x18,0xe4,0x18,0xe4,0x18,0xe4,0x18,0xe4,0x18,0xe4,0x18,0xe4,0x18,0xe4,0x18,
  0xe4,0x18,0xe4,0x18,0xe4,0x18,0xe4,0x18,0xe4,0x18,0xe4,0x18,0xe4,0x18,0xe4,0x18,
  0xe4,0x18,0xe4,0x18,0xe4,0x18,0xe4,0x18,0xe4,0x18,0xe4,0x18,0xe4,0x18,0xe4,0x18,
  0xe4,0x18,0xe4,0x18,0xe4,0x18,0xe4,0x18,0xe4,0x18,0xe4,0x18,0xe4,0x18,0xe4,0x18,
  0xe4,0x18,0xe4,0x18,0xe4,0x18,0xe4,0x18,0xe4,0x18,0xc4,0x10,0xa3,0x10,0xa7,0x31,
  0x6a,0x4a,0x4d,0x6b,0xc3,0x18,0x61,0x08,0x20,0x00,0x00,0x00,0x00,0x00,0x00,0x00,
  0x00,0x00,0x00,0x00,0x00,0x00,0x00,0x00,0x00,0x00,0x00,0x00,0x00,0x00,0x00,0x00,
  0x00,0x00,0x00,0x00,0x00,0x00,0x00,0x00,0x61,0x08,0x82,0x10,0x69,0x4a,0xeb,0x5a,
  0xe8,0x39,0xe4,0x18,0xc3,0x10,0x83,0x08,0xe4,0x18,0xe4,0x18,0xe4,0x18,0xe4,0x18,
  0xe4,0x18,0xe4,0x18,0xe4,0x18,0xe4,0x18,0xe4,0x18,0xe4,0x18,0xe4,0x18,0xe4,0x18,
  0xe4,0x18,0xe4,0x18,0xe4,0x18,0xe4,0x18,0xe4,0x18,0xe4,0x18,0xe4,0x18,0xe4,0x18,
  0xe4,0x18,0xe4,0x18,0xe4,0x18,0xe4,0x18,0xe4,0x18,0xe4,0x18,0xe4,0x18,0xe4,0x18,
  0xe4,0x18,0xe4,0x18,0xe4,0x18,0xa3,0x10,0xc4,0x10,0xe4,0x18,0xe4,0x18,0xe4,0x18,
  0xe4,0x18,0xe4,0x18,0xe4,0x18,0xe4,0x18,0xe4,0x18,0xe4,0x18,0xe4,0x18,0xe4,0x18,
  0xe4,0x18,0xe4,0x18,0xe4,0x18,0xe4,0x18,0xe4,0x18,0xe4,0x18,0xe4,0x18,0xe4,0x18,
  0xe4,0x18,0xe4,0x18,0xe4,0x18,0xe4,0x18,0xe4,0x18,0xe4,0x18,0xe4,0x18,0xe4,0x18,
  0xe4,0x18,0xe4,0x18,0xe4,0x18,0xe4,0x18,0xe4,0x18,0xe4,0x18,0xe4,0x18,0xe4,0x18,
  0xe4,0x18,0xe4,0x18,0xe4,0x18,0xe4,0x18,0xe4,0x18,0xe4,0x18,0xe4,0x18,0xe4,0x18,
  0xe4,0x18,0xe4,0x18,0xe4,0x18,0xe4,0x18,0xe4,0x18,0xe4,0x18,0xe4,0x18,0xe4,0x18,
  0xe4,0x18,0xe4,0x18,0xe4,0x18,0xe4,0x18,0xe4,0x18,0xe4,0x18,0xe4,0x18,0xe4,0x18,
  0xe4,0x18,0xe4,0x18,0xe4,0x18,0xe4,0x18,0xe4,0x18,0xe4,0x18,0xe4,0x18,0xe4,0x18,
  0xe4,0x18,0xe4,0x18,0xe4,0x18,0xe4,0x18,0xe4,0x18,0xe4,0x18,0xe4,0x18,0xe4,0x18,
  0xe4,0x18,0xe4,0x18,0xe4,0x18,0xe4,0x18,0xe4,0x18,0xe4,0x18,0xe4,0x18,0xe4,0x18,
  0xe4,0x18,0xe4,0x18,0xe4,0x18,0xe4,0x18,0xe4,0x18,0xe4,0x18,0xe4,0x18,0xe4,0x18,
  0xe4,0x18,0xe4,0x18,0xe4,0x18,0xe4,0x18,0xe4,0x18,0xe4,0x18,0xe4,0x18,0xe4,0x18,
  0xe4,0x18,0xe4,0x18,0xe4,0x18,0xe4,0x18,0xe4,0x18,0xe4,0x18,0xe4,0x18,0xe4,0x18,
  0xe4,0x18,0xe4,0x18,0xc3,0x10,0xc4,0x10,0x45,0x21,0xc7,0x31,0x45,0x29,0x82,0x10,
  0x00,0x00,0x00,0x00,0x00,0x00,0x00,0x00,0x00,0x00,0x00,0x00,0x00,0x00,0x00,0x00,
  0x00,0x00,0x00,0x00,0x00,0x00,0x00,0x00,0x00,0x00,0x00,0x00,0x00,0x00,0x00,0x00,
  0x20,0x00,0x20,0x00,0x00,0x00,0x00,0x00,0x00,0x00,0x00,0x00,0x00,0x00,0x24,0x21,
  0xe7,0x39,0xaf,0x73,0xc7,0x31,0xc4,0x10,0xc4,0x10,0xe4,0x18,0xe4,0x18,0xe4,0x18,
  0xe4,0x18,0xe4,0x18,0xe4,0x18,0xe4,0x18,0xe4,0x18,0xe4,0x18,0xe4,0x18,0xe4,0x18,
  0xe4,0x18,0xe4,0x18,0xe4,0x18,0xe4,0x18,0xe4,0x18,0xe4,0x18,0xa3,0x10,0x21,0x00,
  0x41,0x00,0x20,0x00,0x20,0x00,0x20,0x00,0x20,0x00,0x21,0x00,0x21,0x00,0x21,0x00,
  0x21,0x00,0xe7,0x39,0xae,0x73,0xe4,0x18,0xe4,0x18,0xe4,0x18,0xe4,0x18,0xe4,0x18,
  0xe4,0x18,0xe4,0x18,0xe4,0x18,0xe4,0x18,0xe4,0x18,0xe4,0x18,0xe4,0x18,0xe4,0x18,
  0xe4,0x18,0xe4,0x18,0xe4,0x18,0xe4,0x18,0xe4,0x18,0xe4,0x18,0xe4,0x18,0xe4,0x18,
  0xe4,0x18,0xe4,0x18,0xe4,0x18,0xe4,0x18,0xe4,0x18,0xe4,0x18,0xe4,0x18,0xe4,0x18,
  0xe4,0x18,0xe4,0x18,0xe4,0x18,0xe4,0x18,0xe4,0x18,0xe4,0x18,0xe4,0x18,0xe4,0x18,
  0xe4,0x18,0xe4,0x18,0xe4,0x18,0xe4,0x18,0xe4,0x18,0xe4,0x18,0xe4,0x18,0xe4,0x18,
  0xe4,0x18,0xe4,0x18,0xe4,0x18,0xe4,0x18,0xe4,0x18,0xe4,0x18,0xe4,0x18,0xe4,0x18,
  0xe4,0x18,0xe4,0x18,0xe4,0x18,0xe4,0x18,0xe4,0x18,0xe4,0x18,0xe4,0x18,0xe4,0x18,
  0xe4,0x18,0xe4,0x18,0xe4,0x18,0xe4,0x18,0xe4,0x18,0xe4,0x18,0xe4,0x18,0xe4,0x18,
  0xe4,0x18,0xe4,0x18,0xe4,0x18,0xe4,0x18,0xe4,0x18,0xe4,0x18,0xe4,0x18,0xe4,0x18,
  0xe4,0x18,0xe4,0x18,0xe4,0x18,0xe4,0x18,0xe4,0x18,0xe4,0x18,0xe4,0x18,0xe4,0x18,
  0xe4,0x18,0xe4,0x18,0xe4,0x18,0xe4,0x18,0xe4,0x18,0xe4,0x18,0xe4,0x18,0xe4,0x18,
  0xe4,0x18,0xe4,0x18,0xe4,0x18,0xe4,0x18,0xe4,0x18,0xe4,0x18,0xe4,0x18,0xe4,0x18,
  0xe4,0x18,0xe4,0x18,0xe4,0x18,0xe4,0x18,0xe4,0x18,0xe4,0x18,0xe4,0x18,0xc4,0x10,
  0xc3,0x10,0x66,0x29,0xa7,0x31,0x24,0x21,0x20,0x00,0x00,0x00,0x00,0x00,0x20,0x00,
  0x00,0x00,0x00,0x00,0x00,0x00,0x00,0x00,0x00,0x00,0x00,0x00,0x00,0x00,0x00,0x00,
  0x00,0x00,0x00,0x00,0x00,0x00,0x00,0x00,0x00,0x00,0x00,0x00,0x00,0x00,0x00,0x00,
  0x00,0x00,0x00,0x00,0x00,0x00,0x00,0x00,0x00,0x00,0x00,0x00,0x00,0x00,0x00,0x00,
  0x82,0x10,0x4c,0x6b,0x08,0x3a,0xc4,0x10,0x83,0x08,0xc4,0x10,0xe4,0x18,0xe4,0x18,
  0xe4,0x18,0xe4,0x18,0xe4,0x18,0xe4,0x18,0xe4,0x18,0xe4,0x18,0xe4,0x18,0xe4,0x18,
  0xe4,0x18,0xe4,0x18,0xe4,0x18,0xe4,0x18,0xe4,0x18,0x82,0x10,0x00,0x00,0x00,0x00,
  0x00,0x00,0x00,0x00,0x00,0x00,0x00,0x00,0x00,0x00,0x00,0x00,0x00,0x00,0x00,0x00,
  0x00,0x00,0xaa,0x52,0x08,0x3a,0x83,0x08,0xe4,0x18,0xe4,0x18,0xe4,0x18,0xe4,0x18,
  0xe4,0x18,0xe4,0x18,0xe4,0x18,0xe4,0x18,0xe4,0x18,0xe4,0x18,0xe4,0x18,0xe4,0x18,
  0xe4,0x18,0xe4,0x18,0xe4,0x18,0xe4,0x18,0xe4,0x18,0xe4,0x18,0xe4,0x18,0xe4,0x18,
  0xe4,0x18,0xe4,0x18,0xe4,0x18,0xe4,0x18,0xe4,0x18,0xe4,0x18,0xe4,0x18,0xe4,0x18,
  0xe4,0x18,0xe4,0x18,0xe4,0x18,0xe4,0x18,0xe4,0x18,0xe4,0x18,0xe4,0x18,0xe4,0x18,
  0xe4,0x18,0xe4,0x18,0xe4,0x18,0xe4,0x18,0xe4,0x18,0xe4,0x18,0xe4,0x18,0xe4,0x18,
  0xe4,0x18,0xe4,0x18,0xe4,0x18,0xe4,0x18,0xe4,0x18,0xe4,0x18,0xe4,0x18,0xe4,0x18,
  0xe4,0x18,0xe4,0x18,0xe4,0x18,0xe4,0x18,0xe4,0x18,0xe4,0x18,0xe4,0x18,0xe4,0x18,
  0xe4,0x18,0xe4,0x18,0xe4,0x18,0xe4,0x18,0xe4,0x18,0xe4,0x18,0xe4,0x18,0xe4,0x18,
  0xe4,0x18,0xe4,0x18,0xe4,0x18,0xe4,0x18,0xe4,0x18,0xe4,0x18,0xe4,0x18,0xe4,0x18,
  0xe4,0x18,0xe4,0x18,0xe4,0x18,0xe4,0x18,0xe4,0x18,0xe4,0x18,0xe4,0x18,0xe4,0x18,
  0xe4,0x18,0xe4,0x18,0xe4,0x18,0xe4,0x18,0xe4,0x18,0xe4,0x18,0xe4,0x18,0xe4,0x18,
  0xe4,0x18,0xe4,0x18,0xe4,0x18,0xe4,0x18,0xe4,0x18,0xe4,0x18,0xe4,0x18,0xe4,0x18,
  0xe4,0x18,0xe4,0x18,0xe4,0x18,0xe4,0x18,0xe4,0x18,0xa3,0x10,0xa3,0x10,0xaa,0x52,
  0x86,0x31,0x61,0x08,0x00,0x00,0x00,0x00,0x00,0x00,0x00,0x00,0x00,0x00,0x00,0x00,
  0x00,0x00,0x00,0x00,0x00,0x00,0x00,0x00,0x00,0x00,0x61,0x08,0xa2,0x10,0xc3,0x18,
  0xe3,0x18,0x04,0x21,0x24,0x21,0xe3,0x18,0x20,0x00,0x00,0x00,0x00,0x00,0x00,0x00,
  0x00,0x00,0x00,0x00,0x00,0x00,0x00,0x00,0x00,0x00,0x00,0x00,0x00,0x00,0x00,0x00,
  0x00,0x00,0xa2,0x10,0x69,0x4a,0x6a,0x4a,0x04,0x19,0xc3,0x10,0xe4,0x18,0xe4,0x18,
  0xe4,0x18,0xe4,0x18,0xe4,0x18,0xe4,0x18,0xe4,0x18,0xe4,0x18,0xe4,0x18,0xe4,0x18,
  0xe4,0x18,0xe4,0x18,0xe4,0x18,0xe4,0x18,0x82,0x10,0x00,0x00,0x00,0x00,0x00,0x00,
  0x00,0x00,0x00,0x00,0x00,0x00,0x00,0x00,0x00,0x00,0x00,0x00,0x00,0x00,0x00,0x00,
  0x20,0x00,0xc3,0x10,0xe4,0x18,0xe4,0x18,0xe4,0x18,0xe4,0x18,0xe4,0x18,0xe4,0x18,
  0xe4,0x18,0xe4,0x18,0xe4,0x18,0xe4,0x18,0xe4,0x18,0xe4,0x18,0xe4,0x18,0xe4,0x18,
  0xe4,0x18,0xe4,0x18,0xe4,0x18,0xe4,0x18,0xe4,0x18,0xe4,0x18,0xe4,0x18,0xe4,0x18,
  0xe4,0x18,0xe4,0x18,0xe4,0x18,0xe4,0x18,0xe4,0x18,0xe4,0x18,0xe4,0x18,0xe4,0x18,
  0xe4,0x18,0xe4,0x18,0xe4,0x18,0xe4,0x18,0xe4,0x18,0xe4,0x18,0xe4,0x18,0xe4,0x18,
  0xe4,0x18,0xe4,0x18,0xe4,0x18,0xe4,0x18,0xe4,0x18,0xe4,0x18,0xe4,0x18,0xe4,0x18,
  0xe4,0x18,0xe4,0x18,0xe4,0x18,0xe4,0x18,0xe4,0x18,0xe4,0x18,0xe4,0x18,0xe4,0x18,
  0xe4,0x18,0xe4,0x18,0xe4,0x18,0xe4,0x18,0xe4,0x18,0xe4,0x18,0xe4,0x18,0xe4,0x18,
  0xe4,0x18,0xe4,0x18,0xe4,0x18,0xe4,0x18,0xe4,0x18,0xe4,0x18,0xe4,0x18,0xe4,0x18,
  0xe4,0x18,0xe4,0x18,0xe4,0x18,0xe4,0x18,0xe4,0x18,0xe4,0x18,0xe4,0x18,0xe4,0x18,
  0xe4,0x18,0xe4,0x18,0xe4,0x18,0xe4,0x18,0xe4,0x18,0xe4,0x18,0xe4,0x18,0xe4,0x18,
  0xe4,0x18,0xe4,0x18,0xe4,0x18,0xe4,0x18,0xe4,0x18,0xe4,0x18,0xe4,0x18,0xe4,0x18,
  0xe4,0x18,0xe4,0x18,0xe4,0x18,0xe4,0x18,0xe4,0x18,0xe4,0x18,0xe4,0x18,0xe4,0x18,
  0xe4,0x18,0xe4,0x18,0xc3,0x10,0x62,0x00,0x49,0x42,0xc7,0x39,0x82,0x10,0x00,0x00,
  0x00,0x00,0x00,0x00,0x00,0x00,0x00,0x00,0x00,0x00,0x00,0x00,0x00,0x00,0x00,0x00,
  0xa3,0x10,0xc7,0x39,0xab,0x52,0x4d,0x6b,0xcf,0x7b,0x10,0x84,0x71,0x8c,0xb2,0x94,
  0x30,0x84,0xaa,0x52,0x24,0x21,0x20,0x00,0x00,0x00,0x00,0x00,0x00,0x00,0x00,0x00,
  0x00,0x00,0x00,0x00,0x00,0x00,0x00,0x00,0x00,0x00,0x00,0x00,0x00,0x00,0x00,0x00,
  0x00,0x00,0x00,0x00,0x69,0x4a,0x4d,0x63,0xa3,0x10,0x83,0x08,0xe4,0x18,0xe4,0x18,
  0xe4,0x18,0xe4,0x18,0xe4,0x18,0xe4,0x18,0xe4,0x18,0xe4,0x18,0xe4,0x18,0xe4,0x18,
  0xe4,0x18,0xe4,0x18,0xe4,0x18,0x82,0x10,0x00,0x00,0x00,0x00,0x00,0x00,0x00,0x00,
  0x00,0x00,0x00,0x00,0x00,0x00,0x00,0x00,0x00,0x00,0x00,0x00,0x00,0x00,0xe3,0x18,
  0x66,0x29,0xa3,0x10,0xe4,0x18,0xe4,0x18,0xe4,0x18,0xe4,0x18,0xe4,0x18,0xe4,0x18,
  0xe4,0x18,0xe4,0x18,0xe4,0x18,0xe4,0x18,0xe4,0x18,0xe4,0x18,0xe4,0x18,0xe4,0x18,
  0xe4,0x18,0xe4,0x18,0xe4,0x18,0xe4,0x18,0xe4,0x18,0xe4,0x18,0xe4,0x18,0xe4,0x18,
  0xe4,0x18,0xe4,0x18,0xe4,0x18,0xe4,0x18,0xe4,0x18,0xe4,0x18,0xe4,0x18,0xe4,0x18,
  0xe4,0x18,0xe4,0x18,0xe4,0x18,0xe4,0x18,0xe4,0x18,0xe4,0x18,0xe4,0x18,0xe4,0x18,
  0xe4,0x18,0xe4,0x18,0xe4,0x18,0xe4,0x18,0xe4,0x18,0xe4,0x18,0xe4,0x18,0xe4,0x18,
  0xe4,0x18,0xe4,0x18,0xe4,0x18,0xe4,0x18,0xe4,0x18,0xe4,0x18,0xe4,0x18,0xe4,0x18,
  0xe4,0x18,0xe4,0x18,0xe4,0x18,0xe4,0x18,0xe4,0x18,0xe4,0x18,0xe4,0x18,0xe4,0x18,
  0xe4,0x18,0xe4,0x18,0xe4,0x18,0xe4,0x18,0xe4,0x18,0xe4,0x18,0xe4,0x18,0xe4,0x18,
  0xe4,0x18,0xe4,0x18,0xe4,0x18,0xe4,0x18,0xe4,0x18,0xe4,0x18,0xe4,0x18,0xe4,0x18,
  0xe4,0x18,0xe4,0x18,0xe4,0x18,0xe4,0x18,0xe4,0x18,0xe4,0x18,0xe4,0x18,0xe4,0x18,
  0xe4,0x18,0xe4,0x18,0xe4,0x18,0xe4,0x18,0xe4,0x18,0xe4,0x18,0xe4,0x18,0xe4,0x18,
  0xe4,0x18,0xe4,0x18,0xe4,0x18,0xe4,0x18,0xe4,0x18,0xe4,0x18,0xe4,0x18,0xe4,0x18,
  0x83,0x08,0x86,0x29,0x8a,0x4a,0xa6,0x31,0x20,0x00,0x00,0x00,0x00,0x00,0x00,0x00,
  0x00,0x00,0x00,0x00,0x00,0x00,0x00,0x00,0xa2,0x10,0x08,0x42,0x6e,0x6b,0x51,0x84,
  0x92,0x94,0xb2,0x94,0x92,0x94,0x92,0x94,0xb2,0x94,0xef,0x7b,0x08,0x42,0x41,0x08,
  0x00,0x00,0x00,0x00,0x00,0x00,0x00,0x00,0x00,0x00,0x00,0x00,0x00,0x00,0x00,0x00,
  0x00,0x00,0x20,0x08,0x00,0x08,0x00,0x00,0x00,0x00,0x00,0x00,0x00,0x00,0x00,0x00,
  0x20,0x00,0x00,0x00,0xe3,0x18,0x08,0x42,0x49,0x42,0x82,0x08,0xe4,0x18,0xe4,0x18,
  0xe4,0x18,0xe4,0x18,0xe4,0x18,0xe4,0x18,0xe4,0x18,0xe4,0x18,0xe4,0x18,0xe4,0x18,
  0xe4,0x18,0xe4,0x18,0x82,0x08,0x00,0x00,0x00,0x00,0x00,0x00,0x00,0x00,0x00,0x00,
  0x00,0x00,0x00,0x00,0x00,0x00,0x00,0x00,0x00,0x00,0x41,0x08,0xcf,0x7b,0xc7,0x31,
  0xa3,0x10,0xe4,0x18,0xe4,0x18,0xe4,0x18,0xe4,0x18,0xe4,0x18,0xe4,0x18,0xe4,0x18,
  0xe4,0x18,0xe4,0x18,0xe4,0x18,0xe4,0x18,0xe4,0x18,0xe4,0x18,0xe4,0x18,0xe4,0x18,
  0xe4,0x18,0xe4,0x18,0xe4,0x18,0xe4,0x18,0xe4,0x18,0xe4,0x18,0xe4,0x18,0xe4,0x18,
  0xe4,0x18,0xe4,0x18,0xe4,0x18,0xe4,0x18,0xe4,0x18,0xe4,0x18,0xe4,0x18,0xe4,0x18,
  0xe4,0x18,0xe4,0x18,0xe4,0x18,0xe4,0x18,0xe4,0x18,0xe4,0x18,0xe4,0x18,0xe4,0x18,
  0xe4,0x18,0xe4,0x18,0xe4,0x18,0xe4,0x18,0xe4,0x18,0xe4,0x18,0xe4,0x18,0xe4,0x18,
  0xe4,0x18,0xe4,0x18,0xe4,0x18,0xe4,0x18,0xe4,0x18,0xe4,0x18,0xe4,0x18,0xe4,0x18,
  0xe4,0x18,0xe4,0x18,0xe4,0x18,0xe4,0x18,0xe4,0x18,0xe4,0x18,0xe4,0x18,0xe4,0x18,
  0xe4,0x18,0xe4,0x18,0xe4,0x18,0xe4,0x18,0xe4,0x18,0xe4,0x18,0xe4,0x18,0xe4,0x18,
  0xe4,0x18,0xe4,0x18,0xe4,0x18,0xe4,0x18,0xe4,0x18,0xe4,0x18,0xe4,0x18,0xe4,0x18,
  0xe4,0x18,0xe4,0x18,0xe4,0x18,0xe4,0x18,0xe4,0x18,0xe4,0x18,0xe4,0x18,0xe4,0x18,
  0xe4,0x18,0xe4,0x18,0xe4,0x18,0xe4,0x18,0xe4,0x18,0xe4,0x18,0xe4,0x18,0xe4,0x18,
  0xe4,0x18,0xe4,0x18,0xe4,0x18,0xe4,0x18,0xe4,0x18,0xe4,0x18,0xa3,0x10,0x45,0x21,
  0x51,0x84,0x65,0x29,0x00,0x00,0x00,0x00,0x00,0x00,0x00,0x00,0x00,0x00,0x00,0x00,
  0x00,0x00,0xc3,0x18,0xcb,0x5a,0x10,0x84,0xb2,0x94,0x92,0x94,0x71,0x8c,0x51,0x8c,
  0x51,0x84,0x72,0x8c,0x51,0x8c,0x49,0x4a,0x61,0x08,0x00,0x00,0x00,0x00,0x00,0x00,
  0x00,0x00,0x00,0x00,0x00,0x00,0x00,0x00,0x00,0x00,0x00,0x00,0x00,0x00,0xa5,0x49,
  0xd0,0xbc,0xd0,0xc4,0x27,0x5a,0x20,0x08,0x00,0x00,0x00,0x00,0x20,0x00,0x00,0x00,
  0x21,0x00,0x00,0x00,0x61,0x10,0xae,0x73,0x8a,0x4a,0x62,0x08,0x04,0x19,0xe4,0x18,
  0xe4,0x18,0xe4,0x18,0xe4,0x18,0xe4,0x18,0xe4,0x18,0xe4,0x18,0xe4,0x18,0xe4,0x18,
  0xe4,0x18,0xc3,0x10,0xc3,0x10,0x21,0x00,0x69,0x4a,0xc7,0x39,0x00,0x00,0x00,0x00,
  0x00,0x00,0x00,0x00,0x00,0x00,0x20,0x00,0x8e,0x73,0xe8,0x39,0x82,0x08,0xe4,0x18,
  0xe4,0x18,0xe4,0x18,0xe4,0x18,0xe4,0x18,0xe4,0x18,0xe4,0x18,0xe4,0x18,0xe4,0x18,
  0xe4,0x18,0xe4,0x18,0xe4,0x18,0xe4,0x18,0xe4,0x18,0xe4,0x18,0xe4,0x18,0xe4,0x18,
  0xe4,0x18,0xe4,0x18,0xe4,0x18,0xe4,0x18,0xe4,0x18,0xe4,0x18,0xe4,0x18,0xe4,0x18,
  0xe4,0x18,0xe4,0x18,0xe4,0x18,0xe4,0x18,0xe4,0x18,0xe4,0x18,0xe4,0x18,0xe4,0x18,
  0xe4,0x18,0xe4,0x18,0xe4,0x18,0xe4,0x18,0xe4,0x18,0xe4,0x18,0xe4,0x18,0xe4,0x18,
  0xe4,0x18,0xe4,0x18,0xe4,0x18,0xe4,0x18,0xe4,0x18,0xe4,0x18,0xe4,0x18,0xe4,0x18,
  0xe4,0x18,0xe4,0x18,0xe4,0x18,0xe4,0x18,0xe4,0x18,0xe4,0x18,0xe4,0x18,0xe4,0x18,
  0xe4,0x18,0xe4,0x18,0xe4,0x18,0xe4,0x18,0xe4,0x18,0xe4,0x18,0xe4,0x18,0xe4,0x18,
  0xe4,0x18,0xe4,0x18,0xe4,0x18,0xe4,0x18,0xe4,0x18,0xe4,0x18,0xe4,0x18,0xe4,0x18,
  0xe4,0x18,0xe4,0x18,0xe4,0x18,0xe4,0x18,0xe4,0x18,0xe4,0x18,0xe4,0x18,0xe4,0x18,
  0xe4,0x18,0xe4,0x18,0xe4,0x18,0xe4,0x18,0xe4,0x18,0xe4,0x18,0xe4,0x18,0xe4,0x18,
  0xe4,0x18,0xe4,0x18,0xe4,0x18,0xe4,0x18,0xe4,0x18,0xe4,0x18,0xe4,0x18,0xe4,0x18,
  0xe4,0x18,0xe4,0x18,0xe4,0x18,0xe4,0x18,0xa3,0x10,0x45,0x21,0xcf,0x73,0xe3,0x18,
  0x00,0x00,0x00,0x00,0x00,0x00,0x00,0x00,0x00,0x00,0x00,0x00,0x82,0x10,0xaa,0x52,
  0x51,0x8c,0xb2,0x94,0x72,0x8c,0x51,0x8c,0x51,0x8c,0x71,0x8c,0x51,0x8c,0xb2,0x94,
  0xae,0x73,0x04,0x21,0x00,0x00,0x00,0x00,0x00,0x00,0x00,0x00,0x00,0x00,0x00,0x00,
  0x00,0x00,0x00,0x00,0x00,0x00,0x00,0x00,0x85,0x41,0x0e,0xa4,0x15,0xf6,0x55,0xfe,
  0x35,0xfe,0x56,0xfe,0xd0,0xbc,0xa5,0x49,0x00,0x00,0x00,0x00,0x00,0x00,0x00,0x00,
  0x00,0x00,0x00,0x00,0x00,0x00,0x0c,0x63,0x6a,0x4a,0x62,0x08,0xe4,0x18,0xe4,0x18,
  0xe4,0x18,0xe4,0x18,0xe4,0x18,0xe4,0x18,0xe4,0x18,0xe4,0x18,0xe4,0x18,0xe4,0x18,
  0x04,0x19,0x62,0x08,0x8a,0x4a,0x2d,0x63,0x20,0x00,0x00,0x00,0x00,0x00,0x00,0x00,
  0x00,0x00,0x40,0x08,0xae,0x73,0xe8,0x39,0x82,0x08,0xe4,0x18,0xe4,0x18,0xe4,0x18,
  0xe4,0x18,0xe4,0x18,0xe4,0x18,0xe4,0x18,0xe4,0x18,0xe4,0x18,0xe4,0x18,0xe4,0x18,
  0xe4,0x18,0xe4,0x18,0xe4,0x18,0xe4,0x18,0xe4,0x18,0xe4,0x18,0xe4,0x18,0xe4,0x18,
  0xe4,0x18,0xe4,0x18,0xe4,0x18,0xe4,0x18,0xe4,0x18,0xe4,0x18,0xe4,0x18,0xe4,0x18,
  0xe4,0x18,0xe4,0x18,0xe4,0x18,0xe4,0x18,0xe4,0x18,0xe4,0x18,0xe4,0x18,0xe4,0x18,
  0xe4,0x18,0xe4,0x18,0xe4,0x18,0xe4,0x18,0xe4,0x18,0xe4,0x18,0xe4,0x18,0xe4,0x18,
  0xe4,0x18,0xe4,0x18,0xe4,0x18,0xe4,0x18,0xe4,0x18,0xe4,0x18,0xe4,0x18,0xe4,0x18,
  0xe4,0x18,0xe4,0x18,0xe4,0x18,0xe4,0x18,0xe4,0x18,0xe4,0x18,0xe4,0x18,0xe4,0x18,
  0xe4,0x18,0xe4,0x18,0xe4,0x18,0xe4,0x18,0xe4,0x18,0xe4,0x18,0xe4,0x18,0xe4,0x18,
  0xe4,0x18,0xe4,0x18,0xe4,0x18,0xe4,0x18,0xe4,0x18,0xe4,0x18,0xe4,0x18,0xe4,0x18,
  0xe4,0x18,0xe4,0x18,0xe4,0x18,0xe4,0x18,0xe4,0x18,0xe4,0x18,0xe4,0x18,0xe4,0x18,
  0xe4,0x18,0xe4,0x18,0xe4,0x18,0xe4,0x18,0xe4,0x18,0xe4,0x18,0xe4,0x18,0xe4,0x18,
  0xe4,0x18,0xe4,0x18,0xe4,0x18,0xe4,0x18,0xe4,0x18,0xe4,0x18,0xe4,0x18,0xe4,0x18,
  0xe4,0x18,0xe4,0x18,0xa3,0x10,0x45,0x21,0xae,0x73,0xa2,0x10,0x00,0x00,0x00,0x00,
  0x00,0x00,0x00,0x00,0x00,0x00,0x00,0x00,0xa6,0x31,0xef,0x7b,0xb2,0x94,0x71,0x8c,
  0x51,0x8c,0x51,0x8c,0x71,0x8c,0x51,0x8c,0x51,0x8c,0xb2,0x94,0x0c,0x63,0x61,0x08,
  0x00,0x00,0x00,0x00,0x00,0x00,0x00,0x00,0x00,0x00,0x00,0x00,0x00,0x00,0x00,0x00,
  0xe3,0x28,0x68,0x6a,0x8f,0xbc,0x14,0xf6,0x76,0xfe,0xf4,0xfd,0xf4,0xf5,0xf4,0xfd,
  0xf4,0xfd,0x55,0xfe,0x35,0xf6,0xad,0x9b,0x61,0x18,0x00,0x00,0x00,0x00,0x00,0x00,
  0x00,0x00,0x00,0x00,0x00,0x00,0xcb,0x5a,0x8a,0x4a,0x62,0x08,0xe4,0x18,0xe4,0x18,
  0xe4,0x18,0xe4,0x18,0xe4,0x18,0xe4,0x18,0xe4,0x18,0xe4,0x18,0x04,0x19,0x62,0x08,
  0x8a,0x4a,0x2c,0x63,0x00,0x00,0x00,0x00,0x00,0x00,0x00,0x00,0x00,0x00,0x20,0x00,
  0x8e,0x73,0xe8,0x39,0x62,0x08,0x04,0x19,0xe4,0x18,0xe4,0x18,0xe4,0x18,0xe4,0x18,
  0xe4,0x18,0xe4,0x18,0xe4,0x18,0xe4,0x18,0xe4,0x18,0xe4,0x18,0xe4,0x18,0xe4,0x18,
  0xe4,0x18,0xe4,0x18,0xe4,0x18,0xe4,0x18,0xe4,0x18,0xe4,0x18,0xe4,0x18,0xe4,0x18,
  0xe4,0x18,0xe4,0x18,0xe4,0x18,0xe4,0x18,0xe4,0x18,0xe4,0x18,0xe4,0x18,0xe4,0x18,
  0xe4,0x18,0xe4,0x18,0xe4,0x18,0xe4,0x18,0xe4,0x18,0xe4,0x18,0xe4,0x18,0xe4,0x18,
  0xe4,0x18,0xe4,0x18,0xe4,0x18,0xe4,0x18,0xe4,0x18,0xe4,0x18,0xe4,0x18,0xe4,0x18,
  0xe4,0x18,0xe4,0x18,0xe4,0x18,0xe4,0x18,0xe4,0x18,0xe4,0x18,0xe4,0x18,0xe4,0x18,
  0xe4,0x18,0xe4,0x18,0xe4,0x18,0xe4,0x18,0xe4,0x18,0xe4,0x18,0xe4,0x18,0xe4,0x18,
  0xe4,0x18,0xe4,0x18,0xe4,0x18,0xe4,0x18,0xe4,0x18,0xe4,0x18,0xe4,0x18,0xe4,0x18,
  0xe4,0x18,0xe4,0x18,0xe4,0x18,0xe4,0x18,0xe4,0x18,0xe4,0x18,0xe4,0x18,0xe4,0x18,
  0xe4,0x18,0xe4,0x18,0xe4,0x18,0xe4,0x18,0xe4,0x18,0xe4,0x18,0xe4,0x18,0xe4,0x18,
  0xe4,0x18,0xe4,0x18,0xe4,0x18,0xe4,0x18,0xe4,0x18,0xe4,0x18,0xe4,0x18,0xe4,0x18,
  0xe4,0x18,0xe4,0x18,0xe4,0x18,0xe4,0x18,0xe4,0x18,0xe4,0x18,0xe4,0x18,0xe4,0x18,
  0xc3,0x10,0x25,0x21,0x10,0x84,0xc3,0x18,0x00,0x00,0x00,0x00,0x00,0x00,0x00,0x00,
  0x00,0x00,0x41,0x00,0xcb,0x5a,0x92,0x94,0x72,0x8c,0x51,0x8c,0x71,0x8c,0x71,0x8c,
  0x71,0x8c,0x71,0x8c,0x51,0x8c,0xb2,0x94,0xcb,0x5a,0x20,0x00,0x00,0x00,0x00,0x00,
  0x00,0x00,0x00,0x00,0x00,0x00,0x00,0x00,0x40,0x18,0x47,0x62,0x4f,0xac,0xd4,0xe5,
  0x76,0xfe,0x55,0xfe,0x14,0xfe,0xf3,0xfd,0x14,0xfe,0x14,0xfe,0xf4,0xfd,0xf3,0xfd,
  0xf3,0xfd,0xf4,0xfd,0x76,0xfe,0x32,0xcd,0x64,0x41,0x00,0x00,0x20,0x00,0x00,0x00,
  0x00,0x00,0x00,0x00,0x00,0x00,0x2c,0x63,0xab,0x52,0xa3,0x10,0xe4,0x18,0xe4,0x18,
  0xe4,0x18,0xe4,0x18,0xe4,0x18,0xe4,0x18,0xe4,0x18,0x62,0x08,0x8a,0x4a,0x2c,0x63,
  0x00,0x00,0x00,0x00,0x00,0x00,0x00,0x00,0x00,0x00,0x20,0x00,0x8e,0x73,0xe8,0x39,
  0x62,0x08,0xe4,0x18,0xe4,0x18,0xe4,0x18,0xe4,0x18,0xe4,0x18,0xe4,0x18,0xe4,0x18,
  0xe4,0x18,0xe4,0x18,0xe4,0x18,0xe4,0x18,0xe4,0x18,0xe4,0x18,0xe4,0x18,0xe4,0x18,
  0xe4,0x18,0xe4,0x18,0xe4,0x18,0xe4,0x18,0xe4,0x18,0xe4,0x18,0xe4,0x18,0xe4,0x18,
  0xe4,0x18,0xe4,0x18,0xe4,0x18,0xe4,0x18,0xe4,0x18,0xe4,0x18,0xe4,0x18,0xe4,0x18,
  0xe4,0x18,0xe4,0x18,0xe4,0x18,0xe4,0x18,0xe4,0x18,0xe4,0x18,0xe4,0x18,0xe4,0x18,
  0xe4,0x18,0xe4,0x18,0xe4,0x18,0xe4,0x18,0xe4,0x18,0xe4,0x18,0xe4,0x18,0xe4,0x18,
  0xe4,0x18,0xe4,0x18,0xe4,0x18,0xe4,0x18,0xe4,0x18,0xe4,0x18,0xe4,0x18,0xe4,0x18,
  0xe4,0x18,0xe4,0x18,0xe4,0x18,0xe4,0x18,0xe4,0x18,0xe4,0x18,0xe4,0x18,0xe4,0x18,
  0xe4,0x18,0xe4,0x18,0xe4,0x18,0xe4,0x18,0xe4,0x18,0xe4,0x18,0xe4,0x18,0xe4,0x18,
  0xe4,0x18,0xe4,0x18,0xe4,0x18,0xe4,0x18,0xe4,0x18,0xe4,0x18,0xe4,0x18,0xe4,0x18,
  0xe4,0x18,0xe4,0x18,0xe4,0x18,0xe4,0x18,0xe4,0x18,0xe4,0x18,0xe4,0x18,0xe4,0x18,
  0xe4,0x18,0xe4,0x18,0xe4,0x18,0xe4,0x18,0xe4,0x18,0xe4,0x18,0xe4,0x18,0xe4,0x18,
  0xe4,0x18,0xe4,0x18,0xe4,0x18,0xe4,0x18,0xe4,0x18,0xe4,0x18,0xe4,0x18,0x83,0x08,
  0x66,0x29,0xe3,0x18,0x00,0x00,0x00,0x00,0x00,0x00,0x00,0x00,0x00,0x00,0x82,0x10,
  0x8e,0x6b,0xb2,0x94,0x51,0x8c,0x51,0x8c,0x71,0x8c,0x71,0x8c,0x51,0x8c,0x71,0x8c,
  0x51,0x8c,0xb2,0x94,0xcb,0x52,0x00,0x00,0x00,0x00,0x00,0x00,0x00,0x00,0x20,0x08,
  0x00,0x00,0x20,0x08,0x68,0x62,0x32,0xd5,0x55,0xfe,0x75,0xfe,0x14,0xfe,0xf3,0xfd,
  0xf4,0xfd,0xf4,0xfd,0x14,0xfe,0x14,0xfe,0x14,0xfe,0xf3,0xfd,0xf4,0xfd,0x14,0xfe,
  0xf4,0xf5,0xf3,0xf5,0x55,0xfe,0xf4,0xed,0x27,0x5a,0x00,0x00,0x20,0x00,0x00,0x00,
  0x00,0x00,0x20,0x00,0x00,0x00,0xcf,0x7b,0x66,0x29,0xa3,0x10,0xe4,0x18,0xe4,0x18,
  0xe4,0x18,0xe4,0x18,0xe4,0x18,0x62,0x08,0x8a,0x4a,0x2c,0x63,0x00,0x00,0x20,0x00,
  0x00,0x00,0x00,0x00,0x00,0x00,0xa2,0x10,0x8e,0x73,0x08,0x3a,0x83,0x08,0x04,0x19,
  0xc4,0x10,0xe4,0x18,0xe4,0x18,0xe4,0x18,0xe4,0x18,0xe4,0x18,0xe4,0x18,0xe4,0x18,
  0xe4,0x18,0xe4,0x18,0xe4,0x18,0xe4,0x18,0xe4,0x18,0xe4,0x18,0xe4,0x18,0xe4,0x18,
  0xe4,0x18,0xe4,0x18,0xe4,0x18,0xe4,0x18,0xe4,0x18,0xe4,0x18,0xe4,0x18,0xe4,0x18,
  0xe4,0x18,0xe4,0x18,0xe4,0x18,0xe4,0x18,0xe4,0x18,0xe4,0x18,0xe4,0x18,0xe4,0x18,
  0xe4,0x18,0xe4,0x18,0xe4,0x18,0xe4,0x18,0xe4,0x18,0xe4,0x18,0xe4,0x18,0xe4,0x18,
  0xe4,0x18,0xe4,0x18,0xe4,0x18,0xe4,0x18,0xe4,0x18,0xe4,0x18,0xe4,0x18,0xe4,0x18,
  0xe4,0x18,0xe4,0x18,0xe4,0x18,0xe4,0x18,0xe4,0x18,0xe4,0x18,0xe4,0x18,0xe4,0x18,
  0xe4,0x18,0xe4,0x18,0xe4,0x18,0xe4,0x18,0xe4,0x18,0xe4,0x18,0xe4,0x18,0xe4,0x18,
  0xe4,0x18,0xe4,0x18,0xe4,0x18,0xe4,0x18,0xe4,0x18,0xe4,0x18,0xe4,0x18,0xe4,0x18,
  0xe4,0x18,0xe4,0x18,0xe4,0x18,0xe4,0x18,0xe4,0x18,0xe4,0x18,0xe4,0x18,0xe4,0x18,
  0xe4,0x18,0xe4,0x18,0xe4,0x18,0xe4,0x18,0xe4,0x18,0xe4,0x18,0xe4,0x18,0xe4,0x18,
  0xe4,0x18,0xe4,0x18,0xe4,0x18,0xe4,0x18,0xe4,0x18,0xe4,0x18,0xe4,0x18,0xe4,0x18,
  0xe4,0x18,0xe4,0x18,0xe4,0x18,0xe4,0x18,0xe4,0x18,0xc4,0x10,0x08,0x42,0x65,0x29,
  0x00,0x00,0x20,0x00,0x00,0x00,0x00,0x00,0x00,0x00,0xc3,0x18,0xcf,0x7b,0x92,0x94,
  0x51,0x8c,0x71,0x8c,0x71,0x8c,0x71,0x8c,0x51,0x8c,0x71,0x8c,0x51,0x8c,0x92,0x94,
  0x0c,0x63,0x00,0x00,0x00,0x00,0x00,0x00,0x00,0x00,0x20,0x00,0x00,0x00,0xe2,0x28,
  0x6f,0xb4,0x56,0xfe,0x36,0xfe,0xf4,0xf5,0xf3,0xfd,0xf4,0xfd,0xf4,0xfd,0x14,0xfe,
  0xf4,0xfd,0x14,0xfe,0x14,0xfe,0x14,0xfe,0x14,0xfe,0xf4,0xfd,0x14,0xfe,0xf4,0xfd,
  0x14,0xfe,0xf3,0xf5,0x34,0xfe,0x35,0xf6,0x89,0x6a,0x00,0x00,0x20,0x00,0x00,0x00,
  0x00,0x00,0x00,0x00,0x20,0x08,0x49,0x4a,0xa3,0x10,0xc3,0x10,0xe4,0x18,0xe4,0x18,
  0xe4,0x18,0xa3,0x10,0x8a,0x4a,0x2d,0x6b,0x00,0x00,0x00,0x00,0x00,0x00,0x00,0x00,
  0x00,0x00,0x00,0x00,0xa2,0x10,0x45,0x29,0x00,0x00,0x61,0x08,0x62,0x08,0xe4,0x18,
  0xe4,0x18,0xe4,0x18,0xe4,0x18,0xe4,0x18,0xe4,0x18,0xe4,0x18,0xe4,0x18,0xe4,0x18,
  0xe4,0x18,0xe4,0x18,0xe4,0x18,0xe4,0x18,0xe4,0x18,0xe4,0x18,0xe4,0x18,0xe4,0x18,
  0xe4,0x18,0xe4,0x18,0xe4,0x18,0xe4,0x18,0xe4,0x18,0xe4,0x18,0xe4,0x18,0xe4,0x18,
  0xe4,0x18,0xe4,0x18,0xe4,0x18,0xe4,0x18,0xe4,0x18,0xe4,0x18,0xe4,0x18,0xe4,0x18,
  0xe4,0x18,0xe4,0x18,0xe4,0x18,0xe4,0x18,0xe4,0x18,0xe4,0x18,0xe4,0x18,0xe4,0x18,
  0xe4,0x18,0xe4,0x18,0xe4,0x18,0xe4,0x18,0xe4,0x18,0xe4,0x18,0xe4,0x18,0xe4,0x18,
  0xe4,0x18,0xe4,0x18,0xe4,0x18,0xe4,0x18,0xe4,0x18,0xe4,0x18,0xe4,0x18,0xe4,0x18,
  0xe4,0x18,0xe4,0x18,0xe4,0x18,0xe4,0x18,0xe4,0x18,0xe4,0x18,0xe4,0x18,0xe4,0x18,
  0xe4,0x18,0xe4,0x18,0xe4,0x18,0xe4,0x18,0xe4,0x18,0xe4,0x18,0xe4,0x18,0xe4,0x18,
  0xe4,0x18,0xe4,0x18,0xe4,0x18,0xe4,0x18,0xe4,0x18,0xe4,0x18,0xe4,0x18,0xe4,0x18,
  0xe4,0x18,0xe4,0x18,0xe4,0x18,0xe4,0x18,0xe4,0x18,0xe4,0x18,0xe4,0x18,0xe4,0x18,
  0xe4,0x18,0xe4,0x18,0xe4,0x18,0xe4,0x18,0xe4,0x18,0xe4,0x18,0xe4,0x18,0xe4,0x18,
  0xe4,0x18,0xe4,0x18,0xe4,0x18,0xa3,0x10,0x05,0x19,0xaa,0x52,0x00,0x00,0x20,0x00,
  0x00,0x00,0x00,0x00,0x00,0x00,0xc3,0x18,0xef,0x7b,0x92,0x94,0x51,0x8c,0x51,0x8c,
  0x71,0x8c,0x71,0x8c,0x71,0x8c,0x71,0x8c,0x51,0x8c,0x92,0x94,0xae,0x73,0x41,0x08,
  0x00,0x00,0x00,0x00,0x00,0x00,0x00,0x00,0x00,0x00,0x85,0x41,0x93,0xdd,0x56,0xfe,
  0xd4,0xfd,0xf4,0xfd,0xf4,0xfd,0x14,0xfe,0xf4,0xfd,0x14,0xfe,0x14,0xfe,0x14,0xfe,
  0x14,0xfe,0x14,0xfe,0x14,0xfe,0xf4,0xfd,0xf4,0xfd,0xf4,0xfd,0xf4,0xfd,0x14,0xfe,
  0x13,0xfe,0xf3,0xfd,0x14,0xfe,0x56,0xf6,0x68,0x62,0x00,0x00,0x00,0x00,0x00,0x00,
  0x00,0x00,0x00,0x00,0x65,0x29,0xcf,0x73,0xa3,0x10,0xe4,0x18,0xe4,0x18,0xc3,0x10,
  0x45,0x21,0x6e,0x6b,0x00,0x00,0x00,0x00,0x00,0x00,0x00,0x00,0x00,0x00,0x00,0x00,
  0x00,0x00,0x00,0x00,0x00,0x00,0x00,0x00,0x00,0x00,0x41,0x00,0xe4,0x18,0xe4,0x18,
  0xe4,0x18,0xe4,0x18,0xe4,0x18,0xe4,0x18,0xe4,0x18,0xe4,0x18,0xe4,0x18,0xe4,0x18,
  0xe4,0x18,0xe4,0x18,0xe4,0x18,0xe4,0x18,0xe4,0x18,0xe4,0x18,0xe4,0x18,0xe4,0x18,
  0xe4,0x18,0xe4,0x18,0xe4,0x18,0xe4,0x18,0xe4,0x18,0xe4,0x18,0xe4,0x18,0xe4,0x18,
  0xe4,0x18,0xe4,0x18,0xe4,0x18,0xe4,0x18,0xe4,0x18,0xe4,0x18,0xe4,0x18,0xe4,0x18,
  0xe4,0x18,0xe4,0x18,0xe4,0x18,0xe4,0x18,0xe4,0x18,0xe4,0x18,0xe4,0x18,0xe4,0x18,
  0xe4,0x18,0xe4,0x18,0xe4,0x18,0xe4,0x18,0xe4,0x18,0xe4,0x18,0xe4,0x18,0xe4,0x18,
  0xe4,0x18,0xe4,0x18,0xe4,0x18,0xe4,0x18,0xe4,0x18,0xe4,0x18,0xe4,0x18,0xe4,0x18,
  0xe4,0x18,0xe4,0x18,0xe4,0x18,0xe4,0x18,0xe4,0x18,0xe4,0x18,0xe4,0x18,0xe4,0x18,
  0xe4,0x18,0xe4,0x18,0xe4,0x18,0xe4,0x18,0xe4,0x18,0xe4,0x18,0xe4,0x18,0xe4,0x18,
  0xe4,0x18,0xe4,0x18,0xe4,0x18,0xe4,0x18,0xe4,0x18,0xe4,0x18,0xe4,0x18,0xe4,0x18,
  0xe4,0x18,0xe4,0x18,0xe4,0x18,0xe4,0x18,0xe4,0x18,0xe4,0x18,0xe4,0x18,0xe4,0x18,
  0xe4,0x18,0xe4,0x18,0xe4,0x18,0xe4,0x18,0xe4,0x18,0xe4,0x18,0xe4,0x18,0xe4,0x18,
  0xe4,0x18,0xc4,0x10,0x25,0x21,0x29,0x42,0x20,0x00,0x00,0x00,0x00,0x00,0x00,0x00,
  0x00,0x00,0x82,0x10,0xcf,0x7b,0x92,0x94,0x51,0x8c,0x71,0x8c,0x71,0x8c,0x71,0x8c,
  0x51,0x8c,0x71,0x8c,0x71,0x8c,0x71,0x8c,0x51,0x8c,0xe4,0x18,0x00,0x00,0x00,0x00,
  0x00,0x00,0x00,0x00,0x00,0x00,0xc6,0x51,0xf4,0xed,0x35,0xfe,0xf4,0xf5,0xf4,0xfd,
  0x13,0xfe,0xf3,0xfd,0xf3,0xfd,0xf4,0xfd,0x14,0xfe,0x14,0xfe,0xf4,0xfd,0x14,0xfe,
  0xf4,0xfd,0xf4,0xfd,0xf4,0xfd,0xf4,0xfd,0xf4,0xfd,0xf4,0xfd,0xf4,0xfd,0x14,0xfe,
  0x14,0xfe,0xf3,0xfd,0x14,0xfe,0x15,0xf6,0xe6,0x51,0x00,0x00,0x20,0x00,0x00,0x00,
  0x21,0x00,0x00,0x00,0xaa,0x52,0xe8,0x39,0xc3,0x10,0xe4,0x18,0xe4,0x18,0xe4,0x18,
  0x61,0x08,0x00,0x00,0x00,0x00,0x00,0x00,0x00,0x00,0x00,0x00,0x00,0x00,0x00,0x00,
  0x00,0x00,0x00,0x00,0x00,0x00,0x00,0x00,0x41,0x08,0xe4,0x18,0xc4,0x18,0xe4,0x18,
  0xe4,0x18,0xe4,0x18,0xe4,0x18,0xe4,0x18,0xe4,0x18,0xe4,0x18,0xe4,0x18,0xe4,0x18,
  0xe4,0x18,0xe4,0x18,0xe4,0x18,0xe4,0x18,0xe4,0x18,0xe4,0x18,0xe4,0x18,0xe4,0x18,
  0xe4,0x18,0xe4,0x18,0xe4,0x18,0xe4,0x18,0xe4,0x18,0xe4,0x18,0xe4,0x18,0xe4,0x18,
  0xe4,0x18,0xe4,0x18,0xe4,0x18,0xe4,0x18,0xe4,0x18,0xe4,0x18,0xe4,0x18,0xe4,0x18,
  0xe4,0x18,0xe4,0x18,0xe4,0x18,0xe4,0x18,0xe4,0x18,0xe4,0x18,0xe4,0x18,0xe4,0x18,
  0xe4,0x18,0xe4,0x18,0xe4,0x18,0xe4,0x18,0xe4,0x18,0xe4,0x18,0xe4,0x18,0xe4,0x18,
  0xe4,0x18,0xe4,0x18,0xe4,0x18,0xe4,0x18,0xe4,0x18,0xe4,0x18,0xe4,0x18,0xe4,0x18,
  0xe4,0x18,0xe4,0x18,0xe4,0x18,0xe4,0x18,0xe4,0x18,0xe4,0x18,0xe4,0x18,0xe4,0x18,
  0xe4,0x18,0xe4,0x18,0xe4,0x18,0xe4,0x18,0xe4,0x18,0xe4,0x18,0xe4,0x18,0xe4,0x18,
  0xe4,0x18,0xe4,0x18,0xe4,0x18,0xe4,0x18,0xe4,0x18,0xe4,0x18,0xe4,0x18,0xe4,0x18,
  0xe4,0x18,0xe4,0x18,0xe4,0x18,0xe4,0x18,0xe4,0x18,0xe4,0x18,0xe4,0x18,0xe4,0x18,
  0xe4,0x18,0xe4,0x18,0xe4,0x18,0xe4,0x18,0xe4,0x18,0xe4,0x18,0xe4,0x18,0xe4,0x18,
  0xa3,0x10,0x08,0x3a,0xc6,0x39,0x00,0x00,0x00,0x00,0x00,0x00,0x00,0x00,0x20,0x00,
  0x2c,0x63,0x92,0x94,0x51,0x8c,0x71,0x8c,0x71,0x8c,0x71,0x8c,0x71,0x8c,0x71,0x8c,
  0x71,0x8c,0x51,0x8c,0xb2,0x94,0x49,0x4a,0x00,0x00,0x00,0x00,0x00,0x00,0x20,0x00,
  0x00,0x00,0x85,0x49,0xd4,0xed,0x34,0xfe,0xf4,0xf5,0x14,0xfe,0x14,0xfe,0x13,0xfe,
  0xf3,0xfd,0xf4,0xfd,0x14,0xfe,0xf4,0xfd,0x14,0xfe,0x14,0xfe,0x14,0xfe,0xf4,0xfd,
  0xf4,0xfd,0xf4,0xfd,0x55,0xfe,0x34,0xfe,0xf4,0xfd,0xf4,0xfd,0x14,0xfe,0x14,0xf6,
  0x14,0xfe,0xf3,0xfd,0x34,0xfe,0xb3,0xe5,0x03,0x31,0x00,0x00,0x00,0x00,0x00,0x00,
  0x00,0x00,0x20,0x00,0x8a,0x4a,0x62,0x08,0xe4,0x18,0xc4,0x10,0x05,0x19,0x04,0x21,
  0x00,0x00,0x00,0x00,0x00,0x00,0x00,0x00,0x00,0x00,0x00,0x00,0x00,0x00,0x00,0x00,
  0x00,0x00,0x00,0x00,0x00,0x00,0x41,0x08,0xe4,0x18,0xe4,0x18,0xe4,0x18,0xe4,0x18,
  0xe4,0x18,0xe4,0x18,0xe4,0x18,0xe4,0x18,0xe4,0x18,0xe4,0x18,0xe4,0x18,0xe4,0x18,
  0xe4,0x18,0xe4,0x18,0xe4,0x18,0xe4,0x18,0xe4,0x18,0xe4,0x18,0xe4,0x18,0xe4,0x18,
  0xe4,0x18,0xe4,0x18,0xe4,0x18,0xe4,0x18,0xe4,0x18,0xe4,0x18,0xe4,0x18,0xe4,0x18,
  0xe4,0x18,0xe4,0x18,0xe4,0x18,0xe4,0x18,0xe4,0x18,0xe4,0x18,0xe4,0x18,0xe4,0x18,
  0xe4,0x18,0xe4,0x18,0xe4,0x18,0xe4,0x18,0xe4,0x18,0xe4,0x18,0xe4,0x18,0xe4,0x18,
  0xe4,0x18,0xe4,0x18,0xe4,0x18,0xe4,0x18,0xe4,0x18,0xe4,0x18,0xe4,0x18,0xe4,0x18,
  0xe4,0x18,0xe4,0x18,0xe4,0x18,0xe4,0x18,0xe4,0x18,0xe4,0x18,0xe4,0x18,0xe4,0x18,
  0xe4,0x18,0xe4,0x18,0xe4,0x18,0xe4,0x18,0xe4,0x18,0xe4,0x18,0xe4,0x18,0xe4,0x18,
  0xe4,0x18,0xe4,0x18,0xe4,0x18,0xe4,0x18,0xe4,0x18,0xe4,0x18,0xe4,0x18,0xe4,0x18,
  0xe4,0x18,0xe4,0x18,0xe4,0x18,0xe4,0x18,0xe4,0x18,0xe4,0x18,0xe4,0x18,0xe4,0x18,
  0xe4,0x18,0xe4,0x18,0xe4,0x18,0xe4,0x18,0xe4,0x18,0xe4,0x18,0xe4,0x18,0xe4,0x18,
  0xe4,0x18,0xe4,0x18,0xe4,0x18,0xe4,0x18,0xe4,0x18,0xe4,0x18,0xe4,0x18,0xe4,0x18,
  0x28,0x42,0x00,0x00,0x00,0x00,0x00,0x00,0x00,0x00,0x00,0x00,0x28,0x42,0x92,0x94,
  0x51,0x8c,0x51,0x8c,0x71,0x8c,0x71,0x8c,0x71,0x8c,0x71,0x8c,0x71,0x8c,0x51,0x8c,
  0x92,0x94,0xcf,0x7b,0x41,0x08,0x00,0x00,0x00,0x00,0x00,0x00,0x00,0x00,0xe2,0x28,
  0xb4,0xe5,0x35,0xfe,0xf3,0xfd,0x14,0xfe,0x14,0xfe,0x14,0xfe,0x14,0xfe,0xf4,0xfd,
  0x14,0xfe,0xf4,0xfd,0x14,0xfe,0x14,0xfe,0xf3,0xfd,0x13,0xfe,0xf4,0xfd,0x14,0xf6,
  0x35,0xfe,0x8f,0xbc,0xd4,0xed,0x15,0xfe,0xf4,0xfd,0x14,0xfe,0x14,0xf6,0x14,0xfe,
  0xf3,0xfd,0xf3,0xfd,0x55,0xfe,0xb0,0xbc,0x20,0x10,0x00,0x00,0x20,0x00,0x00,0x00,
  0x00,0x00,0x44,0x21,0xcb,0x5a,0xc3,0x10,0xc4,0x10,0x05,0x19,0x10,0x7c,0x44,0x29,
  0x00,0x00,0x00,0x00,0x00,0x00,0x00,0x00,0x00,0x00,0x00,0x00,0x00,0x00,0x00,0x00,
  0x00,0x00,0x00,0x00,0x41,0x00,0xe4,0x18,0xc4,0x18,0xe4,0x18,0xe4,0x18,0xe4,0x18,
  0xe4,0x18,0xe4,0x18,0xe4,0x18,0xe4,0x18,0xe4,0x18,0xe4,0x18,0xe4,0x18,0xe4,0x18,
  0xe4,0x18,0xe4,0x18,0xe4,0x18,0xe4,0x18,0xe4,0x18,0xe4,0x18,0xe4,0x18,0xe4,0x18,
  0xe4,0x18,0xe4,0x18,0xe4,0x18,0xe4,0x18,0xe4,0x18,0xe4,0x18,0xe4,0x18,0xe4,0x18,
  0xe4,0x18,0xe4,0x18,0xe4,0x18,0xe4,0x18,0xe4,0x18,0xe4,0x18,0xe4,0x18,0xe4,0x18,
  0xe4,0x18,0xe4,0x18,0xe4,0x18,0xe4,0x18,0xe4,0x18,0xe4,0x18,0xe4,0x18,0xe4,0x18,
  0xe4,0x18,0xe4,0x18,0xe4,0x18,0xe4,0x18,0xe4,0x18,0xe4,0x18,0xe4,0x18,0xe4,0x18,
  0xe4,0x18,0xe4,0x18,0xe4,0x18,0xe4,0x18,0xe4,0x18,0xe4,0x18,0xe4,0x18,0xe4,0x18,
  0xe4,0x18,0xe4,0x18,0xe4,0x18,0xe4,0x18,0xe4,0x18,0xe4,0x18,0xe4,0x18,0xe4,0x18,
  0xe4,0x18,0xe4,0x18,0xe4,0x18,0xe4,0x18,0xe4,0x18,0xe4,0x18,0xe4,0x18,0xe4,0x18,
  0xe4,0x18,0xe4,0x18,0xe4,0x18,0xe4,0x18,0xe4,0x18,0xe4,0x18,0xe4,0x18,0xe4,0x18,
  0xe4,0x18,0xe4,0x18,0xe4,0x18,0xe4,0x18,0xe4,0x18,0xe4,0x18,0xe4,0x18,0xe4,0x18,
  0xe4,0x18,0xe4,0x18,0xe4,0x18,0xe4,0x18,0xe4,0x18,0xa3,0x08,0xc8,0x39,0xc3,0x18,
  0x00,0x00,0x00,0x00,0x20,0x00,0x00,0x00,0xe3,0x18,0x51,0x8c,0x71,0x8c,0x51,0x8c,
  0x71,0x8c,0x71,0x8c,0x71,0x8c,0x71,0x8c,0x71,0x8c,0x71,0x8c,0x51,0x8c,0x92,0x94,
  0xe7,0x39,0x00,0x00,0x00,0x00,0x00,0x00,0x00,0x00,0x20,0x08,0xaf,0xb4,0x75,0xfe,
  0xf4,0xfd,0x14,0xfe,0x14,0xfe,0x14,0xfe,0xf4,0xfd,0xf4,0xfd,0xf4,0xfd,0x14,0xfe,
  0x14,0xfe,0x14,0xfe,0xf4,0xfd,0xf3,0xfd,0x14,0xfe,0xf4,0xf5,0x77,0xfe,0xcc,0x9b,
  0x00,0x08,0x0a,0x7b,0x56,0xfe,0xf4,0xfd,0x14,0xfe,0xf3,0xfd,0xf4,0xfd,0xf4,0xfd,
  0xf4,0xfd,0xf3,0xfd,0x76,0xfe,0x0a,0x7b,0x00,0x00,0x20,0x00,0x00,0x00,0x00,0x00,
  0x00,0x00,0xae,0x73,0xe4,0x18,0xe4,0x18,0xa3,0x10,0xa7,0x31,0x49,0x4a,0x82,0x08,
  0x82,0x08,0x82,0x08,0x82,0x08,0x82,0x08,0x82,0x08,0x82,0x08,0x82,0x08,0x82,0x10,
  0x82,0x08,0xa3,0x10,0xe4,0x18,0xe4,0x18,0xe4,0x18,0xe4,0x18,0xe4,0x18,0xe4,0x18,
  0xe4,0x18,0xe4,0x18,0xe4,0x18,0xe4,0x18,0xe4,0x18,0xe4,0x18,0xe4,0x18,0xe4,0x18,
  0xe4,0x18,0xe4,0x18,0xe4,0x18,0xe4,0x18,0xe4,0x18,0xe4,0x18,0xe4,0x18,0xe4,0x18,
  0xe4,0x18,0xe4,0x18,0xe4,0x18,0xe4,0x18,0xe4,0x18,0xe4,0x18,0xe4,0x18,0xe4,0x18,
  0xe4,0x18,0xe4,0x18,0xe4,0x18,0xe4,0x18,0xe4,0x18,0xe4,0x18,0xe4,0x18,0xe4,0x18,
  0xe4,0x18,0xe4,0x18,0xe4,0x18,0xe4,0x18,0xe4,0x18,0xe4,0x18,0xe4,0x18,0xe4,0x18,
  0xe4,0x18,0xe4,0x18,0xe4,0x18,0xe4,0x18,0xe4,0x18,0xe4,0x18,0xe4,0x18,0xe4,0x18,
  0xe4,0x18,0xe4,0x18,0xe4,0x18,0xe4,0x18,0xe4,0x18,0xe4,0x18,0xe4,0x18,0xe4,0x18,
  0xe4,0x18,0xe4,0x18,0xe4,0x18,0xe4,0x18,0xe4,0x18,0xe4,0x18,0xe4,0x18,0xe4,0x18,
  0xe4,0x18,0xe4,0x18,0xe4,0x18,0xe4,0x18,0xe4,0x18,0xe4,0x18,0xe4,0x18,0xe4,0x18,
  0xe4,0x18,0xe4,0x18,0xe4,0x18,0xe4,0x18,0xe4,0x18,0xe4,0x18,0xe4,0x18,0xe4,0x18,
  0xe4,0x18,0xe4,0x18,0xe4,0x18,0xe4,0x18,0xe4,0x18,0xe4,0x18,0xe4,0x18,0xe4,0x18,
  0xe4,0x18,0xe4,0x18,0xe4,0x18,0xc4,0x10,0x05,0x19,0xc7,0x39,0x20,0x00,0x00,0x00,
  0x00,0x00,0x00,0x00,0x20,0x00,0x4d,0x6b,0x92,0x94,0x51,0x8c,0x71,0x8c,0x71,0x8c,
  0x51,0x8c,0x71,0x8c,0x71,0x8c,0x71,0x8c,0x51,0x8c,0x72,0x8c,0xef,0x7b,0x61,0x08,
  0x00,0x00,0x00,0x00,0x00,0x00,0x00,0x00,0xa8,0x72,0x75,0xfe,0xf3,0xf5,0x14,0xf6,
  0x14,0xfe,0x13,0xfe,0x13,0xfe,0xf4,0xfd,0xf4,0xfd,0xf4,0xfd,0x14,0xfe,0x14,0xfe,
  0x14,0xfe,0xf4,0xfd,0xf3,0xfd,0xf4,0xf5,0x97,0xfe,0xad,0x93,0x00,0x08,0x00,0x00,
  0x20,0x10,0x32,0xd5,0x35,0xfe,0x13,0xfe,0x13,0xfe,0xf3,0xfd,0x14,0xfe,0xf4,0xfd,
  0xf3,0xfd,0x14,0xfe,0xf4,0xe5,0x03,0x31,0x00,0x00,0x00,0x00,0x00,0x00,0x00,0x00,
  0x82,0x10,0x87,0x31,0xa3,0x10,0xe4,0x18,0xa3,0x10,0x83,0x08,0xe4,0x18,0xe4,0x18,
  0xe4,0x18,0xe4,0x18,0xe4,0x18,0xe4,0x18,0xe4,0x18,0xe4,0x18,0xe4,0x18,0xe4,0x18,
  0xe4,0x18,0xe4,0x18,0xe4,0x18,0xe4,0x18,0xe4,0x18,0xe4,0x18,0xe4,0x18,0xe4,0x18,
  0xe4,0x18,0xe4,0x18,0xe4,0x18,0xe4,0x18,0xe4,0x18,0xe4,0x18,0xe4,0x18,0xe4,0x18,
  0xe4,0x18,0xe4,0x18,0xe4,0x18,0xe4,0x18,0xe4,0x18,0xe4,0x18,0xe4,0x18,0xe4,0x18,
  0xe4,0x18,0xe4,0x18,0xe4,0x18,0xe4,0x18,0xe4,0x18,0xe4,0x18,0xe4,0x18,0xe4,0x18,
  0xe4,0x18,0xe4,0x18,0xe4,0x18,0xe4,0x18,0xe4,0x18,0xe4,0x18,0xe4,0x18,0xe4,0x18,
  0xe4,0x18,0xe4,0x18,0xe4,0x18,0xe4,0x18,0xe4,0x18,0xe4,0x18,0xe4,0x18,0xe4,0x18,
  0xe4,0x18,0xe4,0x18,0xe4,0x18,0xe4,0x18,0xe4,0x18,0xe4,0x18,0xe4,0x18,0xe4,0x18,
  0xe4,0x18,0xe4,0x18,0xe4,0x18,0xe4,0x18,0xe4,0x18,0xe4,0x18,0xe4,0x18,0xe4,0x18,
  0xe4,0x18,0xe4,0x18,0xe4,0x18,0xe4,0x18,0xe4,0x18,0xe4,0x18,0xe4,0x18,0xe4,0x18,
  0xe4,0x18,0xe4,0x18,0xe4,0x18,0xe4,0x18,0xe4,0x18,0xe4,0x18,0xe4,0x18,0xe4,0x18,
  0xe4,0x18,0xe4,0x18,0xe4,0x18,0xe4,0x18,0xe4,0x18,0xe4,0x18,0xe4,0x18,0xe4,0x18,
  0xe4,0x18,0xe4,0x18,0xe4,0x18,0xe4,0x18,0xe4,0x18,0xe4,0x18,0xe4,0x18,0xe4,0x18,
  0xe4,0x18,0xe4,0x18,0xc3,0x10,0xc7,0x31,0x24,0x21,0x00,0x00,0x00,0x00,0x00,0x00,
  0x00,0x00,0x65,0x29,0x92,0x94,0x51,0x8c,0x71,0x8c,0x71,0x8c,0x71,0x8c,0x71,0x8c,
  0x71,0x8c,0x71,0x8c,0x71,0x8c,0x51,0x8c,0xb2,0x94,0x8a,0x52,0x00,0x00,0x00,0x00,
  0x00,0x00,0x00,0x00,0x82,0x18,0x53,0xdd,0x15,0xfe,0xf3,0xfd,0x14,0xfe,0x14,0xfe,
  0xf4,0xfd,0xf3,0xfd,0x13,0xfe,0x14,0xfe,0x14,0xfe,0x14,0xfe,0x14,0xfe,0xf4,0xfd,
  0xf4,0xfd,0xf4,0xfd,0x35,0xfe,0xac,0x93,0x00,0x08,0x00,0x00,0x20,0x00,0x00,0x00,
  0xea,0x7a,0x76,0xfe,0xf3,0xfd,0x13,0xfe,0x14,0xfe,0xf4,0xfd,0xf4,0xfd,0x14,0xfe,
  0xf3,0xfd,0x76,0xfe,0x0e,0xa4,0x00,0x00,0x20,0x00,0x00,0x00,0x00,0x00,0x61,0x10,
  0x08,0x3a,0xe4,0x18,0xc4,0x10,0xe4,0x18,0xe4,0x18,0xc4,0x18,0xe4,0x18,0xe4,0x18,
  0xe4,0x18,0xe4,0x18,0xe4,0x18,0xe4,0x18,0xe4,0x18,0xe4,0x18,0xe4,0x18,0xe4,0x18,
  0xe4,0x18,0xe4,0x18,0xe4,0x18,0xe4,0x18,0xe4,0x18,0xe4,0x18,0xe4,0x18,0xe4,0x18,
  0xe4,0x18,0xe4,0x18,0xe4,0x18,0xe4,0x18,0xe4,0x18,0xe4,0x18,0xe4,0x18,0xe4,0x18,
  0xe4,0x18,0xe4,0x18,0xe4,0x18,0xe4,0x18,0xe4,0x18,0xe4,0x18,0xe4,0x18,0xe4,0x18,
  0xe4,0x18,0xe4,0x18,0xe4,0x18,0xe4,0x18,0xe4,0x18,0xe4,0x18,0xe4,0x18,0xe4,0x18,
  0xe4,0x18,0xe4,0x18,0xe4,0x18,0xe4,0x18,0xe4,0x18,0xe4,0x18,0xe4,0x18,0xe4,0x18,
  0xe4,0x18,0xe4,0x18,0xe4,0x18,0xe4,0x18,0xe4,0x18,0xe4,0x18,0xe4,0x18,0xe4,0x18,
  0xe4,0x18,0xe4,0x18,0xe4,0x18,0xe4,0x18,0xe4,0x18,0xe4,0x18,0xe4,0x18,0xe4,0x18,
  0xe4,0x18,0xe4,0x18,0xe4,0x18,0xe4,0x18,0xe4,0x18,0xe4,0x18,0xe4,0x18,0xe4,0x18,
  0xe4,0x18,0xe4,0x18,0xe4,0x18,0xe4,0x18,0xe4,0x18,0xe4,0x18,0xe4,0x18,0xe4,0x18,
  0xe4,0x18,0xe4,0x18,0xe4,0x18,0xe4,0x18,0xe4,0x18,0xe4,0x18,0xe4,0x18,0xe4,0x18,
  0xe4,0x18,0xe4,0x18,0xe4,0x18,0xe4,0x18,0xe4,0x18,0xe4,0x18,0xe4,0x18,0xe4,0x18,
  0xe4,0x18,0xe4,0x18,0xe4,0x18,0xe4,0x18,0xe4,0x18,0xe4,0x18,0xe4,0x18,0xe4,0x18,
  0xe4,0x18,0xc3,0x10,0xeb,0x5a,0x00,0x00,0x00,0x00,0x00,0x00,0x00,0x00,0x00,0x00,
  0x8e,0x73,0x92,0x94,0x51,0x8c,0x71,0x8c,0x71,0x8c,0x71,0x8c,0x51,0x8c,0x71,0x8c,
  0x71,0x8c,0x71,0x8c,0x71,0x8c,0x51,0x8c,0x44,0x21,0x00,0x00,0x00,0x00,0x00,0x00,
  0x00,0x00,0x88,0x72,0x76,0xfe,0xd4,0xfd,0xf4,0xfd,0x14,0xfe,0x14,0xfe,0xf4,0xfd,
  0xf3,0xfd,0x13,0xfe,0x14,0xf6,0x14,0xfe,0x14,0xfe,0xf4,0xfd,0x14,0xfe,0x14,0xfe,
  0xf4,0xfd,0x35,0xfe,0x27,0x5a,0x00,0x00,0x00,0x00,0x20,0x00,0x00,0x00,0x85,0x41,
  0x56,0xfe,0xf3,0xfd,0x13,0xfe,0x14,0xfe,0xf4,0xfd,0x14,0xfe,0x13,0xfe,0x13,0xfe,
  0x14,0xfe,0xf5,0xf5,0x44,0x41,0x00,0x00,0x00,0x00,0x00,0x00,0x00,0x00,0x28,0x42,
  0xa7,0x31,0xa3,0x10,0xe4,0x18,0xe4,0x18,0xe4,0x18,0xe4,0x18,0xe4,0x18,0xe4,0x18,
  0xe4,0x18,0xe4,0x18,0xe4,0x18,0xe4,0x18,0xe4,0x18,0xe4,0x18,0xe4,0x18,0xe4,0x18,
  0xe4,0x18,0xe4,0x18,0xe4,0x18,0xe4,0x18,0xe4,0x18,0xe4,0x18,0xe4,0x18,0xe4,0x18,
  0xe4,0x18,0xe4,0x18,0xe4,0x18,0xe4,0x18,0xe4,0x18,0xe4,0x18,0xe4,0x18,0xe4,0x18,
  0xe4,0x18,0xe4,0x18,0xe4,0x18,0xe4,0x18,0xe4,0x18,0xe4,0x18,0xe4,0x18,0xe4,0x18,
  0xe4,0x18,0xe4,0x18,0xe4,0x18,0xe4,0x18,0xe4,0x18,0xe4,0x18,0xe4,0x18,0xe4,0x18,
  0xe4,0x18,0xe4,0x18,0xe4,0x18,0xe4,0x18,0xe4,0x18,0xe4,0x18,0xe4,0x18,0xe4,0x18,
  0xe4,0x18,0xe4,0x18,0xe4,0x18,0xe4,0x18,0xe4,0x18,0xe4,0x18,0xe4,0x18,0xe4,0x18,
  0xe4,0x18,0xe4,0x18,0xe4,0x18,0xe4,0x18,0xe4,0x18,0xe4,0x18,0xe4,0x18,0xe4,0x18,
  0xe4,0x18,0xe4,0x18,0xe4,0x18,0xe4,0x18,0xe4,0x18,0xe4,0x18,0xe4,0x18,0xe4,0x18,
  0xe4,0x18,0xe4,0x18,0xe4,0x18,0xe4,0x18,0xe4,0x18,0xe4,0x18,0xe4,0x18,0xe4,0x18,
  0xe4,0x18,0xe4,0x18,0xe4,0x18,0xe4,0x18,0xe4,0x18,0xe4,0x18,0xe4,0x18,0xe4,0x18,
  0xe4,0x18,0xe4,0x18,0xe4,0x18,0xe4,0x18,0xe4,0x18,0xe4,0x18,0xe4,0x18,0xe4,0x18,
  0xe4,0x18,0xe4,0x18,0xe4,0x18,0xe4,0x18,0xe4,0x18,0xe4,0x18,0xe4,0x18,0xc3,0x10,
  0x66,0x29,0xe3,0x18,0x00,0x00,0x00,0x00,0x00,0x00,0x00,0x00,0x45,0x29,0x72,0x8c,
  0x71,0x8c,0x71,0x8c,0x71,0x8c,0x71,0x8c,0x71,0x8c,0x72,0x8c,0x72,0x8c,0x71,0x8c,
  0x71,0x8c,0x72,0x94,0xcf,0x7b,0x40,0x00,0x00,0x00,0x00,0x00,0x00,0x00,0x00,0x08,
  0xb0,0xc4,0x55,0xfe,0xf4,0xf5,0x14,0xfe,0x14,0xfe,0x14,0xfe,0x14,0xfe,0x14,0xfe,
  0x14,0xfe,0x14,0xfe,0x14,0xfe,0xf4,0xfd,0xf4,0xfd,0xf4,0xf5,0xf4,0xfd,0xd2,0xfd,
  0x76,0xfe,0x4f,0xa4,0x00,0x00,0x20,0x00,0x00,0x00,0x00,0x00,0x44,0x31,0xf4,0xed,
  0x13,0xfe,0x14,0xfe,0xf4,0xfd,0xf4,0xfd,0x14,0xfe,0x13,0xfe,0x13,0xfe,0xf3,0xfd,
  0x76,0xfe,0xad,0x9b,0x00,0x00,0x00,0x00,0x00,0x00,0x00,0x00,0x41,0x08,0xf0,0x7b,
  0xc4,0x10,0xe4,0x18,0xe4,0x18,0xe4,0x18,0xe4,0x18,0xe4,0x18,0xe4,0x18,0xe4,0x18,
  0xe4,0x18,0xe4,0x18,0xe4,0x18,0xe4,0x18,0xe4,0x18,0xe4,0x18,0xe4,0x18,0xe4,0x18,
  0xe4,0x18,0xe4,0x18,0xe4,0x18,0xe4,0x18,0xe4,0x18,0xe4,0x18,0xe4,0x18,0xe4,0x18,
  0xe4,0x18,0xe4,0x18,0xe4,0x18,0xe4,0x18,0xe4,0x18,0xe4,0x18,0xe4,0x18,0xe4,0x18,
  0xe4,0x18,0xe4,0x18,0xe4,0x18,0xe4,0x18,0xe4,0x18,0xe4,0x18,0xe4,0x18,0xe4,0x18,
  0xe4,0x18,0xe4,0x18,0xe4,0x18,0xe4,0x18,0xe4,0x18,0xe4,0x18,0xe4,0x18,0xe4,0x18,
  0xe4,0x18,0xe4,0x18,0xe4,0x18,0xe4,0x18,0xe4,0x18,0xe4,0x18,0xe4,0x18,0xe4,0x18,
  0xe4,0x18,0xe4,0x18,0xe4,0x18,0xe4,0x18,0xe4,0x18,0xe4,0x18,0xe4,0x18,0xe4,0x18,
  0xe4,0x18,0xe4,0x18,0xe4,0x18,0xe4,0x18,0xe4,0x18,0xe4,0x18,0xe4,0x18,0xe4,0x18,
  0xe4,0x18,0xe4,0x18,0xe4,0x18,0xe4,0x18,0xe4,0x18,0xe4,0x18,0xe4,0x18,0xe4,0x18,
  0xe4,0x18,0xe4,0x18,0xe4,0x18,0xe4,0x18,0xe4,0x18,0xe4,0x18,0xe4,0x18,0xe4,0x18,
  0xe4,0x18,0xe4,0x18,0xe4,0x18,0xe4,0x18,0xe4,0x18,0xe4,0x18,0xe4,0x18,0xe4,0x18,
  0xe4,0x18,0xe4,0x18,0xe4,0x18,0xe4,0x18,0xe4,0x18,0xe4,0x18,0xe4,0x18,0xe4,0x18,
  0xe4,0x18,0xe4,0x18,0xe4,0x18,0xe4,0x18,0xe4,0x18,0xe4,0x18,0x83,0x08,0x08,0x42,
  0x24,0x21,0x00,0x00,0x00,0x00,0x00,0x00,0x00,0x00,0xec,0x5a,0xb2,0x94,0x51,0x8c,
  0x71,0x8c,0x71,0x8c,0x71,0x8c,0x71,0x8c,0x51,0x8c,0x51,0x8c,0x51,0x8c,0x71,0x84,
  0xb2,0x94,0x8a,0x52,0x00,0x00,0x00,0x00,0x00,0x00,0x00,0x00,0xe3,0x28,0xf4,0xed,
  0x14,0xfe,0x14,0xfe,0x14,0xfe,0xf4,0xfd,0xf4,0xfd,0x14,0xfe,0x14,0xfe,0x14,0xfe,
  0x14,0xfe,0x13,0xfe,0x13,0xfe,0xf4,0xfd,0x55,0xfe,0x14,0xfe,0xf3,0xfd,0x96,0xfe,
  0x6b,0x83,0x00,0x00,0x20,0x00,0x00,0x00,0x00,0x00,0x44,0x31,0x14,0xf6,0x14,0xfe,
  0xf4,0xfd,0xf4,0xfd,0xf4,0xfd,0x14,0xfe,0x14,0xfe,0x13,0xfe,0xf4,0xfd,0x14,0xfe,
  0xd4,0xe5,0xa2,0x20,0x00,0x00,0x00,0x00,0x00,0x00,0x00,0x00,0x6a,0x4a,0xa3,0x10,
  0xe4,0x18,0xe4,0x18,0xe4,0x18,0xe4,0x18,0xe4,0x18,0xe4,0x18,0xe4,0x18,0xe4,0x18,
  0xe4,0x18,0xe4,0x18,0xe4,0x18,0xe4,0x18,0xe4,0x18,0xe4,0x18,0xe4,0x18,0xe4,0x18,
  0xe4,0x18,0xe4,0x18,0xe4,0x18,0xe4,0x18,0xe4,0x18,0xe4,0x18,0xe4,0x18,0xe4,0x18,
  0xe4,0x18,0xe4,0x18,0xe4,0x18,0xe4,0x18,0xe4,0x18,0xe4,0x18,0xe4,0x18,0xe4,0x18,
  0xe4,0x18,0xe4,0x18,0xe4,0x18,0xe4,0x18,0xe4,0x18,0xe4,0x18,0xe4,0x18,0xe4,0x18,
  0xe4,0x18,0xe4,0x18,0xe4,0x18,0xe4,0x18,0xe4,0x18,0xe4,0x18,0xe4,0x18,0xe4,0x18,
  0xe4,0x18,0xe4,0x18,0xe4,0x18,0xe4,0x18,0xe4,0x18,0xe4,0x18,0xe4,0x18,0xe4,0x18,
  0xe4,0x18,0xe4,0x18,0xe4,0x18,0xe4,0x18,0xe4,0x18,0xe4,0x18,0xe4,0x18,0xe4,0x18,
  0xe4,0x18,0xe4,0x18,0xe4,0x18,0xe4,0x18,0xe4,0x18,0xe4,0x18,0xe4,0x18,0xe4,0x18,
  0xe4,0x18,0xe4,0x18,0xe4,0x18,0xe4,0x18,0xe4,0x18,0xe4,0x18,0xe4,0x18,0xe4,0x18,
  0xe4,0x18,0xe4,0x18,0xe4,0x18,0xe4,0x18,0xe4,0x18,0xe4,0x18,0xe4,0x18,0xe4,0x18,
  0xe4,0x18,0xe4,0x18,0xe4,0x18,0xe4,0x18,0xe4,0x18,0xe4,0x18,0xe4,0x18,0xe4,0x18,
  0xe4,0x18,0xe4,0x18,0xe4,0x18,0xe4,0x18,0xe4,0x18,0xe4,0x18,0xe4,0x18,0xe4,0x18,
  0xe4,0x18,0xe4,0x18,0xe4,0x18,0xe4,0x18,0xc4,0x10,0x25,0x21,0xa6,0x31,0x00,0x00,
  0x00,0x00,0x00,0x00,0x00,0x00,0xa2,0x10,0x10,0x84,0x72,0x8c,0x51,0x8c,0x71,0x8c,
  0x71,0x8c,0x71,0x8c,0x71,0x8c,0x71,0x8c,0x52,0x8c,0x51,0x8c,0x71,0x8c,0x71,0x8c,
  0x04,0x21,0x00,0x00,0x00,0x00,0x00,0x00,0x00,0x00,0xea,0x72,0x55,0xfe,0xf4,0xfd,
  0xf4,0xfd,0x14,0xfe,0x14,0xfe,0xf4,0xfd,0x14,0xfe,0x14,0xfe,0x14,0xfe,0x14,0xfe,
  0x14,0xfe,0x14,0xfe,0x35,0xfe,0xd0,0xc4,0x93,0xe5,0x35,0xf6,0x8f,0xac,0x81,0x18,
  0x00,0x00,0x00,0x00,0x20,0x00,0x00,0x00,0xe6,0x51,0x76,0xfe,0xf3,0xf5,0x14,0xf6,
  0xf4,0xfd,0xf4,0xfd,0x14,0xfe,0xf4,0xfd,0xf4,0xfd,0x14,0xfe,0xf4,0xfd,0x56,0xfe,
  0x89,0x6a,0x00,0x00,0x20,0x00,0x00,0x00,0x00,0x00,0xc3,0x18,0xa7,0x31,0xa3,0x10,
  0xe4,0x18,0xe4,0x18,0xe4,0x18,0xe4,0x18,0xe4,0x18,0xe4,0x18,0xe4,0x18,0xe4,0x18,
  0xe4,0x18,0xe4,0x18,0xe4,0x18,0xe4,0x18,0xe4,0x18,0xe4,0x18,0xe4,0x18,0xe4,0x18,
  0xe4,0x18,0xe4,0x18,0xe4,0x18,0xe4,0x18,0xe4,0x18,0xe4,0x18,0xe4,0x18,0xe4,0x18,
  0xe4,0x18,0xe4,0x18,0xe4,0x18,0xe4,0x18,0xe4,0x18,0xe4,0x18,0xe4,0x18,0xe4,0x18,
  0xe4,0x18,0xe4,0x18,0xe4,0x18,0xe4,0x18,0xe4,0x18,0xe4,0x18,0xe4,0x18,0xe4,0x18,
  0xe4,0x18,0xe4,0x18,0xe4,0x18,0xe4,0x18,0xe4,0x18,0xe4,0x18,0xe4,0x18,0xe4,0x18,
  0xe4,0x18,0xe4,0x18,0xe4,0x18,0xe4,0x18,0xe4,0x18,0xe4,0x18,0xe4,0x18,0xe4,0x18,
  0xe4,0x18,0xe4,0x18,0xe4,0x18,0xe4,0x18,0xe4,0x18,0xe4,0x18,0xe4,0x18,0xe4,0x18,
  0xe4,0x18,0xe4,0x18,0xe4,0x18,0xe4,0x18,0xe4,0x18,0xe4,0x18,0xe4,0x18,0xe4,0x18,
  0xe4,0x18,0xe4,0x18,0xe4,0x18,0xe4,0x18,0xe4,0x18,0xe4,0x18,0xe4,0x18,0xe4,0x18,
  0xe4,0x18,0xe4,0x18,0xe4,0x18,0xe4,0x18,0xe4,0x18,0xe4,0x18,0xe4,0x18,0xe4,0x18,
  0xe4,0x18,0xe4,0x18,0xe4,0x18,0xe4,0x18,0xe4,0x18,0xe4,0x18,0xe4,0x18,0xe4,0x18,
  0xe4,0x18,0xe4,0x18,0xe4,0x18,0xe4,0x18,0xe4,0x18,0xe4,0x18,0xe4,0x18,0xe4,0x18,
  0xe4,0x18,0xe4,0x18,0xe4,0x18,0xa3,0x10,0x87,0x29,0xcb,0x5a,0x00,0x00,0x20,0x00,
  0x00,0x00,0x00,0x00,0xa6,0x31,0xb2,0x94,0x51,0x8c,0x71,0x8c,0x71,0x8c,0x71,0x8c,
  0x71,0x8c,0x71,0x8c,0x71,0x8c,0x51,0x8c,0x51,0x8c,0xb2,0x94,0x0c,0x5b,0x00,0x00,
  0x00,0x00,0x00,0x00,0x00,0x00,0x20,0x08,0x90,0xbc,0x55,0xfe,0xf4,0xfd,0x14,0xfe,
  0xf4,0xfd,0xf4,0xfd,0xf4,0xfd,0x14,0xfe,0x14,0xfe,0x14,0xfe,0x14,0xfe,0xf4,0xfd,
  0x76,0xfe,0xcd,0x9b,0x00,0x08,0x03,0x31,0x65,0x39,0x00,0x00,0x00,0x00,0x00,0x00,
  0x00,0x00,0x00,0x00,0x00,0x00,0xac,0x9b,0x55,0xfe,0xf3,0xf5,0x14,0xfe,0xf4,0xfd,
  0x14,0xfe,0x14,0xfe,0xf4,0xfd,0xf4,0xfd,0x14,0xfe,0xf3,0xfd,0x56,0xfe,0x6f,0xb4,
  0x00,0x00,0x00,0x00,0x21,0x00,0x00,0x00,0x65,0x29,0xcb,0x52,0x82,0x08,0xe4,0x18,
  0xe4,0x18,0xe4,0x18,0xe4,0x18,0xe4,0x18,0xe4,0x18,0xe4,0x18,0xe4,0x18,0xe4,0x18,
  0xe4,0x18,0xe4,0x18,0xe4,0x18,0xe4,0x18,0xe4,0x18,0xe4,0x18,0xe4,0x18,0xe4,0x18,
  0xe4,0x18,0xe4,0x18,0xe4,0x18,0xe4,0x18,0xe4,0x18,0xe4,0x18,0xe4,0x18,0xe4,0x18,
  0xe4,0x18,0xe4,0x18,0xe4,0x18,0xe4,0x18,0xe4,0x18,0xe4,0x18,0xe4,0x18,0xe4,0x18,
  0xe4,0x18,0xe4,0x18,0xe4,0x18,0xe4,0x18,0xe4,0x18,0xe4,0x18,0xe4,0x18,0xe4,0x18,
  0xe4,0x18,0xe4,0x18,0xe4,0x18,0xe4,0x18,0xe4,0x18,0xe4,0x18,0xe4,0x18,0xe4,0x18,
  0xe4,0x18,0xe4,0x18,0xe4,0x18,0xe4,0x18,0xe4,0x18,0xe4,0x18,0xe4,0x18,0xe4,0x18,
  0xe4,0x18,0xe4,0x18,0xe4,0x18,0xe4,0x18,0xe4,0x18,0xe4,0x18,0xe4,0x18,0xe4,0x18,
  0xe4,0x18,0xe4,0x18,0xe4,0x18,0xe4,0x18,0xe4,0x18,0xe4,0x18,0xe4,0x18,0xe4,0x18,
  0xe4,0x18,0xe4,0x18,0xe4,0x18,0xe4,0x18,0xe4,0x18,0xe4,0x18,0xe4,0x18,0xe4,0x18,
  0xe4,0x18,0xe4,0x18,0xe4,0x18,0xe4,0x18,0xe4,0x18,0xe4,0x18,0xe4,0x18,0xe4,0x18,
  0xe4,0x18,0xe4,0x18,0xe4,0x18,0xe4,0x18,0xe4,0x18,0xe4,0x18,0xe4,0x18,0xe4,0x18,
  0xe4,0x18,0xe4,0x18,0xe4,0x18,0xe4,0x18,0xe4,0x18,0xe4,0x18,0xe4,0x18,0xe4,0x18,
  0xe4,0x18,0xe4,0x18,0xe4,0x18,0xc4,0x10,0xc3,0x18,0x00,0x00,0x00,0x00,0x00,0x00,
  0x00,0x00,0xcb,0x5a,0x92,0x94,0x71,0x8c,0x51,0x8c,0x71,0x8c,0x71,0x8c,0x51,0x8c,
  0x71,0x8c,0x71,0x8c,0x51,0x8c,0x92,0x8c,0x31,0x84,0xe3,0x18,0x00,0x00,0x00,0x00,
  0x01,0x00,0x00,0x00,0x84,0x41,0x15,0xf6,0xf4,0xfd,0x14,0xfe,0x14,0xfe,0xf4,0xfd,
  0xf4,0xfd,0xf4,0xfd,0x14,0xfe,0x14,0xfe,0x14,0xfe,0x14,0xfe,0x77,0xfe,0xcd,0x9b,
  0x00,0x08,0x00,0x00,0x00,0x00,0x00,0x00,0x00,0x00,0x00,0x00,0x00,0x00,0x00,0x00,
  0x00,0x00,0xc2,0x28,0xb4,0xe5,0x14,0xfe,0xf4,0xfd,0x14,0xfe,0xf4,0xfd,0x14,0xfe,
  0x14,0xf6,0xf4,0xfd,0xf4,0xfd,0x14,0xfe,0xf4,0xfd,0x34,0xfe,0x72,0xdd,0xc2,0x20,
  0x00,0x00,0x01,0x00,0x00,0x00,0x40,0x08,0xe3,0x18,0xc4,0x10,0xe4,0x18,0xe4,0x18,
  0xe4,0x18,0xe4,0x18,0xe4,0x18,0xe4,0x18,0xe4,0x18,0xe4,0x18,0xe4,0x18,0xe4,0x18,
  0xe4,0x18,0xe4,0x18,0xe4,0x18,0xe4,0x18,0xe4,0x18,0xe4,0x18,0xe4,0x18,0xe4,0x18,
  0xe4,0x18,0xe4,0x18,0xe4,0x18,0xe4,0x18,0xe4,0x18,0xe4,0x18,0xe4,0x18,0xe4,0x18,
  0xe4,0x18,0xe4,0x18,0xe4,0x18,0xe4,0x18,0xe4,0x18,0xe4,0x18,0xe4,0x18,0xe4,0x18,
  0xe4,0x18,0xe4,0x18,0xe4,0x18,0xe4,0x18,0xe4,0x18,0xe4,0x18,0xe4,0x18,0xe4,0x18,
  0xe4,0x18,0xe4,0x18,0xe4,0x18,0xe4,0x18,0xe4,0x18,0xe4,0x18,0xe4,0x18,0xe4,0x18,
  0xe4,0x18,0xe4,0x18,0xe4,0x18,0xe4,0x18,0xe4,0x18,0xe4,0x18,0xe4,0x18,0xe4,0x18,
  0xe4,0x18,0xe4,0x18,0xe4,0x18,0xe4,0x18,0xe4,0x18,0xe4,0x18,0xe4,0x18,0xe4,0x18,
  0xe4,0x18,0xe4,0x18,0xe4,0x18,0xe4,0x18,0xe4,0x18,0xe4,0x18,0xe4,0x18,0xe4,0x18,
  0xe4,0x18,0xe4,0x18,0xe4,0x18,0xe4,0x18,0xe4,0x18,0xe4,0x18,0xe4,0x18,0xe4,0x18,
  0xe4,0x18,0xe4,0x18,0xe4,0x18,0xe4,0x18,0xe4,0x18,0xe4,0x18,0xe4,0x18,0xe4,0x18,
  0xe4,0x18,0xe4,0x18,0xe4,0x18,0xe4,0x18,0xe4,0x18,0xe4,0x18,0xe4,0x18,0xe4,0x18,
  0xe4,0x18,0xe4,0x18,0xe4,0x18,0xe4,0x18,0xe4,0x18,0xe4,0x18,0xe4,0x18,0xe4,0x18,
  0xe4,0x18,0xa3,0x10,0x8e,0x6b,0x82,0x10,0x00,0x00,0x00,0x00,0x00,0x00,0x00,0x00,
  0xae,0x73,0x92,0x94,0x51,0x8c,0x51,0x8c,0x71,0x8c,0x71,0x8c,0x71,0x8c,0x71,0x8c,
  0x71,0x8c,0x71,0x84,0x92,0x94,0x08,0x42,0x00,0x00,0x00,0x00,0x00,0x00,0x00,0x00,
  0x00,0x00,0x2e,0xa4,0x55,0xfe,0xf3,0xfd,0xf4,0xfd,0xf4,0xfd,0xf4,0xfd,0xf4,0xfd,
  0x14,0xfe,0xf4,0xfd,0x14,0xfe,0xf4,0xfd,0x34,0xfe,0x6b,0x93,0x20,0x00,0x20,0x00,
  0x00,0x00,0x00,0x00,0x20,0x00,0x00,0x00,0x00,0x00,0x20,0x00,0x00,0x00,0x00,0x08,
  0x4f,0xb4,0x55,0xfe,0xd3,0xfd,0x14,0xfe,0x14,0xfe,0xf4,0xfd,0x14,0xfe,0x14,0xf6,
  0xf4,0xfd,0xf4,0xfd,0xf4,0xfd,0x14,0xfe,0xf3,0xfd,0x55,0xfe,0xc5,0x49,0x00,0x00,
  0x01,0x00,0x00,0x00,0x00,0x00,0x0c,0x5b,0x87,0x29,0xa3,0x10,0xe4,0x18,0xe4,0x18,
  0xe4,0x18,0xe4,0x18,0xe4,0x18,0xe4,0x18,0xe4,0x18,0xe4,0x18,0xe4,0x18,0xe4,0x18,
  0xe4,0x18,0xe4,0x18,0xe4,0x18,0xe4,0x18,0xe4,0x18,0xe4,0x18,0xe4,0x18,0xe4,0x18,
  0xe4,0x18,0xe4,0x18,0xe4,0x18,0xe4,0x18,0xe4,0x18,0xe4,0x18,0xe4,0x18,0xe4,0x18,
  0xe4,0x18,0xe4,0x18,0xe4,0x18,0xe4,0x18,0xe4,0x18,0xe4,0x18,0xe4,0x18,0xe4,0x18,
  0xe4,0x18,0xe4,0x18,0xe4,0x18,0xe4,0x18,0xe4,0x18,0xe4,0x18,0xe4,0x18,0xe4,0x18,
  0xe4,0x18,0xe4,0x18,0xe4,0x18,0xe4,0x18,0xe4,0x18,0xe4,0x18,0xe4,0x18,0xe4,0x18,
  0xe4,0x18,0xe4,0x18,0xe4,0x18,0xe4,0x18,0xe4,0x18,0xe4,0x18,0xe4,0x18,0xe4,0x18,
  0xe4,0x18,0xe4,0x18,0xe4,0x18,0xe4,0x18,0xe4,0x18,0xe4,0x18,0xe4,0x18,0xe4,0x18,
  0xe4,0x18,0xe4,0x18,0xe4,0x18,0xe4,0x18,0xe4,0x18,0xe4,0x18,0xe4,0x18,0xe4,0x18,
  0xe4,0x18,0xe4,0x18,0xe4,0x18,0xe4,0x18,0xe4,0x18,0xe4,0x18,0xe4,0x18,0xe4,0x18,
  0xe4,0x18,0xe4,0x18,0xe4,0x18,0xe4,0x18,0xe4,0x18,0xe4,0x18,0xe4,0x18,0xe4,0x18,
  0xe4,0x18,0xe4,0x18,0xe4,0x18,0xe4,0x18,0xe4,0x18,0xe4,0x18,0xe4,0x18,0xe4,0x18,
  0xe4,0x18,0xe4,0x18,0xe4,0x18,0xe4,0x18,0xe4,0x18,0xe4,0x18,0xe4,0x18,0xe4,0x18,
  0xa3,0x10,0x4d,0x6b,0x61,0x08,0x00,0x00,0x00,0x00,0x00,0x00,0x82,0x10,0x50,0x8c,
  0x71,0x8c,0x71,0x8c,0x71,0x8c,0x71,0x8c,0x71,0x8c,0x71,0x8c,0x71,0x8c,0x51,0x84,
  0xd2,0x8c,0xcb,0x5a,0x00,0x00,0x00,0x00,0x00,0x00,0x20,0x00,0x00,0x00,0x85,0x49,
  0x15,0xf6,0x14,0xfe,0x14,0xfe,0x14,0xfe,0x14,0xfe,0x14,0xfe,0x14,0xfe,0x14,0xfe,
  0xf4,0xfd,0x14,0xfe,0xf4,0xfd,0x14,0xfe,0x06,0x62,0x00,0x00,0x00,0x00,0x00,0x00,
  0x20,0x00,0x20,0x00,0x20,0x00,0x00,0x00,0x00,0x00,0x41,0x10,0xee,0x9b,0x56,0xfe,
  0xf4,0xfd,0xf4,0xfd,0xf3,0xfd,0x13,0xfe,0x13,0xfe,0x14,0xfe,0x14,0xf6,0x14,0xfe,
  0x13,0xfe,0xf4,0xfd,0xf4,0xfd,0xd3,0xfd,0x75,0xfe,0xc9,0x72,0x00,0x00,0x00,0x00,
  0x00,0x00,0x00,0x00,0xeb,0x5a,0x86,0x29,0xa3,0x10,0xe4,0x18,0xe4,0x18,0xe4,0x18,
  0xe4,0x18,0xe4,0x18,0xe4,0x18,0xe4,0x18,0xe4,0x18,0xe4,0x18,0xe4,0x18,0xe4,0x18,
  0xe4,0x18,0xe4,0x18,0xe4,0x18,0xe4,0x18,0xe4,0x18,0xe4,0x18,0xe4,0x18,0xe4,0x18,
  0xe4,0x18,0xe4,0x18,0xe4,0x18,0xe4,0x18,0xe4,0x18,0xe4,0x18,0xe4,0x18,0xe4,0x18,
  0xe4,0x18,0xe4,0x18,0xe4,0x18,0xe4,0x18,0xe4,0x18,0xe4,0x18,0xe4,0x18,0xe4,0x18,
  0xe4,0x18,0xe4,0x18,0xe4,0x18,0xe4,0x18,0xe4,0x18,0xe4,0x18,0xe4,0x18,0xe4,0x18,
  0xe4,0x18,0xe4,0x18,0xe4,0x18,0xe4,0x18,0xe4,0x18,0xe4,0x18,0xe4,0x18,0xe4,0x18,
  0xe4,0x18,0xe4,0x18,0xe4,0x18,0xe4,0x18,0xe4,0x18,0xe4,0x18,0xe4,0x18,0xe4,0x18,
  0xe4,0x18,0xe4,0x18,0xe4,0x18,0xe4,0x18,0xe4,0x18,0xe4,0x18,0xe4,0x18,0xe4,0x18,
  0xe4,0x18,0xe4,0x18,0xe4,0x18,0xe4,0x18,0xe4,0x18,0xe4,0x18,0xe4,0x18,0xe4,0x18,
  0xe4,0x18,0xe4,0x18,0xe4,0x18,0xe4,0x18,0xe4,0x18,0xe4,0x18,0xe4,0x18,0xe4,0x18,
  0xe4,0x18,0xe4,0x18,0xe4,0x18,0xe4,0x18,0xe4,0x18,0xe4,0x18,0xe4,0x18,0xe4,0x18,
  0xe4,0x18,0xe4,0x18,0xe4,0x18,0xe4,0x18,0xe4,0x18,0xe4,0x18,0xe4,0x18,0xe4,0x18,
  0xe4,0x18,0xe4,0x18,0xe4,0x18,0xe4,0x18,0xe4,0x18,0xe4,0x18,0xe4,0x18,0xc3,0x10,
  0x28,0x42,0x40,0x08,0x00,0x00,0x00,0x00,0x00,0x00,0x45,0x29,0x51,0x8c,0x71,0x8c,
  0x71,0x8c,0x71,0x8c,0x51,0x8c,0x71,0x8c,0x51,0x8c,0x51,0x8c,0xb2,0x94,0x4c,0x63,
  0x20,0x08,0x00,0x00,0x00,0x00,0x00,0x00,0x00,0x00,0x20,0x10,0xb0,0xc4,0x35,0xfe,
  0xf3,0xfd,0x14,0xfe,0x14,0xfe,0x14,0xfe,0x14,0xfe,0x14,0xfe,0x14,0xfe,0x14,0xfe,
  0x14,0xfe,0x13,0xfe,0x14,0xfe,0x35,0xf6,0xcd,0x9b,0x04,0x31,0x20,0x08,0x00,0x00,
  0x00,0x00,0x00,0x00,0x61,0x18,0xe6,0x59,0xf1,0xcc,0x56,0xfe,0xf4,0xfd,0xf3,0xfd,
  0xf4,0xfd,0x14,0xfe,0x13,0xfe,0xf4,0xfd,0x14,0xfe,0x14,0xfe,0xf3,0xfd,0x13,0xfe,
  0x14,0xfe,0xf4,0xfd,0xf4,0xfd,0x55,0xfe,0xcc,0x93,0x00,0x00,0x00,0x00,0x00,0x00,
  0x00,0x00,0xc6,0x31,0x25,0x21,0xc3,0x10,0xe4,0x18,0xe4,0x18,0xe4,0x18,0xe4,0x18,
  0xe4,0x18,0xe4,0x18,0xe4,0x18,0xe4,0x18,0xe4,0x18,0xe4,0x18,0xe4,0x18,0xe4,0x18,
  0xe4,0x18,0xe4,0x18,0xe4,0x18,0xe4,0x18,0xe4,0x18,0xe4,0x18,0xe4,0x18,0xe4,0x18,
  0xe4,0x18,0xe4,0x18,0xe4,0x18,0xe4,0x18,0xe4,0x18,0xe4,0x18,0xe4,0x18,0xe4,0x18,
  0xe4,0x18,0xe4,0x18,0xe4,0x18,0xe4,0x18,0xe4,0x18,0xe4,0x18,0xe4,0x18,0xe4,0x18,
  0xe4,0x18,0xe4,0x18,0xe4,0x18,0xe4,0x18,0xe4,0x18,0xe4,0x18,0xe4,0x18,0xe4,0x18,
  0xe4,0x18,0xe4,0x18,0xe4,0x18,0xe4,0x18,0xe4,0x18,0xe4,0x18,0xe4,0x18,0xe4,0x18,
  0xe4,0x18,0xe4,0x18,0xe4,0x18,0xe4,0x18,0xe4,0x18,0xe4,0x18,0xe4,0x18,0xe4,0x18,
  0xe4,0x18,0xe4,0x18,0xe4,0x18,0xe4,0x18,0xe4,0x18,0xe4,0x18,0xe4,0x18,0xe4,0x18,
  0xe4,0x18,0xe4,0x18,0xe4,0x18,0xe4,0x18,0xe4,0x18,0xe4,0x18,0xe4,0x18,0xe4,0x18,
  0xe4,0x18,0xe4,0x18,0xe4,0x18,0xe4,0x18,0xe4,0x18,0xe4,0x18,0xe4,0x18,0xe4,0x18,
  0xe4,0x18,0xe4,0x18,0xe4,0x18,0xe4,0x18,0xe4,0x18,0xe4,0x18,0xe4,0x18,0xe4,0x18,
  0xe4,0x18,0xe4,0x18,0xe4,0x18,0xe4,0x18,0xe4,0x18,0xe4,0x18,0xe4,0x18,0xe4,0x18,
  0xe4,0x18,0xe4,0x18,0xe4,0x18,0xe4,0x18,0xe4,0x18,0xe4,0x18,0xc4,0x10,0x65,0x29,
  0x20,0x00,0x00,0x00,0x00,0x00,0x00,0x00,0xc7,0x39,0x92,0x94,0x51,0x8c,0x51,0x8c,
  0x51,0x8c,0x71,0x8c,0x51,0x8c,0x51,0x8c,0xb2,0x94,0x2c,0x63,0x41,0x08,0x00,0x00,
  0x00,0x00,0x00,0x00,0x20,0x00,0x00,0x00,0x0a,0x83,0x56,0xfe,0xf4,0xfd,0x14,0xfe,
  0x14,0xfe,0x14,0xfe,0x14,0xfe,0x14,0xfe,0x14,0xfe,0x14,0xfe,0x14,0xfe,0x14,0xfe,
  0xf3,0xfd,0x13,0xfe,0x14,0xfe,0x56,0xfe,0xf5,0xed,0x8f,0xbc,0xcd,0xa3,0xad,0x9b,
  0x0e,0xa4,0x31,0xcd,0x55,0xfe,0x35,0xfe,0xf4,0xfd,0xf3,0xfd,0x13,0xfe,0x14,0xfe,
  0xf4,0xfd,0xf3,0xfd,0xf4,0xfd,0xf5,0xfd,0xf4,0xfd,0x13,0xfe,0x13,0xfe,0xf4,0xfd,
  0x15,0xfe,0xf4,0xfd,0x54,0xfe,0x8f,0xb4,0x00,0x08,0x00,0x00,0x00,0x00,0x00,0x00,
  0x04,0x19,0x04,0x19,0xc4,0x10,0xe4,0x18,0xe4,0x18,0xe4,0x18,0xe4,0x18,0xe4,0x18,
  0xe4,0x18,0xe4,0x18,0xe4,0x18,0xe4,0x18,0xe4,0x18,0xe4,0x18,0xe4,0x18,0xe4,0x18,
  0xe4,0x18,0xe4,0x18,0xe4,0x18,0xe4,0x18,0xe4,0x18,0xe4,0x18,0xe4,0x18,0xe4,0x18,
  0xe4,0x18,0xe4,0x18,0xe4,0x18,0xe4,0x18,0xe4,0x18,0xe4,0x18,0xe4,0x18,0xe4,0x18,
  0xe4,0x18,0xe4,0x18,0xe4,0x18,0xe4,0x18,0xe4,0x18,0xe4,0x18,0xe4,0x18,0xe4,0x18,
  0xe4,0x18,0xe4,0x18,0xe4,0x18,0xe4,0x18,0xe4,0x18,0xe4,0x18,0xe4,0x18,0xe4,0x18,
  0xe4,0x18,0xe4,0x18,0xe4,0x18,0xe4,0x18,0xe4,0x18,0xe4,0x18,0xe4,0x18,0xe4,0x18,
  0xe4,0x18,0xe4,0x18,0xe4,0x18,0xe4,0x18,0xe4,0x18,0xe4,0x18,0xe4,0x18,0xe4,0x18,
  0xe4,0x18,0xe4,0x18,0xe4,0x18,0xe4,0x18,0xe4,0x18,0xe4,0x18,0xe4,0x18,0xe4,0x18,
  0xe4,0x18,0xe4,0x18,0xe4,0x18,0xe4,0x18,0xe4,0x18,0xe4,0x18,0xe4,0x18,0xe4,0x18,
  0xe4,0x18,0xe4,0x18,0xe4,0x18,0xe4,0x18,0xe4,0x18,0xe4,0x18,0xe4,0x18,0xe4,0x18,
  0xe4,0x18,0xe4,0x18,0xe4,0x18,0xe4,0x18,0xe4,0x18,0xe4,0x18,0xe4,0x18,0xe4,0x18,
  0xe4,0x18,0xe4,0x18,0xe4,0x18,0xe4,0x18,0xe4,0x18,0xe4,0x18,0xe4,0x18,0xe4,0x18,
  0xe4,0x18,0xe4,0x18,0xe4,0x18,0xe4,0x18,0xe4,0x18,0xe4,0x18,0xc3,0x18,0x00,0x00,
  0x00,0x00,0x00,0x00,0x00,0x00,0x28,0x42,0x92,0x94,0x51,0x8c,0x71,0x8c,0x51,0x8c,
  0x51,0x8c,0x92,0x8c,0x92,0x94,0xab,0x52,0x20,0x00,0x00,0x00,0x00,0x00,0x00,0x00,
  0x00,0x00,0x00,0x00,0xe6,0x49,0x16,0xf6,0xf4,0xfd,0xf3,0xfd,0x14,0xfe,0xf4,0xfd,
  0x14,0xfe,0x14,0xfe,0x14,0xfe,0xf4,0xfd,0xf4,0xfd,0xf4,0xfd,0x14,0xfe,0x14,0xfe,
  0x14,0xfe,0xf3,0xfd,0xf4,0xfd,0x14,0xfe,0x55,0xfe,0x75,0xfe,0x76,0xfe,0x76,0xfe,
  0x35,0xfe,0xf4,0xfd,0xf4,0xfd,0xf4,0xfd,0xf3,0xfd,0x13,0xfe,0x14,0xf6,0x14,0xfe,
  0x13,0xfe,0xf4,0xfd,0xf5,0xfd,0xf4,0xfd,0xf3,0xfd,0x13,0xfe,0xf4,0xfd,0xf5,0xfd,
  0xf4,0xfd,0x34,0xfe,0x11,0xc5,0x00,0x10,0x00,0x00,0x00,0x00,0x00,0x00,0x82,0x10,
  0xe4,0x18,0xc4,0x10,0xe4,0x18,0xe4,0x18,0xe4,0x18,0xe4,0x18,0xe4,0x18,0xe4,0x18,
  0xe4,0x18,0xe4,0x18,0xe4,0x18,0xe4,0x18,0xe4,0x18,0xe4,0x18,0xe4,0x18,0xe4,0x18,
  0xe4,0x18,0xe4,0x18,0xe4,0x18,0xe4,0x18,0xe4,0x18,0xe4,0x18,0xe4,0x18,0xe4,0x18,
  0xe4,0x18,0xe4,0x18,0xe4,0x18,0xe4,0x18,0xe4,0x18,0xe4,0x18,0xe4,0x18,0xe4,0x18,
  0xe4,0x18,0xe4,0x18,0xe4,0x18,0xe4,0x18,0xe4,0x18,0xe4,0x18,0xe4,0x18,0xe4,0x18,
  0xe4,0x18,0xe4,0x18,0xe4,0x18,0xe4,0x18,0xe4,0x18,0xe4,0x18,0xe4,0x18,0xe4,0x18,
  0xe4,0x18,0xe4,0x18,0xe4,0x18,0xe4,0x18,0xe4,0x18,0xe4,0x18,0xe4,0x18,0xe4,0x18,
  0xe4,0x18,0xe4,0x18,0xe4,0x18,0xe4,0x18,0xe4,0x18,0xe4,0x18,0xe4,0x18,0xe4,0x18,
  0xe4,0x18,0xe4,0x18,0xe4,0x18,0xe4,0x18,0xe4,0x18,0xe4,0x18,0xe4,0x18,0xe4,0x18,
  0xe4,0x18,0xe4,0x18,0xe4,0x18,0xe4,0x18,0xe4,0x18,0xe4,0x18,0xe4,0x18,0xe4,0x18,
  0xe4,0x18,0xe4,0x18,0xe4,0x18,0xe4,0x18,0xe4,0x18,0xe4,0x18,0xe4,0x18,0xe4,0x18,
  0xe4,0x18,0xe4,0x18,0xe4,0x18,0xe4,0x18,0xe4,0x18,0xe4,0x18,0xe4,0x18,0xe4,0x18,
  0xe4,0x18,0xe4,0x18,0xe4,0x18,0xe4,0x18,0xe4,0x18,0xe4,0x18,0xe4,0x18,0xe4,0x18,
  0xe4,0x18,0xe4,0x18,0xe4,0x18,0xe4,0x18,0xe4,0x18,0x82,0x10,0x00,0x00,0x00,0x00,
  0x00,0x00,0x00,0x00,0x69,0x4a,0xb2,0x94,0x51,0x84,0x51,0x8c,0x72,0x8c,0xb2,0x94,
  0xf0,0x7b,0xa6,0x31,0x00,0x00,0x00,0x00,0x00,0x00,0x00,0x00,0x00,0x00,0x00,0x00,
  0x24,0x39,0xb4,0xe5,0x34,0xfe,0xf3,0xfd,0x13,0xfe,0x14,0xfe,0xf4,0xfd,0x14,0xfe,
  0x14,0xf6,0x14,0xfe,0x14,0xfe,0xf5,0xfd,0x14,0xfe,0x14,0xfe,0xf4,0xfd,0x14,0xfe,
  0x14,0xfe,0x14,0xfe,0xf4,0xfd,0xf4,0xfd,0xf3,0xf5,0xf3,0xf5,0xf3,0xfd,0xf4,0xfd,
  0x14,0xfe,0x14,0xfe,0xf4,0xfd,0xf4,0xfd,0x13,0xfe,0x13,0xfe,0x13,0xf6,0x14,0xfe,
  0xf4,0xfd,0xf5,0xfd,0xf4,0xfd,0xf3,0xfd,0x13,0xfe,0x14,0xfe,0x14,0xfe,0xf4,0xfd,
  0x34,0xfe,0x52,0xd5,0x20,0x10,0x00,0x00,0x00,0x00,0x00,0x00,0x20,0x00,0xc4,0x18,
  0xe4,0x18,0xe4,0x18,0xe4,0x18,0xe4,0x18,0xe4,0x18,0xe4,0x18,0xe4,0x18,0xe4,0x18,
  0xe4,0x18,0xe4,0x18,0xe4,0x18,0xe4,0x18,0xe4,0x18,0xe4,0x18,0xe4,0x18,0xe4,0x18,
  0xe4,0x18,0xe4,0x18,0xe4,0x18,0xe4,0x18,0xe4,0x18,0xe4,0x18,0xe4,0x18,0xe4,0x18,
  0xe4,0x18,0xe4,0x18,0xe4,0x18,0xe4,0x18,0xe4,0x18,0xe4,0x18,0xe4,0x18,0xe4,0x18,
  0xe4,0x18,0xe4,0x18,0xe4,0x18,0xe4,0x18,0xe4,0x18,0xe4,0x18,0xe4,0x18,0xe4,0x18,
  0xe4,0x18,0xe4,0x18,0xe4,0x18,0xe4,0x18,0xe4,0x18,0xe4,0x18,0xe4,0x18,0xe4,0x18,
  0xe4,0x18,0xe4,0x18,0xe4,0x18,0xe4,0x18,0xe4,0x18,0xe4,0x18,0xe4,0x18,0xe4,0x18,
  0xe4,0x18,0xe4,0x18,0xe4,0x18,0xe4,0x18,0xe4,0x18,0xe4,0x18,0xe4,0x18,0xe4,0x18,
  0xe4,0x18,0xe4,0x18,0xe4,0x18,0xe4,0x18,0xe4,0x18,0xe4,0x18,0xe4,0x18,0xe4,0x18,
  0xe4,0x18,0xe4,0x18,0xe4,0x18,0xe4,0x18,0xe4,0x18,0xe4,0x18,0xe4,0x18,0xe4,0x18,
  0xe4,0x18,0xe4,0x18,0xe4,0x18,0xe4,0x18,0xe4,0x18,0xe4,0x18,0xe4,0x18,0xe4,0x18,
  0xe4,0x18,0xe4,0x18,0xe4,0x18,0xe4,0x18,0xe4,0x18,0xe4,0x18,0xe4,0x18,0xe4,0x18,
  0xe4,0x18,0xe4,0x18,0xe4,0x18,0xe4,0x18,0xe4,0x18,0xe4,0x18,0xe4,0x18,0xe4,0x18,
  0xe4,0x18,0xe4,0x18,0xe4,0x18,0xe4,0x18,0x62,0x08,0x00,0x00,0x00,0x00,0x00,0x00,
  0x00,0x00,0x6a,0x4a,0xd3,0x94,0x92,0x8c,0xb2,0x94,0xef,0x7b,0x49,0x4a,0x61,0x10,
  0x00,0x00,0x00,0x00,0x00,0x00,0x00,0x00,0x20,0x00,0x00,0x00,0x03,0x39,0x93,0xdd,
  0x55,0xfe,0xf4,0xf5,0x14,0xfe,0x14,0xfe,0x14,0xfe,0x14,0xfe,0xf4,0xfd,0xf4,0xfd,
  0x14,0xfe,0x13,0xfe,0x14,0xfe,0xf4,0xfd,0xf4,0xfd,0xf4,0xfd,0x14,0xfe,0x14,0xfe,
  0x14,0xfe,0x14,0xfe,0x14,0xfe,0x14,0xfe,0x14,0xfe,0x14,0xfe,0x14,0xfe,0x14,0xfe,
  0x14,0xfe,0x14,0xfe,0x14,0xfe,0xf3,0xfd,0xf3,0xfd,0xf3,0xfd,0xf4,0xfd,0xf4,0xfd,
  0x14,0xfe,0x14,0xfe,0x14,0xfe,0x14,0xfe,0x14,0xfe,0x14,0xfe,0xf4,0xfd,0x34,0xfe,
  0x73,0xd5,0x20,0x10,0x00,0x00,0x00,0x00,0x00,0x00,0x00,0x00,0xa3,0x10,0xa3,0x10,
  0xc4,0x18,0xe4,0x18,0xe4,0x18,0xe4,0x18,0xe4,0x18,0xe4,0x18,0xe4,0x18,0xe4,0x18,
  0xe4,0x18,0xe4,0x18,0xe4,0x18,0xe4,0x18,0xe4,0x18,0xe4,0x18,0xe4,0x18,0xe4,0x18,
  0xe4,0x18,0xe4,0x18,0xe4,0x18,0xe4,0x18,0xe4,0x18,0xe4,0x18,0xe4,0x18,0xe4,0x18,
  0xe4,0x18,0xe4,0x18,0xe4,0x18,0xe4,0x18,0xe4,0x18,0xe4,0x18,0xe4,0x18,0xe4,0x18,
  0xe4,0x18,0xe4,0x18,0xe4,0x18,0xe4,0x18,0xe4,0x18,0xe4,0x18,0xe4,0x18,0xe4,0x18,
  0xe4,0x18,0xe4,0x18,0xe4,0x18,0xe4,0x18,0xe4,0x18,0xe4,0x18,0xe4,0x18,0xe4,0x18,
  0xe4,0x18,0xe4,0x18,0xe4,0x18,0xe4,0x18,0xe4,0x18,0xe4,0x18,0xe4,0x18,0xe4,0x18,
  0xe4,0x18,0xe4,0x18,0xe4,0x18,0xe4,0x18,0xe4,0x18,0xe4,0x18,0xe4,0x18,0xe4,0x18,
  0xe4,0x18,0xe4,0x18,0xe4,0x18,0xe4,0x18,0xe4,0x18,0xe4,0x18,0xe4,0x18,0xe4,0x18,
  0xe4,0x18,0xe4,0x18,0xe4,0x18,0xe4,0x18,0xe4,0x18,0xe4,0x18,0xe4,0x18,0xe4,0x18,
  0xe4,0x18,0xe4,0x18,0xe4,0x18,0xe4,0x18,0xe4,0x18,0xe4,0x18,0xe4,0x18,0xe4,0x18,
  0xe4,0x18,0xe4,0x18,0xe4,0x18,0xe4,0x18,0xe4,0x18,0xe4,0x18,0xe4,0x18,0xe4,0x18,
  0xe4,0x18,0xe4,0x18,0xe4,0x18,0xe4,0x18,0xe4,0x18,0xe4,0x18,0xe4,0x18,0xe4,0x18,
  0xe4,0x18,0xe4,0x18,0xe4,0x18,0x82,0x10,0x00,0x00,0x00,0x00,0x00,0x00,0x00,0x00,
  0x69,0x4a,0x51,0x84,0x0c,0x5b,0x86,0x29,0x61,0x08,0x00,0x00,0x00,0x00,0x20,0x00,
  0x00,0x00,0x00,0x00,0x00,0x00,0x00,0x00,0x64,0x41,0x73,0xe5,0x35,0xfe,0xf3,0xfd,
  0x14,0xfe,0xf4,0xfd,0xf4,0xfd,0x14,0xfe,0xf3,0xfd,0xf4,0xfd,0x56,0xfe,0x14,0xfe,
  0xf3,0xfd,0x14,0xfe,0x14,0xfe,0xf4,0xfd,0x14,0xfe,0x14,0xfe,0x14,0xfe,0x14,0xfe,
  0x14,0xfe,0x14,0xfe,0x14,0xfe,0x14,0xfe,0x14,0xfe,0x14,0xfe,0x14,0xfe,0x14,0xfe,
  0x13,0xfe,0xf3,0xfd,0xf4,0xfd,0x15,0xfe,0x55,0xfe,0xf4,0xfd,0x14,0xf6,0x13,0xf6,
  0x14,0xfe,0x14,0xfe,0xf3,0xfd,0x14,0xfe,0x14,0xfe,0xf4,0xfd,0x34,0xfe,0x73,0xd5,
  0x20,0x10,0x00,0x00,0x00,0x00,0x00,0x00,0x00,0x00,0x45,0x21,0xe8,0x39,0xe4,0x18,
  0xa3,0x10,0x62,0x08,0xc3,0x10,0xc4,0x10,0xe4,0x18,0xe4,0x18,0xe4,0x18,0xe4,0x18,
  0xe4,0x18,0xe4,0x18,0xe4,0x18,0xe4,0x18,0xe4,0x18,0xe4,0x18,0xe4,0x18,0xe4,0x18,
  0xe4,0x18,0xe4,0x18,0xe4,0x18,0xe4,0x18,0xe4,0x18,0xe4,0x18,0xe4,0x18,0xe4,0x18,
  0xe4,0x18,0xe4,0x18,0xe4,0x18,0xe4,0x18,0xe4,0x18,0xe4,0x18,0xe4,0x18,0xe4,0x18,
  0xe4,0x18,0xe4,0x18,0xe4,0x18,0xe4,0x18,0xe4,0x18,0xe4,0x18,0xe4,0x18,0xe4,0x18,
  0xe4,0x18,0xe4,0x18,0xe4,0x18,0xe4,0x18,0xe4,0x18,0xe4,0x18,0xe4,0x18,0xe4,0x18,
  0xe4,0x18,0xe4,0x18,0xe4,0x18,0xe4,0x18,0xe4,0x18,0xe4,0x18,0xe4,0x18,0xe4,0x18,
  0xe4,0x18,0xe4,0x18,0xe4,0x18,0xe4,0x18,0xe4,0x18,0xe4,0x18,0xe4,0x18,0xe4,0x18,
  0xe4,0x18,0xe4,0x18,0xe4,0x18,0xe4,0x18,0xe4,0x18,0xe4,0x18,0xe4,0x18,0xe4,0x18,
  0xe4,0x18,0xe4,0x18,0xe4,0x18,0xe4,0x18,0xe4,0x18,0xe4,0x18,0xe4,0x18,0xe4,0x18,
  0xe4,0x18,0xe4,0x18,0xe4,0x18,0xe4,0x18,0xe4,0x18,0xe4,0x18,0xe4,0x18,0xe4,0x18,
  0xe4,0x18,0xe4,0x18,0xe4,0x18,0xe4,0x18,0xe4,0x18,0xe4,0x18,0xe4,0x18,0xe4,0x18,
  0xe4,0x18,0xe4,0x18,0xe4,0x18,0xe4,0x18,0xe4,0x18,0xe4,0x18,0xe4,0x18,0xe4,0x18,
  0xe4,0x18,0xe4,0x10,0xe4,0x18,0x00,0x00,0x00,0x00,0x00,0x00,0x00,0x00,0xc3,0x18,
  0x82,0x10,0x00,0x00,0x00,0x00,0x00,0x00,0x20,0x00,0x00,0x00,0x00,0x00,0x00,0x00,
  0x00,0x00,0x00,0x00,0x27,0x62,0xd4,0xed,0x35,0xfe,0xf3,0xfd,0xf4,0xfd,0xf4,0xfd,
  0xf4,0xfd,0xf4,0xfd,0xf3,0xfd,0xf3,0xfd,0x76,0xfe,0x8f,0xbc,0x92,0xe5,0x14,0xfe,
  0xf4,0xfd,0x14,0xfe,0x14,0xfe,0x14,0xfe,0x13,0xfe,0x14,0xfe,0x14,0xfe,0x14,0xfe,
  0x14,0xfe,0x14,0xfe,0x14,0xfe,0x14,0xfe,0x14,0xfe,0x14,0xfe,0x14,0xfe,0x14,0xfe,
  0xf3,0xfd,0x55,0xfe,0x32,0xd5,0x0e,0xac,0x55,0xfe,0x13,0xf6,0x14,0xfe,0x14,0xfe,
  0xf4,0xfd,0x14,0xfe,0x14,0xfe,0xf4,0xfd,0xf3,0xfd,0x34,0xfe,0x12,0xc5,0x00,0x08,
  0x00,0x00,0x00,0x00,0x00,0x00,0x00,0x00,0x04,0x21,0x28,0x42,0xa3,0x10,0x08,0x42,
  0xf0,0x7b,0x66,0x29,0x05,0x19,0xe4,0x18,0x83,0x08,0xa3,0x10,0xe4,0x18,0xe4,0x18,
  0xe4,0x18,0xe4,0x18,0xe4,0x18,0xe4,0x18,0xe4,0x18,0xe4,0x18,0xe4,0x18,0xe4,0x18,
  0xe4,0x18,0xe4,0x18,0xe4,0x18,0xe4,0x18,0xe4,0x18,0xe4,0x18,0xe4,0x18,0xe4,0x18,
  0xe4,0x18,0xe4,0x18,0xe4,0x18,0xe4,0x18,0xe4,0x18,0xe4,0x18,0xe4,0x18,0xe4,0x18,
  0xe4,0x18,0xe4,0x18,0xe4,0x18,0xe4,0x18,0xe4,0x18,0xe4,0x18,0xe4,0x18,0xe4,0x18,
  0xe4,0x18,0xe4,0x18,0xe4,0x18,0xe4,0x18,0xe4,0x18,0xe4,0x18,0xe4,0x18,0xe4,0x18,
  0xe4,0x18,0xe4,0x18,0xe4,0x18,0xe4,0x18,0xe4,0x18,0xe4,0x18,0xe4,0x18,0xe4,0x18,
  0xe4,0x18,0xe4,0x18,0xe4,0x18,0xe4,0x18,0xe4,0x18,0xe4,0x18,0xe4,0x18,0xe4,0x18,
  0xe4,0x18,0xe4,0x18,0xe4,0x18,0xe4,0x18,0xe4,0x18,0xe4,0x18,0xe4,0x18,0xe4,0x18,
  0xe4,0x18,0xe4,0x18,0xe4,0x18,0xe4,0x18,0xe4,0x18,0xe4,0x18,0xe4,0x18,0xe4,0x18,
  0xe4,0x18,0xe4,0x18,0xe4,0x18,0xe4,0x18,0xe4,0x18,0xe4,0x18,0xe4,0x18,0xe4,0x18,
  0xe4,0x18,0xe4,0x18,0xe4,0x18,0xe4,0x18,0xe4,0x18,0xe4,0x18,0xe4,0x18,0xe4,0x18,
  0xe4,0x18,0xe4,0x18,0xe4,0x18,0xe4,0x18,0xe4,0x18,0xe4,0x18,0xe4,0x18,0xe4,0x18,
  0xc4,0x10,0x66,0x29,0x20,0x00,0x00,0x00,0x00,0x00,0x00,0x00,0x00,0x00,0x00,0x00,
  0x00,0x00,0x00,0x00,0x00,0x00,0x00,0x00,0x20,0x00,0x00,0x00,0x00,0x00,0x81,0x18,
  0x8c,0x93,0x36,0xf6,0x15,0xfe,0xf4,0xfd,0x14,0xfe,0xf4,0xfd,0xf4,0xfd,0xf4,0xfd,
  0x14,0xfe,0xf3,0xfd,0x76,0xfe,0x2f,0xa4,0x00,0x08,0x47,0x62,0x35,0xfe,0xf4,0xfd,
  0x14,0xfe,0x14,0xfe,0x14,0xfe,0xf3,0xfd,0xf4,0xfd,0x14,0xfe,0x14,0xfe,0x14,0xfe,
  0x14,0xfe,0x14,0xfe,0x14,0xfe,0x14,0xfe,0x14,0xfe,0x14,0xfe,0xf4,0xf5,0x35,0xfe,
  0x93,0xdd,0x24,0x31,0x00,0x00,0x8f,0xbc,0x55,0xfe,0xf4,0xfd,0xf4,0xfd,0xf3,0xfd,
  0xf3,0xfd,0xf4,0xfd,0xf4,0xfd,0xf3,0xfd,0x55,0xfe,0x90,0xb4,0x00,0x08,0x00,0x00,
  0x00,0x00,0x00,0x00,0x00,0x00,0x00,0x00,0x00,0x00,0x00,0x00,0x82,0x10,0x04,0x21,
  0x45,0x29,0xcb,0x5a,0x04,0x19,0x49,0x42,0x08,0x3a,0x82,0x08,0xc3,0x10,0xc3,0x10,
  0xc4,0x10,0xe4,0x18,0xe4,0x18,0xe4,0x18,0xe4,0x18,0xe4,0x18,0xe4,0x18,0xe4,0x18,
  0xe4,0x18,0xe4,0x18,0xe4,0x18,0xe4,0x18,0xe4,0x18,0xe4,0x18,0xe4,0x18,0xe4,0x18,
  0xe4,0x18,0xe4,0x18,0xe4,0x18,0xe4,0x18,0xe4,0x18,0xe4,0x18,0xe4,0x18,0xe4,0x18,
  0xe4,0x18,0xe4,0x18,0xe4,0x18,0xe4,0x18,0xe4,0x18,0xe4,0x18,0xe4,0x18,0xe4,0x18,
  0xe4,0x18,0xe4,0x18,0xe4,0x18,0xe4,0x18,0xe4,0x18,0xe4,0x18,0xe4,0x18,0xe4,0x18,
  0xe4,0x18,0xe4,0x18,0xe4,0x18,0xe4,0x18,0xe4,0x18,0xe4,0x18,0xe4,0x18,0xe4,0x18,
  0xe4,0x18,0xe4,0x18,0xe4,0x18,0xe4,0x18,0xe4,0x18,0xe4,0x18,0xe4,0x18,0xe4,0x18,
  0xe4,0x18,0xe4,0x18,0xe4,0x18,0xe4,0x18,0xe4,0x18,0xe4,0x18,0xe4,0x18,0xe4,0x18,
  0xe4,0x18,0xe4,0x18,0xe4,0x18,0xe4,0x18,0xe4,0x18,0xe4,0x18,0xe4,0x18,0xe4,0x18,
  0xe4,0x18,0xe4,0x18,0xe4,0x18,0xe4,0x18,0xe4,0x18,0xe4,0x18,0xe4,0x18,0xe4,0x18,
  0xe4,0x18,0xe4,0x18,0xe4,0x18,0xe4,0x18,0xe4,0x18,0xe4,0x18,0xe4,0x18,0xe4,0x18,
  0xe4,0x18,0xe4,0x18,0xe4,0x18,0xe4,0x18,0xe4,0x18,0xe4,0x18,0xe4,0x18,0xc3,0x10,
  0x29,0x42,0x41,0x08,0x00,0x00,0x00,0x00,0x00,0x00,0x00,0x00,0x00,0x00,0x00,0x00,
  0x20,0x00,0x00,0x00,0x00,0x00,0x00,0x00,0x20,0x10,0x68,0x62,0x32,0xd5,0x75,0xfe,
  0xf4,0xfd,0xf4,0xfd,0x14,0xfe,0xf4,0xfd,0xf4,0xfd,0x14,0xfe,0x14,0xf6,0xf4,0xf5,
  0x76,0xfe,0x0e,0xa4,0x20,0x08,0x00,0x00,0x00,0x08,0x6f,0xb4,0x75,0xfe,0xf4,0xf5,
  0xf4,0xfd,0xf4,0xfd,0xf4,0xfd,0xf4,0xfd,0x14,0xfe,0x14,0xfe,0x14,0xfe,0x14,0xfe,
  0x14,0xfe,0x14,0xfe,0x14,0xfe,0x14,0xfe,0xf4,0xfd,0x55,0xfe,0x93,0xdd,0x23,0x39,
  0x00,0x00,0x00,0x00,0xe3,0x30,0xd4,0xed,0x14,0xfe,0xf4,0xfd,0x14,0xfe,0xf4,0xfd,
  0x14,0xfe,0xf3,0xfd,0xf3,0xfd,0x76,0xfe,0xcd,0x93,0x00,0x00,0x00,0x00,0x00,0x00,
  0x00,0x00,0x00,0x00,0x00,0x00,0x20,0x00,0x00,0x00,0x00,0x00,0x00,0x00,0x00,0x00,
  0x00,0x00,0x21,0x08,0xc7,0x39,0xa6,0x31,0x8a,0x52,0x49,0x42,0x25,0x21,0x25,0x21,
  0x62,0x08,0xc3,0x10,0xe4,0x18,0xe4,0x18,0xe4,0x18,0xe4,0x18,0xe4,0x18,0xe4,0x18,
  0xe4,0x18,0xe4,0x18,0xe4,0x18,0xe4,0x18,0xe4,0x18,0xe4,0x18,0xe4,0x18,0xe4,0x18,
  0xe4,0x18,0xe4,0x18,0xe4,0x18,0xe4,0x18,0xe4,0x18,0xe4,0x18,0xe4,0x18,0xe4,0x18,
  0xe4,0x18,0xe4,0x18,0xe4,0x18,0xe4,0x18,0xe4,0x18,0xe4,0x18,0xe4,0x18,0xe4,0x18,
  0xe4,0x18,0xe4,0x18,0xe4,0x18,0xe4,0x18,0xe4,0x18,0xe4,0x18,0xe4,0x18,0xe4,0x18,
  0xe4,0x18,0xe4,0x18,0xe4,0x18,0xe4,0x18,0xe4,0x18,0xe4,0x18,0xe4,0x18,0xe4,0x18,
  0xe4,0x18,0xe4,0x18,0xe4,0x18,0xe4,0x18,0xe4,0x18,0xe4,0x18,0xe4,0x18,0xe4,0x18,
  0xe4,0x18,0xe4,0x18,0xe4,0x18,0xe4,0x18,0xe4,0x18,0xe4,0x18,0xe4,0x18,0xe4,0x18,
  0xe4,0x18,0xe4,0x18,0xe4,0x18,0xe4,0x18,0xe4,0x18,0xe4,0x18,0xe4,0x18,0xe4,0x18,
  0xe4,0x18,0xe4,0x18,0xe4,0x18,0xe4,0x18,0xe4,0x18,0xe4,0x18,0xe4,0x18,0xe4,0x18,
  0xe4,0x18,0xe4,0x18,0xe4,0x18,0xe4,0x18,0xe4,0x18,0xe4,0x18,0xe4,0x18,0xe4,0x18,
  0xe4,0x18,0xe4,0x18,0xe4,0x18,0xe4,0x18,0xe4,0x18,0xe4,0x18,0xa3,0x08,0x6e,0x6b,
  0x61,0x08,0x00,0x00,0x00,0x00,0x00,0x00,0x00,0x00,0x00,0x00,0x00,0x00,0x00,0x00,
  0x00,0x00,0xa2,0x20,0x68,0x6a,0xf1,0xcc,0x55,0xfe,0x34,0xfe,0xf3,0xfd,0x13,0xfe,
  0x14,0xfe,0x14,0xfe,0xf4,0xfd,0x14,0xfe,0x14,0xfe,0xf4,0xf5,0x55,0xfe,0xac,0x9b,
  0x00,0x08,0x00,0x00,0x21,0x00,0x00,0x00,0x68,0x62,0x55,0xf6,0xf4,0xfd,0xf4,0xfd,
  0xf4,0xfd,0xf4,0xfd,0x14,0xfe,0x14,0xfe,0x14,0xfe,0x14,0xfe,0x14,0xfe,0x14,0xfe,
  0x14,0xfe,0x14,0xfe,0xf4,0xfd,0x34,0xfe,0x72,0xe5,0x03,0x31,0x00,0x00,0x20,0x00,
  0x00,0x00,0x00,0x00,0xad,0x9b,0x76,0xfe,0xf3,0xfd,0xf4,0xfd,0x14,0xfe,0xf4,0xfd,
  0x14,0xfe,0xf3,0xf5,0x96,0xfe,0xca,0x72,0x00,0x00,0x00,0x00,0x00,0x00,0x00,0x00,
  0x00,0x00,0x00,0x00,0x00,0x00,0x20,0x00,0x00,0x00,0x00,0x00,0x00,0x00,0x00,0x00,
  0x00,0x00,0x00,0x00,0x00,0x00,0x61,0x08,0x61,0x08,0x69,0x4a,0xa7,0x31,0x6a,0x4a,
  0x86,0x29,0xa3,0x10,0xc3,0x10,0xc3,0x10,0xe4,0x18,0xe4,0x18,0xe4,0x18,0xe4,0x18,
  0xe4,0x18,0xe4,0x18,0xe4,0x18,0xe4,0x18,0xe4,0x18,0xe4,0x18,0xe4,0x18,0xe4,0x18,
  0xe4,0x18,0xe4,0x18,0xe4,0x18,0xe4,0x18,0xe4,0x18,0xe4,0x18,0xe4,0x18,0xe4,0x18,
  0xe4,0x18,0xe4,0x18,0xe4,0x18,0xe4,0x18,0xe4,0x18,0xe4,0x18,0xe4,0x18,0xe4,0x18,
  0xe4,0x18,0xe4,0x18,0xe4,0x18,0xe4,0x18,0xe4,0x18,0xe4,0x18,0xe4,0x18,0xe4,0x18,
  0xe4,0x18,0xe4,0x18,0xe4,0x18,0xe4,0x18,0xe4,0x18,0xe4,0x18,0xe4,0x18,0xe4,0x18,
  0xe4,0x18,0xe4,0x18,0xe4,0x18,0xe4,0x18,0xe4,0x18,0xe4,0x18,0xe4,0x18,0xe4,0x18,
  0xe4,0x18,0xe4,0x18,0xe4,0x18,0xe4,0x18,0xe4,0x18,0xe4,0x18,0xe4,0x18,0xe4,0x18,
  0xe4,0x18,0xe4,0x18,0xe4,0x18,0xe4,0x18,0xe4,0x18,0xe4,0x18,0xe4,0x18,0xe4,0x18,
  0xe4,0x18,0xe4,0x18,0xe4,0x18,0xe4,0x18,0xe4,0x18,0xe4,0x18,0xe4,0x18,0xe4,0x18,
  0xe4,0x18,0xe4,0x18,0xe4,0x18,0xe4,0x18,0xe4,0x18,0xe4,0x18,0xe4,0x18,0xe4,0x18,
  0xe4,0x18,0xe4,0x18,0xe4,0x18,0xe4,0x18,0xe4,0x18,0x83,0x08,0xf0,0x7b,0x82,0x10,
  0x00,0x00,0x00,0x00,0x00,0x00,0x00,0x00,0x00,0x00,0x81,0x18,0x06,0x5a,0x0e,0xac,
  0x72,0xdd,0x76,0xfe,0x35,0xfe,0xf4,0xf5,0xf4,0xfd,0x14,0xfe,0x14,0xfe,0xf4,0xfd,
  0xf4,0xfd,0x14,0xfe,0x13,0xfe,0x14,0xfe,0xf4,0xfd,0x56,0xfe,0x6b,0x93,0x00,0x00,
  0x20,0x00,0x00,0x00,0x00,0x00,0x03,0x29,0xd4,0xed,0x14,0xfe,0xf4,0xfd,0xf4,0xfd,
  0x14,0xfe,0x14,0xfe,0x14,0xfe,0x14,0xfe,0x14,0xfe,0x14,0xfe,0x14,0xfe,0x14,0xfe,
  0x14,0xfe,0xf4,0xfd,0x14,0xfe,0xb2,0xe5,0x23,0x39,0x00,0x00,0x00,0x00,0x00,0x00,
  0x00,0x00,0xc6,0x51,0x15,0xf6,0x13,0xfe,0xf4,0xfd,0x14,0xfe,0x14,0xfe,0xf3,0xfd,
  0xf4,0xfd,0x56,0xfe,0xe6,0x51,0x00,0x00,0x00,0x00,0x00,0x00,0x00,0x00,0x41,0x08,
  0x40,0x00,0x00,0x00,0x00,0x00,0x00,0x00,0x00,0x00,0x00,0x00,0x00,0x00,0x00,0x00,
  0x20,0x00,0x20,0x00,0x00,0x00,0x00,0x00,0x00,0x00,0x00,0x00,0x65,0x29,0x45,0x29,
  0x6e,0x6b,0xe8,0x39,0x25,0x21,0x62,0x08,0xa3,0x10,0xe4,0x18,0xe4,0x18,0xe4,0x18,
  0xe4,0x18,0xe4,0x18,0xe4,0x18,0xe4,0x18,0xe4,0x18,0xe4,0x18,0xe4,0x18,0xe4,0x18,
  0xe4,0x18,0xe4,0x18,0xe4,0x18,0xe4,0x18,0xe4,0x18,0xe4,0x18,0xe4,0x18,0xe4,0x18,
  0xe4,0x18,0xe4,0x18,0xe4,0x18,0xe4,0x18,0xe4,0x18,0xe4,0x18,0xe4,0x18,0xe4,0x18,
  0xe4,0x18,0xe4,0x18,0xe4,0x18,0xe4,0x18,0xe4,0x18,0xe4,0x18,0xe4,0x18,0xe4,0x18,
  0xe4,0x18,0xe4,0x18,0xe4,0x18,0xe4,0x18,0xe4,0x18,0xe4,0x18,0xe4,0x18,0xe4,0x18,
  0xe4,0x18,0xe4,0x18,0xe4,0x18,0xe4,0x18,0xe4,0x18,0xe4,0x18,0xe4,0x18,0xe4,0x18,
  0xe4,0x18,0xe4,0x18,0xe4,0x18,0xe4,0x18,0xe4,0x18,0xe4,0x18,0xe4,0x18,0xe4,0x18,
  0xe4,0x18,0xe4,0x18,0xe4,0x18,0xe4,0x18,0xe4,0x18,0xe4,0x18,0xe4,0x18,0xe4,0x18,
  0xe4,0x18,0xe4,0x18,0xe4,0x18,0xe4,0x18,0xe4,0x18,0xe4,0x18,0xe4,0x18,0xe4,0x18,
  0xe4,0x18,0xe4,0x18,0xe4,0x18,0xe4,0x18,0xe4,0x18,0xe4,0x18,0xe4,0x18,0xe4,0x18,
  0xe4,0x18,0xe4,0x18,0xe4,0x18,0xe4,0x18,0xc4,0x10,0xe4,0x18,0xe4,0x18,0x00,0x00,
  0x00,0x00,0x00,0x00,0x00,0x00,0x89,0x62,0xb4,0xd5,0x55,0xfe,0x55,0xfe,0x34,0xfe,
  0xf4,0xfd,0xf4,0xf5,0x14,0xfe,0xf4,0xfd,0x14,0xfe,0xf4,0xfd,0xf4,0xfd,0x14,0xfe,
  0x14,0xfe,0xf3,0xfd,0xf4,0xfd,0xf4,0xfd,0x34,0xfe,0xb3,0xe5,0x20,0x08,0x00,0x00,
  0x00,0x00,0x00,0x00,0x40,0x10,0xb3,0xed,0x14,0xfe,0xf3,0xfd,0x14,0xfe,0x14,0xfe,
  0x14,0xfe,0x14,0xfe,0x14,0xfe,0x14,0xfe,0x14,0xfe,0x14,0xfe,0x14,0xfe,0x14,0xfe,
  0x14,0xfe,0xf3,0xf5,0x96,0xfe,0x4f,0xac,0x00,0x08,0x00,0x00,0x00,0x00,0x00,0x00,
  0xa1,0x20,0x73,0xdd,0x34,0xfe,0xf4,0xfd,0x14,0xf6,0x14,0xfe,0xf3,0xfd,0x35,0xfe,
  0x93,0xdd,0xc2,0x28,0x00,0x00,0x00,0x00,0x00,0x00,0x00,0x00,0x8c,0x53,0x11,0x75,
  0x6b,0x4b,0x68,0x32,0x03,0x11,0x20,0x00,0x00,0x00,0x00,0x00,0x00,0x00,0x00,0x00,
  0x00,0x00,0x20,0x00,0x00,0x00,0x00,0x00,0x00,0x00,0x00,0x00,0x00,0x00,0x20,0x00,
  0x86,0x31,0x65,0x29,0xcb,0x52,0xe8,0x39,0xc3,0x10,0xa3,0x10,0xe4,0x18,0xe4,0x18,
  0xe4,0x18,0xe4,0x18,0xe4,0x18,0xe4,0x18,0xe4,0x18,0xe4,0x18,0xe4,0x18,0xe4,0x18,
  0xe4,0x18,0xe4,0x18,0xe4,0x18,0xe4,0x18,0xe4,0x18,0xe4,0x18,0xe4,0x18,0xe4,0x18,
  0xe4,0x18,0xe4,0x18,0xe4,0x18,0xe4,0x18,0xe4,0x18,0xe4,0x18,0xe4,0x18,0xe4,0x18,
  0xe4,0x18,0xe4,0x18,0xe4,0x18,0xe4,0x18,0xe4,0x18,0xe4,0x18,0xe4,0x18,0xe4,0x18,
  0xe4,0x18,0xe4,0x18,0xe4,0x18,0xe4,0x18,0xe4,0x18,0xe4,0x18,0xe4,0x18,0xe4,0x18,
  0xe4,0x18,0xe4,0x18,0xe4,0x18,0xe4,0x18,0xe4,0x18,0xe4,0x18,0xe4,0x18,0xe4,0x18,
  0xe4,0x18,0xe4,0x18,0xe4,0x18,0xe4,0x18,0xe4,0x18,0xe4,0x18,0xe4,0x18,0xe4,0x18,
  0xe4,0x18,0xe4,0x18,0xe4,0x18,0xe4,0x18,0xe4,0x18,0xe4,0x18,0xe4,0x18,0xe4,0x18,
  0xe4,0x18,0xe4,0x18,0xe4,0x18,0xe4,0x18,0xe4,0x18,0xe4,0x18,0xe4,0x18,0xe4,0x18,
  0xe4,0x18,0xe4,0x18,0xe4,0x18,0xe4,0x18,0xe4,0x18,0xe4,0x18,0xe4,0x18,0xe4,0x18,
  0xe4,0x18,0xe4,0x18,0xe4,0x18,0xa3,0x10,0xa7,0x31,0x2c,0x63,0x00,0x00,0x20,0x00,
  0x00,0x00,0x00,0x00,0x0a,0x7b,0xb7,0xfe,0xd3,0xf5,0xf3,0xfd,0x13,0xf6,0x14,0xf6,
  0x14,0xfe,0xf4,0xfd,0xf4,0xfd,0x14,0xfe,0xf4,0xfd,0x14,0xfe,0x14,0xfe,0xf4,0xf5,
  0x35,0xfe,0x34,0xfe,0xf3,0xf5,0x76,0xfe,0xd0,0xc4,0x00,0x08,0x00,0x00,0x00,0x00,
  0x00,0x00,0x81,0x18,0xb3,0xed,0x14,0xfe,0x13,0xfe,0x14,0xfe,0x14,0xfe,0x14,0xfe,
  0x14,0xfe,0x14,0xfe,0x14,0xfe,0xf4,0xfd,0xf4,0xfd,0x14,0xfe,0x14,0xfe,0x14,0xfe,
  0x14,0xfe,0x14,0xfe,0xf5,0xed,0xa2,0x20,0x00,0x00,0x00,0x00,0x00,0x00,0x00,0x00,
  0x32,0xcd,0x35,0xfe,0xf3,0xfd,0x14,0xfe,0xf4,0xfd,0xf3,0xfd,0x55,0xfe,0x8f,0xbc,
  0x00,0x00,0x00,0x00,0x00,0x00,0x00,0x00,0x61,0x00,0xf1,0x6c,0xd6,0x8e,0x96,0x8e,
  0x75,0x8e,0xd3,0x85,0xf1,0x74,0x6b,0x4b,0xe5,0x21,0xc2,0x08,0x00,0x00,0x00,0x00,
  0x00,0x00,0x00,0x00,0x00,0x00,0x00,0x00,0x00,0x00,0x00,0x00,0x00,0x00,0x00,0x00,
  0x00,0x00,0x04,0x21,0x08,0x42,0x6a,0x4a,0x86,0x29,0xa3,0x10,0x82,0x08,0xe4,0x18,
  0xe4,0x18,0xe4,0x18,0xe4,0x18,0xe4,0x18,0xe4,0x18,0xe4,0x18,0xe4,0x18,0xe4,0x18,
  0xe4,0x18,0xe4,0x18,0xe4,0x18,0xe4,0x18,0xe4,0x18,0xe4,0x18,0xe4,0x18,0xe4,0x18,
  0xe4,0x18,0xe4,0x18,0xe4,0x18,0xe4,0x18,0xe4,0x18,0xe4,0x18,0xe4,0x18,0xe4,0x18,
  0xe4,0x18,0xe4,0x18,0xe4,0x18,0xe4,0x18,0xe4,0x18,0xe4,0x18,0xe4,0x18,0xe4,0x18,
  0xe4,0x18,0xe4,0x18,0xe4,0x18,0xe4,0x18,0xe4,0x18,0xe4,0x18,0xe4,0x18,0xe4,0x18,
  0xe4,0x18,0xe4,0x18,0xe4,0x18,0xe4,0x18,0xe4,0x18,0xe4,0x18,0xe4,0x18,0xe4,0x18,
  0xe4,0x18,0xe4,0x18,0xe4,0x18,0xe4,0x18,0xe4,0x18,0xe4,0x18,0xe4,0x18,0xe4,0x18,
  0xe4,0x18,0xe4,0x18,0xe4,0x18,0xe4,0x18,0xe4,0x18,0xe4,0x18,0xe4,0x18,0xe4,0x18,
  0xe4,0x18,0xe4,0x18,0xe4,0x18,0xe4,0x18,0xe4,0x18,0xe4,0x18,0xe4,0x18,0xe4,0x18,
  0xe4,0x18,0xe4,0x18,0xe4,0x18,0xe4,0x18,0xe4,0x18,0xe4,0x18,0xe4,0x18,0xe4,0x18,
  0xe4,0x18,0xe4,0x18,0xc3,0x10,0x45,0x21,0x28,0x42,0x20,0x00,0x00,0x00,0x00,0x00,
  0x00,0x00,0x23,0x31,0xf4,0xed,0x14,0xfe,0x13,0xf6,0x13,0xf6,0x13,0xfe,0x14,0xfe,
  0x14,0xfe,0x14,0xfe,0x14,0xfe,0x14,0xfe,0x13,0xfe,0x13,0xfe,0x55,0xfe,0x6f,0xbc,
  0x52,0xdd,0x35,0xfe,0x93,0xdd,0x64,0x39,0x00,0x00,0x00,0x00,0x00,0x00,0x00,0x00,
  0x64,0x39,0x15,0xee,0x14,0xfe,0x13,0xfe,0x13,0xfe,0x14,0xfe,0x14,0xfe,0x14,0xf6,
  0x14,0xfe,0x13,0xfe,0x14,0xfe,0xf4,0xfd,0x14,0xfe,0x14,0xfe,0x14,0xfe,0xf4,0xfd,
  0xf4,0xfd,0x35,0xf6,0x02,0x31,0x00,0x00,0x00,0x00,0x00,0x00,0x00,0x00,0xf1,0xc4,
  0x35,0xfe,0xf4,0xfd,0xf4,0xfd,0xf4,0xfd,0xf3,0xfd,0x55,0xfe,0xc9,0x72,0x00,0x00,
  0x20,0x00,0x00,0x00,0x00,0x00,0x23,0x11,0x14,0x86,0x54,0x7e,0x34,0x7e,0x34,0x86,
  0x55,0x8e,0x75,0x8e,0x95,0x8e,0x75,0x96,0x92,0x75,0x4d,0x54,0xa8,0x3a,0xe2,0x08,
  0x00,0x00,0x00,0x00,0x00,0x00,0x20,0x00,0x00,0x00,0x00,0x00,0x00,0x00,0x00,0x00,
  0x00,0x00,0x00,0x00,0x41,0x08,0x65,0x29,0x28,0x42,0x8e,0x73,0xa3,0x10,0xa3,0x10,
  0xe4,0x18,0xe4,0x18,0xe4,0x18,0xe4,0x18,0xe4,0x18,0xe4,0x18,0xe4,0x18,0xe4,0x18,
  0xe4,0x18,0xe4,0x18,0xe4,0x18,0xe4,0x18,0xe4,0x18,0xe4,0x18,0xe4,0x18,0xe4,0x18,
  0xe4,0x18,0xe4,0x18,0xe4,0x18,0xe4,0x18,0xe4,0x18,0xe4,0x18,0xe4,0x18,0xe4,0x18,
  0xe4,0x18,0xe4,0x18,0xe4,0x18,0xe4,0x18,0xe4,0x18,0xe4,0x18,0xe4,0x18,0xe4,0x18,
  0xe4,0x18,0xe4,0x18,0xe4,0x18,0xe4,0x18,0xe4,0x18,0xe4,0x18,0xe4,0x18,0xe4,0x18,
  0xe4,0x18,0xe4,0x18,0xe4,0x18,0xe4,0x18,0xe4,0x18,0xe4,0x18,0xe4,0x18,0xe4,0x18,
  0xe4,0x18,0xe4,0x18,0xe4,0x18,0xe4,0x18,0xe4,0x18,0xe4,0x18,0xe4,0x18,0xe4,0x18,
  0xe4,0x18,0xe4,0x18,0xe4,0x18,0xe4,0x18,0xe4,0x18,0xe4,0x18,0xe4,0x18,0xe4,0x18,
  0xe4,0x18,0xe4,0x18,0xe4,0x18,0xe4,0x18,0xe4,0x18,0xe4,0x18,0xe4,0x18,0xe4,0x18,
  0xe4,0x18,0xe4,0x18,0xe4,0x18,0xe4,0x18,0xe4,0x18,0xe4,0x18,0xe4,0x18,0xe4,0x18,
  0xe4,0x18,0xe4,0x18,0x62,0x08,0x49,0x4a,0x45,0x29,0x00,0x00,0x00,0x00,0x00,0x00,
  0x00,0x08,0xb0,0xbc,0x56,0xfe,0xf3,0xfd,0x14,0xfe,0x13,0xfe,0xf3,0xfd,0xf4,0xfd,
  0x14,0xfe,0x14,0xfe,0x13,0xfe,0xf3,0xf5,0x96,0xfe,0xed,0x9b,0x00,0x08,0xa2,0x20,
  0x85,0x41,0x41,0x10,0x00,0x00,0x00,0x00,0x00,0x00,0x20,0x00,0x00,0x00,0x0a,0x7b,
  0x56,0xfe,0xf3,0xfd,0xf3,0xfd,0x14,0xfe,0x14,0xfe,0xf3,0xfd,0xf3,0xfd,0x13,0xfe,
  0x14,0xfe,0xf4,0xfd,0xf4,0xfd,0x14,0xfe,0x14,0xf6,0x14,0xfe,0xf4,0xfd,0xf4,0xfd,
  0xf5,0xed,0xa2,0x28,0x00,0x00,0x00,0x00,0x00,0x00,0x00,0x00,0x32,0xcd,0x55,0xfe,
  0x13,0xf6,0x14,0xfe,0x13,0xfe,0x14,0xfe,0xd4,0xed,0xc2,0x28,0x00,0x00,0x00,0x00,
  0x00,0x00,0x00,0x00,0xc8,0x32,0x96,0x96,0x54,0x7e,0x54,0x86,0x54,0x86,0x54,0x7e,
  0x54,0x7e,0x54,0x7e,0x54,0x7e,0x75,0x86,0x96,0x96,0x75,0x8e,0xd4,0x85,0x6f,0x64,
  0x68,0x32,0xe3,0x10,0x00,0x00,0x00,0x00,0x00,0x00,0x00,0x00,0x20,0x00,0x00,0x00,
  0x00,0x00,0x00,0x00,0x00,0x00,0x61,0x08,0xa6,0x39,0xa7,0x31,0x86,0x29,0xa3,0x10,
  0xc3,0x10,0xe4,0x18,0xe4,0x18,0xe4,0x18,0xe4,0x18,0xe4,0x18,0xe4,0x18,0xe4,0x18,
  0xe4,0x18,0xe4,0x18,0xe4,0x18,0xe4,0x18,0xe4,0x18,0xe4,0x18,0xe4,0x18,0xe4,0x18,
  0xe4,0x18,0xe4,0x18,0xe4,0x18,0xe4,0x18,0xe4,0x18,0xe4,0x18,0xe4,0x18,0xe4,0x18,
  0xe4,0x18,0xe4,0x18,0xe4,0x18,0xe4,0x18,0xe4,0x18,0xe4,0x18,0xe4,0x18,0xe4,0x18,
  0xe4,0x18,0xe4,0x18,0xe4,0x18,0xe4,0x18,0xe4,0x18,0xe4,0x18,0xe4,0x18,0xe4,0x18,
  0xe4,0x18,0xe4,0x18,0xe4,0x18,0xe4,0x18,0xe4,0x18,0xe4,0x18,0xe4,0x18,0xe4,0x18,
  0xe4,0x18,0xe4,0x18,0xe4,0x18,0xe4,0x18,0xe4,0x18,0xe4,0x18,0xe4,0x18,0xe4,0x18,
  0xe4,0x18,0xe4,0x18,0xe4,0x18,0xe4,0x18,0xe4,0x18,0xe4,0x18,0xe4,0x18,0xe4,0x18,
  0xe4,0x18,0xe4,0x18,0xe4,0x18,0xe4,0x18,0xe4,0x18,0xe4,0x18,0xe4,0x18,0xe4,0x18,
  0xe4,0x18,0xe4,0x18,0xe4,0x18,0xe4,0x18,0xe4,0x18,0xe4,0x18,0xe4,0x18,0xe4,0x18,
  0xe4,0x18,0xa3,0x10,0xc7,0x31,0x24,0x21,0x00,0x00,0x00,0x00,0x00,0x00,0x00,0x00,
  0x48,0x62,0x36,0xfe,0xf4,0xfd,0x14,0xfe,0xf4,0xfd,0xf3,0xfd,0xf3,0xfd,0x14,0xfe,
  0xf3,0xfd,0xf3,0xfd,0x76,0xfe,0x2e,0xa4,0x20,0x08,0x00,0x00,0x00,0x00,0x00,0x00,
  0x00,0x00,0x00,0x00,0x01,0x00,0x20,0x00,0x00,0x00,0x61,0x18,0x32,0xd5,0x35,0xfe,
  0xf3,0xfd,0x13,0xfe,0x14,0xfe,0x14,0xfe,0xf3,0xfd,0xf3,0xfd,0x14,0xfe,0x14,0xfe,
  0xf4,0xfd,0x14,0xfe,0xf4,0xfd,0x14,0xfe,0xf4,0xfd,0xd3,0xfd,0x55,0xfe,0x90,0xb4,
  0x00,0x08,0x00,0x00,0x00,0x00,0x00,0x00,0xa1,0x20,0x93,0xdd,0x34,0xfe,0x13,0xf6,
  0x14,0xfe,0xf3,0xfd,0x75,0xfe,0xee,0xa3,0x00,0x00,0x00,0x00,0x00,0x00,0x00,0x00,
  0x00,0x00,0xaf,0x64,0x95,0x86,0x54,0x7e,0x54,0x7e,0x54,0x86,0x54,0x7e,0x74,0x7e,
  0x54,0x7e,0x54,0x7e,0x54,0x7e,0x34,0x86,0x54,0x86,0x75,0x86,0x96,0x8e,0x76,0x96,
  0x93,0x85,0x2e,0x5c,0x06,0x2a,0x61,0x00,0x00,0x00,0x00,0x00,0x00,0x00,0x00,0x00,
  0x00,0x00,0x00,0x00,0x00,0x00,0x00,0x00,0x41,0x08,0x24,0x21,0x28,0x42,0x86,0x29,
  0xc3,0x10,0x83,0x08,0xe4,0x18,0xe4,0x18,0xe4,0x18,0xe4,0x18,0xe4,0x18,0xe4,0x18,
  0xe4,0x18,0xe4,0x18,0xe4,0x18,0xe4,0x18,0xe4,0x18,0xe4,0x18,0xe4,0x18,0xe4,0x18,
  0xe4,0x18,0xe4,0x18,0xe4,0x18,0xe4,0x18,0xe4,0x18,0xe4,0x18,0xe4,0x18,0xe4,0x18,
  0xe4,0x18,0xe4,0x18,0xe4,0x18,0xe4,0x18,0xe4,0x18,0xe4,0x18,0xe4,0x18,0xe4,0x18,
  0xe4,0x18,0xe4,0x18,0xe4,0x18,0xe4,0x18,0xe4,0x18,0xe4,0x18,0xe4,0x18,0xe4,0x18,
  0xe4,0x18,0xe4,0x18,0xe4,0x18,0xe4,0x18,0xe4,0x18,0xe4,0x18,0xe4,0x18,0xe4,0x18,
  0xe4,0x18,0xe4,0x18,0xe4,0x18,0xe4,0x18,0xe4,0x18,0xe4,0x18,0xe4,0x18,0xe4,0x18,
  0xe4,0x18,0xe4,0x18,0xe4,0x18,0xe4,0x18,0xe4,0x18,0xe4,0x18,0xe4,0x18,0xe4,0x18,
  0xe4,0x18,0xe4,0x18,0xe4,0x18,0xe4,0x18,0xe4,0x18,0xe4,0x18,0xe4,0x18,0xe4,0x18,
  0xe4,0x18,0xe4,0x18,0xe4,0x18,0xe4,0x18,0xe4,0x18,0xe4,0x18,0xe4,0x18,0xe4,0x18,
  0xe4,0x18,0xa3,0x10,0x6e,0x6b,0x00,0x00,0x00,0x00,0x00,0x00,0x00,0x00,0x40,0x18,
  0x53,0xd5,0x35,0xfe,0xf4,0xfd,0x14,0xfe,0xf3,0xfd,0xf3,0xfd,0x14,0xf6,0xf4,0xfd,
  0x35,0xfe,0xed,0xa3,0x20,0x10,0x00,0x00,0x00,0x00,0x00,0x00,0x00,0x00,0x00,0x00,
  0x00,0x00,0x00,0x00,0x00,0x00,0x00,0x00,0xac,0x9b,0x56,0xfe,0xf3,0xfd,0x13,0xfe,
  0x14,0xfe,0x14,0xfe,0x14,0xfe,0x14,0xfe,0x14,0xfe,0x34,0xf6,0x55,0xfe,0x35,0xfe,
  0xf3,0xfd,0xd3,0xfd,0xf3,0xfd,0xf3,0xfd,0x35,0xfe,0x14,0xf6,0x64,0x41,0x00,0x00,
  0x20,0x00,0x20,0x00,0x00,0x00,0xe6,0x51,0x34,0xf6,0xf3,0xfd,0xf4,0xfd,0x14,0xfe,
  0xf3,0xfd,0x15,0xf6,0x85,0x41,0x00,0x00,0x20,0x00,0x00,0x00,0x00,0x00,0x44,0x19,
  0xf3,0x7d,0x74,0x86,0x54,0x86,0x54,0x86,0x54,0x86,0x54,0x7e,0x74,0x7e,0x74,0x7e,
  0x54,0x7e,0x54,0x7e,0x54,0x86,0x54,0x86,0x54,0x86,0x54,0x7e,0x54,0x7e,0x75,0x86,
  0x96,0x8e,0x55,0x8e,0x32,0x7d,0x0a,0x43,0x03,0x11,0x00,0x00,0x00,0x00,0x00,0x00,
  0x00,0x00,0x00,0x00,0x00,0x00,0x00,0x00,0x00,0x00,0x20,0x00,0x28,0x4a,0xec,0x5a,
  0x08,0x3a,0x62,0x08,0xc4,0x10,0xe4,0x18,0xe4,0x18,0xe4,0x18,0xe4,0x18,0xe4,0x18,
  0xe4,0x18,0xe4,0x18,0xe4,0x18,0xe4,0x18,0xe4,0x18,0xe4,0x18,0xe4,0x18,0xe4,0x18,
  0xe4,0x18,0xe4,0x18,0xe4,0x18,0xe4,0x18,0xe4,0x18,0xe4,0x18,0xe4,0x18,0xe4,0x18,
  0xe4,0x18,0xe4,0x18,0xe4,0x18,0xe4,0x18,0xe4,0x18,0xe4,0x18,0xe4,0x18,0xe4,0x18,
  0xe4,0x18,0xe4,0x18,0xe4,0x18,0xe4,0x18,0xe4,0x18,0xe4,0x18,0xe4,0x18,0xe4,0x18,
  0xe4,0x18,0xe4,0x18,0xe4,0x18,0xe4,0x18,0xe4,0x18,0xe4,0x18,0xe4,0x18,0xe4,0x18,
  0xe4,0x18,0xe4,0x18,0xe4,0x18,0xe4,0x18,0xe4,0x18,0xe4,0x18,0xe4,0x18,0xe4,0x18,
  0xe4,0x18,0xe4,0x18,0xe4,0x18,0xe4,0x18,0xe4,0x18,0xe4,0x18,0xe4,0x18,0xe4,0x18,
  0xe4,0x18,0xe4,0x18,0xe4,0x18,0xe4,0x18,0xe4,0x18,0xe4,0x18,0xe4,0x18,0xe4,0x18,
  0xe4,0x18,0xe4,0x18,0xe4,0x18,0xe4,0x18,0xe4,0x18,0xe4,0x18,0xe4,0x18,0xe4,0x18,
  0xa3,0x10,0x49,0x4a,0x86,0x31,0x00,0x00,0x20,0x00,0x00,0x00,0x00,0x00,0x89,0x6a,
  0x56,0xfe,0xf4,0xfd,0xf4,0xfd,0x14,0xfe,0x14,0xfe,0x14,0xf6,0x14,0xf6,0x55,0xfe,
  0xc9,0x82,0x00,0x00,0x00,0x00,0x00,0x00,0x00,0x00,0x00,0x00,0x00,0x00,0x00,0x00,
  0x00,0x00,0x00,0x08,0x4b,0x8b,0x56,0xfe,0x14,0xfe,0x14,0xfe,0x14,0xfe,0x14,0xfe,
  0xf4,0xfd,0xf4,0xfd,0xf4,0xfd,0x35,0xfe,0xd4,0xdd,0xc9,0x72,0xf1,0xc4,0x76,0xfe,
  0x76,0xfe,0x75,0xfe,0x96,0xfe,0x93,0xdd,0x06,0x5a,0x00,0x00,0x00,0x00,0x00,0x00,
  0x00,0x00,0x00,0x00,0xcc,0x9b,0x75,0xfe,0xf3,0xfd,0x14,0xfe,0xf3,0xf5,0x75,0xfe,
  0x2f,0xb4,0x00,0x00,0x00,0x00,0x00,0x00,0x00,0x00,0x00,0x00,0x4a,0x43,0xb6,0x8e,
  0x54,0x7e,0x54,0x86,0x54,0x86,0x54,0x86,0x54,0x86,0x54,0x7e,0x74,0x7e,0x54,0x7e,
  0x74,0x7e,0x54,0x7e,0x54,0x86,0x54,0x86,0x54,0x86,0x74,0x7e,0x54,0x7e,0x54,0x7e,
  0x54,0x7e,0x75,0x8e,0x76,0x96,0xd3,0x85,0x0d,0x5c,0xa4,0x19,0x00,0x00,0x00,0x00,
  0x00,0x00,0x00,0x00,0x00,0x00,0x00,0x00,0x00,0x00,0x00,0x00,0xe3,0x18,0xcb,0x5a,
  0xe8,0x39,0x05,0x19,0xa3,0x10,0xe4,0x18,0xe4,0x18,0xe4,0x18,0xe4,0x18,0xe4,0x18,
  0xe4,0x18,0xe4,0x18,0xe4,0x18,0xe4,0x18,0xe4,0x18,0xe4,0x18,0xe4,0x18,0xe4,0x18,
  0xe4,0x18,0xe4,0x18,0xe4,0x18,0xe4,0x18,0xe4,0x18,0xe4,0x18,0xe4,0x18,0xe4,0x18,
  0xe4,0x18,0xe4,0x18,0xe4,0x18,0xe4,0x18,0xe4,0x18,0xe4,0x18,0xe4,0x18,0xe4,0x18,
  0xe4,0x18,0xe4,0x18,0xe4,0x18,0xe4,0x18,0xe4,0x18,0xe4,0x18,0xe4,0x18,0xe4,0x18,
  0xe4,0x18,0xe4,0x18,0xe4,0x18,0xe4,0x18,0xe4,0x18,0xe4,0x18,0xe4,0x18,0xe4,0x18,
  0xe4,0x18,0xe4,0x18,0xe4,0x18,0xe4,0x18,0xe4,0x18,0xe4,0x18,0xe4,0x18,0xe4,0x18,
  0xe4,0x18,0xe4,0x18,0xe4,0x18,0xe4,0x18,0xe4,0x18,0xe4,0x18,0xe4,0x18,0xe4,0x18,
  0xe4,0x18,0xe4,0x18,0xe4,0x18,0xe4,0x18,0xe4,0x18,0xe4,0x18,0xe4,0x18,0xe4,0x18,
  0xa3,0x10,0x62,0x08,0x83,0x08,0xa3,0x10,0xc3,0x10,0xc4,0x10,0xe4,0x18,0xc4,0x10,
  0x25,0x21,0x6a,0x4a,0x41,0x08,0x20,0x00,0x00,0x00,0x00,0x00,0x41,0x10,0xf1,0xcc,
  0x35,0xfe,0xf3,0xfd,0x14,0xfe,0xf4,0xfd,0x13,0xfe,0x14,0xfe,0xf3,0xfd,0x35,0xfe,
  0x2e,0xac,0x65,0x39,0x00,0x00,0x00,0x00,0x00,0x00,0x00,0x00,0x00,0x08,0xe6,0x49,
  0x90,0xbc,0x56,0xfe,0xf4,0xfd,0x14,0xf6,0x14,0xfe,0xf4,0xfd,0xf4,0xfd,0xf4,0xfd,
  0xf4,0xfd,0x34,0xfe,0x14,0xee,0xc5,0x49,0x00,0x00,0x61,0x18,0x48,0x62,0x6b,0x8b,
  0x8b,0x93,0xa9,0x6a,0xa2,0x20,0x00,0x00,0x00,0x00,0x00,0x00,0x20,0x00,0x00,0x00,
  0x24,0x31,0xf4,0xed,0x13,0xfe,0xf4,0xfd,0x14,0xf6,0x14,0xfe,0x15,0xee,0x24,0x39,
  0x00,0x00,0x00,0x00,0x00,0x00,0x00,0x00,0xa2,0x08,0xb2,0x75,0x75,0x86,0x54,0x86,
  0x54,0x86,0x54,0x86,0x54,0x86,0x54,0x86,0x54,0x86,0x54,0x86,0x54,0x86,0x54,0x86,
  0x54,0x86,0x54,0x86,0x54,0x86,0x54,0x7e,0x54,0x7e,0x74,0x7e,0x54,0x7e,0x54,0x7e,
  0x54,0x7e,0x54,0x7e,0x75,0x86,0x95,0x8e,0x35,0x8e,0x6e,0x64,0xc5,0x21,0x00,0x00,
  0x00,0x00,0x00,0x00,0x00,0x00,0x00,0x00,0x20,0x00,0x00,0x00,0x00,0x00,0x07,0x42,
  0x2c,0x63,0xc4,0x10,0x83,0x08,0xe4,0x18,0xe4,0x18,0xe4,0x18,0xe4,0x18,0xe4,0x18,
  0xe4,0x18,0xe4,0x18,0xe4,0x18,0xe4,0x18,0xe4,0x18,0xe4,0x18,0xe4,0x18,0xe4,0x18,
  0xe4,0x18,0xe4,0x18,0xe4,0x18,0xe4,0x18,0xe4,0x18,0xe4,0x18,0xe4,0x18,0xe4,0x18,
  0xe4,0x18,0xe4,0x18,0xe4,0x18,0xe4,0x18,0xe4,0x18,0xe4,0x18,0xe4,0x18,0xe4,0x18,
  0xe4,0x18,0xe4,0x18,0xe4,0x18,0xe4,0x18,0xe4,0x18,0xe4,0x18,0xe4,0x18,0xe4,0x18,
  0xe4,0x18,0xe4,0x18,0xe4,0x18,0xe4,0x18,0xe4,0x18,0xe4,0x18,0xe4,0x18,0xe4,0x18,
  0xe4,0x18,0xe4,0x18,0xe4,0x18,0xe4,0x18,0xe4,0x18,0xe4,0x18,0xe4,0x18,0xe4,0x18,
  0xe4,0x18,0xe4,0x18,0xe4,0x18,0xe4,0x18,0xe4,0x18,0xe4,0x18,0xe4,0x18,0xe4,0x18,
  0xe4,0x18,0xc3,0x10,0xc3,0x10,0xc4,0x10,0x83,0x08,0xc3,0x10,0xa3,0x10,0xa7,0x31,
  0xcb,0x5a,0x08,0x3a,0xa7,0x31,0x46,0x29,0x04,0x19,0xc3,0x18,0xc4,0x18,0x41,0x00,
  0x08,0x42,0xc3,0x18,0x00,0x00,0x00,0x00,0x20,0x00,0x00,0x00,0xc5,0x49,0x56,0xfe,
  0x55,0xfe,0x14,0xfe,0xf4,0xfd,0xd3,0xfd,0xf4,0xfd,0xf3,0xfd,0x14,0xfe,0x56,0xfe,
  0xf4,0xf5,0x11,0xcd,0xec,0xa3,0x8b,0x93,0x0d,0xa4,0x52,0xd5,0x35,0xf6,0x55,0xfe,
  0xf4,0xfd,0x14,0xfe,0x14,0xf6,0x14,0xfe,0xf4,0xfd,0xf4,0xfd,0x14,0xfe,0x14,0xfe,
  0xf5,0xed,0xc6,0x51,0x00,0x00,0x20,0x00,0x00,0x00,0x00,0x00,0x00,0x00,0x00,0x00,
  0x00,0x00,0x00,0x00,0x20,0x00,0x20,0x00,0x00,0x00,0x00,0x00,0x20,0x10,0xb0,0xbc,
  0x55,0xfe,0xf3,0xfd,0x14,0xfe,0xf4,0xfd,0x76,0xfe,0x6b,0x8b,0x00,0x00,0x00,0x00,
  0x00,0x00,0x20,0x00,0x00,0x00,0xe9,0x3a,0x95,0x8e,0x34,0x86,0x54,0x86,0x54,0x7e,
  0x54,0x7e,0x54,0x7e,0x54,0x7e,0x54,0x86,0x34,0x86,0x54,0x86,0x34,0x86,0x34,0x7e,
  0x54,0x86,0x54,0x7e,0x54,0x7e,0x74,0x7e,0x54,0x7e,0x54,0x7e,0x54,0x86,0x54,0x86,
  0x54,0x86,0x54,0x7e,0x54,0x7e,0x34,0x86,0x95,0x8e,0x55,0x86,0x8f,0x64,0xc5,0x21,
  0x00,0x00,0x00,0x00,0x00,0x00,0x00,0x00,0x00,0x00,0x00,0x00,0x00,0x00,0xa2,0x10,
  0x86,0x31,0x08,0x3a,0xa3,0x10,0xe4,0x18,0xe4,0x18,0xe4,0x18,0xe4,0x18,0xe4,0x18,
  0xe4,0x18,0xe4,0x18,0xe4,0x18,0xe4,0x18,0xe4,0x18,0xe4,0x18,0xe4,0x18,0xe4,0x18,
  0xe4,0x18,0xe4,0x18,0xe4,0x18,0xe4,0x18,0xe4,0x18,0xe4,0x18,0xe4,0x18,0xe4,0x18,
  0xe4,0x18,0xe4,0x18,0xe4,0x18,0xe4,0x18,0xe4,0x18,0xe4,0x18,0xe4,0x18,0xe4,0x18,
  0xe4,0x18,0xe4,0x18,0xe4,0x18,0xe4,0x18,0xe4,0x18,0xe4,0x18,0xe4,0x18,0xe4,0x18,
  0xe4,0x18,0xe4,0x18,0xe4,0x18,0xe4,0x18,0xe4,0x18,0xe4,0x18,0xe4,0x18,0xe4,0x18,
  0xe4,0x18,0xe4,0x18,0xe4,0x18,0xe4,0x18,0xe4,0x18,0xe4,0x18,0xe4,0x18,0xe4,0x18,
  0xe4,0x18,0xe4,0x18,0xe4,0x18,0xe4,0x18,0xe4,0x18,0xc3,0x10,0x82,0x08,0xc4,0x10,
  0x66,0x29,0x25,0x21,0x66,0x29,0xcf,0x73,0x49,0x42,0xc3,0x18,0x04,0x21,0x69,0x4a,
  0x86,0x31,0x24,0x21,0xc3,0x18,0x61,0x08,0x20,0x00,0x00,0x00,0x00,0x00,0x00,0x00,
  0x00,0x00,0x00,0x00,0x00,0x00,0x00,0x00,0x20,0x00,0x00,0x00,0x88,0x6a,0x32,0xcd,
  0xf5,0xed,0x36,0xfe,0x56,0xfe,0x34,0xfe,0xf3,0xfd,0xf4,0xfd,0xd3,0xfd,0x14,0xfe,
  0x34,0xfe,0x54,0xfe,0x75,0xfe,0x56,0xfe,0x35,0xfe,0x14,0xfe,0xf3,0xfd,0xf4,0xfd,
  0x14,0xfe,0x14,0xfe,0x14,0xfe,0xf4,0xfd,0xf4,0xfd,0xf3,0xfd,0x14,0xfe,0xa5,0x49,
  0x00,0x00,0x20,0x08,0x00,0x00,0x00,0x00,0x20,0x00,0x00,0x00,0x00,0x00,0x00,0x00,
  0x00,0x00,0x00,0x00,0x20,0x00,0x00,0x00,0x00,0x00,0xac,0x9b,0x56,0xfe,0xd4,0xfd,
  0x14,0xfe,0xf4,0xf5,0x35,0xfe,0x11,0xcd,0x40,0x10,0x00,0x00,0x00,0x00,0x20,0x00,
  0x00,0x00,0xc2,0x08,0xb3,0x7d,0x74,0x86,0x54,0x86,0x54,0x86,0x54,0x7e,0x54,0x7e,
  0x54,0x7e,0x54,0x7e,0x55,0x7e,0x75,0x86,0x96,0x8e,0xb6,0x8e,0xb6,0x86,0x95,0x86,
  0x55,0x86,0x34,0x86,0x34,0x7e,0x54,0x86,0x54,0x86,0x54,0x86,0x54,0x86,0x54,0x86,
  0x54,0x7e,0x54,0x7e,0x54,0x86,0x54,0x7e,0x54,0x7e,0x95,0x86,0x55,0x8e,0x0d,0x5c,
  0x23,0x11,0x00,0x00,0x00,0x00,0x00,0x00,0x00,0x00,0x00,0x00,0x00,0x00,0x20,0x00,
  0xcb,0x5a,0x49,0x4a,0x83,0x08,0xe4,0x18,0xe4,0x18,0xe4,0x18,0xe4,0x18,0xe4,0x18,
  0xe4,0x18,0xe4,0x18,0xe4,0x18,0xe4,0x18,0xe4,0x18,0xe4,0x18,0xe4,0x18,0xe4,0x18,
  0xe4,0x18,0xe4,0x18,0xe4,0x18,0xe4,0x18,0xe4,0x18,0xe4,0x18,0xe4,0x18,0xe4,0x18,
  0xe4,0x18,0xe4,0x18,0xe4,0x18,0xe4,0x18,0xe4,0x18,0xe4,0x18,0xe4,0x18,0xe4,0x18,
  0xe4,0x18,0xe4,0x18,0xe4,0x18,0xe4,0x18,0xe4,0x18,0xe4,0x18,0xe4,0x18,0xe4,0x18,
  0xe4,0x18,0xe4,0x18,0xe4,0x18,0xe4,0x18,0xe4,0x18,0xe4,0x18,0xe4,0x18,0xe4,0x18,
  0xe4,0x18,0xe4,0x18,0xe4,0x18,0xe4,0x18,0xe4,0x18,0xe4,0x18,0xe4,0x18,0xe4,0x18,
  0xe4,0x18,0xa3,0x10,0xc4,0x10,0xa3,0x10,0x66,0x29,0xcb,0x5a,0xe3,0x18,0x49,0x42,
  0x07,0x3a,0x61,0x08,0x82,0x10,0x41,0x08,0x00,0x00,0x00,0x00,0x00,0x00,0x00,0x00,
  0x00,0x00,0x00,0x00,0x00,0x00,0x00,0x00,0x00,0x00,0x00,0x00,0x00,0x00,0x00,0x00,
  0x00,0x00,0x00,0x00,0x00,0x00,0x20,0x00,0x20,0x00,0x00,0x00,0x00,0x10,0xa2,0x28,
  0x48,0x62,0xcd,0x9b,0x31,0xcd,0x56,0xf6,0x56,0xfe,0x35,0xfe,0x14,0xfe,0xf3,0xf5,
  0xf3,0xf5,0xf3,0xfd,0xf4,0xfd,0xf4,0xf5,0xf4,0xfd,0xf3,0xfd,0xf4,0xfd,0xf4,0xfd,
  0x14,0xfe,0x14,0xfe,0x14,0xfe,0xf4,0xfd,0xf4,0xfd,0x35,0xfe,0x2e,0xa4,0xc2,0x20,
  0x00,0x00,0x00,0x00,0x00,0x00,0x20,0x00,0x20,0x00,0x20,0x00,0x20,0x00,0x00,0x00,
  0x00,0x00,0x00,0x00,0x40,0x10,0x8c,0x93,0x55,0xfe,0xf4,0xfd,0xf4,0xfd,0xf4,0xf5,
  0x34,0xfe,0xf4,0xed,0x23,0x39,0x00,0x00,0x00,0x00,0x00,0x00,0x20,0x00,0x00,0x00,
  0xac,0x4b,0x95,0x8e,0x34,0x86,0x54,0x86,0x54,0x86,0x54,0x7e,0x54,0x7e,0x75,0x86,
  0x96,0x8e,0x55,0x8e,0x52,0x75,0xd0,0x64,0x8f,0x64,0xaf,0x64,0x11,0x6d,0xd4,0x85,
  0x76,0x96,0x95,0x8e,0x74,0x86,0x34,0x7e,0x54,0x86,0x54,0x86,0x54,0x86,0x54,0x7e,
  0x54,0x7e,0x54,0x86,0x54,0x86,0x54,0x86,0x54,0x7e,0x54,0x7e,0x95,0x8e,0xf4,0x85,
  0x2a,0x43,0x60,0x00,0x00,0x00,0x00,0x00,0x00,0x00,0x00,0x00,0x00,0x00,0x00,0x00,
  0xa6,0x31,0xc7,0x31,0xa3,0x10,0xe4,0x18,0xe4,0x18,0xe4,0x18,0xe4,0x18,0xe4,0x18,
  0xe4,0x18,0xe4,0x18,0xe4,0x18,0xe4,0x18,0xe4,0x18,0xe4,0x18,0xe4,0x18,0xe4,0x18,
  0xe4,0x18,0xe4,0x18,0xe4,0x18,0xe4,0x18,0xe4,0x18,0xe4,0x18,0xe4,0x18,0xe4,0x18,
  0xe4,0x18,0xe4,0x18,0xe4,0x18,0xe4,0x18,0xe4,0x18,0xe4,0x18,0xe4,0x18,0xe4,0x18,
  0xe4,0x18,0xe4,0x18,0xe4,0x18,0xe4,0x18,0xe4,0x18,0xe4,0x18,0xe4,0x18,0xe4,0x18,
  0xe4,0x18,0xe4,0x18,0xe4,0x18,0xe4,0x18,0xe4,0x18,0xe4,0x18,0xe4,0x18,0xe4,0x18,
  0xe4,0x18,0xe4,0x18,0xe4,0x18,0xe4,0x18,0xe4,0x18,0xc4,0x10,0x62,0x08,0xc4,0x10,
  0xa7,0x31,0x66,0x29,0xeb,0x5a,0x04,0x21,0x86,0x31,0x41,0x08,0x00,0x00,0x00,0x00,
  0x00,0x00,0x00,0x00,0x00,0x00,0x00,0x00,0x00,0x00,0x20,0x00,0x20,0x00,0x20,0x00,
  0x00,0x00,0x00,0x00,0x00,0x00,0x20,0x00,0x00,0x00,0x20,0x00,0x20,0x00,0x00,0x00,
  0x00,0x00,0x00,0x00,0x00,0x00,0x00,0x00,0x00,0x00,0x00,0x00,0x00,0x00,0x00,0x00,
  0x00,0x00,0x61,0x18,0x65,0x39,0x0b,0x83,0xd1,0xc4,0xd4,0xed,0x76,0xfe,0x55,0xfe,
  0x13,0xfe,0xf3,0xfd,0xf3,0xfd,0x14,0xfe,0x14,0xfe,0xf4,0xfd,0xf4,0xfd,0x14,0xfe,
  0x14,0xfe,0x14,0xfe,0xf4,0xfd,0xf4,0xfd,0x14,0xf6,0x75,0xfe,0x72,0xdd,0x88,0x62,
  0x81,0x18,0x00,0x00,0x00,0x00,0x00,0x00,0x00,0x00,0x00,0x00,0x00,0x00,0x61,0x10,
  0xe6,0x51,0xf1,0xcc,0x56,0xfe,0x13,0xfe,0xf4,0xfd,0xf4,0xfd,0x14,0xfe,0x55,0xfe,
  0x27,0x5a,0x00,0x00,0x00,0x00,0x00,0x00,0x00,0x00,0x00,0x00,0xa5,0x19,0x34,0x86,
  0x54,0x7e,0x55,0x7e,0x74,0x86,0x54,0x7e,0x75,0x86,0x76,0x96,0x31,0x75,0x29,0x3b,
  0x64,0x19,0xc2,0x08,0x40,0x00,0x00,0x00,0x20,0x00,0x61,0x00,0x03,0x11,0x46,0x2a,
  0x4e,0x5c,0x14,0x86,0x95,0x8e,0x54,0x7e,0x54,0x7e,0x54,0x86,0x54,0x7e,0x74,0x86,
  0x54,0x86,0x54,0x86,0x54,0x86,0x54,0x86,0x54,0x7e,0x54,0x7e,0x54,0x86,0x76,0x96,
  0xf0,0x74,0x84,0x19,0x00,0x00,0x00,0x00,0x00,0x00,0x00,0x00,0x00,0x00,0x00,0x00,
  0x24,0x21,0x66,0x29,0xa3,0x10,0xe4,0x18,0xe4,0x18,0xe4,0x18,0xe4,0x18,0xe4,0x18,
  0xe4,0x18,0xe4,0x18,0xe4,0x18,0xe4,0x18,0xe4,0x18,0xe4,0x18,0xe4,0x18,0xe4,0x18,
  0xe4,0x18,0xe4,0x18,0xe4,0x18,0xe4,0x18,0xe4,0x18,0xe4,0x18,0xe4,0x18,0xe4,0x18,
  0xe4,0x18,0xe4,0x18,0xe4,0x18,0xe4,0x18,0xe4,0x18,0xe4,0x18,0xe4,0x18,0xe4,0x18,
  0xe4,0x18,0xe4,0x18,0xe4,0x18,0xe4,0x18,0xe4,0x18,0xe4,0x18,0xe4,0x18,0xe4,0x18,
  0xe4,0x18,0xe4,0x18,0xe4,0x18,0xe4,0x18,0xe4,0x18,0xe4,0x18,0xe4,0x18,0xe4,0x18,
  0xe4,0x18,0xe4,0x18,0xa3,0x10,0xa3,0x10,0x04,0x19,0x6e,0x6b,0xc7,0x39,0x8a,0x52,
  0x82,0x10,0x20,0x00,0x00,0x00,0x00,0x00,0x00,0x00,0x20,0x00,0x00,0x00,0x00,0x00,
  0x00,0x00,0x00,0x00,0x20,0x00,0x20,0x00,0x00,0x00,0x00,0x00,0x00,0x00,0x00,0x00,
  0x00,0x00,0x00,0x00,0x00,0x00,0x00,0x00,0x00,0x00,0x00,0x00,0x00,0x00,0x00,0x00,
  0x00,0x00,0x20,0x00,0x20,0x00,0x20,0x00,0x00,0x00,0x00,0x00,0x00,0x00,0x00,0x00,
  0x00,0x00,0x00,0x00,0x00,0x00,0x00,0x00,0x44,0x39,0xea,0x7a,0xd0,0xc4,0x35,0xf6,
  0x55,0xfe,0x54,0xfe,0xf3,0xf5,0xf3,0xfd,0x13,0xfe,0xf4,0xfd,0xf4,0xfd,0xf4,0xfd,
  0xf4,0xfd,0xf4,0xfd,0x14,0xfe,0x14,0xfe,0xf3,0xfd,0x34,0xfe,0x56,0xfe,0x72,0xd5,
  0xac,0x9b,0xa9,0x72,0x07,0x5a,0x07,0x5a,0x89,0x6a,0x6b,0x8b,0x11,0xcd,0x56,0xfe,
  0x55,0xfe,0xf4,0xfd,0xf4,0xfd,0xf4,0xfd,0x14,0xfe,0x56,0xfe,0xc9,0x72,0x00,0x00,
  0x00,0x00,0x00,0x00,0x00,0x00,0x00,0x00,0x61,0x08,0x31,0x6d,0x95,0x86,0x54,0x86,
  0x54,0x7e,0x54,0x7e,0x95,0x86,0xb2,0x7d,0xa9,0x3a,0x41,0x00,0x00,0x00,0x00,0x00,
  0x00,0x00,0x00,0x00,0x00,0x00,0x00,0x00,0x00,0x00,0x00,0x00,0x00,0x00,0x00,0x00,
  0x64,0x19,0x6e,0x64,0x75,0x8e,0x54,0x86,0x54,0x7e,0x75,0x86,0x54,0x7e,0x54,0x86,
  0x54,0x86,0x54,0x86,0x54,0x86,0x54,0x86,0x54,0x7e,0x54,0x7e,0x54,0x86,0x75,0x8e,
  0x34,0x86,0x09,0x3b,0x00,0x00,0x00,0x00,0x00,0x00,0x00,0x00,0x00,0x00,0x00,0x00,
  0xe3,0x20,0x66,0x29,0xa3,0x10,0xe4,0x18,0xe4,0x18,0xe4,0x18,0xe4,0x18,0xe4,0x18,
  0xe4,0x18,0xe4,0x18,0xe4,0x18,0xe4,0x18,0xe4,0x18,0xe4,0x18,0xe4,0x18,0xe4,0x18,
  0xe4,0x18,0xe4,0x18,0xe4,0x18,0xe4,0x18,0xe4,0x18,0xe4,0x18,0xe4,0x18,0xe4,0x18,
  0xe4,0x18,0xe4,0x18,0xe4,0x18,0xe4,0x18,0xe4,0x18,0xe4,0x18,0xe4,0x18,0xe4,0x18,
  0xe4,0x18,0xe4,0x18,0xe4,0x18,0xe4,0x18,0xe4,0x18,0xe4,0x18,0xe4,0x18,0xe4,0x18,
  0xe4,0x18,0xe4,0x18,0xe4,0x18,0xe4,0x18,0xe4,0x18,0xe4,0x18,0xe4,0x18,0xc4,0x10,
  0x82,0x08,0x46,0x21,0x49,0x4a,0x0c,0x63,0x65,0x31,0x61,0x08,0x00,0x00,0x00,0x00,
  0x00,0x00,0x00,0x00,0x20,0x00,0x20,0x00,0x20,0x00,0x00,0x00,0x00,0x00,0x00,0x00,
  0x00,0x00,0x00,0x00,0x00,0x00,0x00,0x00,0x62,0x08,0xa3,0x10,0x05,0x19,0x46,0x21,
  0x66,0x21,0x87,0x29,0x87,0x29,0x87,0x29,0x66,0x21,0x05,0x19,0xc3,0x10,0x42,0x08,
  0x00,0x00,0x00,0x00,0x00,0x00,0x00,0x00,0x00,0x00,0x00,0x00,0x20,0x00,0x20,0x00,
  0x00,0x00,0x00,0x00,0x00,0x00,0x00,0x00,0x00,0x00,0x20,0x08,0x24,0x39,0x8c,0x8b,
  0x32,0xd5,0x35,0xfe,0x56,0xfe,0xf4,0xfd,0xf4,0xfd,0xf4,0xfd,0x14,0xfe,0x14,0xfe,
  0x14,0xfe,0x14,0xfe,0x14,0xfe,0xf4,0xfd,0xf4,0xfd,0xf3,0xf5,0x34,0xfe,0x76,0xfe,
  0x76,0xfe,0x35,0xf6,0x35,0xf6,0x76,0xfe,0x96,0xfe,0x34,0xfe,0xf4,0xfd,0xf4,0xfd,
  0x14,0xfe,0xf3,0xfd,0x34,0xfe,0x56,0xfe,0xea,0x7a,0x00,0x00,0x00,0x00,0x00,0x00,
  0x00,0x00,0x00,0x00,0x00,0x00,0xcc,0x53,0x96,0x8e,0x54,0x7e,0x54,0x86,0x54,0x86,
  0x75,0x8e,0xcf,0x6c,0x03,0x09,0x00,0x00,0x00,0x00,0x00,0x00,0x00,0x00,0x00,0x00,
  0x20,0x00,0x20,0x00,0x20,0x00,0x40,0x00,0x20,0x00,0x00,0x00,0x00,0x00,0x00,0x00,
  0x20,0x00,0xe9,0x3a,0x14,0x86,0x54,0x86,0x54,0x7e,0x74,0x7e,0x54,0x7e,0x54,0x86,
  0x54,0x86,0x54,0x86,0x54,0x86,0x54,0x7e,0x54,0x7e,0x54,0x86,0x54,0x7e,0x55,0x86,
  0x76,0x96,0x2e,0x5c,0x61,0x08,0x00,0x00,0x20,0x00,0x00,0x00,0x00,0x00,0x00,0x00,
  0x24,0x21,0xa7,0x31,0x83,0x08,0xe4,0x18,0xe4,0x18,0xe4,0x18,0xe4,0x18,0xe4,0x18,
  0xe4,0x18,0xe4,0x18,0xe4,0x18,0xe4,0x18,0xe4,0x18,0xe4,0x18,0xe4,0x18,0xe4,0x18,
  0xe4,0x18,0xe4,0x18,0xe4,0x18,0xe4,0x18,0xe4,0x18,0xe4,0x18,0xe4,0x18,0xe4,0x18,
  0xe4,0x18,0xe4,0x18,0xe4,0x18,0xe4,0x18,0xe4,0x18,0xe4,0x18,0xe4,0x18,0xe4,0x18,
  0xe4,0x18,0xe4,0x18,0xe4,0x18,0xe4,0x18,0xe4,0x18,0xe4,0x18,0xe4,0x18,0xe4,0x18,
  0xe4,0x18,0xe4,0x18,0xe4,0x18,0xe4,0x18,0xc3,0x10,0x83,0x08,0x25,0x21,0xab,0x52,
  0x48,0x4a,0x44,0x29,0x00,0x00,0x00,0x00,0x00,0x00,0x20,0x00,0x00,0x00,0x00,0x00,
  0x00,0x00,0x00,0x00,0x00,0x00,0x00,0x00,0x00,0x00,0x21,0x00,0xc4,0x08,0x29,0x32,
  0x4d,0x53,0x31,0x6c,0xf5,0x7c,0x98,0x8d,0x19,0x9e,0x7b,0xa6,0xdc,0xae,0x1d,0xb7,
  0x3e,0xbf,0x5e,0xbf,0x3e,0xbf,0xfd,0xb6,0xbc,0xae,0x19,0x9e,0x77,0x8d,0xb3,0x74,
  0xaf,0x5b,0x4a,0x3a,0xe4,0x10,0x01,0x00,0x00,0x00,0x00,0x00,0x00,0x00,0x00,0x00,
  0x00,0x00,0x00,0x00,0x00,0x00,0x20,0x00,0x00,0x00,0x00,0x00,0x00,0x00,0x40,0x10,
  0xe6,0x59,0x2f,0xac,0xf5,0xf5,0x55,0xfe,0x35,0xfe,0xf3,0xf5,0x13,0xf6,0x13,0xfe,
  0x13,0xfe,0xf3,0xfd,0x14,0xfe,0xf4,0xfd,0x14,0xfe,0x14,0xfe,0xf3,0xf5,0xf3,0xf5,
  0x14,0xf6,0x14,0xfe,0xf3,0xfd,0xf3,0xf5,0xf3,0xfd,0x14,0xfe,0x14,0xfe,0xf3,0xfd,
  0x34,0xfe,0x15,0xf6,0x88,0x6a,0x00,0x00,0x00,0x00,0x00,0x00,0x00,0x00,0x00,0x00,
  0x00,0x00,0xc9,0x3a,0x76,0x8e,0x54,0x7e,0x54,0x86,0x54,0x7e,0x76,0x8e,0x6e,0x64,
  0x61,0x00,0x00,0x00,0x20,0x00,0x00,0x00,0x20,0x00,0x20,0x00,0x00,0x00,0x00,0x00,
  0x00,0x00,0x00,0x00,0x00,0x00,0x20,0x00,0x00,0x00,0x00,0x00,0x00,0x00,0x00,0x00,
  0x00,0x00,0x47,0x2a,0x34,0x8e,0x74,0x86,0x54,0x7e,0x74,0x7e,0x54,0x7e,0x54,0x86,
  0x54,0x86,0x54,0x86,0x54,0x86,0x54,0x86,0x54,0x86,0x54,0x86,0x54,0x86,0x34,0x7e,
  0x96,0x96,0xf1,0x74,0xe2,0x10,0x00,0x00,0x20,0x00,0x00,0x00,0x00,0x00,0x00,0x00,
  0xa6,0x31,0x49,0x4a,0xc3,0x10,0xe4,0x18,0xe4,0x18,0xe4,0x18,0xe4,0x18,0xe4,0x18,
  0xe4,0x18,0xe4,0x18,0xe4,0x18,0xe4,0x18,0xe4,0x18,0xe4,0x18,0xe4,0x18,0xe4,0x18,
  0xe4,0x18,0xe4,0x18,0xe4,0x18,0xe4,0x18,0xe4,0x18,0xe4,0x18,0xe4,0x18,0xe4,0x18,
  0xe4,0x18,0xe4,0x18,0xe4,0x18,0xe4,0x18,0xe4,0x18,0xe4,0x18,0xe4,0x18,0xe4,0x18,
  0xe4,0x18,0xe4,0x18,0xe4,0x18,0xe4,0x18,0xe4,0x18,0xe4,0x18,0xe4,0x18,0xe4,0x18,
  0xe4,0x18,0xe4,0x18,0x83,0x08,0x66,0x29,0xab,0x52,0xcb,0x5a,0xe3,0x18,0x00,0x00,
  0x00,0x00,0x20,0x00,0x20,0x00,0x00,0x00,0x20,0x00,0x00,0x00,0x00,0x00,0x00,0x00,
  0x00,0x00,0x05,0x19,0x6a,0x3a,0x11,0x64,0xb7,0x95,0xbc,0xae,0xfd,0xae,0x3e,0xb7,
  0x7f,0xbf,0x5f,0xb7,0x3f,0xb7,0x3e,0xaf,0x1e,0xaf,0x1e,0xaf,0x1e,0xa7,0xfe,0xa6,
  0xfd,0xa6,0xfe,0xae,0xfe,0xa6,0x1e,0xaf,0x3f,0xaf,0x5f,0xaf,0x7f,0xbf,0x5f,0xbf,
  0xfd,0xb6,0xbc,0xae,0x77,0x95,0xb0,0x5b,0x29,0x32,0xc3,0x08,0x00,0x00,0x00,0x00,
  0x00,0x00,0x00,0x00,0x20,0x00,0x00,0x00,0x00,0x00,0x00,0x00,0x00,0x00,0x00,0x00,
  0x00,0x00,0xe2,0x30,0x4b,0x8b,0x52,0xd5,0x76,0xfe,0x35,0xfe,0xf4,0xfd,0xf3,0xfd,
  0xf4,0xfd,0x14,0xfe,0xf4,0xfd,0xf4,0xfd,0xf4,0xfd,0xf4,0xfd,0x14,0xfe,0x14,0xfe,
  0xf4,0xfd,0x14,0xfe,0x14,0xfe,0xf4,0xfd,0xf3,0xfd,0x13,0xf6,0x75,0xfe,0x73,0xdd,
  0xa5,0x49,0x00,0x00,0x00,0x00,0x00,0x00,0x00,0x00,0x20,0x00,0x00,0x00,0x26,0x2a,
  0x34,0x8e,0x54,0x86,0x54,0x86,0x54,0x7e,0x95,0x86,0x11,0x6d,0x81,0x00,0x00,0x00,
  0x20,0x00,0x00,0x00,0x20,0x00,0x00,0x00,0x00,0x00,0xc2,0x20,0xc6,0x51,0x07,0x5a,
  0xe6,0x51,0x24,0x39,0x00,0x08,0x00,0x00,0x00,0x00,0x00,0x00,0x00,0x00,0x00,0x00,
  0x00,0x00,0xc9,0x3a,0x75,0x8e,0x54,0x7e,0x54,0x7e,0x54,0x7e,0x54,0x86,0x54,0x86,
  0x54,0x86,0x54,0x86,0x54,0x86,0x54,0x86,0x54,0x7e,0x74,0x7e,0x54,0x7e,0x34,0x7e,
  0x96,0x8e,0x52,0x7d,0x23,0x11,0x00,0x00,0x20,0x00,0x00,0x00,0x20,0x08,0x00,0x00,
  0xaa,0x52,0x66,0x29,0xa3,0x10,0xe4,0x18,0xe4,0x18,0xe4,0x18,0xe4,0x18,0xe4,0x18,
  0xe4,0x18,0xe4,0x18,0xe4,0x18,0xe4,0x18,0xe4,0x18,0xe4,0x18,0xe4,0x18,0xe4,0x18,
  0xe4,0x18,0xe4,0x18,0xe4,0x18,0xe4,0x18,0xe4,0x18,0xe4,0x18,0xe4,0x18,0xe4,0x18,
  0xe4,0x18,0xe4,0x18,0xe4,0x18,0xe4,0x18,0xe4,0x18,0xe4,0x18,0xe4,0x18,0xe4,0x18,
  0xe4,0x18,0xe4,0x18,0xe4,0x18,0xe4,0x18,0xe4,0x18,0xe4,0x18,0xe4,0x18,0xc4,0x10,
  0xe4,0x18,0x66,0x29,0xab,0x52,0xc7,0x39,0x00,0x00,0x00,0x00,0x00,0x00,0x20,0x00,
  0x00,0x00,0x20,0x00,0x00,0x00,0x00,0x00,0x00,0x00,0xe4,0x10,0x0d,0x4b,0x15,0x85,
  0x5a,0xa6,0x5e,0xbf,0x5f,0xb7,0x3f,0xaf,0x1e,0xaf,0xfe,0xae,0xde,0xae,0xdd,0xae,
  0xdd,0xae,0xdd,0xae,0xdd,0xae,0xfe,0xae,0xfe,0xae,0xfe,0xae,0xfe,0xae,0xfe,0xae,
  0xfe,0xae,0xfe,0xae,0xfe,0xae,0xfe,0xae,0xde,0xae,0xdd,0xae,0xdd,0xae,0xfe,0xae,
  0x1e,0xaf,0x1e,0xb7,0x7f,0xbf,0x3e,0xb7,0x19,0x9e,0xb3,0x74,0x8a,0x3a,0xa2,0x08,
  0x00,0x00,0x00,0x00,0x00,0x00,0x00,0x00,0x00,0x00,0x00,0x00,0x21,0x00,0x00,0x00,
  0x00,0x00,0x00,0x00,0x81,0x18,0x88,0x6a,0xf1,0xcc,0x36,0xfe,0x36,0xfe,0xf4,0xfd,
  0xf4,0xfd,0xf4,0xfd,0xf4,0xfd,0xf4,0xfd,0xf4,0xfd,0xf4,0xfd,0xf4,0xfd,0xf4,0xfd,
  0xf4,0xfd,0xf4,0xfd,0xf3,0xf5,0x55,0xfe,0x55,0xfe,0x2e,0xa4,0xa2,0x20,0x00,0x00,
  0x00,0x00,0x00,0x00,0x00,0x00,0x20,0x00,0x00,0x00,0xe5,0x21,0x14,0x8e,0x54,0x86,
  0x54,0x7e,0x54,0x86,0x74,0x86,0x14,0x7e,0x64,0x11,0x00,0x00,0x00,0x00,0x00,0x00,
  0x00,0x00,0x00,0x00,0x03,0x39,0x0e,0xa4,0x93,0xdd,0x55,0xfe,0x76,0xfe,0x56,0xfe,
  0xd4,0xed,0xb1,0xbc,0xe6,0x51,0x00,0x00,0x00,0x00,0x00,0x00,0x00,0x00,0x00,0x00,
  0x00,0x00,0x2e,0x5c,0x95,0x8e,0x54,0x7e,0x54,0x7e,0x54,0x7e,0x54,0x7e,0x54,0x86,
  0x54,0x86,0x54,0x86,0x54,0x86,0x74,0x7e,0x74,0x7e,0x74,0x86,0x74,0x86,0x54,0x7e,
  0x96,0x8e,0x52,0x7d,0x03,0x11,0x00,0x00,0x20,0x00,0x00,0x00,0x00,0x00,0x00,0x00,
  0xc7,0x39,0x25,0x21,0xc4,0x10,0xe4,0x18,0xe4,0x18,0xe4,0x18,0xe4,0x18,0xe4,0x18,
  0xe4,0x18,0xe4,0x18,0xe4,0x18,0xe4,0x18,0xe4,0x18,0xe4,0x18,0xe4,0x18,0xe4,0x18,
  0xe4,0x18,0xe4,0x18,0xe4,0x18,0xe4,0x18,0xe4,0x18,0xe4,0x18,0xe4,0x18,0xe4,0x18,
  0xe4,0x18,0xe4,0x18,0xe4,0x18,0xe4,0x18,0xe4,0x18,0xe4,0x18,0xe4,0x18,0xe4,0x18,
  0xe4,0x18,0xe4,0x18,0xe4,0x18,0xe4,0x18,0xe4,0x18,0xc3,0x10,0xa3,0x10,0x6a,0x4a,
  0x8a,0x52,0x00,0x00,0x00,0x00,0x20,0x00,0x00,0x00,0x00,0x00,0x20,0x00,0x00,0x00,
  0x00,0x00,0x21,0x00,0x4a,0x3a,0xb3,0x74,0xbc,0xae,0x3f,0xb7,0x5f,0xbf,0x1e,0xaf,
  0xfd,0xa6,0xfd,0xa6,0x1d,0xa7,0x1e,0xa7,0xfe,0xae,0xfe,0xae,0xfe,0xae,0xfd,0xae,
  0xfd,0xae,0x1d,0xaf,0xfd,0xae,0x1d,0xaf,0xfd,0xae,0x1d,0xaf,0xfd,0xae,0xfd,0xae,
  0xfd,0xae,0xfd,0xae,0xfd,0xae,0xfd,0xae,0xfd,0xae,0xfd,0xae,0xfd,0xae,0xfd,0xae,
  0xfd,0xae,0xfd,0xae,0xfd,0xae,0x3e,0xb7,0x5f,0xb7,0x3e,0xb7,0x5b,0x9e,0x52,0x6c,
  0x2a,0x3a,0x41,0x00,0x00,0x00,0x00,0x00,0x00,0x00,0x00,0x00,0x00,0x00,0x00,0x00,
  0x20,0x00,0x00,0x00,0x00,0x00,0x00,0x08,0x27,0x5a,0xb0,0xbc,0x76,0xfe,0x55,0xfe,
  0x14,0xf6,0xf4,0xf5,0x14,0xfe,0x14,0xfe,0xf4,0xfd,0x14,0xfe,0xf3,0xf5,0xf3,0xfd,
  0x34,0xfe,0x75,0xfe,0x31,0xcd,0x27,0x5a,0x00,0x00,0x00,0x00,0x00,0x00,0x00,0x00,
  0x20,0x00,0x20,0x00,0x00,0x00,0x06,0x22,0xf4,0x85,0x55,0x8e,0x54,0x7e,0x74,0x7e,
  0x54,0x7e,0x96,0x8e,0x8b,0x4b,0x00,0x00,0x00,0x00,0x00,0x00,0x00,0x00,0x00,0x00,
  0x27,0x62,0xf4,0xed,0x76,0xfe,0x34,0xfe,0xf3,0xf5,0xd3,0xfd,0xf3,0xf5,0x15,0xfe,
  0x56,0xfe,0x56,0xfe,0x4b,0x83,0x00,0x08,0x00,0x00,0x00,0x00,0x00,0x00,0x00,0x00,
  0x23,0x11,0xd4,0x85,0x54,0x86,0x54,0x7e,0x74,0x7e,0x54,0x86,0x54,0x86,0x54,0x86,
  0x54,0x86,0x54,0x86,0x74,0x7e,0x54,0x7e,0x54,0x86,0x54,0x86,0x74,0x7e,0x54,0x7e,
  0x96,0x8e,0xf1,0x74,0x81,0x08,0x00,0x00,0x00,0x00,0x00,0x00,0x00,0x00,0x45,0x29,
  0x08,0x42,0x62,0x08,0xe4,0x18,0xe4,0x18,0xe4,0x18,0xe4,0x18,0xe4,0x18,0xe4,0x18,
  0xe4,0x18,0xe4,0x18,0xe4,0x18,0xe4,0x18,0xe4,0x18,0xe4,0x18,0xe4,0x18,0xe4,0x18,
  0xe4,0x18,0xe4,0x18,0xe4,0x18,0xe4,0x18,0xe4,0x18,0xe4,0x18,0xe4,0x18,0xe4,0x18,
  0xe4,0x18,0xe4,0x18,0xe4,0x18,0xe4,0x18,0xe4,0x18,0xe4,0x18,0xe4,0x18,0xe4,0x18,
  0xe4,0x18,0xe4,0x18,0xe4,0x18,0x83,0x08,0xc8,0x39,0x6d,0x6b,0xa2,0x10,0x00,0x00,
  0x00,0x00,0x00,0x00,0x00,0x00,0x00,0x00,0x00,0x00,0x00,0x00,0x62,0x08,0xed,0x4a,
  0xb8,0x95,0x1e,0xb7,0x5f,0xbf,0x1e,0xaf,0xfd,0xae,0xfd,0xa6,0xfe,0xa6,0x1e,0xa7,
  0x1e,0xa7,0x1e,0xa7,0x1d,0xa7,0x1d,0xaf,0xfd,0xae,0xfd,0xae,0xfe,0xae,0xfe,0xae,
  0xfe,0xae,0xfe,0xae,0xfe,0xae,0xfe,0xae,0xfe,0xae,0xfe,0xae,0xfe,0xae,0xfe,0xae,
  0xfd,0xae,0xfd,0xae,0x1d,0xaf,0x1d,0xa7,0x1d,0xa7,0x1d,0xa7,0x1d,0xa7,0x1d,0xa7,
  0x1d,0xaf,0xfd,0xae,0xfe,0xae,0xfe,0xae,0xfe,0xae,0xfe,0xae,0x5f,0xbf,0x1e,0xb7,
  0xd9,0x95,0xaf,0x5b,0x45,0x19,0x00,0x00,0x00,0x00,0x00,0x00,0x00,0x00,0x00,0x00,
  0x00,0x00,0x00,0x00,0x00,0x00,0x00,0x00,0x20,0x08,0xe6,0x49,0x8f,0xb4,0x55,0xfe,
  0x55,0xfe,0xf4,0xfd,0xf4,0xf5,0x14,0xf6,0x14,0xfe,0x76,0xfe,0x35,0xfe,0x31,0xd5,
  0xa8,0x6a,0x61,0x10,0x00,0x00,0x00,0x00,0x00,0x00,0x00,0x00,0x20,0x00,0x00,0x00,
  0x00,0x00,0xa8,0x32,0x34,0x86,0x75,0x86,0x34,0x86,0x54,0x86,0x74,0x7e,0x74,0x86,
  0xd3,0x85,0x03,0x11,0x00,0x00,0x00,0x00,0x00,0x00,0x00,0x00,0xe6,0x51,0x35,0xf6,
  0x35,0xfe,0xd3,0xfd,0xf4,0xfd,0x14,0xfe,0x14,0xfe,0x14,0xfe,0x14,0xf6,0xf3,0xf5,
  0xf4,0xfd,0x77,0xfe,0x2b,0x83,0x00,0x00,0x20,0x00,0x00,0x00,0x00,0x00,0x00,0x00,
  0xcc,0x53,0x95,0x8e,0x34,0x7e,0x54,0x7e,0x74,0x7e,0x54,0x86,0x54,0x86,0x54,0x86,
  0x54,0x86,0x54,0x7e,0x54,0x86,0x54,0x86,0x54,0x86,0x54,0x86,0x54,0x86,0x34,0x7e,
  0x96,0x96,0x2e,0x5c,0x20,0x00,0x00,0x00,0x00,0x00,0x20,0x00,0x00,0x00,0xe7,0x39,
  0x08,0x3a,0xa3,0x10,0xe4,0x18,0xe4,0x18,0xe4,0x18,0xe4,0x18,0xe4,0x18,0xe4,0x18,
  0xe4,0x18,0xe4,0x18,0xe4,0x18,0xe4,0x18,0xe4,0x18,0xe4,0x18,0xe4,0x18,0xe4,0x18,
  0xe4,0x18,0xe4,0x18,0xe4,0x18,0xe4,0x18,0xe4,0x18,0xe4,0x18,0xe4,0x18,0xe4,0x18,
  0xe4,0x18,0xe4,0x18,0xe4,0x18,0xe4,0x18,0xe4,0x18,0xe4,0x18,0xe4,0x18,0xe4,0x18,
  0xc4,0x10,0xc3,0x10,0x46,0x21,0x49,0x4a,0x61,0x08,0x00,0x00,0x20,0x00,0x00,0x00,
  0x00,0x00,0x00,0x00,0x00,0x00,0x42,0x00,0xed,0x4a,0xf9,0x9d,0x3f,0xbf,0x3f,0xb7,
  0xfe,0xa6,0xde,0xa6,0x1d,0xaf,0x1d,0xaf,0x1d,0xaf,0xfd,0xae,0xfd,0xae,0xfd,0xae,
  0xfe,0xae,0xfd,0xae,0xfd,0xae,0x1e,0xaf,0xfe,0xae,0xfe,0xae,0xfe,0xae,0xfe,0xae,
  0xfe,0xae,0xfe,0xae,0xfe,0xae,0xfe,0xae,0xfe,0xae,0xfe,0xae,0xfe,0xae,0xfe,0xae,
  0xfe,0xae,0xfe,0xae,0xfe,0xae,0xfe,0xae,0xfe,0xae,0x1e,0xaf,0x1e,0xa7,0x1d,0xa7,
  0x1e,0xaf,0xfe,0xae,0xfe,0xae,0xde,0xae,0xfe,0xae,0xfe,0xae,0xfe,0xae,0x3e,0xb7,
  0x5e,0xbf,0xbb,0xae,0xb3,0x74,0x29,0x32,0x21,0x00,0x00,0x00,0x00,0x00,0x20,0x00,
  0x00,0x00,0x00,0x00,0x20,0x00,0x00,0x00,0x00,0x00,0x00,0x08,0xe6,0x51,0xd0,0xbc,
  0x56,0xfe,0x55,0xfe,0x55,0xfe,0xd4,0xe5,0x2e,0xa4,0x27,0x5a,0x20,0x10,0x00,0x00,
  0x00,0x00,0x00,0x00,0x00,0x00,0x00,0x00,0x20,0x00,0x00,0x00,0x40,0x00,0x8b,0x4b,
  0x75,0x8e,0x74,0x7e,0x54,0x7e,0x54,0x86,0x54,0x86,0x54,0x7e,0xb6,0x8e,0x2e,0x5c,
  0x20,0x00,0x00,0x00,0x00,0x00,0x00,0x00,0x82,0x18,0x72,0xd5,0x55,0xfe,0xd3,0xfd,
  0xf4,0xfd,0xf4,0xfd,0xf4,0xfd,0x14,0xfe,0x14,0xfe,0x13,0xfe,0x13,0xfe,0x13,0xfe,
  0xf4,0xfd,0x15,0xf6,0x85,0x41,0x00,0x00,0x20,0x00,0x00,0x00,0x00,0x00,0xe5,0x21,
  0x55,0x8e,0x54,0x86,0x54,0x86,0x74,0x7e,0x54,0x7e,0x54,0x86,0x54,0x86,0x54,0x86,
  0x54,0x7e,0x54,0x7e,0x54,0x86,0x54,0x86,0x54,0x86,0x54,0x86,0x54,0x86,0x54,0x7e,
  0x96,0x8e,0xa8,0x3a,0x00,0x00,0x00,0x00,0x00,0x00,0x00,0x00,0xc3,0x18,0x8e,0x73,
  0x62,0x08,0xe4,0x18,0xe4,0x18,0xe4,0x18,0xe4,0x18,0xe4,0x18,0xe4,0x18,0xe4,0x18,
  0xe4,0x18,0xe4,0x18,0xe4,0x18,0xe4,0x18,0xe4,0x18,0xe4,0x18,0xe4,0x18,0xe4,0x18,
  0xe4,0x18,0xe4,0x18,0xe4,0x18,0xe4,0x18,0xe4,0x18,0xe4,0x18,0xe4,0x18,0xe4,0x18,
  0xe4,0x18,0xe4,0x18,0xe4,0x18,0xe4,0x18,0xe4,0x18,0xe4,0x18,0xc4,0x10,0xc3,0x10,
  0x10,0x84,0xe7,0x39,0x00,0x00,0x00,0x00,0x00,0x00,0x00,0x00,0x20,0x00,0x00,0x00,
  0x00,0x00,0x29,0x32,0xb8,0x95,0x3e,0xbf,0x3f,0xb7,0xfe,0xa6,0xfe,0xa6,0xfe,0xae,
  0x1e,0xaf,0x1d,0xaf,0x1e,0xaf,0x1e,0xaf,0xfd,0xae,0xfd,0xae,0xfd,0xae,0xfd,0xae,
  0xfe,0xae,0xfe,0xae,0xfe,0xae,0xfe,0xae,0xfe,0xae,0xfe,0xae,0xfe,0xae,0xfe,0xae,
  0xfe,0xae,0xfe,0xae,0xfe,0xae,0xfe,0xae,0xfe,0xae,0xfe,0xae,0xfe,0xae,0xfe,0xae,
  0xfe,0xae,0xfe,0xae,0xfe,0xae,0xfe,0xae,0xfe,0xae,0xfe,0xae,0xfe,0xae,0x1e,0xaf,
  0xfd,0xae,0xfd,0xae,0x1e,0xaf,0xfe,0xae,0xfe,0xae,0xfd,0xae,0xfd,0xae,0xdd,0xae,
  0xfe,0xae,0x5f,0xbf,0x1d,0xb7,0xb8,0x95,0xcc,0x42,0xa2,0x08,0x00,0x00,0x00,0x00,
  0x20,0x00,0x00,0x00,0x00,0x00,0x00,0x00,0x00,0x00,0x00,0x00,0x20,0x08,0x47,0x62,
  0xcd,0x93,0x06,0x5a,0xa1,0x20,0x00,0x00,0x00,0x00,0x00,0x00,0x21,0x00,0x00,0x00,
  0x00,0x00,0x20,0x00,0x00,0x00,0x00,0x00,0x64,0x19,0xd0,0x6c,0x96,0x8e,0x54,0x7e,
  0x74,0x7e,0x74,0x86,0x54,0x86,0x54,0x86,0x54,0x7e,0x76,0x8e,0xe9,0x3a,0x00,0x00,
  0x20,0x00,0x00,0x00,0x00,0x00,0x89,0x6a,0x77,0xfe,0xd3,0xfd,0xf3,0xfd,0xf4,0xfd,
  0xf4,0xfd,0xf4,0xfd,0x14,0xfe,0x14,0xfe,0x14,0xfe,0x13,0xfe,0x14,0xfe,0xd3,0xf5,
  0x56,0xfe,0x0e,0xa4,0x00,0x00,0x00,0x00,0x00,0x00,0x00,0x00,0xe1,0x08,0x71,0x75,
  0x75,0x8e,0x54,0x7e,0x74,0x7e,0x74,0x7e,0x54,0x86,0x54,0x86,0x54,0x86,0x54,0x86,
  0x54,0x7e,0x54,0x86,0x54,0x86,0x54,0x86,0x54,0x86,0x54,0x86,0x54,0x7e,0x75,0x86,
  0xd3,0x85,0xe2,0x08,0x00,0x00,0x00,0x00,0x00,0x00,0x00,0x00,0x24,0x21,0x46,0x21,
  0xc3,0x10,0xe4,0x18,0xe4,0x18,0xe4,0x18,0xe4,0x18,0xe4,0x18,0xe4,0x18,0xe4,0x18,
  0xe4,0x18,0xe4,0x18,0xe4,0x18,0xe4,0x18,0xe4,0x18,0xe4,0x18,0xe4,0x18,0xe4,0x18,
  0xe4,0x18,0xe4,0x18,0xe4,0x18,0xe4,0x18,0xe4,0x18,0xe4,0x18,0xe4,0x18,0xe4,0x18,
  0xe4,0x18,0xe4,0x18,0xe4,0x18,0xe4,0x18,0xc4,0x10,0xc3,0x10,0x8e,0x73,0x86,0x31,
  0x00,0x00,0x00,0x00,0x00,0x00,0x00,0x00,0x20,0x00,0x00,0x00,0xe4,0x10,0x94,0x74,
  0xfe,0xbe,0x3e,0xb7,0xfd,0xa6,0xfd,0xa6,0x1e,0xaf,0x1e,0xaf,0xfd,0xae,0x1e,0xaf,
  0xfe,0xae,0xfe,0xae,0xfe,0xae,0xfe,0xae,0xfe,0xae,0xfe,0xae,0xfe,0xae,0xfe,0xae,
  0xfe,0xae,0xfe,0xae,0xfd,0xae,0xfd,0xae,0xfd,0xae,0xfd,0xae,0xfd,0xae,0xfd,0xae,
  0x1d,0xaf,0x1d,0xaf,0xfd,0xa6,0x1d,0xaf,0xfd,0xae,0xfd,0xae,0xfd,0xae,0xfd,0xae,
  0x1d,0xaf,0x1e,0xaf,0x1d,0xaf,0xfe,0xae,0xfe,0xae,0xfe,0xae,0xfe,0xae,0x1e,0xaf,
  0xfe,0xa6,0xfd,0xa6,0x1e,0xaf,0xfd,0xae,0xfe,0xae,0xfe,0xae,0xfe,0xae,0xfe,0xae,
  0xfe,0xa6,0x1e,0xa7,0x3e,0xaf,0x5f,0xbf,0xf9,0x9d,0x6f,0x5b,0xc4,0x10,0x00,0x00,
  0x00,0x00,0x00,0x00,0x00,0x00,0x00,0x00,0x20,0x00,0x00,0x00,0x00,0x00,0x00,0x00,
  0x00,0x00,0x00,0x00,0x00,0x00,0x00,0x00,0x00,0x00,0x00,0x00,0x00,0x00,0x00,0x00,
  0x00,0x00,0x81,0x00,0x2a,0x43,0x14,0x86,0x95,0x8e,0x54,0x7e,0x54,0x86,0x54,0x86,
  0x54,0x86,0x54,0x86,0x54,0x86,0x55,0x86,0x35,0x86,0xe5,0x19,0x00,0x00,0x00,0x00,
  0x00,0x00,0x00,0x00,0x6f,0xb4,0x55,0xfe,0xf4,0xfd,0x14,0xfe,0x14,0xfe,0xf4,0xfd,
  0xf4,0xfd,0xf3,0xfd,0xf3,0xfd,0xf4,0xfd,0xf4,0xfd,0x14,0xf6,0x14,0xfe,0x35,0xfe,
  0x73,0xdd,0xa2,0x20,0x00,0x00,0x00,0x00,0x00,0x00,0x00,0x00,0xcf,0x64,0x95,0x96,
  0x34,0x7e,0x74,0x86,0x54,0x7e,0x54,0x86,0x54,0x86,0x54,0x86,0x54,0x86,0x54,0x7e,
  0x54,0x7e,0x74,0x7e,0x54,0x86,0x54,0x86,0x54,0x86,0x74,0x86,0x34,0x7e,0x96,0x96,
  0xcc,0x53,0x00,0x00,0x00,0x00,0x00,0x00,0x00,0x00,0x24,0x21,0xe8,0x39,0xa3,0x10,
  0xe4,0x18,0xe4,0x18,0xe4,0x18,0xe4,0x18,0xe4,0x18,0xe4,0x18,0xe4,0x18,0xe4,0x18,
  0xe4,0x18,0xe4,0x18,0xe4,0x18,0xe4,0x18,0xe4,0x18,0xe4,0x18,0xe4,0x18,0xe4,0x18,
  0xe4,0x18,0xe4,0x18,0xe4,0x18,0xe4,0x18,0xe4,0x18,0xe4,0x18,0xe4,0x18,0xe4,0x18,
  0xe4,0x18,0xe4,0x18,0xc4,0x10,0xc4,0x10,0x4d,0x63,0x45,0x29,0x00,0x00,0x00,0x00,
  0x00,0x00,0x00,0x00,0x00,0x00,0x00,0x00,0x6b,0x3a,0x5b,0xa6,0x5f,0xbf,0xfd,0xae,
  0xfd,0xae,0xfe,0xae,0x1e,0xaf,0x1e,0xaf,0xfe,0xae,0xfe,0xae,0xfe,0xae,0xfe,0xae,
  0xfe,0xae,0xfe,0xae,0xfe,0xae,0xfe,0xae,0xfe,0xae,0xfe,0xae,0xfe,0xae,0xfe,0xae,
  0xfe,0xae,0xfe,0xae,0xfe,0xae,0xfe,0xae,0x1d,0xaf,0xfd,0xae,0xfd,0xae,0xfd,0xae,
  0x1d,0xaf,0x1e,0xaf,0xfe,0xae,0xfe,0xae,0xfe,0xae,0xfe,0xae,0xfe,0xae,0xfe,0xae,
  0x1e,0xaf,0xfd,0xae,0xfd,0xae,0xfd,0xae,0xfd,0xae,0xfe,0xae,0x1e,0xa7,0xfe,0xae,
  0xfe,0xae,0xfd,0xae,0xfd,0xae,0xfd,0xae,0xfd,0xae,0xfe,0xae,0xfe,0xae,0xfe,0xae,
  0x1e,0xa7,0xfe,0xa6,0xdd,0xa6,0x3e,0xb7,0x5f,0xbf,0x7b,0xa6,0xd0,0x5b,0x05,0x19,
  0x00,0x00,0x00,0x00,0x00,0x00,0x00,0x00,0x00,0x00,0x00,0x00,0x20,0x00,0x00,0x00,
  0x00,0x00,0x00,0x00,0x00,0x00,0x00,0x00,0x00,0x00,0x00,0x00,0x40,0x00,0x87,0x2a,
  0x51,0x6d,0x96,0x8e,0x75,0x86,0x54,0x7e,0x54,0x86,0x53,0x7e,0x54,0x86,0x54,0x86,
  0x54,0x86,0x54,0x86,0x55,0x86,0xf4,0x85,0x43,0x11,0x00,0x00,0x00,0x00,0x00,0x00,
  0x00,0x10,0x73,0xd5,0x34,0xfe,0xf4,0xfd,0x14,0xfe,0xf4,0xfd,0xf4,0xfd,0xf4,0xfd,
  0xf4,0xfd,0xf4,0xfd,0x14,0xfe,0x14,0xfe,0x14,0xfe,0x14,0xfe,0xf4,0xfd,0x36,0xf6,
  0x24,0x31,0x00,0x00,0x00,0x00,0x00,0x00,0x00,0x00,0x2e,0x64,0x95,0x8e,0x54,0x7e,
  0x54,0x86,0x54,0x86,0x54,0x86,0x54,0x86,0x54,0x7e,0x54,0x86,0x54,0x86,0x54,0x7e,
  0x54,0x86,0x54,0x86,0x54,0x86,0x54,0x7e,0x74,0x7e,0x54,0x7e,0x54,0x86,0xf3,0x85,
  0x42,0x09,0x00,0x00,0x00,0x00,0x00,0x00,0x00,0x00,0xae,0x73,0x25,0x21,0xc4,0x10,
  0xe4,0x18,0xe4,0x18,0xe4,0x18,0xe4,0x18,0xe4,0x18,0xe4,0x18,0xe4,0x18,0xe4,0x18,
  0xe4,0x18,0xe4,0x18,0xe4,0x18,0xe4,0x18,0xe4,0x18,0xe4,0x18,0xe4,0x18,0xe4,0x18,
  0xe4,0x18,0xe4,0x18,0xe4,0x18,0xe4,0x18,0xe4,0x18,0xe4,0x18,0xe4,0x18,0xe4,0x18,
  0xc3,0x10,0xc3,0x10,0x4d,0x63,0x24,0x21,0x00,0x00,0x00,0x00,0x00,0x00,0x20,0x00,
  0x00,0x00,0x21,0x00,0x10,0x64,0x1e,0xbf,0x1e,0xb7,0xfd,0xa6,0xfe,0xae,0xfe,0xae,
  0xfe,0xae,0xfe,0xae,0xfe,0xae,0xfe,0xae,0xfe,0xae,0xfe,0xae,0xfe,0xae,0xfe,0xae,
  0xfe,0xae,0xfe,0xae,0xfe,0xae,0xfe,0xae,0xfe,0xae,0xfe,0xae,0xfe,0xae,0xfe,0xae,
  0xfe,0xae,0xfe,0xae,0x1e,0xaf,0x1e,0xa7,0xfe,0xae,0xfe,0xae,0xfe,0xae,0x1e,0xaf,
  0x1e,0xa7,0xfe,0xae,0xfe,0xae,0xfe,0xae,0xfe,0xae,0xfe,0xae,0xfe,0xae,0xfe,0xae,
  0x1e,0xaf,0x1e,0xaf,0x1e,0xaf,0x1e,0xaf,0xfe,0xae,0xfd,0xae,0xfd,0xae,0x1e,0xaf,
  0xfe,0xae,0xfe,0xae,0xfe,0xae,0xfe,0xae,0xfe,0xae,0xfe,0xae,0x1e,0xaf,0xfe,0xae,
  0xfe,0xae,0xfe,0xae,0xfe,0xae,0xfd,0xa6,0x1e,0xaf,0x7f,0xbf,0x7a,0xa6,0x11,0x64,
  0x25,0x11,0x00,0x00,0x00,0x00,0x20,0x00,0x00,0x00,0x00,0x00,0x00,0x00,0x00,0x00,
  0x00,0x00,0x00,0x00,0x00,0x00,0x61,0x08,0xc9,0x42,0x11,0x75,0x75,0x8e,0x75,0x86,
  0x54,0x7e,0x54,0x7e,0x54,0x86,0x54,0x86,0x54,0x7e,0x54,0x7e,0x74,0x7e,0x74,0x7e,
  0x54,0x86,0x55,0x86,0xf4,0x85,0x22,0x09,0x00,0x00,0x00,0x00,0x00,0x00,0x20,0x10,
  0x93,0xdd,0x34,0xfe,0xf4,0xfd,0x14,0xfe,0xf4,0xfd,0xf4,0xfd,0x14,0xfe,0xf4,0xfd,
  0x14,0xfe,0x14,0xfe,0x14,0xfe,0x14,0xfe,0xf4,0xfd,0xf3,0xfd,0x76,0xfe,0x24,0x39,
  0x00,0x00,0x00,0x00,0x00,0x00,0x00,0x00,0x0d,0x5c,0x95,0x8e,0x54,0x7e,0x54,0x86,
  0x54,0x86,0x54,0x86,0x54,0x86,0x54,0x7e,0x54,0x86,0x54,0x86,0x54,0x7e,0x54,0x86,
  0x54,0x86,0x54,0x86,0x54,0x7e,0x54,0x7e,0x54,0x7e,0x34,0x86,0x95,0x96,0x4a,0x43,
  0x00,0x00,0x00,0x00,0x00,0x00,0x00,0x00,0x65,0x29,0xc3,0x10,0xe4,0x18,0xe4,0x18,
  0xe4,0x18,0xe4,0x18,0xe4,0x18,0xe4,0x18,0xe4,0x18,0xe4,0x18,0xe4,0x18,0xe4,0x18,
  0xe4,0x18,0xe4,0x18,0xe4,0x18,0xe4,0x18,0xe4,0x18,0xe4,0x18,0xe4,0x18,0xe4,0x18,
  0xe4,0x18,0xe4,0x18,0xe4,0x18,0xe4,0x18,0xe4,0x18,0xe4,0x18,0xe4,0x18,0xe4,0x18,
  0x8e,0x73,0x24,0x29,0x00,0x00,0x00,0x00,0x00,0x00,0x20,0x00,0x00,0x00,0xc3,0x10,
  0x36,0x85,0x5f,0xbf,0xdd,0xae,0xfd,0xae,0xfe,0xae,0xfe,0xae,0xfe,0xae,0xfe,0xae,
  0xfe,0xae,0xfe,0xae,0xfe,0xae,0xfe,0xae,0xfe,0xae,0xfe,0xae,0xfe,0xae,0xfe,0xae,
  0xfe,0xae,0xfe,0xae,0xfe,0xae,0xfe,0xae,0xfe,0xae,0xfe,0xae,0xfe,0xae,0xfe,0xae,
  0x1e,0xaf,0x1e,0xa7,0x1e,0xaf,0xfe,0xae,0xfe,0xae,0xfe,0xae,0xfe,0xae,0x1e,0xa7,
  0xdd,0xa6,0xdd,0xae,0xdd,0xa6,0xfd,0xa6,0xfd,0xa6,0xfd,0xa6,0xfd,0xae,0xfd,0xae,
  0x1e,0xaf,0x1e,0xaf,0xfe,0xae,0xfe,0xae,0xfd,0xae,0xfd,0xae,0xfe,0xae,0xfe,0xae,
  0x1e,0xa7,0x1e,0xa7,0x1e,0xaf,0x1e,0xaf,0xfd,0xae,0xfd,0xae,0xfe,0xae,0xfe,0xae,
  0xfe,0xae,0xfe,0xae,0x1e,0xaf,0xfe,0xa6,0xfd,0xa6,0x1d,0xaf,0x5e,0xbf,0x9b,0xae,
  0xf0,0x63,0x04,0x11,0x00,0x00,0x00,0x00,0x00,0x00,0x00,0x00,0x00,0x00,0x00,0x00,
  0x00,0x00,0x00,0x00,0xc2,0x10,0xcd,0x5b,0x56,0x96,0x95,0x86,0x54,0x7e,0x34,0x86,
  0x34,0x86,0x55,0x86,0x54,0x7e,0x55,0x7e,0x54,0x7e,0x74,0x7e,0x74,0x7e,0x54,0x7e,
  0x54,0x86,0xf4,0x85,0x02,0x09,0x00,0x00,0x00,0x00,0x00,0x00,0x20,0x10,0xb4,0xdd,
  0x34,0xfe,0x14,0xfe,0x14,0xfe,0xf4,0xfd,0xf4,0xfd,0x14,0xfe,0xf4,0xfd,0x14,0xfe,
  0x14,0xfe,0x14,0xfe,0x14,0xfe,0xf4,0xfd,0xf3,0xfd,0x76,0xfe,0x44,0x39,0x00,0x00,
  0x00,0x00,0x00,0x00,0x00,0x00,0xed,0x5b,0x96,0x8e,0x54,0x7e,0x54,0x86,0x54,0x86,
  0x54,0x86,0x54,0x86,0x54,0x7e,0x54,0x86,0x54,0x86,0x54,0x7e,0x54,0x86,0x54,0x86,
  0x54,0x86,0x54,0x86,0x74,0x86,0x54,0x7e,0x34,0x86,0x75,0x8e,0x11,0x75,0x20,0x00,
  0x00,0x00,0x00,0x00,0x00,0x00,0xa2,0x10,0x49,0x42,0xa3,0x10,0xe4,0x18,0xe4,0x18,
  0xe4,0x18,0xe4,0x18,0xe4,0x18,0xe4,0x18,0xe4,0x18,0xe4,0x18,0xe4,0x18,0xe4,0x18,
  0xe4,0x18,0xe4,0x18,0xe4,0x18,0xe4,0x18,0xe4,0x18,0xe4,0x18,0xe4,0x18,0xe4,0x18,
  0xe4,0x18,0xe4,0x18,0xe4,0x18,0xe4,0x18,0x04,0x19,0x62,0x08,0x2d,0x63,0xc7,0x39,
  0x00,0x00,0x21,0x00,0x00,0x00,0x20,0x00,0x00,0x00,0x25,0x19,0xd8,0x95,0x5f,0xb7,
  0xdd,0xa6,0xfe,0xae,0xfe,0xae,0xfe,0xae,0xfe,0xae,0xfe,0xae,0xfe,0xae,0xfe,0xae,
  0xfe,0xae,0xfe,0xae,0xfe,0xae,0xfe,0xae,0xfe,0xae,0xfe,0xae,0xfe,0xae,0xfe,0xae,
  0xfe,0xae,0xfe,0xae,0xfe,0xae,0xfe,0xae,0xfe,0xae,0xfe,0xae,0xfe,0xae,0x1d,0xaf,
  0x1d,0xa7,0x1e,0xaf,0xfe,0xae,0xfe,0xae,0xfe,0xae,0xfe,0xae,0x1e,0xaf,0x7f,0xbf,
  0x7f,0xc7,0x7f,0xbf,0x5f,0xbf,0x5f,0xbf,0x5f,0xbf,0x3e,0xb7,0x1e,0xb7,0xfe,0xae,
  0xfe,0xae,0xfe,0xae,0xfe,0xa6,0xfe,0xa6,0xfe,0xae,0xfe,0xae,0xfe,0xae,0x1e,0xaf,
  0x1e,0xa7,0x1e,0xa7,0x1d,0xa7,0xfd,0xae,0xfd,0xae,0xfe,0xae,0xfe,0xae,0xfe,0xae,
  0xfe,0xae,0xfe,0xae,0xfe,0xae,0x1e,0xaf,0xfe,0xa6,0xdd,0xae,0x1e,0xaf,0x5f,0xb7,
  0x7b,0xa6,0xd0,0x63,0xc4,0x10,0x00,0x00,0x00,0x00,0x20,0x00,0x00,0x00,0x00,0x00,
  0x00,0x00,0x00,0x00,0x00,0x00,0x44,0x19,0x8e,0x64,0x55,0x8e,0x75,0x8e,0x34,0x86,
  0x54,0x7e,0x75,0x86,0x54,0x7e,0x54,0x86,0x54,0x86,0x74,0x7e,0x54,0x86,0x54,0x86,
  0xf4,0x8d,0x02,0x09,0x00,0x00,0x00,0x00,0x00,0x00,0x20,0x10,0xb4,0xdd,0x34,0xfe,
  0x14,0xfe,0x14,0xfe,0xf4,0xfd,0xf4,0xfd,0x14,0xfe,0xf4,0xfd,0x14,0xfe,0x14,0xfe,
  0x14,0xfe,0x14,0xfe,0xf4,0xfd,0xf3,0xfd,0x76,0xfe,0x44,0x39,0x00,0x00,0x00,0x00,
  0x00,0x00,0x00,0x00,0xed,0x5b,0x95,0x8e,0x54,0x7e,0x54,0x86,0x54,0x86,0x54,0x86,
  0x54,0x86,0x54,0x7e,0x54,0x86,0x54,0x86,0x54,0x7e,0x54,0x86,0x54,0x86,0x54,0x86,
  0x54,0x86,0x54,0x7e,0x74,0x7e,0x54,0x86,0x75,0x86,0xd3,0x85,0x43,0x11,0x00,0x00,
  0x00,0x00,0x00,0x00,0xe3,0x20,0x0c,0x63,0x82,0x08,0xe4,0x18,0xe4,0x18,0xe4,0x18,
  0xe4,0x18,0xe4,0x18,0xe4,0x18,0xe4,0x18,0xe4,0x18,0xe4,0x18,0xe4,0x18,0xe4,0x18,
  0xe4,0x18,0xe4,0x18,0xe4,0x18,0xe4,0x18,0xe4,0x18,0xe4,0x18,0xe4,0x18,0xe4,0x18,
  0xe4,0x18,0xe4,0x18,0xe4,0x18,0x83,0x08,0x45,0x21,0x04,0x21,0x00,0x00,0x00,0x00,
  0x00,0x00,0x00,0x00,0x00,0x00,0x45,0x19,0x3a,0x9e,0x5e,0xb7,0xfd,0xa6,0x1e,0xa7,
  0xfe,0xae,0xfe,0xae,0xfe,0xae,0xfe,0xae,0xfe,0xae,0xfe,0xae,0xfe,0xae,0xfe,0xae,
  0xfe,0xae,0xfe,0xae,0xfe,0xae,0xfe,0xae,0xfe,0xae,0xfe,0xae,0xfe,0xae,0xfe,0xae,
  0xfe,0xae,0xfe,0xae,0xfe,0xae,0xfe,0xae,0xfe,0xae,0xfe,0xae,0xfe,0xae,0x1d,0xaf,
  0x1e,0xaf,0xfe,0xae,0xfe,0xae,0xfe,0xae,0x1e,0xaf,0x5b,0xa6,0xcc,0x4a,0x0d,0x4b,
  0x2e,0x4b,0x90,0x53,0xf1,0x63,0x94,0x74,0x36,0x85,0x1a,0x9e,0xdd,0xae,0xfd,0xae,
  0x3e,0xb7,0x7f,0xb7,0x5f,0xb7,0x1e,0xaf,0xfd,0xa6,0xfd,0xae,0xfd,0xae,0xfd,0xae,
  0xfd,0xae,0xfd,0xae,0x1d,0xaf,0x1d,0xa7,0x1e,0xa7,0xfe,0xae,0xfe,0xae,0xfe,0xae,
  0xfe,0xae,0xfe,0xae,0xfe,0xae,0xfe,0xae,0xfe,0xae,0xfe,0xa6,0xde,0xa6,0x1e,0xaf,
  0x5f,0xbf,0x5a,0xa6,0x6e,0x5b,0x82,0x08,0x00,0x00,0x00,0x00,0x00,0x00,0x00,0x00,
  0x00,0x00,0x00,0x00,0x00,0x00,0x00,0x00,0x26,0x2a,0x31,0x75,0xb6,0x8e,0x74,0x86,
  0x54,0x7e,0x54,0x7e,0x54,0x86,0x54,0x86,0x54,0x86,0x54,0x86,0x54,0x86,0xf4,0x8d,
  0x02,0x09,0x00,0x00,0x00,0x00,0x00,0x00,0x20,0x10,0x94,0xdd,0x34,0xfe,0xf4,0xf5,
  0x14,0xfe,0x14,0xfe,0xf4,0xfd,0x14,0xfe,0xf4,0xfd,0x14,0xfe,0x14,0xfe,0x14,0xfe,
  0x14,0xfe,0xf4,0xfd,0xf3,0xfd,0x76,0xfe,0x24,0x39,0x00,0x00,0x00,0x00,0x00,0x00,
  0x00,0x00,0xed,0x5b,0x95,0x8e,0x54,0x7e,0x54,0x86,0x54,0x86,0x54,0x86,0x54,0x86,
  0x54,0x7e,0x54,0x86,0x54,0x86,0x54,0x7e,0x54,0x86,0x54,0x86,0x54,0x86,0x54,0x86,
  0x54,0x86,0x54,0x7e,0x54,0x7e,0x54,0x7e,0x55,0x8e,0x47,0x32,0x00,0x00,0x20,0x00,
  0x00,0x00,0x61,0x08,0xa7,0x31,0xc3,0x10,0xe4,0x18,0xe4,0x18,0xe4,0x18,0xe4,0x18,
  0xe4,0x18,0xe4,0x18,0xe4,0x18,0xe4,0x18,0xe4,0x18,0xe4,0x18,0xe4,0x18,0xe4,0x18,
  0xe4,0x18,0xe4,0x18,0xe4,0x18,0xe4,0x18,0xe4,0x18,0xe4,0x18,0xe4,0x18,0xe4,0x18,
  0xe4,0x18,0xa3,0x10,0xe8,0x39,0x8a,0x52,0x00,0x00,0x00,0x00,0x00,0x00,0x00,0x00,
  0x00,0x00,0x05,0x19,0x3a,0x9e,0x3e,0xb7,0xfd,0xa6,0x1e,0xaf,0x1e,0xaf,0xfe,0xae,
  0xfe,0xae,0xfe,0xae,0xfe,0xae,0xfe,0xae,0xfe,0xae,0xfe,0xae,0xfe,0xae,0xfe,0xae,
  0xfe,0xae,0xfe,0xae,0xfe,0xae,0xfe,0xae,0xfe,0xae,0xfe,0xae,0xfe,0xae,0xfe,0xae,
  0xfe,0xae,0xfe,0xae,0xfe,0xae,0xfe,0xae,0xfe,0xae,0xfe,0xae,0x1e,0xaf,0x1e,0xa7,
  0x1e,0xaf,0xfe,0xae,0xfe,0xae,0x3e,0xb7,0xd8,0x9d,0x00,0x00,0x00,0x00,0x00,0x00,
  0x00,0x00,0x00,0x00,0x00,0x00,0x20,0x00,0x61,0x00,0xc3,0x08,0xc7,0x29,0x0c,0x4b,
  0x51,0x74,0x76,0x8d,0x9b,0xae,0x5e,0xbf,0x3f,0xbf,0x1f,0xb7,0xfe,0xae,0xdd,0xae,
  0xfd,0xae,0x1d,0xaf,0xfd,0xae,0xfe,0xae,0xfe,0xae,0xfe,0xae,0xfe,0xae,0xfe,0xae,
  0xfe,0xae,0xfe,0xae,0xfe,0xae,0x1e,0xa7,0x1e,0xa7,0xfe,0xae,0xfe,0xae,0xde,0xa6,
  0x1e,0xaf,0x5f,0xbf,0x19,0x9e,0xec,0x42,0x41,0x00,0x00,0x00,0x00,0x00,0x20,0x00,
  0x00,0x00,0x00,0x00,0x00,0x00,0x00,0x00,0x60,0x00,0x2a,0x43,0xd4,0x85,0x95,0x8e,
  0x54,0x86,0x34,0x86,0x54,0x86,0x54,0x7e,0x54,0x7e,0x54,0x86,0xf4,0x8d,0x02,0x09,
  0x00,0x00,0x00,0x00,0x00,0x00,0x20,0x10,0xb4,0xdd,0x34,0xfe,0xf4,0xfd,0x14,0xfe,
  0xf4,0xfd,0xf4,0xfd,0x14,0xfe,0xf4,0xfd,0x14,0xfe,0x14,0xfe,0x14,0xfe,0x14,0xfe,
  0xf4,0xfd,0xf3,0xfd,0x76,0xfe,0x24,0x39,0x00,0x00,0x00,0x00,0x00,0x00,0x00,0x00,
  0xed,0x5b,0x95,0x8e,0x54,0x7e,0x54,0x86,0x54,0x86,0x54,0x86,0x54,0x86,0x54,0x7e,
  0x54,0x86,0x54,0x86,0x54,0x7e,0x54,0x86,0x54,0x86,0x54,0x86,0x54,0x86,0x54,0x86,
  0x54,0x86,0x54,0x7e,0x54,0x7e,0xb6,0x96,0xe9,0x42,0x00,0x00,0x20,0x00,0x00,0x00,
  0x20,0x00,0x04,0x21,0xc4,0x10,0xe4,0x18,0xe4,0x18,0xe4,0x18,0xe4,0x18,0xe4,0x18,
  0xe4,0x18,0xe4,0x18,0xe4,0x18,0xe4,0x18,0xe4,0x18,0xe4,0x18,0xe4,0x18,0xe4,0x18,
  0xe4,0x18,0xe4,0x18,0xe4,0x18,0xe4,0x18,0xe4,0x18,0xe4,0x18,0xe4,0x18,0xe4,0x18,
  0x62,0x08,0x49,0x4a,0x82,0x10,0x00,0x00,0x00,0x00,0x20,0x00,0x00,0x00,0xc3,0x10,
  0xd8,0x95,0x5e,0xb7,0xfd,0xa6,0xfe,0xae,0xfe,0xae,0xfe,0xae,0xfd,0xae,0xfe,0xae,
  0xfe,0xae,0xfe,0xae,0xfe,0xae,0xfe,0xae,0xfe,0xae,0xfe,0xae,0xfe,0xae,0xfe,0xae,
  0xfe,0xae,0xfe,0xae,0xfe,0xae,0xfe,0xae,0xfe,0xae,0xfe,0xae,0xfe,0xae,0xfe,0xae,
  0xfe,0xae,0xfe,0xae,0xfe,0xae,0xfe,0xae,0xfe,0xae,0xfe,0xae,0x1e,0xa7,0x1e,0xa7,
  0xfe,0xa6,0xfe,0xa6,0x3e,0xb7,0xf8,0x9d,0x21,0x00,0x20,0x00,0x20,0x00,0x00,0x00,
  0x00,0x00,0x00,0x00,0x00,0x00,0x00,0x00,0x00,0x00,0x00,0x00,0x00,0x00,0x00,0x00,
  0x41,0x00,0x45,0x21,0x6a,0x3a,0x52,0x74,0x3a,0x9e,0x1e,0xb7,0x5f,0xbf,0x1e,0xaf,
  0xdd,0xae,0xfe,0xae,0xfe,0xae,0x1e,0xaf,0x1e,0xaf,0xfe,0xae,0x1e,0xaf,0xfd,0xae,
  0xfd,0xae,0xfd,0xae,0x1d,0xaf,0x1d,0xa7,0xfe,0xae,0xfe,0xae,0xfe,0xae,0xfe,0xa6,
  0xfe,0xa6,0x3e,0xaf,0x3e,0xb7,0x97,0x8d,0x49,0x3a,0x00,0x00,0x00,0x00,0x20,0x00,
  0x20,0x00,0x00,0x00,0x00,0x00,0x00,0x00,0x00,0x00,0x03,0x11,0x4e,0x64,0x55,0x8e,
  0x75,0x8e,0x54,0x7e,0x74,0x7e,0x74,0x7e,0x74,0x86,0xf4,0x85,0x02,0x09,0x00,0x00,
  0x00,0x00,0x00,0x00,0x20,0x10,0xb4,0xdd,0x34,0xfe,0xf4,0xfd,0x14,0xfe,0xf4,0xfd,
  0xf4,0xfd,0x14,0xfe,0xf4,0xfd,0x14,0xfe,0x14,0xfe,0x14,0xfe,0x14,0xfe,0xf4,0xfd,
  0xf3,0xfd,0x76,0xfe,0x24,0x39,0x00,0x00,0x00,0x00,0x00,0x00,0x00,0x00,0xed,0x5b,
  0x95,0x8e,0x54,0x7e,0x54,0x86,0x54,0x86,0x54,0x86,0x54,0x86,0x54,0x7e,0x54,0x86,
  0x54,0x86,0x54,0x86,0x54,0x86,0x54,0x86,0x54,0x86,0x54,0x86,0x54,0x86,0x54,0x86,
  0x54,0x7e,0x54,0x7e,0xb6,0x96,0x4b,0x43,0x00,0x00,0x00,0x00,0x00,0x00,0x00,0x00,
  0xa3,0x10,0xe4,0x18,0xe4,0x18,0xe4,0x18,0xe4,0x18,0xe4,0x18,0xe4,0x18,0xe4,0x18,
  0xe4,0x18,0xe4,0x18,0xe4,0x18,0xe4,0x18,0xe4,0x18,0xe4,0x18,0xe4,0x18,0xe4,0x18,
  0xe4,0x18,0xe4,0x18,0xe4,0x18,0xe4,0x18,0xe4,0x18,0xe4,0x18,0x83,0x08,0xcb,0x52,
  0x24,0x21,0x00,0x00,0x00,0x00,0x00,0x00,0x00,0x00,0x41,0x00,0x15,0x7d,0x5f,0xb7,
  0xfd,0xa6,0x1e,0xaf,0xfe,0xae,0xfe,0xae,0xfe,0xae,0x1d,0xaf,0xfd,0xae,0xfe,0xae,
  0xfe,0xae,0xfe,0xae,0xfe,0xae,0xfe,0xae,0xfe,0xae,0xfe,0xae,0xfe,0xae,0xfe,0xae,
  0xfe,0xae,0xfe,0xae,0xfe,0xae,0xfe,0xae,0xfe,0xae,0xfe,0xae,0xfe,0xae,0xfe,0xae,
  0xfe,0xae,0xfe,0xae,0xfe,0xae,0xfe,0xae,0xfe,0xae,0x1d,0xaf,0x1d,0xa7,0x1e,0xa7,
  0xfe,0xa6,0x3e,0xb7,0xf8,0x9d,0x20,0x00,0x21,0x00,0x20,0x00,0x00,0x00,0x00,0x00,
  0x00,0x00,0x00,0x00,0x00,0x00,0x00,0x00,0x00,0x00,0x20,0x00,0x20,0x00,0x00,0x00,
  0x00,0x00,0x00,0x00,0x00,0x00,0x82,0x00,0x4a,0x32,0x53,0x6c,0x7b,0xa6,0x5f,0xbf,
  0x3f,0xb7,0xfd,0xa6,0xfd,0xa6,0x1e,0xa7,0x1e,0xa7,0x1d,0xa7,0x1e,0xaf,0xfe,0xae,
  0xfe,0xae,0xfe,0xae,0xfd,0xae,0xfd,0xae,0xfd,0xae,0xfe,0xae,0xfe,0xae,0xfe,0xae,
  0xfe,0xa6,0xfd,0xa6,0x3e,0xb7,0x1e,0xbf,0xf5,0x84,0x86,0x21,0x00,0x00,0x00,0x00,
  0x00,0x00,0x00,0x00,0x00,0x00,0x00,0x00,0x00,0x00,0x00,0x00,0x07,0x2a,0x11,0x75,
  0x96,0x8e,0x55,0x86,0x54,0x7e,0x54,0x7e,0xf4,0x85,0x02,0x09,0x00,0x00,0x00,0x00,
  0x00,0x00,0x20,0x10,0xb4,0xdd,0x34,0xfe,0xf4,0xfd,0x14,0xfe,0xf4,0xfd,0xf4,0xfd,
  0x14,0xfe,0xf4,0xfd,0x14,0xfe,0x14,0xfe,0x14,0xfe,0x14,0xfe,0xf4,0xfd,0xf3,0xfd,
  0x76,0xfe,0x24,0x39,0x00,0x00,0x00,0x00,0x00,0x00,0x00,0x00,0xed,0x5b,0x95,0x8e,
  0x54,0x7e,0x54,0x86,0x54,0x86,0x54,0x86,0x54,0x86,0x54,0x7e,0x54,0x86,0x54,0x86,
  0x54,0x86,0x54,0x86,0x54,0x86,0x54,0x86,0x54,0x86,0x54,0x86,0x54,0x86,0x54,0x86,
  0x54,0x7e,0xb6,0x96,0x6b,0x43,0x00,0x00,0x00,0x00,0x00,0x00,0x00,0x00,0x82,0x08,
  0xe4,0x18,0xe4,0x18,0xe4,0x18,0xe4,0x18,0xe4,0x18,0xe4,0x18,0xe4,0x18,0xe4,0x18,
  0xe4,0x18,0xe4,0x18,0xe4,0x18,0xe4,0x18,0xe4,0x18,0xe4,0x18,0xe4,0x18,0xe4,0x18,
  0xe4,0x18,0xe4,0x18,0xe4,0x18,0xe4,0x18,0xc3,0x10,0x45,0x21,0x49,0x4a,0x00,0x00,
  0x00,0x00,0x00,0x00,0x20,0x00,0x00,0x00,0xd0,0x5b,0x7e,0xbf,0xdd,0xae,0x1e,0xaf,
  0x1e,0xa7,0xfe,0xae,0xfe,0xae,0xfe,0xae,0x1e,0xaf,0xfe,0xae,0xfe,0xae,0xfe,0xae,
  0xfe,0xae,0xfe,0xae,0xfe,0xae,0xfe,0xae,0xfe,0xae,0xfe,0xae,0xfe,0xae,0xfe,0xae,
  0xfe,0xae,0xfe,0xae,0xfe,0xae,0xfe,0xae,0xfe,0xae,0xfe,0xae,0xfe,0xae,0xfe,0xae,
  0xfe,0xae,0xfe,0xae,0xfe,0xae,0x1d,0xaf,0x1d,0xaf,0xfd,0xae,0xfe,0xae,0xfe,0xae,
  0x3f,0xb7,0xd8,0x95,0x00,0x00,0x00,0x00,0x00,0x00,0x00,0x00,0x00,0x00,0x00,0x00,
  0x00,0x00,0x00,0x00,0x00,0x00,0x00,0x00,0x20,0x00,0x20,0x00,0x20,0x00,0x20,0x00,
  0x20,0x00,0x00,0x00,0x00,0x00,0x00,0x00,0x00,0x00,0xe4,0x10,0x2e,0x4b,0xd8,0x95,
  0x3e,0xbf,0x3e,0xb7,0xfd,0xae,0xfd,0xa6,0x1e,0xa7,0xfe,0xae,0xfe,0xae,0xfe,0xae,
  0xfe,0xae,0xfe,0xae,0xfe,0xae,0xfe,0xae,0xfd,0xae,0xfe,0xae,0xfd,0xae,0xfd,0xae,
  0xfd,0xae,0xdd,0xae,0xfd,0xae,0x5f,0xb7,0xdc,0xae,0xf1,0x6b,0xc4,0x10,0x00,0x00,
  0x00,0x00,0x00,0x00,0x00,0x00,0x00,0x00,0x20,0x00,0x00,0x00,0x61,0x00,0x2a,0x43,
  0xd3,0x85,0x76,0x96,0x75,0x8e,0x55,0x96,0x02,0x09,0x00,0x00,0x00,0x00,0x00,0x00,
  0x20,0x10,0xb4,0xdd,0x34,0xfe,0xf4,0xfd,0x14,0xfe,0xf4,0xfd,0xf4,0xfd,0x14,0xfe,
  0xf4,0xfd,0x14,0xfe,0x14,0xfe,0x14,0xfe,0x14,0xfe,0xf4,0xfd,0xf3,0xfd,0x76,0xfe,
  0x24,0x39,0x00,0x00,0x00,0x00,0x00,0x00,0x00,0x00,0xed,0x5b,0x95,0x8e,0x54,0x7e,
  0x54,0x86,0x54,0x86,0x54,0x86,0x54,0x86,0x54,0x7e,0x54,0x86,0x54,0x86,0x54,0x86,
  0x54,0x86,0x54,0x86,0x54,0x86,0x54,0x86,0x54,0x86,0x54,0x86,0x54,0x86,0x34,0x7e,
  0xb6,0x96,0x4a,0x43,0x00,0x00,0x20,0x00,0x00,0x00,0x00,0x00,0xa3,0x10,0xe4,0x18,
  0xe4,0x18,0xe4,0x18,0xe4,0x18,0xe4,0x18,0xe4,0x18,0xe4,0x18,0xe4,0x18,0xe4,0x18,
  0xe4,0x18,0xe4,0x18,0xe4,0x18,0xe4,0x18,0xe4,0x18,0xe4,0x18,0xe4,0x18,0xe4,0x18,
  0xe4,0x18,0xe4,0x18,0xe4,0x18,0xa3,0x10,0xe8,0x39,0xa2,0x10,0x00,0x00,0x00,0x00,
  0x00,0x00,0x00,0x00,0x09,0x2a,0xfe,0xb6,0xfd,0xb6,0xfd,0xae,0x1e,0xaf,0xfe,0xae,
  0xfe,0xae,0x1d,0xaf,0x1d,0xaf,0xfe,0xae,0xfe,0xae,0xfe,0xae,0xfe,0xae,0xfe,0xae,
  0xfe,0xae,0xfe,0xae,0xfe,0xae,0xfe,0xae,0xfe,0xae,0xfe,0xae,0xfe,0xae,0xfe,0xae,
  0xfe,0xae,0xfe,0xae,0xfe,0xae,0xfe,0xae,0xfe,0xae,0xfe,0xae,0xfe,0xae,0xfe,0xae,
  0xfe,0xae,0x1e,0xaf,0x1d,0xaf,0xfd,0xae,0xfd,0xae,0xfe,0xae,0xfe,0xae,0x1e,0xaf,
  0x9b,0xa6,0xd0,0x63,0xaf,0x63,0x6e,0x5b,0x0c,0x4b,0xab,0x42,0x08,0x32,0x45,0x19,
  0x62,0x00,0x00,0x00,0x00,0x00,0x00,0x00,0x00,0x00,0x00,0x00,0x00,0x00,0x00,0x00,
  0x00,0x00,0x00,0x00,0x20,0x00,0x20,0x00,0x00,0x00,0x00,0x00,0x41,0x00,0xac,0x42,
  0xd9,0x9d,0x3e,0xbf,0x1e,0xb7,0xdd,0xa6,0xfe,0xae,0xfe,0xae,0xfe,0xae,0xfe,0xae,
  0x1e,0xaf,0x1e,0xaf,0xfe,0xae,0xfe,0xae,0xfe,0xae,0xfe,0xae,0xfe,0xae,0xfe,0xae,
  0x1e,0xaf,0x1d,0xa7,0xfd,0xa6,0xfe,0xae,0x5f,0xbf,0x5a,0x9e,0x0c,0x4b,0x21,0x00,
  0x00,0x00,0x00,0x00,0x00,0x00,0x00,0x00,0x00,0x00,0x00,0x00,0x00,0x00,0x23,0x19,
  0x2e,0x64,0x31,0x75,0x8b,0x4b,0x81,0x00,0x00,0x00,0x00,0x00,0x00,0x00,0x20,0x08,
  0xb4,0xdd,0x34,0xfe,0xf4,0xfd,0x14,0xfe,0xf4,0xfd,0xf4,0xfd,0x14,0xfe,0x14,0xfe,
  0x14,0xfe,0x14,0xfe,0x14,0xfe,0x14,0xfe,0xf4,0xfd,0xf3,0xfd,0x76,0xfe,0x24,0x39,
  0x00,0x00,0x00,0x00,0x00,0x00,0x00,0x00,0xed,0x5b,0x95,0x8e,0x54,0x7e,0x54,0x86,
  0x54,0x86,0x54,0x86,0x54,0x86,0x54,0x7e,0x54,0x86,0x54,0x86,0x54,0x86,0x54,0x86,
  0x74,0x7e,0x54,0x7e,0x54,0x7e,0x54,0x86,0x54,0x86,0x54,0x86,0x54,0x7e,0x96,0x96,
  0xe9,0x3a,0x00,0x00,0x00,0x00,0x00,0x00,0x40,0x00,0x04,0x21,0xc4,0x10,0xe4,0x18,
  0xe4,0x18,0xe4,0x18,0xe4,0x18,0xe4,0x18,0xe4,0x18,0xe4,0x18,0xe4,0x18,0xe4,0x18,
  0xe4,0x18,0xe4,0x18,0xe4,0x18,0xe4,0x18,0xe4,0x18,0xe4,0x18,0xe4,0x18,0xe4,0x18,
  0xe4,0x18,0xc4,0x10,0x05,0x19,0xc7,0x39,0x00,0x00,0x20,0x00,0x00,0x00,0x00,0x00,
  0x83,0x00,0xf9,0x95,0x3e,0xb7,0xfd,0xae,0xfe,0xae,0xfe,0xae,0xfe,0xae,0xfe,0xae,
  0xfe,0xae,0xfe,0xae,0xfe,0xae,0xfe,0xae,0xfe,0xae,0xfe,0xae,0xfe,0xae,0xfe,0xae,
  0xfe,0xae,0xfe,0xae,0xfe,0xae,0xfe,0xae,0xfe,0xae,0xfe,0xae,0xfe,0xae,0xfe,0xae,
  0xfe,0xae,0xfe,0xae,0xfe,0xae,0xfe,0xae,0xfe,0xae,0xfe,0xae,0xfe,0xae,0xfe,0xae,
  0xfe,0xae,0xfe,0xae,0xfd,0xae,0xfe,0xae,0xfe,0xae,0xfe,0xae,0xfe,0xae,0x1e,0xaf,
  0x9f,0xbf,0x7f,0xbf,0x7f,0xbf,0x5e,0xb7,0x1e,0xb7,0xfd,0xae,0xbc,0xae,0x5b,0xa6,
  0x98,0x95,0x73,0x74,0x2e,0x43,0xc8,0x29,0xa4,0x10,0x00,0x00,0x00,0x00,0x00,0x00,
  0x00,0x00,0x20,0x00,0x00,0x00,0x00,0x00,0x00,0x00,0x00,0x00,0x00,0x00,0x42,0x08,
  0x2d,0x53,0x5b,0xa6,0x5f,0xb7,0xfe,0xa6,0xfe,0xae,0xfe,0xae,0xfe,0xae,0xfe,0xae,
  0x1e,0xa7,0xfe,0xa6,0xfe,0xae,0xfe,0xae,0xfd,0xae,0xfd,0xae,0xfe,0xae,0xfe,0xae,
  0xfe,0xae,0xfe,0xae,0xfe,0xae,0xdd,0xa6,0x1e,0xb7,0x1e,0xb7,0x56,0x8d,0xe8,0x29,
  0x00,0x00,0x00,0x00,0x00,0x00,0x00,0x00,0x00,0x00,0x00,0x00,0x00,0x00,0x00,0x00,
  0x60,0x00,0x00,0x00,0x00,0x00,0x00,0x00,0x20,0x00,0x00,0x00,0x20,0x10,0xb4,0xdd,
  0x35,0xfe,0xf4,0xfd,0xf3,0xfd,0xf3,0xfd,0xf4,0xfd,0x14,0xfe,0x14,0xfe,0x14,0xfe,
  0x14,0xfe,0x14,0xfe,0x14,0xfe,0xf4,0xfd,0xf3,0xfd,0x76,0xfe,0x24,0x39,0x00,0x00,
  0x00,0x00,0x00,0x00,0x00,0x00,0xed,0x5b,0x95,0x8e,0x54,0x7e,0x54,0x86,0x54,0x86,
  0x54,0x86,0x54,0x86,0x54,0x7e,0x54,0x7e,0x54,0x86,0x54,0x86,0x54,0x7e,0x74,0x7e,
  0x54,0x86,0x54,0x86,0x54,0x86,0x74,0x7e,0x54,0x86,0x54,0x86,0x35,0x8e,0x07,0x32,
  0x00,0x00,0x20,0x00,0x00,0x00,0x61,0x08,0xc7,0x31,0xc3,0x10,0xe4,0x18,0xe4,0x18,
  0xe4,0x18,0xe4,0x18,0xe4,0x18,0xe4,0x18,0xe4,0x18,0xe4,0x18,0xe4,0x18,0xe4,0x18,
  0xe4,0x18,0xe4,0x18,0xe4,0x18,0xe4,0x18,0xe4,0x18,0xe4,0x18,0xe4,0x18,0xe4,0x18,
  0x83,0x08,0x08,0x3a,0x62,0x08,0x00,0x00,0x00,0x00,0x00,0x00,0x00,0x00,0x8f,0x5b,
  0x5e,0xbf,0xfd,0xa6,0xfe,0xae,0xfe,0xae,0xfe,0xae,0xfe,0xae,0xfe,0xae,0xfe,0xae,
  0xfe,0xae,0xfe,0xae,0xfe,0xae,0xfe,0xae,0xfe,0xae,0xfe,0xae,0xfe,0xae,0xfe,0xae,
  0xfe,0xae,0xfe,0xae,0xfe,0xae,0xfe,0xae,0xfe,0xae,0xfe,0xae,0xfe,0xae,0xfe,0xae,
  0xfe,0xae,0xfe,0xae,0xfe,0xae,0xfe,0xae,0xfe,0xae,0xfe,0xae,0xfe,0xae,0xfe,0xae,
  0xfe,0xae,0xfe,0xae,0xfe,0xae,0xfe,0xae,0xfe,0xae,0xfe,0xae,0xfe,0xae,0xdd,0xa6,
  0xfd,0xa6,0xfd,0xa6,0xfe,0xa6,0xfe,0xa6,0x1e,0xaf,0x1e,0xaf,0x3e,0xb7,0x3e,0xb7,
  0x3e,0xb7,0x5f,0xbf,0x1e,0xbf,0x19,0x9e,0xd4,0x7c,0x0d,0x4b,0x04,0x11,0x00,0x00,
  0x00,0x00,0x00,0x00,0x20,0x00,0x00,0x00,0x00,0x00,0x20,0x00,0x00,0x00,0x00,0x00,
  0xe4,0x10,0x93,0x74,0x3e,0xbf,0x1e,0xb7,0xde,0xae,0xfe,0xae,0x1d,0xaf,0xfd,0xae,
  0xfd,0xae,0xfe,0xae,0xfe,0xae,0xfe,0xae,0x1e,0xaf,0x1e,0xa7,0xfe,0xae,0xfe,0xae,
  0xfd,0xae,0xfd,0xae,0xfd,0xae,0xfe,0xae,0x3f,0xb7,0x9f,0xc7,0xfd,0xbe,0xaf,0x63,
  0x21,0x00,0x00,0x00,0x00,0x00,0x00,0x00,0x00,0x00,0x00,0x00,0x00,0x00,0x00,0x00,
  0x00,0x00,0x00,0x00,0x00,0x00,0x00,0x00,0x00,0x00,0x00,0x10,0x93,0xdd,0x35,0xf6,
  0xf4,0xfd,0xf3,0xfd,0xf3,0xfd,0x14,0xfe,0x14,0xfe,0x14,0xfe,0x14,0xfe,0x14,0xfe,
  0x14,0xfe,0x14,0xfe,0xf4,0xfd,0xf3,0xfd,0x76,0xfe,0x24,0x39,0x00,0x00,0x00,0x00,
  0x00,0x00,0x00,0x00,0xed,0x5b,0x95,0x8e,0x54,0x7e,0x54,0x86,0x54,0x86,0x54,0x86,
  0x54,0x86,0x54,0x7e,0x54,0x7e,0x54,0x86,0x54,0x86,0x54,0x86,0x54,0x7e,0x54,0x86,
  0x54,0x86,0x74,0x86,0x74,0x7e,0x54,0x86,0x75,0x86,0xf4,0x85,0x23,0x19,0x00,0x00,
  0x20,0x00,0x00,0x00,0xc3,0x18,0xab,0x52,0x83,0x08,0xe4,0x18,0xe4,0x18,0xe4,0x18,
  0xe4,0x18,0xe4,0x18,0xe4,0x18,0xe4,0x18,0xe4,0x18,0xe4,0x18,0xe4,0x18,0xe4,0x18,
  0xe4,0x18,0xe4,0x18,0xe4,0x18,0xe4,0x18,0xe4,0x18,0xe4,0x18,0xa3,0x10,0x66,0x29,
  0xe7,0x39,0x20,0x00,0x00,0x00,0x00,0x00,0x00,0x00,0xe4,0x10,0x7a,0xae,0x1e,0xb7,
  0xfe,0xae,0xfe,0xae,0xfe,0xae,0xfe,0xae,0xfe,0xae,0xfe,0xae,0xfe,0xae,0xfe,0xae,
  0xfe,0xae,0xfe,0xae,0xfe,0xae,0xfe,0xae,0xfe,0xae,0xfe,0xae,0xfe,0xae,0xfe,0xae,
  0xfe,0xae,0xfe,0xae,0xfe,0xae,0xfe,0xae,0xfe,0xae,0xfe,0xae,0xfe,0xae,0xfe,0xae,
  0xfe,0xae,0xfe,0xae,0xfe,0xae,0xfe,0xae,0xfe,0xae,0xfe,0xae,0xfe,0xae,0xfe,0xae,
  0xfe,0xae,0xfe,0xae,0xfe,0xae,0xfe,0xae,0xfe,0xae,0xfe,0xae,0xfe,0xae,0xfe,0xae,
  0xfd,0xae,0xfe,0xae,0xfe,0xae,0xfe,0xae,0xfe,0xae,0xfe,0xae,0xfd,0xae,0xfd,0xae,
  0xfd,0xae,0xfd,0xae,0x3e,0xb7,0x5e,0xb7,0x3e,0xb7,0xbc,0xae,0xf5,0x84,0x8b,0x3a,
  0x83,0x08,0x00,0x00,0x00,0x00,0x00,0x00,0x00,0x00,0x00,0x00,0x20,0x00,0x00,0x00,
  0x00,0x00,0x8b,0x42,0x7b,0xae,0x3f,0xb7,0xfe,0xae,0x1d,0xa7,0xfd,0xae,0xfd,0xae,
  0xfd,0xae,0xfe,0xae,0x1e,0xa7,0xfe,0xa6,0xfd,0xa6,0xfd,0xa6,0x1d,0xaf,0x3e,0xb7,
  0x3e,0xb7,0x5f,0xbf,0x9c,0xa6,0x36,0x7d,0xd0,0x63,0x29,0x32,0xc3,0x10,0x00,0x00,
  0x00,0x00,0x00,0x00,0x00,0x00,0x00,0x00,0x00,0x00,0x00,0x00,0x00,0x00,0x00,0x00,
  0x00,0x00,0x00,0x00,0x00,0x00,0x00,0x00,0x64,0x49,0x15,0xf6,0x14,0xf6,0xf4,0xfd,
  0xf3,0xfd,0xf4,0xfd,0x14,0xfe,0x14,0xfe,0x14,0xfe,0xf4,0xfd,0x14,0xfe,0x14,0xfe,
  0x14,0xfe,0xf4,0xfd,0xf3,0xfd,0x76,0xfe,0x24,0x39,0x00,0x00,0x00,0x00,0x00,0x00,
  0x00,0x00,0xed,0x5b,0x95,0x8e,0x54,0x7e,0x54,0x86,0x54,0x86,0x54,0x86,0x54,0x86,
  0x54,0x7e,0x54,0x86,0x54,0x86,0x54,0x86,0x54,0x86,0x54,0x86,0x54,0x86,0x54,0x86,
  0x54,0x7e,0x54,0x7e,0x54,0x86,0x95,0x8e,0x31,0x75,0x20,0x00,0x00,0x00,0x00,0x00,
  0x00,0x00,0x45,0x29,0x31,0x84,0x42,0x00,0x04,0x19,0xe4,0x18,0xe4,0x18,0xe4,0x18,
  0xe4,0x18,0xe4,0x18,0xe4,0x18,0xe4,0x18,0xe4,0x18,0xe4,0x18,0xe4,0x18,0xe4,0x18,
  0xe4,0x18,0xe4,0x18,0xe4,0x18,0xe4,0x18,0xe4,0x18,0xa3,0x10,0x6a,0x4a,0x44,0x29,
  0x00,0x00,0x00,0x00,0x00,0x00,0x00,0x00,0xd0,0x63,0x5e,0xbf,0xdd,0xae,0xfe,0xae,
  0xfe,0xae,0xfe,0xae,0xfe,0xae,0xfe,0xae,0xfe,0xae,0xfe,0xae,0xfe,0xae,0xfe,0xae,
  0xfe,0xae,0xfe,0xae,0xfe,0xae,0xfe,0xae,0xfe,0xae,0xfe,0xae,0xfe,0xae,0xfe,0xae,
  0xfe,0xae,0xfe,0xae,0xfe,0xae,0xfe,0xae,0xfe,0xae,0xfe,0xae,0xfe,0xae,0xfe,0xae,
  0xfe,0xae,0xfe,0xae,0xfe,0xae,0xfe,0xae,0xfe,0xae,0xfe,0xae,0xfe,0xae,0xfe,0xae,
  0xfe,0xae,0xfe,0xae,0xfe,0xae,0xfe,0xae,0xfe,0xae,0xfe,0xae,0xfe,0xae,0xfd,0xae,
  0xfe,0xae,0xfe,0xae,0xfe,0xae,0xfe,0xa6,0xfe,0xae,0x1e,0xaf,0x1e,0xaf,0xfd,0xae,
  0xfd,0xae,0xdd,0xae,0xfd,0xae,0xfe,0xa6,0x1e,0xaf,0x5f,0xb7,0x5f,0xb7,0x19,0x9e,
  0x8e,0x5b,0xe3,0x08,0x00,0x00,0x00,0x00,0x00,0x00,0x00,0x00,0x00,0x00,0x00,0x00,
  0x00,0x00,0x45,0x19,0xb7,0x8d,0x5f,0xbf,0xfe,0xae,0xfe,0xa6,0x1e,0xa7,0xfe,0xa6,
  0xfe,0xa6,0xfe,0xae,0x1e,0xaf,0x7f,0xbf,0x5e,0xb7,0xbc,0xae,0xd8,0x95,0x52,0x6c,
  0x6a,0x32,0x25,0x19,0x21,0x00,0x00,0x00,0x00,0x00,0x00,0x00,0x00,0x00,0x00,0x00,
  0x00,0x00,0x00,0x00,0x00,0x00,0x00,0x00,0x00,0x00,0x00,0x00,0x00,0x00,0x00,0x00,
  0x00,0x00,0x81,0x18,0xe6,0x49,0x52,0xd5,0x35,0xfe,0xf4,0xfd,0xf4,0xfd,0x14,0xfe,
  0xf4,0xfd,0x14,0xfe,0x14,0xfe,0x14,0xfe,0xf3,0xfd,0x14,0xfe,0x14,0xfe,0x14,0xfe,
  0xf4,0xfd,0xf3,0xfd,0x76,0xfe,0x24,0x39,0x00,0x00,0x00,0x00,0x00,0x00,0x00,0x00,
  0xed,0x5b,0x95,0x8e,0x54,0x7e,0x54,0x86,0x54,0x86,0x54,0x86,0x54,0x86,0x54,0x7e,
  0x54,0x86,0x54,0x86,0x54,0x7e,0x54,0x86,0x54,0x86,0x54,0x86,0x54,0x7e,0x74,0x7e,
  0x74,0x7e,0x54,0x7e,0x95,0x8e,0xac,0x53,0x00,0x00,0x00,0x00,0x00,0x00,0x00,0x00,
  0x65,0x29,0xc7,0x31,0xa3,0x10,0xe4,0x18,0xe4,0x18,0xe4,0x18,0xe4,0x18,0xe4,0x18,
  0xe4,0x18,0xe4,0x18,0xe4,0x18,0xe4,0x18,0xe4,0x18,0xe4,0x18,0xe4,0x18,0xe4,0x18,
  0xe4,0x18,0xe4,0x18,0xe4,0x18,0xc3,0x10,0x25,0x21,0xef,0x7b,0x00,0x00,0x00,0x00,
  0x00,0x00,0x00,0x00,0xa4,0x10,0x3a,0xa6,0x1e,0xaf,0xfe,0xae,0xfe,0xae,0xfe,0xae,
  0xfe,0xae,0xfe,0xae,0xfe,0xae,0xfe,0xae,0xfe,0xae,0xfe,0xae,0xfe,0xae,0xfe,0xae,
  0xfe,0xae,0xfe,0xae,0xfe,0xae,0xfe,0xae,0xfe,0xae,0xfe,0xae,0xfe,0xae,0xfe,0xae,
  0xfe,0xae,0xfe,0xae,0xfe,0xae,0xfe,0xae,0xfe,0xae,0xfe,0xae,0xfe,0xae,0xfe,0xae,
  0xfe,0xae,0xfe,0xae,0xfe,0xae,0xfe,0xae,0xfe,0xae,0xfe,0xae,0xfe,0xae,0xfe,0xae,
  0xfe,0xae,0xfe,0xae,0xfe,0xae,0xfe,0xae,0xfe,0xae,0xfe,0xae,0xfd,0xae,0xfe,0xae,
  0xfe,0xae,0xfe,0xae,0xfe,0xae,0xfe,0xae,0x1e,0xaf,0x1e,0xa7,0x1e,0xaf,0xfe,0xae,
  0xfd,0xae,0xfe,0xae,0xfe,0xae,0xfe,0xa6,0xfe,0xa6,0xfe,0xa6,0x3e,0xb7,0x5e,0xbf,
  0x5a,0xa6,0x6e,0x53,0x82,0x00,0x00,0x00,0x00,0x00,0x00,0x00,0x00,0x00,0x20,0x00,
  0x00,0x00,0xa2,0x08,0xf5,0x7c,0x3f,0xbf,0xfe,0xae,0x1e,0xaf,0x3f,0xb7,0x3f,0xbf,
  0xfe,0xb6,0x1a,0x9e,0x73,0x74,0xed,0x4a,0x87,0x21,0x21,0x00,0x00,0x00,0x00,0x00,
  0x00,0x00,0x00,0x00,0x00,0x00,0x00,0x00,0x00,0x00,0x00,0x00,0x00,0x00,0x21,0x00,
  0x00,0x00,0x00,0x00,0x00,0x00,0x00,0x00,0x00,0x00,0x44,0x31,0xa9,0x6a,0xed,0x9b,
  0x72,0xd5,0x55,0xfe,0x34,0xfe,0xf4,0xfd,0x14,0xfe,0xf3,0xfd,0x14,0xfe,0xf4,0xfd,
  0x14,0xfe,0x14,0xfe,0x14,0xfe,0xf3,0xfd,0x14,0xfe,0x14,0xfe,0x14,0xfe,0xf4,0xfd,
  0xf3,0xfd,0x76,0xfe,0x24,0x39,0x00,0x00,0x00,0x00,0x00,0x00,0x00,0x00,0xed,0x5b,
  0x95,0x8e,0x54,0x7e,0x54,0x86,0x54,0x86,0x54,0x86,0x54,0x86,0x54,0x7e,0x54,0x86,
  0x54,0x86,0x54,0x7e,0x54,0x7e,0x54,0x86,0x54,0x86,0x54,0x7e,0x74,0x86,0x74,0x7e,
  0x54,0x7e,0x55,0x96,0xc5,0x21,0x00,0x00,0x00,0x00,0x00,0x00,0x00,0x00,0x2c,0x63,
  0xe4,0x18,0xc4,0x18,0xe4,0x18,0xe4,0x18,0xe4,0x18,0xe4,0x18,0xe4,0x18,0xe4,0x18,
  0xe4,0x18,0xe4,0x18,0xe4,0x18,0xe4,0x18,0xe4,0x18,0xe4,0x18,0xe4,0x18,0xe4,0x18,
  0xe4,0x18,0xe4,0x18,0xe4,0x18,0xc3,0x10,0x24,0x21,0x00,0x00,0x00,0x00,0x20,0x00,
  0x00,0x00,0xac,0x4a,0x5e,0xbf,0xfe,0xa6,0xfe,0xae,0xfe,0xae,0xfe,0xae,0xfe,0xae,
  0xfe,0xae,0xfe,0xae,0xfe,0xae,0xfe,0xae,0xfe,0xae,0xfe,0xae,0xfe,0xae,0xfe,0xae,
  0xfe,0xae,0xfe,0xae,0xfe,0xae,0xfe,0xae,0xfe,0xae,0xfe,0xae,0xfe,0xae,0xfe,0xae,
  0xfe,0xae,0xfe,0xae,0xfe,0xae,0xfe,0xae,0xfe,0xae,0xfe,0xae,0xfe,0xae,0xfe,0xae,
  0xfe,0xae,0xfe,0xae,0xfe,0xae,0xfe,0xae,0xfe,0xae,0xfe,0xae,0xfe,0xae,0xfe,0xae,
  0xfe,0xae,0xfe,0xae,0xfe,0xae,0xfe,0xae,0xfe,0xae,0xfd,0xae,0xfe,0xae,0xfe,0xae,
  0xfe,0xae,0xfe,0xae,0xfe,0xae,0xfe,0xae,0xfe,0xae,0xfe,0xae,0xfe,0xae,0x1e,0xa7,
  0x1e,0xa7,0x1e,0xaf,0xfe,0xae,0xfe,0xae,0xfe,0xae,0xfe,0xae,0xdd,0xae,0x1e,0xaf,
  0x5f,0xb7,0xf9,0x95,0x4a,0x32,0x00,0x00,0x00,0x00,0x00,0x00,0x00,0x00,0x00,0x00,
  0x00,0x00,0x41,0x00,0xb3,0x74,0x3e,0xbf,0x3a,0x9e,0x35,0x85,0x6e,0x5b,0x86,0x21,
  0x82,0x08,0x00,0x00,0x00,0x00,0x00,0x00,0x00,0x00,0x00,0x00,0x00,0x00,0x00,0x00,
  0x00,0x00,0x00,0x00,0x00,0x00,0x00,0x00,0x00,0x00,0x00,0x00,0x00,0x00,0x00,0x08,
  0xc3,0x28,0xe6,0x51,0xad,0x93,0x12,0xcd,0xd4,0xed,0x76,0xfe,0x75,0xfe,0x34,0xfe,
  0xf4,0xfd,0xf4,0xfd,0xf4,0xfd,0xf4,0xfd,0xf4,0xfd,0xf4,0xfd,0x14,0xfe,0x14,0xfe,
  0x14,0xfe,0x14,0xfe,0xf3,0xfd,0x14,0xfe,0x14,0xfe,0x14,0xfe,0xf4,0xfd,0xf3,0xfd,
  0x76,0xfe,0x24,0x39,0x00,0x00,0x00,0x00,0x00,0x00,0x00,0x00,0xed,0x5b,0x95,0x8e,
  0x54,0x7e,0x54,0x86,0x54,0x86,0x54,0x86,0x54,0x86,0x54,0x7e,0x54,0x7e,0x54,0x86,
  0x54,0x86,0x74,0x7e,0x54,0x86,0x54,0x86,0x54,0x86,0x54,0x86,0x54,0x7e,0x95,0x86,
  0x11,0x75,0x61,0x08,0x00,0x00,0x00,0x00,0x00,0x00,0x41,0x08,0x86,0x29,0xe4,0x18,
  0xe4,0x18,0xe4,0x18,0xe4,0x18,0xe4,0x18,0xe4,0x18,0xe4,0x18,0xe4,0x18,0xe4,0x18,
  0xe4,0x18,0xe4,0x18,0xe4,0x18,0xe4,0x18,0xe4,0x18,0xe4,0x18,0xe4,0x18,0xe4,0x18,
  0xe4,0x18,0xa3,0x10,0x49,0x42,0xa2,0x10,0x00,0x00,0x00,0x00,0x00,0x00,0x00,0x00,
  0x36,0x8d,0x3e,0xb7,0xfe,0xa6,0xfe,0xae,0xfe,0xae,0xfe,0xae,0xfe,0xae,0xfe,0xae,
  0xfe,0xae,0xfe,0xae,0xfe,0xae,0xfe,0xae,0xfe,0xae,0xfe,0xae,0xfe,0xae,0xfe,0xae,
  0xfe,0xae,0xfe,0xae,0xfe,0xae,0xfe,0xae,0xfe,0xae,0xfe,0xae,0xfe,0xae,0xfe,0xae,
  0xfe,0xae,0xfe,0xae,0xfe,0xae,0xfe,0xae,0xfe,0xae,0xfe,0xae,0xfe,0xae,0xfe,0xae,
  0xfe,0xae,0xfe,0xae,0xfe,0xae,0xfe,0xae,0xfe,0xae,0xfe,0xae,0xfe,0xae,0xfe,0xae,
  0xfe,0xae,0xfe,0xae,0xfe,0xae,0xfe,0xae,0xfe,0xae,0xfe,0xae,0xfe,0xae,0xfe,0xae,
  0xfe,0xae,0xfe,0xae,0xfe,0xae,0xfe,0xae,0xfe,0xae,0xfe,0xae,0x1e,0xaf,0x1e,0xa7,
  0xfe,0xae,0xfe,0xae,0xfe,0xae,0xfe,0xae,0xfe,0xae,0xfe,0xae,0xfe,0xae,0xfd,0xa6,
  0x3f,0xb7,0x1e,0xb7,0x52,0x6c,0x62,0x00,0x00,0x00,0x00,0x00,0x00,0x00,0x00,0x00,
  0x00,0x00,0x61,0x00,0x08,0x32,0xe4,0x10,0x00,0x00,0x00,0x00,0x00,0x00,0x00,0x00,
  0x00,0x00,0x20,0x00,0x00,0x00,0x00,0x00,0x00,0x00,0x00,0x00,0x20,0x00,0x00,0x00,
  0x00,0x00,0x00,0x00,0x00,0x00,0x40,0x10,0xa5,0x49,0x2a,0x83,0x6f,0xb4,0xb4,0xe5,
  0x76,0xfe,0x55,0xfe,0x34,0xfe,0x14,0xfe,0xf3,0xfd,0xf3,0xfd,0xf4,0xfd,0xf5,0xfd,
  0x14,0xfe,0xf4,0xfd,0xf4,0xfd,0x14,0xfe,0xf4,0xfd,0xf4,0xfd,0xf4,0xfd,0x14,0xfe,
  0x14,0xfe,0x14,0xfe,0x14,0xfe,0x14,0xfe,0x14,0xfe,0xf4,0xfd,0xf3,0xfd,0x76,0xfe,
  0x24,0x39,0x00,0x00,0x00,0x00,0x00,0x00,0x00,0x00,0xed,0x5b,0x95,0x8e,0x54,0x7e,
  0x54,0x86,0x54,0x86,0x54,0x86,0x54,0x86,0x54,0x7e,0x54,0x7e,0x54,0x86,0x54,0x86,
  0x74,0x7e,0x74,0x7e,0x54,0x86,0x54,0x86,0x54,0x86,0x54,0x7e,0x96,0x8e,0x0a,0x43,
  0x00,0x00,0x20,0x00,0x00,0x00,0x00,0x00,0xe7,0x39,0x29,0x42,0x83,0x08,0xe4,0x18,
  0xe4,0x18,0xe4,0x18,0xe4,0x18,0xe4,0x18,0xe4,0x18,0xe4,0x18,0xe4,0x18,0xe4,0x18,
  0xe4,0x18,0xe4,0x18,0xe4,0x18,0xe4,0x18,0xe4,0x18,0xe4,0x18,0xe4,0x18,0xe4,0x18,
  0xa3,0x10,0x29,0x42,0xa2,0x10,0x00,0x00,0x00,0x00,0x00,0x00,0x05,0x11,0x5b,0xa6,
  0x1e,0xaf,0xfe,0xa6,0xfe,0xae,0xfe,0xae,0xfe,0xae,0xfe,0xae,0xfe,0xae,0xfe,0xae,
  0xfe,0xae,0xfe,0xae,0xfe,0xae,0xfe,0xae,0xfe,0xae,0xfe,0xae,0xfe,0xae,0xfe,0xae,
  0xfe,0xae,0xfe,0xae,0xfe,0xae,0xfe,0xae,0xfe,0xae,0xfe,0xae,0xfe,0xae,0xfe,0xae,
  0xfe,0xae,0xfe,0xae,0xfe,0xae,0xfe,0xae,0xfe,0xae,0xfe,0xae,0xfe,0xae,0xfe,0xae,
  0xfe,0xae,0xfe,0xae,0xfe,0xae,0xfe,0xae,0xfe,0xae,0xfe,0xae,0xfe,0xae,0xfe,0xae,
  0xfe,0xae,0xfe,0xae,0xfe,0xae,0xfe,0xae,0xfe,0xae,0xfe,0xae,0xfe,0xae,0xfe,0xae,
  0xfe,0xae,0xfe,0xae,0xfe,0xae,0xfe,0xae,0xfe,0xae,0xfe,0xae,0xfe,0xae,0xfe,0xae,
  0xfe,0xae,0x1e,0xaf,0x1e,0xaf,0x1d,0xaf,0x1d,0xaf,0x1d,0xaf,0x1e,0xaf,0xfd,0xae,
  0xfd,0xae,0x3f,0xbf,0x98,0x95,0x86,0x21,0x00,0x00,0x00,0x00,0x00,0x00,0x00,0x00,
  0x00,0x00,0x00,0x00,0x00,0x00,0x00,0x00,0x00,0x00,0x00,0x00,0x00,0x00,0x20,0x00,
  0x20,0x00,0x20,0x00,0x00,0x00,0x00,0x00,0x00,0x00,0x00,0x00,0x20,0x10,0x44,0x31,
  0x68,0x62,0x2e,0xa4,0x93,0xd5,0x34,0xf6,0x75,0xfe,0x75,0xfe,0x14,0xfe,0xf3,0xfd,
  0xf3,0xfd,0xf3,0xfd,0xf3,0xfd,0xf4,0xfd,0xf4,0xfd,0xf4,0xfd,0x14,0xfe,0x14,0xfe,
  0xf4,0xfd,0xf4,0xfd,0x14,0xfe,0xf4,0xfd,0xf4,0xfd,0xf4,0xfd,0x14,0xfe,0x14,0xfe,
  0x14,0xfe,0x14,0xfe,0x14,0xfe,0x14,0xfe,0xf4,0xfd,0xf3,0xfd,0x76,0xfe,0x24,0x39,
  0x00,0x00,0x00,0x00,0x00,0x00,0x00,0x00,0xed,0x5b,0x95,0x8e,0x54,0x7e,0x54,0x86,
  0x54,0x86,0x54,0x86,0x54,0x86,0x54,0x7e,0x54,0x7e,0x54,0x86,0x54,0x86,0x54,0x7e,
  0x74,0x7e,0x54,0x86,0x54,0x86,0x54,0x86,0x54,0x86,0xb3,0x85,0xc2,0x08,0x00,0x00,
  0x00,0x00,0x00,0x00,0x20,0x00,0xa6,0x31,0x04,0x19,0xc4,0x10,0xe4,0x18,0xe4,0x18,
  0xe4,0x18,0xe4,0x18,0xe4,0x18,0xe4,0x18,0xe4,0x18,0xe4,0x18,0xe4,0x18,0xe4,0x18,
  0xe4,0x18,0xe4,0x18,0xe4,0x18,0xe4,0x18,0xe4,0x18,0xe4,0x18,0xc4,0x10,0x05,0x19,
  0xc3,0x18,0x00,0x00,0x00,0x00,0x20,0x00,0x00,0x00,0xab,0x42,0x3e,0xb7,0xfe,0xae,
  0xfe,0xae,0xfe,0xae,0xfe,0xae,0xfe,0xae,0xfe,0xae,0xfe,0xae,0xfe,0xae,0xfe,0xae,
  0xfe,0xae,0xfe,0xae,0xfe,0xae,0xfe,0xae,0xfe,0xae,0xfe,0xae,0xfe,0xae,0xfe,0xae,
  0xfe,0xae,0xfe,0xae,0xfe,0xae,0xfe,0xae,0xfe,0xae,0xfe,0xae,0xfe,0xae,0xfe,0xae,
  0xfe,0xae,0xfe,0xae,0xfe,0xae,0xfe,0xae,0xfe,0xae,0xfe,0xae,0xfe,0xae,0xfe,0xae,
  0xfe,0xae,0xfe,0xae,0xfe,0xae,0xfe,0xae,0xfe,0xae,0xfe,0xae,0xfe,0xae,0xfe,0xae,
  0xfe,0xae,0xfe,0xae,0xfe,0xae,0xfe,0xae,0xfe,0xae,0xfe,0xae,0xfe,0xae,0xfe,0xae,
  0xfe,0xae,0xfe,0xae,0xfe,0xae,0xfe,0xae,0xfe,0xae,0xfe,0xae,0xfe,0xae,0xfd,0xae,
  0xfd,0xae,0xfd,0xae,0x1d,0xaf,0x1e,0xaf,0x1e,0xaf,0x1e,0xa7,0xfd,0xae,0xdd,0xae,
  0xfe,0xbe,0xbc,0xb6,0x8a,0x3a,0x00,0x00,0x00,0x00,0x00,0x00,0x00,0x00,0x00,0x00,
  0x20,0x00,0x00,0x00,0x00,0x00,0x00,0x00,0x00,0x00,0x00,0x00,0x00,0x00,0x00,0x00,
  0x00,0x00,0x00,0x08,0x81,0x20,0x07,0x5a,0xcd,0x93,0xf0,0xc4,0xf4,0xed,0x76,0xfe,
  0x55,0xfe,0x34,0xfe,0x14,0xfe,0xf3,0xfd,0xf3,0xf5,0x13,0xfe,0x14,0xfe,0x14,0xfe,
  0x14,0xfe,0x14,0xfe,0x14,0xfe,0x14,0xfe,0x14,0xfe,0x14,0xfe,0x14,0xfe,0x14,0xfe,
  0x14,0xfe,0xf4,0xfd,0x14,0xfe,0x14,0xfe,0xf4,0xfd,0xf4,0xfd,0xf4,0xfd,0xf4,0xfd,
  0xf4,0xfd,0x14,0xfe,0x14,0xfe,0xf4,0xfd,0xf3,0xfd,0x76,0xfe,0x24,0x39,0x00,0x00,
  0x00,0x00,0x00,0x00,0x00,0x00,0xed,0x5b,0x95,0x8e,0x54,0x7e,0x54,0x86,0x54,0x86,
  0x54,0x86,0x54,0x86,0x54,0x7e,0x54,0x86,0x54,0x86,0x54,0x86,0x54,0x86,0x74,0x7e,
  0x54,0x7e,0x54,0x7e,0x54,0x7e,0x96,0x96,0x6b,0x4b,0x00,0x00,0x00,0x00,0x00,0x00,
  0x00,0x00,0xa2,0x10,0x8e,0x73,0x82,0x08,0xe4,0x18,0xe4,0x18,0xe4,0x18,0xe4,0x18,
  0xe4,0x18,0xe4,0x18,0xe4,0x18,0xe4,0x18,0xe4,0x18,0xe4,0x18,0xe4,0x18,0xe4,0x18,
  0xe4,0x18,0xe4,0x18,0xe4,0x18,0xe4,0x18,0xe4,0x18,0x83,0x08,0x08,0x3a,0xcb,0x5a,
  0x00,0x00,0x20,0x08,0x00,0x00,0x00,0x00,0xd0,0x5b,0x7f,0xbf,0xdd,0xa6,0xfe,0xae,
  0xfe,0xae,0xfe,0xae,0xfe,0xae,0xfe,0xae,0xfe,0xae,0xfe,0xae,0xfe,0xae,0xfe,0xae,
  0xfe,0xae,0xfe,0xae,0xfe,0xae,0xfe,0xae,0xfe,0xae,0xfe,0xae,0xfe,0xae,0xfe,0xae,
  0xfe,0xae,0xfe,0xae,0xfe,0xae,0xfe,0xae,0xfe,0xae,0xfe,0xae,0xfe,0xae,0xfe,0xae,
  0xfe,0xae,0xfe,0xae,0xfe,0xae,0xfe,0xae,0xfe,0xae,0xfe,0xae,0xfe,0xae,0xfe,0xae,
  0xfe,0xae,0xfe,0xae,0xfe,0xae,0xfe,0xae,0xfe,0xae,0xfe,0xae,0xfe,0xae,0xfe,0xae,
  0xfe,0xae,0xfe,0xae,0xfe,0xae,0xfe,0xae,0xfe,0xae,0xfd,0xae,0x1d,0xaf,0x1d,0xaf,
  0x1d,0xaf,0x1d,0xa7,0x1d,0xaf,0x1d,0xaf,0xfd,0xae,0x1e,0xaf,0xfe,0xae,0xfe,0xae,
  0x1e,0xaf,0xfe,0xae,0xfe,0xae,0xfe,0xae,0xfe,0xae,0xfe,0xa6,0x3e,0xb7,0x97,0x8d,
  0x25,0x19,0x00,0x00,0x00,0x00,0x00,0x00,0x00,0x00,0x00,0x00,0x00,0x00,0x00,0x00,
  0x00,0x00,0x00,0x00,0x00,0x00,0x00,0x00,0x00,0x00,0x61,0x18,0xc6,0x49,0x0a,0x7b,
  0x8f,0xb4,0xf4,0xe5,0x35,0xfe,0x55,0xfe,0x55,0xfe,0x14,0xfe,0xf3,0xfd,0xf4,0xfd,
  0xf4,0xfd,0xf4,0xfd,0xf4,0xfd,0xf4,0xfd,0xf4,0xfd,0x14,0xfe,0x14,0xfe,0xf4,0xfd,
  0x14,0xfe,0x14,0xfe,0x14,0xfe,0x14,0xfe,0x14,0xfe,0x14,0xfe,0x14,0xfe,0x14,0xfe,
  0x14,0xfe,0x14,0xfe,0xf4,0xfd,0xf4,0xfd,0xf4,0xfd,0xf4,0xfd,0xf4,0xfd,0x14,0xfe,
  0x14,0xfe,0x14,0xfe,0xf4,0xfd,0xf3,0xfd,0x76,0xfe,0x24,0x39,0x00,0x00,0x00,0x00,
  0x00,0x00,0x00,0x00,0xed,0x5b,0x95,0x8e,0x54,0x7e,0x54,0x86,0x54,0x86,0x54,0x86,
  0x54,0x86,0x54,0x7e,0x54,0x86,0x54,0x86,0x54,0x86,0x54,0x86,0x54,0x7e,0x74,0x7e,
  0x54,0x7e,0x75,0x86,0xb3,0x7d,0xe2,0x08,0x00,0x00,0x00,0x00,0x20,0x00,0x00,0x00,
  0x8a,0x52,0x86,0x29,0xc3,0x10,0xe4,0x18,0xe4,0x18,0xe4,0x18,0xe4,0x18,0xe4,0x18,
  0xe4,0x18,0xe4,0x18,0xe4,0x18,0xe4,0x18,0xe4,0x18,0xe4,0x18,0xe4,0x18,0xe4,0x18,
  0xe4,0x18,0xe4,0x18,0xe4,0x18,0xe4,0x18,0xa3,0x10,0xa7,0x29,0xc7,0x39,0x00,0x00,
  0x00,0x00,0x00,0x00,0x21,0x00,0xf5,0x7c,0x3f,0xb7,0xfd,0xa6,0xfd,0xae,0xfe,0xae,
  0xfe,0xae,0xfe,0xae,0xfe,0xae,0xfe,0xae,0xfe,0xae,0xfe,0xae,0xfe,0xae,0xfe,0xae,
  0xfe,0xae,0xfe,0xae,0xfe,0xae,0xfe,0xae,0xfe,0xae,0xfe,0xae,0xfe,0xae,0xfe,0xae,
  0xfe,0xae,0xfe,0xae,0xfe,0xae,0xfe,0xae,0xfe,0xae,0xfe,0xae,0xfe,0xae,0xfe,0xae,
  0xfe,0xae,0xfe,0xae,0xfe,0xae,0xfe,0xae,0xfe,0xae,0xfe,0xae,0xfe,0xae,0xfe,0xae,
  0xfe,0xae,0xfe,0xae,0xfe,0xae,0xfe,0xae,0xfe,0xae,0xfe,0xae,0xfe,0xae,0xfe,0xae,
  0xfe,0xae,0xfe,0xae,0xfe,0xae,0xfe,0xae,0xfe,0xae,0xfe,0xae,0xfe,0xae,0xfe,0xae,
  0x1e,0xaf,0x1d,0xaf,0x1d,0xaf,0xfd,0xae,0xfe,0xae,0x1e,0xaf,0x1d,0xa7,0xfe,0xae,
  0xfe,0xae,0xfe,0xae,0xfe,0xae,0xfd,0xa6,0x3f,0xb7,0x56,0x8d,0x82,0x08,0x00,0x00,
  0x20,0x00,0x00,0x00,0x00,0x00,0x20,0x00,0x00,0x00,0x00,0x00,0x00,0x00,0x00,0x00,
  0x41,0x10,0x03,0x31,0x88,0x6a,0x2e,0xac,0x52,0xd5,0x15,0xf6,0x96,0xfe,0x55,0xfe,
  0x14,0xfe,0xf4,0xfd,0xf3,0xfd,0xf3,0xfd,0xf4,0xfd,0x14,0xfe,0x14,0xfe,0xf4,0xfd,
  0x14,0xfe,0xf4,0xfd,0x14,0xfe,0x14,0xfe,0xf4,0xfd,0xf4,0xfd,0x14,0xfe,0x14,0xfe,
  0x14,0xfe,0x14,0xfe,0x14,0xfe,0x14,0xfe,0x14,0xfe,0x14,0xfe,0x14,0xfe,0x14,0xfe,
  0x14,0xfe,0x14,0xfe,0x14,0xfe,0x14,0xfe,0x14,0xfe,0x14,0xfe,0x14,0xfe,0xf4,0xfd,
  0xf4,0xfd,0x14,0xfe,0xf4,0xfd,0x76,0xfe,0x24,0x39,0x00,0x00,0x00,0x00,0x00,0x00,
  0x00,0x00,0xed,0x5b,0x95,0x8e,0x54,0x7e,0x54,0x86,0x54,0x86,0x54,0x86,0x54,0x86,
  0x54,0x7e,0x54,0x7e,0x54,0x86,0x54,0x86,0x54,0x7e,0x54,0x7e,0x54,0x86,0x34,0x7e,
  0x96,0x8e,0x09,0x3b,0x00,0x00,0x00,0x00,0x00,0x00,0x00,0x00,0xc3,0x18,0xab,0x52,
  0xc4,0x10,0xe4,0x18,0xe4,0x18,0xe4,0x18,0xe4,0x18,0xe4,0x18,0xe4,0x18,0xe4,0x18,
  0xe4,0x18,0xe4,0x18,0xe4,0x18,0xe4,0x18,0xe4,0x18,0xe4,0x18,0xe4,0x18,0xe4,0x18,
  0xe4,0x18,0xe4,0x18,0xe4,0x18,0xc3,0x10,0x45,0x21,0x24,0x21,0x00,0x00,0x00,0x00,
  0x00,0x00,0x62,0x08,0xb8,0x95,0x3e,0xb7,0xfd,0xae,0xfe,0xae,0xfe,0xae,0xfe,0xae,
  0xfe,0xae,0xfe,0xae,0xfe,0xae,0xfe,0xae,0xfe,0xae,0xfe,0xae,0xfe,0xae,0xfe,0xae,
  0xfe,0xae,0xfe,0xae,0xfe,0xae,0xfe,0xae,0xfe,0xae,0xfe,0xae,0xfe,0xae,0xfe,0xae,
  0xfe,0xae,0xfe,0xae,0xfe,0xae,0xfe,0xae,0xfe,0xae,0xfe,0xae,0xfe,0xae,0xfe,0xae,
  0xfe,0xae,0xfe,0xae,0xfe,0xae,0xfe,0xae,0xfe,0xae,0xfe,0xae,0xfe,0xae,0xfe,0xae,
  0xfe,0xae,0xfe,0xae,0xfe,0xae,0xfe,0xae,0xfe,0xae,0xfe,0xae,0xfe,0xae,0xfe,0xae,
  0xfe,0xae,0xfe,0xae,0xfe,0xae,0xfe,0xae,0xfe,0xae,0xfe,0xae,0xfe,0xae,0xfe,0xae,
  0xfd,0xae,0x1d,0xaf,0xfe,0xae,0xfe,0xae,0x1e,0xaf,0x1d,0xaf,0xfd,0xae,0xfe,0xae,
  0xfe,0xae,0xfe,0xa6,0x3e,0xb7,0x19,0x9e,0xa3,0x08,0x00,0x00,0x20,0x00,0x00,0x00,
  0x00,0x00,0x00,0x00,0x00,0x00,0x00,0x00,0xa1,0x20,0x47,0x5a,0xac,0x93,0xf1,0xc4,
  0x35,0xf6,0x76,0xfe,0x55,0xfe,0x35,0xfe,0xf4,0xfd,0xf3,0xfd,0xf3,0xf5,0x14,0xfe,
  0x14,0xfe,0x14,0xfe,0x14,0xfe,0x14,0xfe,0x14,0xfe,0x14,0xfe,0x14,0xfe,0x14,0xfe,
  0x14,0xfe,0x14,0xfe,0x14,0xfe,0x14,0xfe,0x14,0xfe,0x14,0xfe,0x14,0xfe,0x14,0xfe,
  0x14,0xfe,0x14,0xfe,0x14,0xfe,0x14,0xfe,0x14,0xfe,0x14,0xfe,0x14,0xfe,0x14,0xfe,
  0x14,0xfe,0x14,0xfe,0x14,0xfe,0x14,0xfe,0x14,0xfe,0xf4,0xfd,0xf4,0xfd,0x14,0xfe,
  0x14,0xfe,0xf4,0xfd,0x76,0xfe,0x24,0x39,0x00,0x00,0x00,0x00,0x00,0x00,0x00,0x00,
  0xed,0x5b,0x96,0x8e,0x54,0x7e,0x54,0x86,0x54,0x86,0x54,0x86,0x54,0x86,0x54,0x7e,
  0x54,0x86,0x54,0x86,0x54,0x86,0x54,0x86,0x54,0x86,0x54,0x7e,0x75,0x8e,0x11,0x75,
  0x60,0x00,0x00,0x00,0x00,0x00,0x00,0x00,0x00,0x00,0x28,0x42,0xc7,0x31,0x83,0x08,
  0xe4,0x18,0xe4,0x18,0xe4,0x18,0xe4,0x18,0xe4,0x18,0xe4,0x18,0xe4,0x18,0xe4,0x18,
  0xe4,0x18,0xe4,0x18,0xe4,0x18,0xe4,0x18,0xe4,0x18,0xe4,0x18,0xe4,0x18,0xe4,0x18,
  0xe4,0x18,0xe4,0x18,0xc4,0x10,0x04,0x19,0x82,0x10,0x00,0x00,0x00,0x00,0x00,0x00,
  0xa3,0x10,0x5a,0xa6,0x1e,0xaf,0xfd,0xae,0xfe,0xae,0xfe,0xae,0xfe,0xae,0xfe,0xae,
  0xfe,0xae,0xfe,0xae,0xfe,0xae,0xfe,0xae,0xfe,0xae,0xfe,0xae,0xfe,0xae,0xfe,0xae,
  0xfe,0xae,0xfe,0xae,0xfe,0xae,0xfe,0xae,0xfe,0xae,0xfe,0xae,0xfe,0xae,0xfe,0xae,
  0xfe,0xae,0xfe,0xae,0xfe,0xae,0xfe,0xae,0xfe,0xae,0xfe,0xae,0xfe,0xae,0xfe,0xae,
  0xfe,0xae,0xfe,0xae,0xfe,0xae,0xfe,0xae,0xfe,0xae,0xfe,0xae,0xfe,0xae,0xfe,0xae,
  0xfe,0xae,0xfe,0xae,0xfe,0xae,0xfe,0xae,0xfe,0xae,0xfe,0xae,0xfe,0xae,0xfe,0xae,
  0xfe,0xae,0xfe,0xae,0xfe,0xae,0xfe,0xae,0xfe,0xae,0xfe,0xae,0xfe,0xae,0xfe,0xae,
  0x1d,0xaf,0xfe,0xae,0xfe,0xae,0x1e,0xaf,0x1d,0xaf,0xfe,0xae,0xfe,0xae,0xfe,0xae,
  0xfd,0xae,0xfd,0xb6,0x08,0x2a,0x00,0x00,0x00,0x00,0x00,0x00,0x00,0x00,0x00,0x00,
  0x00,0x00,0xa5,0x49,0x6f,0xb4,0xd4,0xe5,0x35,0xfe,0x75,0xfe,0x54,0xfe,0xf3,0xfd,
  0xf3,0xfd,0xf3,0xfd,0xf3,0xfd,0xf4,0xfd,0x14,0xfe,0x14,0xfe,0x14,0xfe,0x14,0xfe,
  0x14,0xfe,0x14,0xfe,0x14,0xfe,0x14,0xfe,0x14,0xfe,0x14,0xfe,0x14,0xfe,0x14,0xfe,
  0x14,0xfe,0x14,0xfe,0x14,0xfe,0x14,0xfe,0x14,0xfe,0x14,0xfe,0x14,0xfe,0x14,0xfe,
  0x14,0xfe,0x14,0xfe,0x14,0xfe,0x14,0xfe,0x14,0xfe,0x14,0xfe,0x14,0xfe,0x14,0xfe,
  0x14,0xfe,0x14,0xfe,0x14,0xfe,0x14,0xfe,0xf4,0xfd,0x14,0xfe,0x14,0xfe,0x14,0xfe,
  0xf4,0xfd,0x76,0xfe,0x24,0x39,0x00,0x00,0x00,0x00,0x00,0x00,0x00,0x00,0xed,0x5b,
  0x96,0x8e,0x54,0x7e,0x54,0x86,0x54,0x86,0x54,0x86,0x54,0x86,0x54,0x7e,0x54,0x86,
  0x54,0x86,0x54,0x7e,0x54,0x86,0x54,0x86,0x55,0x86,0x35,0x8e,0xc5,0x21,0x00,0x00,
  0x20,0x00,0x00,0x00,0x00,0x00,0x82,0x10,0x2c,0x63,0x82,0x08,0xe4,0x18,0xe4,0x18,
  0xe4,0x18,0xe4,0x18,0xe4,0x18,0xe4,0x18,0xe4,0x18,0xe4,0x18,0xe4,0x18,0xe4,0x18,
  0xe4,0x18,0xe4,0x18,0xe4,0x18,0xe4,0x18,0xe4,0x18,0xe4,0x18,0xe4,0x18,0xe4,0x18,
  0xe4,0x18,0xe4,0x18,0xc4,0x10,0x20,0x08,0x00,0x00,0x00,0x00,0x00,0x00,0xc3,0x10,
  0xbc,0xae,0x1e,0xaf,0xfd,0xae,0xfe,0xae,0xfe,0xae,0xfe,0xae,0xfe,0xae,0xfe,0xae,
  0xfe,0xae,0xfe,0xae,0xfe,0xae,0xfe,0xae,0xfe,0xae,0xfe,0xae,0xfe,0xae,0xfe,0xae,
  0xfe,0xae,0xfe,0xae,0xfe,0xae,0xfe,0xae,0xfe,0xae,0xfe,0xae,0xfe,0xae,0xfe,0xae,
  0xfe,0xae,0xfe,0xae,0xfe,0xae,0xfe,0xae,0xfe,0xae,0xfe,0xae,0xfe,0xae,0xfe,0xae,
  0xfe,0xae,0xfe,0xae,0xfe,0xae,0xfe,0xae,0xfe,0xae,0xfe,0xae,0xfe,0xae,0xfe,0xae,
  0xfe,0xae,0xfe,0xae,0xfe,0xae,0xfe,0xae,0xfe,0xae,0xfe,0xae,0xfe,0xae,0xfe,0xae,
  0xfe,0xae,0xfe,0xae,0xfe,0xae,0xfe,0xae,0xfe,0xae,0xfe,0xae,0xfe,0xae,0x1d,0xaf,
  0xfe,0xae,0xfe,0xae,0x1e,0xaf,0x1d,0xaf,0xfd,0xae,0xfe,0xae,0xdd,0xa6,0x5f,0xbf,
  0x93,0x74,0x00,0x00,0x00,0x00,0x00,0x00,0x00,0x00,0x00,0x00,0x00,0x08,0x4b,0x83,
  0x55,0xf6,0x55,0xfe,0x34,0xfe,0xf3,0xfd,0xd3,0xfd,0xf3,0xfd,0xf3,0xfd,0xf3,0xfd,
  0x14,0xfe,0xf4,0xfd,0x13,0xfe,0x14,0xfe,0x14,0xfe,0x14,0xfe,0x14,0xfe,0x14,0xfe,
  0x14,0xfe,0x14,0xfe,0x14,0xfe,0x14,0xfe,0x14,0xfe,0x14,0xfe,0x14,0xfe,0x14,0xfe,
  0x14,0xfe,0x14,0xfe,0x14,0xfe,0x14,0xfe,0x14,0xfe,0x14,0xfe,0x14,0xfe,0x14,0xfe,
  0x14,0xfe,0x14,0xfe,0x14,0xfe,0x14,0xfe,0x14,0xfe,0x14,0xfe,0x14,0xfe,0x14,0xfe,
  0x14,0xfe,0x14,0xfe,0x14,0xfe,0x14,0xfe,0x14,0xfe,0x14,0xfe,0x14,0xfe,0xf4,0xfd,
  0x76,0xfe,0x24,0x39,0x00,0x00,0x00,0x00,0x00,0x00,0x00,0x00,0xed,0x5b,0x96,0x8e,
  0x54,0x7e,0x54,0x86,0x54,0x86,0x54,0x86,0x54,0x86,0x54,0x7e,0x54,0x86,0x54,0x86,
  0x74,0x7e,0x54,0x86,0x54,0x7e,0x96,0x96,0x8c,0x4b,0x00,0x00,0x20,0x00,0x00,0x00,
  0x20,0x00,0x00,0x00,0x6d,0x6b,0xa7,0x31,0xa3,0x10,0xe4,0x18,0xe4,0x18,0xe4,0x18,
  0xe4,0x18,0xe4,0x18,0xe4,0x18,0xe4,0x18,0xe4,0x18,0xe4,0x18,0xe4,0x18,0xe4,0x18,
  0xe4,0x18,0xe4,0x18,0xe4,0x18,0xe4,0x18,0xe4,0x18,0xe4,0x18,0xe4,0x18,0xe4,0x18,
  0xe4,0x18,0xc3,0x10,0x00,0x00,0x00,0x00,0x00,0x00,0x00,0x00,0xe4,0x10,0xdc,0xb6,
  0xfe,0xae,0xfe,0xae,0xfe,0xae,0xfe,0xae,0xfe,0xae,0xfe,0xae,0xfe,0xae,0xfe,0xae,
  0xfe,0xae,0xfe,0xae,0xfe,0xae,0xfe,0xae,0xfe,0xae,0xfe,0xae,0xfe,0xae,0xfe,0xae,
  0xfe,0xae,0xfe,0xae,0xfe,0xae,0xfe,0xae,0xfe,0xae,0xfe,0xae,0xfe,0xae,0xfe,0xae,
  0xfe,0xae,0xfe,0xae,0xfe,0xae,0xfe,0xae,0xfe,0xae,0xfe,0xae,0xfe,0xae,0xfe,0xae,
  0xfe,0xae,0xfe,0xae,0xfe,0xae,0xfe,0xae,0xfe,0xae,0xfe,0xae,0xfe,0xae,0xfe,0xae,
  0xfe,0xae,0xfe,0xae,0xfe,0xae,0xfe,0xae,0xfe,0xae,0xfe,0xae,0xfe,0xae,0xfe,0xae,
  0xfe,0xae,0xfe,0xae,0xfe,0xae,0xfe,0xae,0xfe,0xae,0xfe,0xae,0x1d,0xaf,0xfe,0xae,
  0xfe,0xae,0x1e,0xaf,0x1d,0xaf,0xfd,0xae,0xfe,0xae,0xfe,0xae,0xdd,0xb6,0xa7,0x21,
  0x00,0x00,0x00,0x00,0x00,0x00,0x00,0x00,0x00,0x08,0x4b,0x8b,0x97,0xfe,0x14,0xf6,
  0xf3,0xfd,0xf3,0xfd,0x14,0xfe,0x14,0xfe,0x14,0xfe,0x14,0xfe,0x14,0xfe,0x14,0xfe,
  0x14,0xfe,0x14,0xfe,0x13,0xfe,0x13,0xfe,0x14,0xfe,0x14,0xfe,0x14,0xfe,0x14,0xfe,
  0x14,0xfe,0x14,0xfe,0x14,0xfe,0x14,0xfe,0x14,0xfe,0x14,0xfe,0x14,0xfe,0x14,0xfe,
  0x14,0xfe,0x14,0xfe,0x14,0xfe,0x14,0xfe,0x14,0xfe,0x14,0xfe,0x14,0xfe,0x14,0xfe,
  0x14,0xfe,0x14,0xfe,0x14,0xfe,0x14,0xfe,0x14,0xfe,0x14,0xfe,0x14,0xfe,0x14,0xfe,
  0x14,0xfe,0x14,0xfe,0xf4,0xfd,0x14,0xfe,0x14,0xfe,0x14,0xfe,0xf3,0xfd,0x76,0xfe,
  0x24,0x39,0x00,0x00,0x00,0x00,0x00,0x00,0x00,0x00,0xed,0x5b,0x96,0x8e,0x54,0x7e,
  0x54,0x86,0x54,0x86,0x54,0x86,0x54,0x86,0x54,0x7e,0x54,0x7e,0x54,0x86,0x74,0x86,
  0x54,0x7e,0x95,0x86,0x11,0x75,0x61,0x00,0x00,0x00,0x00,0x00,0x00,0x00,0x00,0x00,
  0xe3,0x20,0x49,0x42,0xc3,0x10,0xe4,0x18,0xe4,0x18,0xe4,0x18,0xe4,0x18,0xe4,0x18,
  0xe4,0x18,0xe4,0x18,0xe4,0x18,0xe4,0x18,0xe4,0x18,0xe4,0x18,0xe4,0x18,0xe4,0x18,
  0xe4,0x18,0xe4,0x18,0xe4,0x18,0xe4,0x18,0xe4,0x18,0xe4,0x18,0xe4,0x18,0xe4,0x18,
  0xc4,0x10,0x20,0x00,0x00,0x00,0x00,0x00,0x00,0x00,0xe3,0x10,0xdc,0xb6,0xfe,0xae,
  0xfe,0xae,0xfe,0xae,0xfe,0xae,0xfe,0xae,0xfe,0xae,0xfe,0xae,0xfe,0xae,0xfe,0xae,
  0xfe,0xae,0xfe,0xae,0xfe,0xae,0xfe,0xae,0xfe,0xae,0xfe,0xae,0xfe,0xae,0xfe,0xae,
  0xfe,0xae,0xfe,0xae,0xfe,0xae,0xfe,0xae,0xfe,0xae,0xfe,0xae,0xfe,0xae,0xfe,0xae,
  0xfe,0xae,0xfe,0xae,0xfe,0xae,0xfe,0xae,0xfe,0xae,0xfe,0xae,0xfe,0xae,0xfe,0xae,
  0xfe,0xae,0xfe,0xae,0xfe,0xae,0xfe,0xae,0xfe,0xae,0xfe,0xae,0xfe,0xae,0xfe,0xae,
  0xfe,0xae,0xfe,0xae,0xfe,0xae,0xfe,0xae,0xfe,0xae,0xfe,0xae,0xfe,0xae,0xfe,0xae,
  0xfe,0xae,0xfe,0xae,0xfe,0xae,0xfe,0xae,0xfe,0xae,0x1d,0xaf,0xfe,0xae,0xfe,0xae,
  0x1e,0xaf,0xfd,0xae,0xfe,0xae,0xfe,0xae,0x5f,0xb7,0x76,0x8d,0x21,0x00,0x00,0x00,
  0x00,0x00,0x00,0x00,0x00,0x00,0xc6,0x59,0x36,0xfe,0x14,0xf6,0xf3,0xfd,0xf4,0xfd,
  0xf4,0xfd,0xf4,0xfd,0x14,0xfe,0x14,0xfe,0x14,0xfe,0x14,0xfe,0xf4,0xfd,0xf4,0xfd,
  0xf4,0xfd,0xf4,0xfd,0xf4,0xfd,0x14,0xfe,0x14,0xfe,0x14,0xfe,0x14,0xfe,0x14,0xfe,
  0x14,0xfe,0x14,0xfe,0x14,0xfe,0x14,0xfe,0x14,0xfe,0x14,0xfe,0x14,0xfe,0x14,0xfe,
  0x14,0xfe,0x14,0xfe,0x14,0xfe,0x14,0xfe,0x14,0xfe,0x14,0xfe,0x14,0xfe,0x14,0xfe,
  0x14,0xfe,0x14,0xfe,0x14,0xfe,0x14,0xfe,0x14,0xfe,0x14,0xfe,0x14,0xfe,0x14,0xfe,
  0x14,0xfe,0x14,0xfe,0xf4,0xfd,0xf3,0xfd,0x14,0xfe,0xf3,0xfd,0x76,0xfe,0x24,0x39,
  0x00,0x00,0x00,0x00,0x00,0x00,0x00,0x00,0xed,0x5b,0x96,0x8e,0x54,0x7e,0x54,0x86,
  0x54,0x86,0x54,0x86,0x54,0x86,0x54,0x7e,0x74,0x86,0x54,0x86,0x54,0x7e,0x75,0x86,
  0xf4,0x85,0x84,0x19,0x00,0x00,0x00,0x00,0x00,0x00,0x00,0x00,0x41,0x08,0x4d,0x6b,
  0xa3,0x10,0xe4,0x18,0xe4,0x18,0xe4,0x18,0xe4,0x18,0xe4,0x18,0xe4,0x18,0xe4,0x18,
  0xe4,0x18,0xe4,0x18,0xe4,0x18,0xe4,0x18,0xe4,0x18,0xe4,0x18,0xe4,0x18,0xe4,0x18,
  0xe4,0x18,0xe4,0x18,0xe4,0x18,0xe4,0x18,0xe4,0x18,0xe4,0x18,0xc4,0x10,0xe4,0x18,
  0x82,0x10,0x00,0x00,0x00,0x00,0x00,0x00,0xa3,0x10,0x7b,0xae,0x1e,0xaf,0xfe,0xae,
  0xfe,0xae,0xfe,0xae,0xfe,0xae,0xfe,0xae,0xfe,0xae,0xfe,0xae,0xfe,0xae,0xfe,0xae,
  0xfe,0xae,0xfe,0xae,0xfe,0xae,0xfe,0xae,0xfe,0xae,0xfe,0xae,0xfe,0xae,0xfe,0xae,
  0xfe,0xae,0xfe,0xae,0xfe,0xae,0xfe,0xae,0xfe,0xae,0xfe,0xae,0xfe,0xae,0xfe,0xae,
  0xfe,0xae,0xfe,0xae,0xfe,0xae,0xfe,0xae,0xfe,0xae,0xfe,0xae,0xfe,0xae,0xfe,0xae,
  0xfe,0xae,0xfe,0xae,0xfe,0xae,0xfe,0xae,0xfe,0xae,0xfe,0xae,0xfe,0xae,0xfe,0xae,
  0xfe,0xae,0xfe,0xae,0xfe,0xae,0xfe,0xae,0xfe,0xae,0xfe,0xae,0xfe,0xae,0xfe,0xae,
  0xfe,0xae,0xfe,0xae,0xfe,0xae,0xfe,0xae,0x1e,0xaf,0xfe,0xae,0xfe,0xae,0x1e,0xaf,
  0x1e,0xaf,0xfe,0xae,0xfe,0xa6,0x5e,0xb7,0xd0,0x63,0x00,0x00,0x00,0x00,0x00,0x00,
  0x00,0x00,0x20,0x08,0x90,0xbc,0x56,0xfe,0xf3,0xf5,0x13,0xfe,0xf4,0xfd,0x14,0xfe,
  0x13,0xfe,0xf3,0xfd,0x13,0xfe,0xf4,0xfd,0xf4,0xfd,0xf4,0xfd,0xf4,0xfd,0xf4,0xfd,
  0xf4,0xfd,0xf4,0xfd,0x14,0xfe,0x14,0xfe,0x14,0xfe,0x14,0xfe,0x14,0xfe,0x14,0xfe,
  0x14,0xfe,0x14,0xfe,0x14,0xfe,0x14,0xfe,0x14,0xfe,0x14,0xfe,0x14,0xfe,0x14,0xfe,
  0x14,0xfe,0x14,0xfe,0x14,0xfe,0x14,0xfe,0x14,0xfe,0x14,0xfe,0x14,0xfe,0x14,0xfe,
  0x14,0xfe,0x14,0xfe,0x14,0xfe,0x14,0xfe,0x14,0xfe,0x14,0xfe,0x14,0xfe,0x14,0xfe,
  0xf4,0xfd,0x14,0xfe,0x13,0xfe,0xf4,0xfd,0xf4,0xfd,0x76,0xfe,0x44,0x39,0x00,0x00,
  0x20,0x00,0x00,0x00,0x00,0x00,0xed,0x5b,0x96,0x8e,0x54,0x7e,0x54,0x86,0x54,0x86,
  0x54,0x86,0x55,0x86,0x54,0x7e,0x54,0x86,0x54,0x86,0x54,0x86,0x75,0x8e,0xa8,0x3a,
  0x00,0x00,0x20,0x00,0x00,0x00,0x00,0x00,0x00,0x00,0xa6,0x31,0x66,0x29,0xc4,0x10,
  0xe4,0x18,0xe4,0x18,0xe4,0x18,0xe4,0x18,0xe4,0x18,0xe4,0x18,0xe4,0x18,0xe4,0x18,
  0xe4,0x18,0xe4,0x18,0xe4,0x18,0xe4,0x18,0xe4,0x18,0xe4,0x18,0xe4,0x18,0xe4,0x18,
  0xe4,0x18,0xe4,0x18,0xe4,0x18,0xe4,0x18,0xe4,0x18,0xc4,0x10,0x25,0x21,0xe3,0x18,
  0x00,0x00,0x00,0x00,0x00,0x00,0x82,0x08,0xf8,0x9d,0x1e,0xaf,0xfd,0xae,0xfe,0xae,
  0xfe,0xae,0xfe,0xae,0xfe,0xae,0xfe,0xae,0xfe,0xae,0xfe,0xae,0xfe,0xae,0xfe,0xae,
  0xfe,0xae,0xfe,0xae,0xfe,0xae,0xfe,0xae,0xfe,0xae,0xfe,0xae,0xfe,0xae,0xfe,0xae,
  0xfe,0xae,0xfe,0xae,0xfe,0xae,0xfe,0xae,0xfe,0xae,0xfe,0xae,0xfe,0xae,0xfe,0xae,
  0xfe,0xae,0xfe,0xae,0xfe,0xae,0xfe,0xae,0xfe,0xae,0xfe,0xae,0xfe,0xae,0xfe,0xae,
  0xfe,0xae,0xfe,0xae,0xfe,0xae,0xfe,0xae,0xfe,0xae,0xfe,0xae,0xfe,0xae,0xfe,0xae,
  0xfe,0xae,0xfe,0xae,0xfe,0xae,0xfe,0xae,0xfe,0xae,0xfe,0xae,0xfe,0xae,0xfe,0xae,
  0xfe,0xae,0xfe,0xae,0xfe,0xae,0x1e,0xaf,0xfe,0xae,0xfe,0xae,0x1e,0xaf,0xfd,0xae,
  0xfe,0xae,0xfe,0xae,0x1d,0xb7,0x8b,0x3a,0x00,0x00,0x00,0x00,0x20,0x00,0x00,0x00,
  0x03,0x31,0xf5,0xed,0x14,0xfe,0x14,0xf6,0x14,0xfe,0x14,0xfe,0x14,0xfe,0x14,0xfe,
  0x13,0xfe,0x14,0xfe,0x14,0xfe,0x14,0xfe,0x14,0xfe,0xf4,0xfd,0xf4,0xfd,0xf4,0xfd,
  0xf4,0xfd,0x14,0xfe,0x14,0xfe,0x14,0xfe,0x14,0xfe,0x14,0xfe,0x14,0xfe,0x14,0xfe,
  0x14,0xfe,0x14,0xfe,0x14,0xfe,0x14,0xfe,0x14,0xfe,0x14,0xfe,0x14,0xfe,0x14,0xfe,
  0x14,0xfe,0x14,0xfe,0x14,0xfe,0x14,0xfe,0x14,0xfe,0x14,0xfe,0x14,0xfe,0x14,0xfe,
  0x14,0xfe,0x14,0xfe,0x14,0xfe,0x14,0xfe,0x14,0xfe,0x14,0xfe,0x14,0xfe,0xf4,0xfd,
  0x14,0xfe,0x14,0xfe,0xf4,0xf5,0xf4,0xf5,0x56,0xf6,0x44,0x39,0x00,0x00,0x00,0x00,
  0x20,0x00,0x00,0x00,0xed,0x5b,0x96,0x8e,0x54,0x7e,0x54,0x86,0x54,0x86,0x54,0x86,
  0x55,0x86,0x54,0x7e,0x54,0x86,0x54,0x86,0x96,0x96,0xac,0x53,0x00,0x00,0x20,0x00,
  0x00,0x00,0x20,0x00,0x00,0x00,0x86,0x31,0x0c,0x5b,0x62,0x08,0xe4,0x18,0xe4,0x18,
  0xe4,0x18,0xe4,0x18,0xe4,0x18,0xe4,0x18,0xe4,0x18,0xe4,0x18,0xe4,0x18,0xe4,0x18,
  0xe4,0x18,0xe4,0x18,0xe4,0x18,0xe4,0x18,0xe4,0x18,0xe4,0x18,0xe4,0x18,0xe4,0x18,
  0xe4,0x18,0xe4,0x18,0xe4,0x18,0xe4,0x18,0xa3,0x10,0x86,0x29,0x86,0x31,0x00,0x00,
  0x00,0x00,0x00,0x00,0x21,0x00,0x35,0x85,0x3f,0xb7,0xfd,0xae,0xfe,0xa6,0xfe,0xae,
  0xfe,0xae,0xfe,0xae,0xfe,0xae,0xfe,0xae,0xfe,0xae,0xfe,0xae,0xfe,0xae,0xfe,0xae,
  0xfe,0xae,0xfe,0xae,0xfe,0xae,0xfe,0xae,0xfe,0xae,0xfe,0xae,0xfe,0xae,0xfe,0xae,
  0xfe,0xae,0xfe,0xae,0xfe,0xae,0xfe,0xae,0xfe,0xae,0xfe,0xae,0xfe,0xae,0xfe,0xae,
  0xfe,0xae,0xfe,0xae,0xfe,0xae,0xfe,0xae,0xfe,0xae,0xfe,0xae,0xfe,0xae,0xfe,0xae,
  0xfe,0xae,0xfe,0xae,0xfe,0xae,0xfe,0xae,0xfe,0xae,0xfe,0xae,0xfe,0xae,0xfe,0xae,
  0xfe,0xae,0xfe,0xae,0xfe,0xae,0xfe,0xae,0xfe,0xae,0xfe,0xae,0xfe,0xae,0xfe,0xae,
  0xfe,0xae,0xfe,0xae,0xfe,0xae,0xfe,0xae,0xfe,0xae,0xfe,0xae,0xfd,0xae,0xfe,0xae,
  0xfe,0xae,0x1d,0xb7,0xc7,0x21,0x00,0x00,0x00,0x00,0x20,0x00,0x00,0x00,0x06,0x52,
  0x57,0xfe,0xf4,0xfd,0x14,0xfe,0x14,0xfe,0xf4,0xfd,0x14,0xfe,0x14,0xfe,0x14,0xfe,
  0x14,0xfe,0x14,0xfe,0xf4,0xfd,0xf4,0xfd,0x14,0xfe,0x14,0xfe,0x14,0xfe,0x14,0xfe,
  0x14,0xfe,0x14,0xfe,0x14,0xfe,0x14,0xfe,0x14,0xfe,0x14,0xfe,0x14,0xfe,0x14,0xfe,
  0x14,0xfe,0x14,0xfe,0x14,0xfe,0x14,0xfe,0x14,0xfe,0x14,0xfe,0x14,0xfe,0x14,0xfe,
  0x14,0xfe,0x14,0xfe,0x14,0xfe,0x14,0xfe,0x14,0xfe,0x14,0xfe,0x14,0xfe,0x14,0xfe,
  0x14,0xfe,0x14,0xfe,0x14,0xfe,0xf4,0xfd,0xf4,0xfd,0xf4,0xfd,0xf3,0xfd,0xf3,0xf5,
  0x14,0xfe,0x35,0xfe,0x56,0xfe,0xd8,0xfe,0x44,0x39,0x00,0x00,0x00,0x00,0x00,0x00,
  0x00,0x00,0xed,0x5b,0x96,0x8e,0x54,0x7e,0x54,0x86,0x54,0x86,0x54,0x86,0x54,0x86,
  0x54,0x86,0x54,0x7e,0x96,0x96,0x8f,0x6c,0x40,0x00,0x00,0x00,0x00,0x00,0x00,0x00,
  0x00,0x00,0x82,0x10,0x6a,0x4a,0xc4,0x10,0xe4,0x18,0xe4,0x18,0xe4,0x18,0xe4,0x18,
  0xe4,0x18,0xe4,0x18,0xe4,0x18,0xe4,0x18,0xe4,0x18,0xe4,0x18,0xe4,0x18,0xe4,0x18,
  0xe4,0x18,0xe4,0x18,0xe4,0x18,0xe4,0x18,0xe4,0x18,0xe4,0x18,0xe4,0x18,0xe4,0x18,
  0xe4,0x18,0xe4,0x18,0xe4,0x18,0x83,0x08,0x09,0x3a,0xcb,0x5a,0x00,0x00,0x20,0x00,
  0x00,0x00,0x00,0x00,0x11,0x64,0x7f,0xbf,0xfd,0xa6,0xfe,0xae,0xfe,0xae,0xfe,0xae,
  0xfe,0xae,0xfe,0xae,0xfe,0xae,0xfe,0xae,0xfe,0xae,0xfe,0xae,0xfe,0xae,0xfe,0xae,
  0xfe,0xae,0xfe,0xae,0xfe,0xae,0xfe,0xae,0xfe,0xae,0xfe,0xae,0xfe,0xae,0xfe,0xae,
  0xfe,0xae,0xfe,0xae,0xfe,0xae,0xfe,0xae,0xfe,0xae,0xfe,0xae,0xfe,0xae,0xfe,0xae,
  0xfe,0xae,0xfe,0xae,0xfe,0xae,0xfe,0xae,0xfe,0xae,0xfe,0xae,0xfe,0xae,0xfe,0xae,
  0xfe,0xae,0xfe,0xae,0xfe,0xae,0xfe,0xae,0xfe,0xae,0xfe,0xae,0xfe,0xae,0xfe,0xae,
  0xfe,0xae,0xfe,0xae,0xfe,0xae,0xfe,0xae,0xfe,0xae,0xfe,0xae,0xfe,0xae,0xfe,0xae,
  0xfe,0xae,0xfe,0xae,0xfe,0xae,0xfe,0xae,0xfe,0xae,0xfd,0xae,0xfe,0xae,0x1e,0xa7,
  0x1d,0xb7,0x86,0x19,0x00,0x00,0x00,0x00,0x00,0x00,0x00,0x00,0x47,0x62,0x56,0xfe,
  0xf3,0xfd,0x13,0xfe,0x14,0xfe,0xf4,0xfd,0xf4,0xfd,0xf4,0xfd,0xf4,0xfd,0x14,0xfe,
  0xf4,0xfd,0xf4,0xfd,0xf4,0xfd,0x14,0xfe,0x14,0xfe,0x14,0xfe,0x14,0xfe,0x14,0xfe,
  0x14,0xfe,0x14,0xfe,0x14,0xfe,0x14,0xfe,0x14,0xfe,0x14,0xfe,0x14,0xfe,0x14,0xfe,
  0x14,0xfe,0x14,0xfe,0x14,0xfe,0x14,0xfe,0x14,0xfe,0x14,0xfe,0x14,0xfe,0x14,0xfe,
  0x14,0xfe,0x14,0xfe,0x14,0xfe,0x14,0xfe,0xf4,0xfd,0xf4,0xfd,0xf3,0xfd,0xf3,0xf5,
  0xf4,0xfd,0x14,0xfe,0x34,0xfe,0x35,0xfe,0x55,0xfe,0x75,0xfe,0x76,0xfe,0xf4,0xf5,
  0x32,0xd5,0x8f,0xbc,0x0e,0xa4,0xa2,0x20,0x00,0x00,0x00,0x00,0x20,0x00,0x00,0x00,
  0xed,0x5b,0x96,0x8e,0x54,0x7e,0x54,0x86,0x54,0x86,0x54,0x86,0x54,0x86,0x54,0x7e,
  0x95,0x86,0x51,0x75,0xc2,0x08,0x00,0x00,0x20,0x00,0x00,0x00,0x00,0x00,0x00,0x00,
  0xaf,0x7b,0x29,0x42,0x82,0x08,0xe4,0x18,0xe4,0x18,0xe4,0x18,0xe4,0x18,0xe4,0x18,
  0xe4,0x18,0xe4,0x18,0xe4,0x18,0xe4,0x18,0xe4,0x18,0xe4,0x18,0xe4,0x18,0xe4,0x18,
  0xe4,0x18,0xe4,0x18,0xe4,0x18,0xe4,0x18,0xe4,0x18,0xe4,0x18,0xe4,0x18,0xe4,0x18,
  0xe4,0x18,0xe4,0x18,0xc3,0x10,0x46,0x21,0x45,0x29,0x00,0x00,0x00,0x00,0x00,0x08,
  0x00,0x00,0xed,0x4a,0x5f,0xbf,0xfd,0xae,0xfe,0xae,0xfe,0xae,0xfe,0xae,0xfe,0xae,
  0xfe,0xae,0xfe,0xae,0xfe,0xae,0xfe,0xae,0xfe,0xae,0xfe,0xae,0xfe,0xae,0xfe,0xae,
  0xfe,0xae,0xfe,0xae,0xfe,0xae,0xfe,0xae,0xfe,0xae,0xfe,0xae,0xfe,0xae,0xfe,0xae,
  0xfe,0xae,0xfe,0xae,0xfe,0xae,0xfe,0xae,0xfe,0xae,0xfe,0xae,0xfe,0xae,0xfe,0xae,
  0xfe,0xae,0xfe,0xae,0xfe,0xae,0xfe,0xae,0xfe,0xae,0xfe,0xae,0xfe,0xae,0xfe,0xae,
  0xfe,0xae,0xfe,0xae,0xfe,0xae,0xfe,0xae,0xfe,0xae,0xfe,0xae,0xfe,0xae,0xfe,0xae,
  0xfe,0xae,0xfe,0xae,0xfe,0xae,0xfe,0xae,0xfe,0xae,0xfe,0xae,0xfe,0xae,0xfe,0xae,
  0xfd,0xae,0xfe,0xae,0xfe,0xae,0x1e,0xaf,0x1d,0xaf,0xfd,0xae,0xfe,0xae,0x1d,0xb7,
  0xc7,0x21,0x00,0x00,0x00,0x00,0x20,0x00,0x00,0x00,0xe6,0x51,0x56,0xfe,0xd3,0xfd,
  0x13,0xfe,0xf4,0xfd,0x14,0xfe,0x13,0xfe,0x14,0xfe,0x14,0xfe,0x14,0xfe,0x14,0xfe,
  0xf4,0xfd,0x14,0xfe,0x14,0xfe,0x14,0xfe,0x14,0xfe,0x14,0xfe,0x14,0xfe,0x14,0xfe,
  0x14,0xfe,0xf4,0xfd,0x14,0xfe,0x14,0xfe,0xf4,0xfd,0xf4,0xfd,0xf4,0xfd,0xf4,0xfd,
  0x14,0xfe,0xf4,0xfd,0xf4,0xfd,0xf4,0xfd,0xf4,0xfd,0xf4,0xfd,0xf4,0xfd,0xf4,0xfd,
  0xf4,0xfd,0xf4,0xfd,0xf3,0xfd,0x14,0xfe,0x35,0xfe,0x55,0xfe,0x76,0xfe,0x55,0xfe,
  0xf4,0xf5,0xb4,0xe5,0x32,0xcd,0x0d,0xa4,0xea,0x7a,0xe6,0x51,0x44,0x39,0x81,0x20,
  0x00,0x08,0x00,0x00,0x00,0x00,0x00,0x00,0x00,0x00,0x00,0x00,0x00,0x00,0xed,0x5b,
  0x75,0x96,0x54,0x7e,0x74,0x7e,0x54,0x7e,0x54,0x86,0x34,0x86,0x75,0x8e,0xb3,0x85,
  0x43,0x11,0x00,0x00,0x20,0x00,0x00,0x00,0x00,0x00,0x00,0x00,0x28,0x4a,0x49,0x42,
  0x83,0x08,0xe4,0x18,0xe4,0x18,0xe4,0x18,0xe4,0x18,0xe4,0x18,0xe4,0x18,0xe4,0x18,
  0xe4,0x18,0xe4,0x18,0xe4,0x18,0xe4,0x18,0xe4,0x18,0xe4,0x18,0xe4,0x18,0xe4,0x18,
  0xe4,0x18,0xe4,0x18,0xe4,0x18,0xe4,0x18,0xe4,0x18,0xe4,0x18,0xe4,0x18,0xe4,0x18,
  0xe4,0x18,0xe4,0x18,0xa3,0x10,0x45,0x21,0x61,0x08,0x00,0x00,0x20,0x00,0x00,0x00,
  0x67,0x21,0x9c,0xae,0x1e,0xaf,0xfe,0xae,0xfe,0xae,0xfe,0xae,0xfe,0xae,0xfe,0xae,
  0xfe,0xae,0xfe,0xae,0xfe,0xae,0xfe,0xae,0xfe,0xae,0xfe,0xae,0xfe,0xae,0xfe,0xae,
  0xfe,0xae,0xfe,0xae,0xfe,0xae,0xfe,0xae,0xfe,0xae,0xfe,0xae,0xfe,0xae,0xfe,0xae,
  0xfe,0xae,0xfe,0xae,0xfe,0xae,0xfe,0xae,0xfe,0xae,0xfe,0xae,0xfe,0xae,0xfe,0xae,
  0xfe,0xae,0xfe,0xae,0xfe,0xae,0xfe,0xae,0xfe,0xae,0xfe,0xae,0xfe,0xae,0xfe,0xae,
  0xfe,0xae,0xfe,0xae,0xfe,0xae,0xfe,0xae,0xfe,0xae,0xfe,0xae,0xfe,0xae,0xfe,0xae,
  0xfe,0xae,0xfe,0xae,0xfe,0xae,0xfe,0xae,0xfe,0xae,0xfe,0xae,0xfd,0xae,0xfd,0xae,
  0xfe,0xae,0xfe,0xae,0x1e,0xa7,0x1d,0xa7,0xfd,0xae,0xfe,0xae,0x3e,0xb7,0xab,0x3a,
  0x00,0x00,0x00,0x00,0x00,0x00,0x00,0x00,0x03,0x31,0x15,0xee,0x14,0xfe,0xf3,0xfd,
  0x14,0xfe,0xf4,0xfd,0x14,0xfe,0xf4,0xfd,0xf4,0xfd,0xf4,0xfd,0xf4,0xfd,0x14,0xfe,
  0x14,0xfe,0x14,0xfe,0x14,0xfe,0x14,0xfe,0x14,0xfe,0x14,0xfe,0xf4,0xfd,0x14,0xfe,
  0x14,0xfe,0x14,0xfe,0x14,0xfe,0xf4,0xfd,0x14,0xfe,0x14,0xfe,0x14,0xfe,0x14,0xfe,
  0xf3,0xf5,0xf3,0xfd,0xd3,0xf5,0xf4,0xfd,0x14,0xfe,0x35,0xfe,0x55,0xfe,0x55,0xfe,
  0x75,0xfe,0x76,0xfe,0xf4,0xed,0x11,0xcd,0x4e,0xac,0x6b,0x8b,0x68,0x6a,0x84,0x41,
  0x61,0x18,0x00,0x08,0x00,0x00,0x00,0x00,0x00,0x00,0x00,0x00,0x00,0x00,0x00,0x00,
  0x20,0x00,0x00,0x00,0x00,0x00,0x00,0x00,0x20,0x00,0x00,0x00,0xed,0x5b,0x76,0x96,
  0x54,0x7e,0x54,0x7e,0x74,0x7e,0x54,0x7e,0x55,0x86,0xf4,0x8d,0xc5,0x21,0x00,0x00,
  0x00,0x00,0x00,0x00,0x20,0x00,0x00,0x00,0x04,0x21,0xa7,0x31,0x83,0x08,0xe4,0x18,
  0xe4,0x18,0xe4,0x18,0xe4,0x18,0xe4,0x18,0xe4,0x18,0xe4,0x18,0xe4,0x18,0xe4,0x18,
  0xe4,0x18,0xe4,0x18,0xe4,0x18,0xe4,0x18,0xe4,0x18,0xe4,0x18,0xe4,0x18,0xe4,0x18,
  0xe4,0x18,0xe4,0x18,0xe4,0x18,0xe4,0x18,0xe4,0x18,0xe4,0x18,0xe4,0x18,0xe4,0x18,
  0xe4,0x18,0x62,0x08,0xae,0x73,0x24,0x21,0x00,0x00,0x00,0x00,0x00,0x00,0x01,0x00,
  0x97,0x95,0x3f,0xb7,0xfe,0xae,0xfe,0xae,0xfe,0xae,0xfe,0xae,0xfe,0xae,0xfe,0xae,
  0xfe,0xae,0xfe,0xae,0xfe,0xae,0xfe,0xae,0xfe,0xae,0xfe,0xae,0xfe,0xae,0xfe,0xae,
  0xfe,0xae,0xfe,0xae,0xfe,0xae,0xfe,0xae,0xfe,0xae,0xfe,0xae,0xfe,0xae,0xfe,0xae,
  0xfe,0xae,0xfe,0xae,0xfe,0xae,0xfe,0xae,0xfe,0xae,0xfe,0xae,0xfe,0xae,0xfe,0xae,
  0xfe,0xae,0xfe,0xae,0xfe,0xae,0xfe,0xae,0xfe,0xae,0xfe,0xae,0xfe,0xae,0xfe,0xae,
  0xfe,0xae,0xfe,0xae,0xfe,0xae,0xfe,0xae,0xfe,0xae,0xfe,0xae,0xfe,0xae,0xfe,0xae,
  0xfe,0xae,0xfe,0xae,0xfe,0xae,0xfe,0xae,0xfe,0xae,0xfd,0xae,0xfd,0xae,0xfe,0xae,
  0xfe,0xae,0x1e,0xa7,0x1d,0xaf,0xfd,0xae,0xfe,0xa6,0x5f,0xb7,0xf1,0x63,0x00,0x00,
  0x00,0x00,0x00,0x00,0x00,0x00,0x20,0x08,0x8f,0xb4,0x55,0xfe,0xf3,0xfd,0x14,0xfe,
  0xf4,0xf5,0xf4,0xfd,0xf4,0xfd,0xf4,0xfd,0xf4,0xfd,0xf4,0xfd,0xf4,0xfd,0xf4,0xfd,
  0x14,0xfe,0x14,0xfe,0xf4,0xfd,0xf4,0xfd,0x14,0xfe,0x14,0xfe,0xf4,0xfd,0xf4,0xfd,
  0xf4,0xfd,0xf3,0xfd,0xf3,0xfd,0xf3,0xfd,0xf3,0xfd,0x14,0xfe,0x14,0xfe,0x55,0xfe,
  0x76,0xfe,0xb6,0xfe,0x56,0xfe,0xd4,0xed,0x52,0xdd,0xd1,0xc4,0xcd,0x9b,0xa8,0x72,
  0x85,0x49,0xe3,0x28,0x61,0x18,0x00,0x00,0x00,0x00,0x00,0x00,0x00,0x00,0x00,0x00,
  0x00,0x00,0x00,0x00,0x00,0x00,0x00,0x00,0x00,0x00,0x00,0x00,0x00,0x00,0x00,0x00,
  0x00,0x00,0x20,0x00,0x00,0x00,0x20,0x00,0x00,0x00,0xaf,0x64,0x96,0x8e,0x54,0x86,
  0x54,0x86,0x54,0x7e,0x75,0x86,0x34,0x8e,0x06,0x2a,0x00,0x00,0x20,0x00,0x00,0x00,
  0x20,0x00,0x00,0x00,0x04,0x21,0x10,0x84,0x83,0x08,0xe4,0x18,0xe4,0x18,0xe4,0x18,
  0xe4,0x18,0xe4,0x18,0xe4,0x18,0xe4,0x18,0xe4,0x18,0xe4,0x18,0xe4,0x18,0xe4,0x18,
  0xe4,0x18,0xe4,0x18,0xe4,0x18,0xe4,0x18,0xe4,0x18,0xe4,0x18,0xe4,0x18,0xe4,0x18,
  0xe4,0x18,0xe4,0x18,0xe4,0x18,0xe4,0x18,0xe4,0x18,0xe4,0x18,0xe4,0x18,0xe4,0x18,
  0x83,0x08,0x8a,0x4a,0x45,0x29,0x00,0x00,0x20,0x00,0x20,0x00,0x00,0x00,0x6e,0x53,
  0x5f,0xb7,0xfe,0xae,0xfe,0xae,0xfe,0xae,0xfe,0xae,0xfe,0xae,0xfe,0xae,0xfe,0xae,
  0xfe,0xae,0xfe,0xae,0xfe,0xae,0xfe,0xae,0xfe,0xae,0xfe,0xae,0xfe,0xae,0xfe,0xae,
  0xfe,0xae,0xfe,0xae,0xfe,0xae,0xfe,0xae,0xfe,0xae,0xfe,0xae,0xfe,0xae,0xfe,0xae,
  0xfe,0xae,0xfe,0xae,0xfe,0xae,0xfe,0xae,0xfe,0xae,0xfe,0xae,0xfe,0xae,0xfe,0xae,
  0xfe,0xae,0xfe,0xae,0xfe,0xae,0xfe,0xae,0xfe,0xae,0xfe,0xae,0xfe,0xae,0xfe,0xae,
  0xfe,0xae,0xfe,0xae,0xfe,0xae,0xfe,0xae,0xfe,0xae,0xfe,0xae,0xfe,0xae,0xfe,0xae,
  0xfe,0xae,0xfe,0xae,0xfe,0xae,0xfe,0xae,0xfd,0xae,0x1d,0xaf,0xfe,0xae,0xfe,0xae,
  0xfe,0xae,0xfe,0xae,0xfe,0xae,0xfe,0xae,0x5f,0xb7,0x97,0x8d,0x41,0x00,0x00,0x00,
  0x00,0x00,0x20,0x00,0x00,0x00,0xc6,0x51,0x36,0xf6,0xf4,0xfd,0xf3,0xfd,0xf4,0xfd,
  0xf4,0xfd,0x14,0xf6,0x14,0xf6,0x14,0xfe,0x14,0xfe,0x14,0xfe,0xf4,0xfd,0xf4,0xfd,
  0xf3,0xfd,0xf3,0xfd,0xf3,0xfd,0xf3,0xfd,0xf3,0xfd,0xf3,0xf5,0xf3,0xfd,0x34,0xfe,
  0x55,0xfe,0x75,0xfe,0x56,0xfe,0x35,0xfe,0x35,0xfe,0xd4,0xe5,0xf1,0xc4,0xed,0xa3,
  0x0a,0x7b,0x27,0x5a,0x44,0x39,0x61,0x10,0x00,0x00,0x00,0x00,0x00,0x00,0x00,0x00,
  0x00,0x00,0x00,0x00,0x00,0x00,0x20,0x00,0x20,0x00,0x00,0x00,0x00,0x00,0x00,0x00,
  0x00,0x00,0x00,0x00,0x00,0x00,0x00,0x00,0x00,0x00,0x00,0x00,0x00,0x00,0x00,0x00,
  0x00,0x00,0x00,0x00,0x00,0x00,0xa8,0x3a,0x54,0x86,0x54,0x86,0x54,0x86,0x54,0x7e,
  0x75,0x86,0x35,0x8e,0x47,0x2a,0x00,0x00,0x00,0x00,0x00,0x00,0x00,0x00,0x00,0x00,
  0xc2,0x18,0xcf,0x7b,0x46,0x21,0xc3,0x10,0xe4,0x18,0xe4,0x18,0xe4,0x18,0xe4,0x18,
  0xe4,0x18,0xe4,0x18,0xe4,0x18,0xe4,0x18,0xe4,0x18,0xe4,0x18,0xe4,0x18,0xe4,0x18,
  0xe4,0x18,0xe4,0x18,0xe4,0x18,0xe4,0x18,0xe4,0x18,0xe4,0x18,0xe4,0x18,0xe4,0x18,
  0xe4,0x18,0xe4,0x18,0xe4,0x18,0xe4,0x18,0xe4,0x18,0xe4,0x18,0xe4,0x18,0xc4,0x10,
  0xc4,0x10,0x6e,0x6b,0x00,0x00,0x20,0x00,0x20,0x00,0x00,0x00,0x25,0x19,0xbc,0xae,
  0x1e,0xaf,0xfe,0xae,0xfe,0xae,0x1e,0xaf,0x1e,0xaf,0x1e,0xaf,0x1e,0xaf,0x1e,0xaf,
  0xfe,0xae,0xfe,0xae,0xfe,0xae,0xfe,0xae,0xfe,0xae,0xfe,0xae,0xfe,0xae,0xfe,0xae,
  0xfe,0xae,0xfe,0xae,0xfe,0xae,0xfe,0xae,0xfe,0xae,0xfe,0xae,0xfe,0xae,0xfe,0xae,
  0xfe,0xae,0xfe,0xae,0xfe,0xae,0xfe,0xae,0xfe,0xae,0xfe,0xae,0xfe,0xae,0xfe,0xae,
  0xfe,0xae,0xfe,0xae,0xfe,0xae,0xfe,0xae,0xfe,0xae,0xfe,0xae,0xfe,0xae,0xfe,0xae,
  0xfe,0xae,0xfe,0xae,0xfe,0xae,0xfe,0xae,0xfe,0xae,0xfe,0xae,0xfe,0xae,0xfe,0xae,
  0xfe,0xae,0xfe,0xae,0xfe,0xae,0xfe,0xae,0x1d,0xaf,0xfe,0xae,0xfe,0xae,0xfe,0xae,
  0xfd,0xae,0xfe,0xae,0xfe,0xae,0x1e,0xaf,0xfd,0xae,0xe8,0x29,0x00,0x00,0x20,0x00,
  0x00,0x00,0x00,0x00,0x00,0x00,0x4b,0x83,0x76,0xfe,0xf4,0xfd,0xf3,0xfd,0xf3,0xfd,
  0x14,0xfe,0x14,0xfe,0x14,0xfe,0x14,0xf6,0x14,0xf6,0xf4,0xf5,0xf4,0xf5,0xf4,0xfd,
  0x14,0xfe,0x15,0xfe,0x34,0xfe,0x55,0xfe,0x96,0xfe,0x55,0xfe,0xb3,0xe5,0x11,0xcd,
  0x70,0xb4,0x8c,0x8b,0x68,0x62,0x44,0x39,0x82,0x20,0x20,0x10,0x00,0x08,0x00,0x00,
  0x00,0x00,0x00,0x00,0x00,0x00,0x00,0x00,0x00,0x00,0x00,0x00,0x00,0x00,0x00,0x00,
  0x00,0x00,0x00,0x00,0x00,0x00,0x00,0x00,0x00,0x00,0x00,0x00,0x00,0x00,0x00,0x00,
  0x00,0x00,0x00,0x00,0x00,0x00,0x00,0x00,0x81,0x00,0x23,0x19,0xc5,0x21,0xc8,0x32,
  0xcc,0x4b,0x11,0x6d,0x55,0x86,0x54,0x86,0x54,0x86,0x54,0x86,0x54,0x86,0x55,0x8e,
  0x47,0x32,0x00,0x00,0x20,0x00,0x00,0x00,0x00,0x00,0x00,0x00,0x61,0x08,0x2c,0x63,
  0x25,0x21,0xa3,0x10,0xe4,0x18,0xe4,0x18,0xe4,0x18,0xe4,0x18,0xe4,0x18,0xe4,0x18,
  0xe4,0x18,0xe4,0x18,0xe4,0x18,0xe4,0x18,0xe4,0x18,0xe4,0x18,0xe4,0x18,0xe4,0x18,
  0xe4,0x18,0xe4,0x18,0xe4,0x18,0xe4,0x18,0xe4,0x18,0xe4,0x18,0xe4,0x18,0xe4,0x18,
  0xe4,0x18,0xe4,0x18,0xe4,0x18,0xe4,0x18,0xe4,0x18,0xe4,0x18,0xe4,0x18,0xe4,0x18,
  0xec,0x5a,0xc3,0x18,0x00,0x00,0x00,0x00,0x00,0x00,0x00,0x00,0x73,0x74,0x5f,0xbf,
  0xfd,0xa6,0xfe,0xae,0x1e,0xaf,0x1e,0xaf,0x1e,0xa7,0x1e,0xaf,0x1e,0xaf,0xfe,0xae,
  0xfe,0xae,0xfe,0xae,0xfe,0xae,0xfe,0xae,0xfe,0xae,0xfe,0xae,0xfe,0xae,0xfe,0xae,
  0xfe,0xae,0xfe,0xae,0xfe,0xae,0xfe,0xae,0xfe,0xae,0xfe,0xae,0xfe,0xae,0xfe,0xae,
  0xfe,0xae,0xfe,0xae,0xfe,0xae,0xfe,0xae,0xfe,0xae,0xfe,0xae,0xfe,0xae,0xfe,0xae,
  0xfe,0xae,0xfe,0xae,0xfe,0xae,0xfe,0xae,0xfe,0xae,0xfe,0xae,0xfe,0xae,0xfe,0xae,
  0xfe,0xae,0xfe,0xae,0xfe,0xae,0xfe,0xae,0xfe,0xae,0xfe,0xae,0xfe,0xae,0xfe,0xae,
  0xfe,0xae,0xfe,0xae,0xfe,0xae,0xfd,0xae,0xfe,0xae,0xfe,0xae,0xfe,0xae,0xfe,0xae,
  0xfe,0xae,0xfe,0xae,0xfe,0xa6,0x5f,0xbf,0x93,0x74,0x00,0x00,0x00,0x00,0x00,0x00,
  0x00,0x00,0x00,0x00,0x00,0x00,0x4b,0x83,0x35,0xf6,0x55,0xfe,0x34,0xfe,0xf3,0xfd,
  0xd3,0xfd,0xf4,0xfd,0x14,0xfe,0x55,0xfe,0x76,0xfe,0x76,0xfe,0x35,0xf6,0xf5,0xf5,
  0x94,0xe5,0xb1,0xbc,0xad,0x93,0x89,0x6a,0xc6,0x51,0x03,0x31,0x40,0x10,0x00,0x00,
  0x00,0x00,0x00,0x00,0x00,0x00,0x00,0x00,0x00,0x00,0x00,0x00,0x20,0x00,0x00,0x00,
  0x00,0x00,0x00,0x00,0x00,0x00,0x00,0x00,0x00,0x00,0x00,0x00,0x00,0x00,0x00,0x00,
  0x00,0x00,0x00,0x00,0x00,0x00,0x00,0x00,0x20,0x00,0x40,0x00,0xc2,0x08,0xc5,0x19,
  0xc8,0x32,0xac,0x53,0x6f,0x64,0x11,0x75,0xd4,0x85,0x96,0x96,0x96,0x8e,0x95,0x8e,
  0x95,0x86,0x54,0x7e,0x74,0x86,0x54,0x7e,0x75,0x86,0x35,0x8e,0x67,0x32,0x00,0x00,
  0x00,0x00,0x00,0x00,0x00,0x00,0x00,0x00,0x61,0x08,0x8a,0x52,0x25,0x21,0xa3,0x10,
  0xe4,0x18,0xe4,0x18,0xe4,0x18,0xe4,0x18,0xe4,0x18,0xe4,0x18,0xe4,0x18,0xe4,0x18,
  0xe4,0x18,0xe4,0x18,0xe4,0x18,0xe4,0x18,0xe4,0x18,0xe4,0x18,0xe4,0x18,0xe4,0x18,
  0xe4,0x18,0xe4,0x18,0xe4,0x18,0xe4,0x18,0xe4,0x18,0xe4,0x18,0xe4,0x18,0xe4,0x18,
  0xe4,0x18,0xe4,0x18,0xe4,0x18,0xe4,0x18,0xe4,0x18,0xe4,0x18,0xa3,0x10,0x87,0x29,
  0xc7,0x39,0x00,0x00,0x00,0x00,0x20,0x00,0x00,0x00,0x87,0x21,0xdc,0xb6,0xfd,0xae,
  0xfe,0xae,0xfe,0xae,0xfe,0xae,0x1e,0xaf,0x1e,0xaf,0xfe,0xae,0xfe,0xae,0xfe,0xae,
  0xfe,0xae,0xfe,0xae,0xfe,0xae,0xfe,0xae,0xfe,0xae,0xfe,0xae,0xfe,0xae,0xfe,0xae,
  0xfe,0xae,0xfe,0xae,0xfe,0xae,0xfe,0xae,0xfe,0xae,0xfe,0xae,0xfe,0xae,0xfe,0xae,
  0xfe,0xae,0xfe,0xae,0xfe,0xae,0xfe,0xae,0xfe,0xae,0xfe,0xae,0xfe,0xae,0xfe,0xae,
  0xfe,0xae,0xfe,0xae,0xfe,0xae,0xfe,0xae,0xfe,0xae,0xfe,0xae,0xfe,0xae,0xfe,0xae,
  0xfe,0xae,0xfe,0xae,0xfe,0xae,0xfe,0xae,0xfe,0xae,0xfe,0xae,0xfe,0xae,0xfe,0xae,
  0xfe,0xae,0xfe,0xae,0xfe,0xae,0xfe,0xae,0xfe,0xae,0xfe,0xae,0xfe,0xae,0xfe,0xae,
  0xfe,0xae,0xfe,0xae,0xfd,0xae,0x1e,0xbf,0x2a,0x32,0x00,0x00,0x20,0x00,0x00,0x00,
  0x00,0x00,0x00,0x00,0x00,0x00,0xa5,0x49,0x4e,0xac,0xb4,0xdd,0x56,0xfe,0x97,0xfe,
  0x56,0xfe,0x93,0xdd,0xd0,0xc4,0x0e,0xa4,0x2b,0x83,0x27,0x5a,0x03,0x31,0x40,0x18,
  0x00,0x00,0x00,0x00,0x00,0x00,0x00,0x00,0x00,0x00,0x00,0x00,0x00,0x00,0x00,0x00,
  0x00,0x00,0x00,0x00,0x00,0x00,0x00,0x00,0x00,0x00,0x00,0x00,0x20,0x00,0x00,0x00,
  0x00,0x00,0x00,0x00,0x00,0x00,0x00,0x00,0x00,0x00,0x00,0x00,0x20,0x00,0xe2,0x08,
  0xa4,0x19,0x47,0x32,0x4a,0x43,0x4e,0x5c,0x31,0x75,0xf4,0x85,0x34,0x86,0x75,0x86,
  0xb6,0x8e,0xb6,0x8e,0x95,0x8e,0x55,0x86,0x54,0x7e,0x54,0x7e,0x54,0x7e,0x54,0x86,
  0x54,0x86,0x54,0x7e,0x75,0x86,0x35,0x8e,0x47,0x2a,0x00,0x00,0x20,0x00,0x00,0x00,
  0x00,0x00,0x00,0x00,0x41,0x08,0x08,0x42,0x05,0x19,0xa3,0x10,0xe4,0x18,0xe4,0x18,
  0xe4,0x18,0xe4,0x18,0xe4,0x18,0xe4,0x18,0xe4,0x18,0xe4,0x18,0xe4,0x18,0xe4,0x18,
  0xe4,0x18,0xe4,0x18,0xe4,0x18,0xe4,0x18,0xe4,0x18,0xe4,0x18,0xe4,0x18,0xe4,0x18,
  0xe4,0x18,0xe4,0x18,0xe4,0x18,0xe4,0x18,0xe4,0x18,0xe4,0x18,0xe4,0x18,0xe4,0x18,
  0xe4,0x18,0xe4,0x18,0xe4,0x18,0xe4,0x18,0xe4,0x18,0xe4,0x18,0xa3,0x10,0x08,0x42,
  0x21,0x08,0x00,0x00,0x00,0x00,0x00,0x00,0x00,0x00,0x72,0x74,0x5e,0xbf,0xdd,0xae,
  0xfe,0xae,0x1e,0xaf,0xfd,0xa6,0x1e,0xaf,0x1e,0xaf,0xfe,0xae,0xfe,0xae,0xfe,0xae,
  0xfe,0xae,0xfe,0xae,0xfe,0xae,0xfe,0xae,0xfe,0xae,0xfe,0xae,0xfe,0xae,0xfe,0xae,
  0xfe,0xae,0xfe,0xae,0xfe,0xae,0xfe,0xae,0xfe,0xae,0xfe,0xae,0xfe,0xae,0xfe,0xae,
  0xfe,0xae,0xfe,0xae,0xfe,0xae,0xfe,0xae,0xfe,0xae,0xfe,0xae,0xfe,0xae,0xfe,0xae,
  0xfe,0xae,0xfe,0xae,0xfe,0xae,0xfe,0xae,0xfe,0xae,0xfe,0xae,0xfe,0xae,0xfe,0xae,
  0xfe,0xae,0xfe,0xae,0xfe,0xae,0xfe,0xae,0xfe,0xae,0xfe,0xae,0xfe,0xae,0xfe,0xae,
  0xfe,0xae,0xfe,0xae,0xfe,0xae,0xfe,0xae,0xfe,0xae,0xfe,0xae,0xfe,0xae,0xfe,0xae,
  0xfe,0xae,0xfd,0xae,0x1e,0xb7,0x3a,0xa6,0x05,0x19,0x00,0x00,0x20,0x00,0x00,0x00,
  0x00,0x00,0x00,0x00,0x00,0x00,0x00,0x00,0xe3,0x20,0x85,0x41,0xa5,0x49,0x65,0x39,
  0xc3,0x20,0x40,0x08,0x00,0x00,0x00,0x00,0x00,0x00,0x00,0x00,0x00,0x00,0x00,0x00,
  0x00,0x00,0x20,0x00,0x00,0x00,0x00,0x00,0x00,0x00,0x00,0x00,0x00,0x00,0x00,0x00,
  0x00,0x00,0x00,0x00,0x00,0x00,0x00,0x00,0x00,0x00,0x00,0x00,0x00,0x00,0x40,0x00,
  0x81,0x08,0x23,0x11,0x07,0x2a,0x0a,0x43,0x2e,0x64,0x10,0x6d,0x92,0x75,0x34,0x86,
  0xb5,0x8e,0xb6,0x8e,0x95,0x86,0x94,0x86,0x74,0x86,0x54,0x86,0x54,0x7e,0x54,0x7e,
  0x54,0x7e,0x54,0x7e,0x54,0x7e,0x54,0x7e,0x54,0x86,0x54,0x86,0x54,0x86,0x54,0x86,
  0x55,0x86,0xf4,0x8d,0x06,0x2a,0x00,0x00,0x20,0x00,0x00,0x00,0x00,0x00,0x00,0x00,
  0x40,0x00,0xe7,0x39,0x05,0x19,0xc3,0x10,0xe4,0x18,0xe4,0x18,0xe4,0x18,0xe4,0x18,
  0xe4,0x18,0xe4,0x18,0xe4,0x18,0xe4,0x18,0xe4,0x18,0xe4,0x18,0xe4,0x18,0xe4,0x18,
  0xe4,0x18,0xe4,0x18,0xe4,0x18,0xe4,0x18,0xe4,0x18,0xe4,0x18,0xe4,0x18,0xe4,0x18,
  0xe4,0x18,0xe4,0x18,0xe4,0x18,0xe4,0x18,0xe4,0x18,0xe4,0x18,0xe4,0x18,0xe4,0x18,
  0xe4,0x18,0xe4,0x18,0xe4,0x18,0xe4,0x18,0xe4,0x18,0xc4,0x10,0x45,0x21,0x86,0x31,
  0x00,0x00,0x00,0x00,0x00,0x00,0x00,0x00,0x04,0x11,0x7b,0xae,0x1e,0xb7,0xfd,0xae,
  0xfe,0xae,0xfe,0xae,0x1e,0xaf,0xfe,0xae,0xfe,0xae,0xfe,0xae,0xfe,0xae,0xfe,0xae,
  0xfe,0xae,0xfe,0xae,0xfe,0xae,0xfe,0xae,0xfe,0xae,0xfe,0xae,0xfe,0xae,0xfe,0xae,
  0xfe,0xae,0xfe,0xae,0xfe,0xae,0xfe,0xae,0xfe,0xae,0xfe,0xae,0xfe,0xae,0xfe,0xae,
  0xfe,0xae,0xfe,0xae,0xfe,0xae,0xfe,0xae,0xfe,0xae,0xfe,0xae,0xfe,0xae,0xfe,0xae,
  0xfe,0xae,0xfe,0xae,0xfe,0xae,0xfe,0xae,0xfe,0xae,0xfe,0xae,0xfe,0xae,0xfe,0xae,
  0xfe,0xae,0xfe,0xae,0xfe,0xae,0xfe,0xae,0xfe,0xae,0xfe,0xae,0xfe,0xae,0xfe,0xae,
  0xfe,0xae,0xfe,0xae,0x1e,0xaf,0x1e,0xaf,0xfe,0xae,0xfe,0xae,0xfe,0xae,0xfe,0xae,
  0xfe,0xae,0xfd,0xa6,0x3f,0xb7,0xb8,0x95,0xe3,0x10,0x00,0x00,0x20,0x00,0x00,0x00,
  0x00,0x00,0x00,0x00,0x00,0x00,0x00,0x00,0x00,0x00,0x00,0x00,0x00,0x00,0x00,0x00,
  0x00,0x00,0x00,0x00,0x20,0x00,0x00,0x00,0x20,0x00,0x00,0x00,0x00,0x00,0x00,0x00,
  0x00,0x00,0x00,0x00,0x00,0x00,0x00,0x00,0x00,0x00,0x00,0x00,0x00,0x00,0x00,0x00,
  0x00,0x00,0x20,0x00,0x00,0x00,0x00,0x00,0xa1,0x08,0x4b,0x4b,0xaf,0x64,0x92,0x7d,
  0x55,0x86,0x75,0x8e,0x76,0x8e,0x95,0x8e,0x95,0x8e,0x75,0x86,0x54,0x86,0x54,0x7e,
  0x54,0x7e,0x54,0x7e,0x54,0x7e,0x54,0x7e,0x54,0x86,0x54,0x86,0x54,0x86,0x54,0x86,
  0x54,0x86,0x54,0x86,0x74,0x86,0x54,0x7e,0x54,0x86,0x54,0x7e,0x75,0x8e,0xd4,0x85,
  0xc5,0x21,0x00,0x00,0x20,0x00,0x20,0x00,0x00,0x00,0x00,0x00,0x41,0x08,0xc7,0x39,
  0x04,0x19,0xc3,0x10,0xe4,0x18,0xe4,0x18,0xe4,0x18,0xe4,0x18,0xe4,0x18,0xe4,0x18,
  0xe4,0x18,0xe4,0x18,0xe4,0x18,0xe4,0x18,0xe4,0x18,0xe4,0x18,0xe4,0x18,0xe4,0x18,
  0xe4,0x18,0xe4,0x18,0xe4,0x18,0xe4,0x18,0xe4,0x18,0xe4,0x18,0xe4,0x18,0xe4,0x18,
  0xe4,0x18,0xe4,0x18,0xe4,0x18,0xe4,0x18,0xe4,0x18,0xe4,0x18,0xe4,0x18,0xe4,0x18,
  0xe4,0x18,0xe4,0x18,0xe4,0x18,0xe4,0x18,0xe4,0x18,0xc4,0x10,0xe8,0x39,0x82,0x10,
  0x00,0x00,0x00,0x00,0x20,0x00,0x00,0x00,0x0d,0x43,0x3f,0xbf,0xdd,0xae,0xfd,0xae,
  0xfe,0xae,0xfe,0xae,0xfe,0xae,0xfe,0xae,0xfe,0xae,0xfe,0xae,0xfe,0xae,0xfe,0xae,
  0xfe,0xae,0xfe,0xae,0xfe,0xae,0xfe,0xae,0xfe,0xae,0xfe,0xae,0xfe,0xae,0xfe,0xae,
  0xfe,0xae,0xfe,0xae,0xfe,0xae,0xfe,0xae,0xfe,0xae,0xfe,0xae,0xfe,0xae,0xfe,0xae,
  0xfe,0xae,0xfe,0xae,0xfe,0xae,0xfe,0xae,0xfe,0xae,0xfe,0xae,0xfe,0xae,0xfe,0xae,
  0xfe,0xae,0xfe,0xae,0xfe,0xae,0xfe,0xae,0xfe,0xae,0xfe,0xae,0xfe,0xae,0xfe,0xae,
  0xfe,0xae,0xfe,0xae,0xfe,0xae,0xfe,0xae,0xfe,0xae,0xfe,0xae,0xfe,0xae,0xfe,0xae,
  0xfe,0xae,0x1e,0xaf,0x1e,0xaf,0xfe,0xae,0x1e,0xaf,0xfd,0xae,0xfd,0xae,0xfe,0xae,
  0x1e,0xa7,0xfe,0xa6,0x3e,0xb7,0xf8,0x95,0x86,0x21,0x00,0x00,0x00,0x00,0x20,0x00,
  0x00,0x00,0x00,0x00,0x20,0x00,0x00,0x00,0x00,0x00,0x00,0x00,0x00,0x00,0x20,0x00,
  0x20,0x00,0x00,0x00,0x00,0x00,0x00,0x00,0x00,0x00,0x00,0x00,0x00,0x00,0x00,0x00,
  0x00,0x00,0x00,0x00,0x00,0x00,0x00,0x00,0x00,0x00,0x00,0x00,0x00,0x00,0x20,0x00,
  0x00,0x00,0x00,0x00,0x47,0x2a,0x72,0x7d,0x96,0x96,0x95,0x8e,0x74,0x86,0x74,0x86,
  0x54,0x7e,0x54,0x7e,0x54,0x7e,0x54,0x7e,0x54,0x7e,0x54,0x86,0x54,0x86,0x54,0x86,
  0x54,0x86,0x54,0x86,0x54,0x86,0x54,0x86,0x54,0x86,0x54,0x7e,0x54,0x7e,0x54,0x7e,
  0x54,0x86,0x54,0x86,0x54,0x86,0x34,0x86,0x95,0x8e,0x92,0x7d,0x84,0x19,0x00,0x00,
  0x00,0x00,0x00,0x00,0x00,0x00,0x00,0x00,0x41,0x08,0xc7,0x39,0x04,0x19,0xc3,0x10,
  0xe4,0x18,0xe4,0x18,0xe4,0x18,0xe4,0x18,0xe4,0x18,0xe4,0x18,0xe4,0x18,0xe4,0x18,
  0xe4,0x18,0xe4,0x18,0xe4,0x18,0xe4,0x18,0xe4,0x18,0xe4,0x18,0xe4,0x18,0xe4,0x18,
  0xe4,0x18,0xe4,0x18,0xe4,0x18,0xe4,0x18,0xe4,0x18,0xe4,0x18,0xe4,0x18,0xe4,0x18,
  0xe4,0x18,0xe4,0x18,0xe4,0x18,0xe4,0x18,0xe4,0x18,0xe4,0x18,0xe4,0x18,0xe4,0x18,
  0xe4,0x18,0xe4,0x18,0xe4,0x18,0xe4,0x18,0xa3,0x10,0x87,0x29,0xc7,0x39,0x00,0x00,
  0x00,0x00,0x00,0x00,0x00,0x00,0x21,0x00,0xd4,0x7c,0x5e,0xbf,0xdd,0xae,0xfe,0xae,
  0xfe,0xae,0x1e,0xaf,0x1e,0xaf,0xfe,0xae,0xfe,0xae,0xfe,0xae,0x1e,0xaf,0x1e,0xaf,
  0x1e,0xaf,0x1e,0xaf,0x1e,0xaf,0x1e,0xaf,0x1e,0xaf,0xfe,0xae,0xfe,0xae,0xfe,0xae,
  0xfe,0xae,0xfe,0xae,0xfe,0xae,0xfe,0xae,0xfe,0xae,0xfe,0xae,0xfe,0xae,0xfe,0xae,
  0xfe,0xae,0xfe,0xae,0xfe,0xae,0xfe,0xae,0xfe,0xae,0xfe,0xae,0xfe,0xae,0xfe,0xae,
  0xfe,0xae,0xfe,0xae,0xfe,0xae,0xfe,0xae,0xfe,0xae,0xfe,0xae,0xfe,0xae,0xfe,0xae,
  0xfe,0xae,0xfe,0xae,0xfe,0xae,0xfe,0xae,0xfe,0xae,0xfe,0xae,0xfe,0xae,0xfe,0xae,
  0xfe,0xae,0xfe,0xae,0xfe,0xae,0xfe,0xae,0xfe,0xae,0xfe,0xae,0xfe,0xae,0xfe,0xae,
  0xfe,0xae,0xfe,0xa6,0x5e,0xb7,0xbc,0xa6,0x6e,0x53,0x82,0x00,0x00,0x00,0x00,0x00,
  0x00,0x00,0x00,0x00,0x00,0x00,0x00,0x00,0x00,0x00,0x00,0x00,0x00,0x00,0x00,0x00,
  0x00,0x00,0x00,0x00,0x00,0x00,0xa3,0x08,0xa6,0x29,0xc3,0x10,0x00,0x00,0x00,0x00,
  0x00,0x00,0x00,0x00,0x00,0x00,0x00,0x00,0x00,0x00,0x00,0x00,0x00,0x00,0x23,0x11,
  0x2d,0x5c,0x55,0x8e,0x75,0x86,0x54,0x7e,0x54,0x7e,0x54,0x7e,0x54,0x86,0x54,0x7e,
  0x74,0x7e,0x74,0x7e,0x54,0x7e,0x54,0x86,0x54,0x86,0x54,0x86,0x54,0x86,0x54,0x86,
  0x54,0x86,0x54,0x86,0x54,0x7e,0x74,0x7e,0x54,0x86,0x54,0x86,0x54,0x86,0x54,0x86,
  0x54,0x86,0x34,0x86,0x76,0x96,0x11,0x75,0x23,0x11,0x00,0x00,0x20,0x00,0x00,0x00,
  0x00,0x00,0x00,0x00,0x41,0x08,0x28,0x42,0x05,0x19,0xc3,0x10,0xe4,0x18,0xe4,0x18,
  0xe4,0x18,0xe4,0x18,0xe4,0x18,0xe4,0x18,0xe4,0x18,0xe4,0x18,0xe4,0x18,0xe4,0x18,
  0xe4,0x18,0xe4,0x18,0xe4,0x18,0xe4,0x18,0xe4,0x18,0xe4,0x18,0xe4,0x18,0xe4,0x18,
  0xe4,0x18,0xe4,0x18,0xe4,0x18,0xe4,0x18,0xe4,0x18,0xe4,0x18,0xe4,0x18,0xe4,0x18,
  0xe4,0x18,0xe4,0x18,0xe4,0x18,0xe4,0x18,0xe4,0x18,0xe4,0x18,0xe4,0x18,0xe4,0x18,
  0xe4,0x18,0xe4,0x18,0xe4,0x18,0xe4,0x18,0x82,0x08,0x2d,0x63,0xe3,0x18,0x00,0x00,
  0x00,0x00,0x00,0x00,0x00,0x00,0xc3,0x10,0xf9,0x9d,0x1e,0xb7,0xfe,0xa6,0x1e,0xa7,
  0x1d,0xaf,0xfd,0xa6,0x1e,0xaf,0xfe,0xae,0xfe,0xae,0x1d,0xaf,0x1d,0xaf,0x1d,0xaf,
  0x1d,0xaf,0x1d,0xaf,0x1d,0xaf,0x1e,0xaf,0xfe,0xae,0xfe,0xae,0xfe,0xae,0xfe,0xae,
  0xfe,0xae,0xfe,0xae,0xfe,0xae,0xfe,0xae,0xfe,0xae,0xfe,0xae,0xfe,0xae,0xfe,0xae,
  0xfe,0xae,0xfe,0xae,0xfe,0xae,0xfe,0xae,0xfe,0xae,0xfe,0xae,0xfe,0xae,0xfe,0xae,
  0xfe,0xae,0xfe,0xae,0xfe,0xae,0xfe,0xae,0xfe,0xae,0xfe,0xae,0xfe,0xae,0xfe,0xae,
  0xfe,0xae,0xfe,0xae,0xfe,0xae,0xfe,0xae,0xfe,0xae,0xfe,0xae,0xfe,0xae,0xfe,0xae,
  0xfe,0xae,0xfe,0xae,0xfe,0xae,0xfe,0xae,0xfe,0xae,0xfe,0xae,0xfe,0xae,0xfe,0xae,
  0xfe,0xae,0xfe,0xa6,0x1e,0xaf,0x5e,0xb7,0x1a,0x9e,0x8f,0x5b,0xa7,0x29,0xa3,0x08,
  0x00,0x00,0x00,0x00,0x00,0x00,0x00,0x00,0xc3,0x08,0x66,0x21,0x29,0x32,0x0d,0x4b,
  0x72,0x74,0xd8,0xa5,0x35,0x8d,0x49,0x3a,0x41,0x00,0x20,0x00,0x00,0x00,0x00,0x00,
  0x00,0x00,0x00,0x00,0x00,0x00,0x00,0x00,0x40,0x00,0x0a,0x43,0xd3,0x85,0x95,0x96,
  0x54,0x86,0x54,0x7e,0x54,0x86,0x54,0x86,0x54,0x86,0x54,0x86,0x54,0x7e,0x74,0x7e,
  0x74,0x7e,0x54,0x86,0x54,0x86,0x54,0x86,0x54,0x86,0x54,0x86,0x54,0x7e,0x54,0x86,
  0x54,0x86,0x54,0x7e,0x74,0x7e,0x54,0x86,0x54,0x86,0x54,0x86,0x54,0x7e,0x54,0x7e,
  0x96,0x8e,0x8f,0x6c,0xa2,0x08,0x00,0x00,0x20,0x00,0x00,0x00,0x20,0x00,0x00,0x00,
  0x61,0x08,0x69,0x4a,0x05,0x19,0xc3,0x10,0xe4,0x18,0xe4,0x18,0xe4,0x18,0xe4,0x18,
  0xe4,0x18,0xe4,0x18,0xe4,0x18,0xe4,0x18,0xe4,0x18,0xe4,0x18,0xe4,0x18,0xe4,0x18,
  0xe4,0x18,0xe4,0x18,0xe4,0x18,0xe4,0x18,0xe4,0x18,0xe4,0x18,0xe4,0x18,0xe4,0x18,
  0xe4,0x18,0xe4,0x18,0xe4,0x18,0xe4,0x18,0xe4,0x18,0xe4,0x18,0xe4,0x18,0xe4,0x18,
  0xe4,0x18,0xe4,0x18,0xe4,0x18,0xe4,0x18,0xe4,0x18,0xe4,0x18,0xe4,0x18,0xe4,0x18,
  0xe4,0x18,0xe4,0x18,0xe4,0x18,0xe4,0x18,0xc4,0x10,0x08,0x3a,0x20,0x00,0x00,0x00,
  0x00,0x00,0x20,0x00,0x00,0x00,0x87,0x21,0x9c,0xae,0x1e,0xaf,0xfe,0xa6,0x1e,0xaf,
  0xfd,0xae,0xfd,0xae,0xfd,0xae,0x1e,0xaf,0xfe,0xae,0xfe,0xae,0xfe,0xae,0xfe,0xae,
  0xfe,0xae,0xfe,0xae,0xfe,0xae,0xfe,0xae,0xfe,0xae,0xfe,0xae,0xfe,0xae,0xfe,0xae,
  0xfe,0xae,0xfe,0xae,0xfe,0xae,0xfe,0xae,0xfe,0xae,0xfe,0xae,0xfe,0xae,0xfe,0xae,
  0xfe,0xae,0xfe,0xae,0xfe,0xae,0xfe,0xae,0xfe,0xae,0xfe,0xae,0xfe,0xae,0xfe,0xae,
  0xfe,0xae,0xfe,0xae,0xfe,0xae,0xfe,0xae,0xfe,0xae,0xfe,0xae,0xfe,0xae,0xfe,0xae,
  0xfe,0xae,0xfe,0xae,0xfe,0xae,0xfe,0xae,0xfe,0xae,0xfe,0xae,0xfe,0xae,0xfe,0xae,
  0xfe,0xae,0xfe,0xae,0xfe,0xae,0xfe,0xae,0xfe,0xae,0xfe,0xae,0xfd,0xae,0xfd,0xae,
  0xfe,0xae,0xfe,0xae,0xde,0xae,0x1e,0xb7,0x5f,0xbf,0xfd,0xb6,0xf9,0x95,0x56,0x85,
  0x15,0x7d,0xf5,0x7c,0x57,0x85,0xf9,0x95,0x9c,0xae,0x5f,0xbf,0xdf,0xcf,0x9b,0xae,
  0x8e,0x53,0x82,0x08,0x00,0x00,0x00,0x00,0x20,0x00,0x00,0x00,0x00,0x00,0x20,0x00,
  0x00,0x00,0x00,0x00,0xe6,0x29,0x11,0x6d,0x76,0x96,0x55,0x8e,0x34,0x7e,0x74,0x86,
  0x54,0x7e,0x54,0x86,0x54,0x86,0x54,0x86,0x54,0x86,0x54,0x86,0x54,0x86,0x54,0x86,
  0x54,0x86,0x54,0x86,0x54,0x86,0x54,0x7e,0x54,0x7e,0x54,0x7e,0x54,0x7e,0x54,0x7e,
  0x54,0x86,0x54,0x86,0x74,0x7e,0x74,0x86,0x54,0x86,0x54,0x86,0x96,0x8e,0x0d,0x54,
  0x40,0x00,0x00,0x00,0x20,0x00,0x00,0x00,0x20,0x00,0x00,0x00,0x82,0x10,0xec,0x5a,
  0x05,0x19,0xc3,0x10,0xe4,0x18,0xe4,0x18,0xe4,0x18,0xe4,0x18,0xe4,0x18,0xe4,0x18,
  0xe4,0x18,0xe4,0x18,0xe4,0x18,0xe4,0x18,0xe4,0x18,0xe4,0x18,0xe4,0x18,0xe4,0x18,
  0xe4,0x18,0xe4,0x18,0xe4,0x18,0xe4,0x18,0xe4,0x18,0xe4,0x18,0xe4,0x18,0xe4,0x18,
  0xe4,0x18,0xe4,0x18,0xe4,0x18,0xe4,0x18,0xe4,0x18,0xe4,0x18,0xe4,0x18,0xe4,0x18,
  0xe4,0x18,0xe4,0x18,0xe4,0x18,0xe4,0x18,0xe4,0x18,0xe4,0x18,0xe4,0x18,0xe4,0x18,
  0xe4,0x18,0xe4,0x18,0xe4,0x18,0x83,0x08,0x6a,0x4a,0x49,0x4a,0x00,0x00,0x00,0x00,
  0x00,0x00,0x20,0x00,0x00,0x00,0x29,0x32,0xfd,0xb6,0x1e,0xaf,0xfe,0xa6,0xfe,0xae,
  0xfe,0xae,0xfd,0xa6,0x1d,0xaf,0xfe,0xae,0xfe,0xae,0xfe,0xae,0xfe,0xae,0xfe,0xae,
  0xfe,0xae,0xfe,0xae,0x1e,0xaf,0x1e,0xaf,0x1e,0xaf,0xfe,0xae,0xfe,0xae,0xfe,0xae,
  0xfe,0xae,0xfe,0xae,0xfe,0xae,0xfe,0xae,0xfe,0xae,0xfe,0xae,0xfe,0xae,0xfe,0xae,
  0xfe,0xae,0xfe,0xae,0xfe,0xae,0xfe,0xae,0xfe,0xae,0xfe,0xae,0xfe,0xae,0xfe,0xae,
  0xfe,0xae,0xfe,0xae,0xfe,0xae,0xfe,0xae,0xfe,0xae,0xfe,0xae,0xfe,0xae,0xfe,0xae,
  0xfe,0xae,0xfe,0xae,0xfe,0xae,0xfe,0xae,0xfe,0xae,0xfe,0xae,0xfe,0xae,0xfe,0xae,
  0xfe,0xae,0xfe,0xae,0xfe,0xae,0xfe,0xae,0xfe,0xae,0xfe,0xa6,0xfe,0xae,0xfe,0xae,
  0xfe,0xae,0xfe,0xae,0xfe,0xa6,0xfd,0xa6,0x1e,0xa7,0x3e,0xaf,0x5f,0xbf,0x5f,0xbf,
  0x5f,0xbf,0x3f,0xb7,0x3f,0xb7,0x5f,0xb7,0x9c,0xa6,0xd0,0x5b,0xc4,0x08,0x00,0x00,
  0x00,0x00,0x00,0x00,0x00,0x00,0x00,0x00,0x20,0x00,0x00,0x00,0x00,0x00,0x03,0x11,
  0x0d,0x5c,0x55,0x8e,0x96,0x8e,0x54,0x86,0x54,0x86,0x54,0x7e,0x74,0x7e,0x74,0x7e,
  0x54,0x7e,0x54,0x86,0x54,0x86,0x54,0x86,0x54,0x86,0x54,0x86,0x34,0x86,0x54,0x86,
  0x54,0x7e,0x54,0x7e,0x54,0x7e,0x54,0x7e,0x54,0x86,0x54,0x86,0x54,0x86,0x74,0x86,
  0x54,0x86,0x54,0x86,0x54,0x7e,0x95,0x86,0x55,0x8e,0x0a,0x43,0x00,0x00,0x00,0x00,
  0x00,0x00,0x00,0x00,0x00,0x00,0x00,0x00,0xc3,0x18,0x8e,0x73,0x25,0x21,0xa3,0x10,
  0xe4,0x18,0xe4,0x18,0xe4,0x18,0xe4,0x18,0xe4,0x18,0xe4,0x18,0xe4,0x18,0xe4,0x18,
  0xe4,0x18,0xe4,0x18,0xe4,0x18,0xe4,0x18,0xe4,0x18,0xe4,0x18,0xe4,0x18,0xe4,0x18,
  0xe4,0x18,0xe4,0x18,0xe4,0x18,0xe4,0x18,0xe4,0x18,0xe4,0x18,0xe4,0x18,0xe4,0x18,
  0xe4,0x18,0xe4,0x18,0xe4,0x18,0xe4,0x18,0xe4,0x18,0xe4,0x18,0xe4,0x18,0xe4,0x18,
  0xe4,0x18,0xe4,0x18,0xe4,0x18,0xe4,0x18,0xe4,0x18,0xe4,0x18,0xe4,0x18,0xe4,0x18,
  0xe4,0x18,0xe4,0x18,0xe4,0x18,0x83,0x08,0xc7,0x31,0xa2,0x10,0x00,0x00,0x00,0x00,
  0x00,0x00,0x00,0x00,0x00,0x00,0x6a,0x3a,0xdd,0xb6,0x1e,0xaf,0xfe,0xa6,0xfe,0xae,
  0x1d,0xaf,0x1d,0xaf,0xfe,0xae,0xfe,0xae,0xfe,0xae,0xfe,0xae,0xfe,0xae,0xfe,0xae,
  0xfe,0xae,0xfe,0xae,0x1d,0xaf,0x1e,0xaf,0xfe,0xae,0xfe,0xae,0xfe,0xae,0xfe,0xae,
  0xfe,0xae,0xfe,0xae,0xfe,0xae,0xfe,0xae,0xfe,0xae,0xfe,0xae,0xfe,0xae,0xfe,0xae,
  0xfe,0xae,0xfe,0xae,0xfe,0xae,0xfe,0xae,0xfe,0xae,0xfe,0xae,0xfe,0xae,0xfe,0xae,
  0xfe,0xae,0xfe,0xae,0xfe,0xae,0xfe,0xae,0xfe,0xae,0xfe,0xae,0xfe,0xae,0xfe,0xae,
  0xfe,0xae,0xfe,0xae,0xfe,0xae,0xfe,0xae,0xfe,0xae,0xfe,0xae,0xfe,0xae,0xfe,0xae,
  0xfe,0xae,0xfe,0xae,0xfe,0xae,0xfe,0xae,0x1e,0xaf,0x1e,0xaf,0xfe,0xa6,0xfd,0xa6,
  0x1d,0xaf,0x1d,0xa7,0x1d,0xa7,0xfe,0xae,0xfe,0xae,0xdd,0xae,0xdd,0xae,0xdd,0xa6,
  0x5e,0xb7,0xdc,0xae,0x73,0x74,0x46,0x19,0x00,0x00,0x00,0x00,0x20,0x00,0x20,0x00,
  0x00,0x00,0x00,0x00,0x00,0x00,0x00,0x00,0x81,0x08,0x2a,0x43,0xd3,0x85,0x75,0x8e,
  0x54,0x86,0x54,0x7e,0x54,0x7e,0x54,0x7e,0x74,0x7e,0x74,0x7e,0x54,0x7e,0x54,0x86,
  0x54,0x86,0x54,0x86,0x54,0x86,0x54,0x86,0x54,0x86,0x54,0x86,0x74,0x7e,0x74,0x7e,
  0x74,0x7e,0x74,0x7e,0x54,0x86,0x54,0x86,0x54,0x86,0x54,0x86,0x54,0x86,0x54,0x86,
  0x34,0x7e,0x95,0x86,0x14,0x7e,0x47,0x2a,0x00,0x00,0x00,0x00,0x00,0x00,0x00,0x00,
  0x00,0x00,0x00,0x00,0x65,0x31,0x10,0x84,0x25,0x21,0xa3,0x10,0xe4,0x18,0xe4,0x18,
  0xe4,0x18,0xe4,0x18,0xe4,0x18,0xe4,0x18,0xe4,0x18,0xe4,0x18,0xe4,0x18,0xe4,0x18,
  0xe4,0x18,0xe4,0x18,0xe4,0x18,0xe4,0x18,0xe4,0x18,0xe4,0x18,0xe4,0x18,0xe4,0x18,
  0xe4,0x18,0xe4,0x18,0xe4,0x18,0xe4,0x18,0xe4,0x18,0xe4,0x18,0xe4,0x18,0xe4,0x18,
  0xe4,0x18,0xe4,0x18,0xe4,0x18,0xe4,0x18,0xe4,0x18,0xe4,0x18,0xe4,0x18,0xe4,0x18,
  0xe4,0x18,0xe4,0x18,0xe4,0x18,0xe4,0x18,0xe4,0x18,0xe4,0x18,0xe4,0x18,0xe4,0x18,
  0xe4,0x18,0xe4,0x18,0x04,0x19,0x62,0x08,0x0c,0x5b,0xe3,0x18,0x00,0x00,0x00,0x00,
  0x00,0x00,0x20,0x00,0x00,0x00,0x4a,0x3a,0xbc,0xae,0x3f,0xaf,0xfd,0xa6,0xfe,0xae,
  0xfe,0xa6,0x1e,0xa7,0xfe,0xae,0xfe,0xae,0xfe,0xae,0xfe,0xae,0xfe,0xae,0xfe,0xae,
  0xfe,0xae,0x1d,0xaf,0x1e,0xaf,0xfe,0xae,0xfe,0xae,0xfe,0xae,0xfe,0xae,0xfe,0xae,
  0xfe,0xae,0xfe,0xae,0xfe,0xae,0xfe,0xae,0xfe,0xae,0xfe,0xae,0xfe,0xae,0xfe,0xae,
  0xfe,0xae,0xfe,0xae,0xfe,0xae,0xfe,0xae,0xfe,0xae,0xfe,0xae,0xfe,0xae,0xfe,0xae,
  0xfe,0xae,0xfe,0xae,0xfe,0xae,0xfe,0xae,0xfe,0xae,0xfe,0xae,0xfe,0xae,0xfe,0xae,
  0xfe,0xae,0xfe,0xae,0xfe,0xae,0xfe,0xae,0xfe,0xae,0xfe,0xae,0xfe,0xae,0xfe,0xae,
  0xfe,0xae,0xfe,0xae,0x1e,0xaf,0x1d,0xaf,0xfd,0xa6,0x1d,0xaf,0x1d,0xaf,0xfd,0xae,
  0x1d,0xaf,0xfd,0xae,0xfe,0xae,0xde,0xae,0xfe,0xae,0x5e,0xb7,0x1d,0xb7,0xb3,0x74,
  0xa7,0x21,0x00,0x00,0x00,0x00,0x20,0x00,0x00,0x00,0x00,0x00,0x00,0x00,0x20,0x00,
  0x00,0x00,0x20,0x00,0x47,0x32,0x31,0x75,0x96,0x8e,0x75,0x86,0x54,0x7e,0x54,0x7e,
  0x54,0x86,0x54,0x86,0x54,0x7e,0x74,0x7e,0x54,0x7e,0x54,0x86,0x54,0x86,0x54,0x86,
  0x54,0x86,0x54,0x86,0x54,0x7e,0x54,0x7e,0x54,0x7e,0x74,0x7e,0x74,0x7e,0x74,0x7e,
  0x74,0x86,0x54,0x86,0x54,0x86,0x54,0x86,0x54,0x86,0x54,0x86,0x54,0x86,0x96,0x8e,
  0x52,0x75,0x64,0x19,0x00,0x00,0x00,0x00,0x00,0x00,0x00,0x00,0x00,0x00,0x00,0x00,
  0x04,0x21,0xcb,0x5a,0x86,0x29,0x83,0x08,0xe4,0x18,0xe4,0x18,0xe4,0x18,0xe4,0x18,
  0xe4,0x18,0xe4,0x18,0xe4,0x18,0xe4,0x18,0xe4,0x18,0xe4,0x18,0xe4,0x18,0xe4,0x18,
  0xe4,0x18,0xe4,0x18,0xe4,0x18,0xe4,0x18,0xe4,0x18,0xe4,0x18,0xe4,0x18,0xe4,0x18,
  0xe4,0x18,0xe4,0x18,0xe4,0x18,0xe4,0x18,0xe4,0x18,0xe4,0x18,0xe4,0x18,0xe4,0x18,
  0xe4,0x18,0xe4,0x18,0xe4,0x18,0xe4,0x18,0xe4,0x18,0xe4,0x18,0xe4,0x18,0xe4,0x18,
  0xe4,0x18,0xe4,0x18,0xe4,0x18,0xe4,0x18,0xe4,0x18,0xe4,0x18,0xe4,0x18,0xe4,0x18,
  0xe4,0x18,0xe4,0x18,0xc3,0x10,0xa7,0x31,0xcf,0x7b,0x82,0x10,0x00,0x00,0x20,0x00,
  0x00,0x00,0x20,0x00,0x00,0x00,0xe8,0x29,0x5a,0xa6,0x5e,0xb7,0xdd,0xa6,0xfe,0xa6,
  0x1e,0xa7,0x1e,0xa7,0x1e,0xaf,0xfe,0xae,0xfe,0xae,0xfe,0xae,0xfe,0xae,0xfe,0xae,
  0xfd,0xae,0xfe,0xae,0xfe,0xae,0xfe,0xae,0xfe,0xae,0xfe,0xae,0xfe,0xae,0xfe,0xae,
  0xfe,0xae,0xfe,0xae,0xfe,0xae,0xfe,0xae,0xfe,0xae,0xfe,0xae,0xfe,0xae,0xfe,0xae,
  0xfe,0xae,0xfe,0xae,0xfe,0xae,0xfe,0xae,0xfe,0xae,0xfe,0xae,0xfe,0xae,0xfe,0xae,
  0xfe,0xae,0xfe,0xae,0xfe,0xae,0xfe,0xae,0xfe,0xae,0xfe,0xae,0xfe,0xae,0xfe,0xae,
  0xfe,0xae,0xfe,0xae,0xfe,0xae,0xfe,0xae,0xfe,0xae,0xfe,0xae,0xfe,0xae,0xfe,0xae,
  0xfe,0xae,0xfd,0xae,0x1d,0xaf,0x1d,0xaf,0xfd,0xae,0xfe,0xae,0xfe,0xae,0xfe,0xae,
  0xdd,0xa6,0xfe,0xae,0x5f,0xb7,0xfd,0xb6,0xf5,0x7c,0xc8,0x29,0x00,0x00,0x00,0x00,
  0x00,0x00,0x20,0x00,0x00,0x00,0x00,0x00,0x00,0x00,0x00,0x00,0x00,0x00,0xc5,0x19,
  0x8f,0x64,0x55,0x8e,0x75,0x86,0x54,0x7e,0x54,0x86,0x54,0x86,0x54,0x7e,0x54,0x86,
  0x54,0x86,0x54,0x86,0x54,0x86,0x54,0x86,0x54,0x86,0x54,0x86,0x54,0x86,0x54,0x86,
  0x54,0x86,0x54,0x7e,0x54,0x7e,0x54,0x7e,0x54,0x7e,0x54,0x86,0x54,0x86,0x54,0x86,
  0x54,0x86,0x54,0x86,0x54,0x7e,0x54,0x7e,0x54,0x86,0x76,0x8e,0x6e,0x5c,0xa1,0x08,
  0x00,0x00,0x00,0x00,0x00,0x00,0x00,0x00,0x00,0x00,0x00,0x00,0x08,0x42,0xa7,0x31,
  0x62,0x08,0xc3,0x10,0xe4,0x18,0xe4,0x18,0xe4,0x18,0xe4,0x18,0xe4,0x18,0xe4,0x18,
  0xe4,0x18,0xe4,0x18,0xe4,0x18,0xe4,0x18,0xe4,0x18,0xe4,0x18,0xe4,0x18,0xe4,0x18,
  0xe4,0x18,0xe4,0x18,0xe4,0x18,0xe4,0x18,0xe4,0x18,0xe4,0x18,0xe4,0x18,0xe4,0x18,
  0xe4,0x18,0xe4,0x18,0xe4,0x18,0xe4,0x18,0xe4,0x18,0xe4,0x18,0xe4,0x18,0xe4,0x18,
  0xe4,0x18,0xe4,0x18,0xe4,0x18,0xe4,0x18,0xe4,0x18,0xe4,0x18,0xe4,0x18,0xe4,0x18,
  0xe4,0x18,0xe4,0x18,0xe4,0x18,0xe4,0x18,0xe4,0x18,0xe4,0x18,0xe4,0x18,0xe4,0x18,
  0xe4,0x18,0xe4,0x18,0x83,0x08,0x46,0x21,0x4d,0x6b,0x61,0x08,0x00,0x00,0x01,0x00,
  0x00,0x00,0x20,0x00,0x00,0x00,0x04,0x19,0x76,0x8d,0x5f,0xbf,0xfe,0xae,0xfd,0xa6,
  0x1e,0xaf,0x1e,0xaf,0xfe,0xae,0xfe,0xae,0xfe,0xae,0xfe,0xae,0xfe,0xae,0xfd,0xae,
  0xfe,0xae,0xfe,0xae,0xfe,0xae,0xfe,0xae,0xfe,0xae,0xfe,0xae,0xfe,0xae,0xfe,0xae,
  0xfe,0xae,0xfe,0xae,0xfe,0xae,0xfe,0xae,0xfe,0xae,0xfe,0xae,0xfe,0xae,0xfe,0xae,
  0xfe,0xae,0xfe,0xae,0xfe,0xae,0xfe,0xae,0xfe,0xae,0xfe,0xae,0xfe,0xae,0xfe,0xae,
  0xfe,0xae,0xfe,0xae,0xfe,0xae,0xfe,0xae,0xfe,0xae,0xfe,0xae,0xfe,0xae,0xfe,0xae,
  0xfe,0xae,0xfe,0xae,0xfe,0xae,0xfe,0xae,0xfe,0xae,0xfe,0xae,0xfe,0xae,0xfe,0xae,
  0xfe,0xae,0x1e,0xaf,0xfd,0xae,0xfe,0xae,0xde,0xae,0xde,0xa6,0xfe,0xae,0x5f,0xbf,
  0xfd,0xb6,0xf4,0x7c,0xe8,0x29,0x00,0x00,0x00,0x00,0x00,0x00,0x00,0x00,0x00,0x00,
  0x00,0x00,0x20,0x00,0x00,0x00,0x00,0x00,0x23,0x11,0xed,0x5b,0x35,0x8e,0x75,0x8e,
  0x54,0x7e,0x54,0x7e,0x54,0x86,0x54,0x86,0x54,0x86,0x54,0x86,0x54,0x7e,0x54,0x86,
  0x54,0x86,0x54,0x86,0x54,0x86,0x54,0x86,0x54,0x86,0x54,0x86,0x54,0x86,0x54,0x7e,
  0x54,0x7e,0x54,0x7e,0x54,0x86,0x54,0x86,0x54,0x86,0x54,0x86,0x54,0x86,0x74,0x86,
  0x54,0x7e,0x54,0x86,0x75,0x86,0x56,0x8e,0x4a,0x43,0x20,0x00,0x00,0x00,0x20,0x00,
  0x00,0x00,0x00,0x00,0x00,0x00,0x41,0x08,0x0c,0x63,0x29,0x42,0x83,0x08,0xe4,0x18,
  0xe4,0x18,0xe4,0x18,0xe4,0x18,0xe4,0x18,0xe4,0x18,0xe4,0x18,0xe4,0x18,0xe4,0x18,
  0xe4,0x18,0xe4,0x18,0xe4,0x18,0xe4,0x18,0xe4,0x18,0xe4,0x18,0xe4,0x18,0xe4,0x18,
  0xe4,0x18,0xe4,0x18,0xe4,0x18,0xe4,0x18,0xe4,0x18,0xe4,0x18,0xe4,0x18,0xe4,0x18,
  0xe4,0x18,0xe4,0x18,0xe4,0x18,0xe4,0x18,0xe4,0x18,0xe4,0x18,0xe4,0x18,0xe4,0x18,
  0xe4,0x18,0xe4,0x18,0xe4,0x18,0xe4,0x18,0xe4,0x18,0xe4,0x18,0xe4,0x18,0xe4,0x18,
  0xe4,0x18,0xe4,0x18,0xe4,0x18,0xe4,0x18,0xe4,0x18,0xe4,0x18,0xe4,0x18,0xe4,0x18,
  0xe4,0x18,0xe4,0x18,0xa3,0x10,0x45,0x21,0x4d,0x6b,0x82,0x10,0x00,0x00,0x00,0x00,
  0x00,0x00,0x20,0x00,0x00,0x00,0x42,0x00,0xd0,0x5b,0x1d,0xb7,0x3e,0xb7,0xdd,0xae,
  0xfd,0xae,0x1e,0xaf,0xfe,0xa6,0x1e,0xa7,0x1e,0xaf,0xfe,0xae,0xfd,0xae,0xfe,0xae,
  0xfe,0xae,0xfe,0xae,0xfe,0xae,0xfe,0xae,0xfe,0xae,0xfe,0xae,0xfe,0xae,0xfe,0xae,
  0xfe,0xae,0xfe,0xae,0xfe,0xae,0xfe,0xae,0xfe,0xae,0xfe,0xae,0xfe,0xae,0xfe,0xae,
  0xfe,0xae,0xfe,0xae,0xfe,0xae,0xfe,0xae,0xfe,0xae,0xfe,0xae,0xfe,0xae,0xfe,0xae,
  0xfe,0xae,0xfe,0xae,0xfe,0xae,0xfe,0xae,0xfe,0xae,0xfe,0xae,0xfe,0xae,0xfe,0xae,
  0xfe,0xae,0xfe,0xae,0xfe,0xae,0xfe,0xae,0xfe,0xae,0xfe,0xae,0xfe,0xae,0xfe,0xae,
  0xfe,0xae,0xfe,0xae,0xde,0xa6,0x1f,0xaf,0x5f,0xb7,0xfd,0xae,0xd4,0x74,0xe8,0x29,
  0x00,0x00,0x00,0x00,0x00,0x00,0x20,0x00,0x00,0x00,0x00,0x00,0x00,0x00,0x00,0x00,
  0x00,0x00,0xe2,0x10,0x8b,0x4b,0x14,0x86,0x95,0x8e,0x54,0x86,0x34,0x86,0x54,0x86,
  0x54,0x7e,0x54,0x86,0x54,0x86,0x54,0x86,0x54,0x86,0x54,0x7e,0x54,0x86,0x54,0x86,
  0x54,0x86,0x54,0x86,0x54,0x86,0x54,0x86,0x54,0x86,0x54,0x86,0x54,0x86,0x54,0x86,
  0x54,0x86,0x54,0x86,0x54,0x86,0x54,0x86,0x54,0x86,0x74,0x86,0x54,0x7e,0x34,0x86,
  0x76,0x96,0xb3,0x85,0x27,0x2a,0x00,0x00,0x20,0x00,0x20,0x00,0x00,0x00,0x20,0x00,
  0x00,0x00,0x82,0x10,0x8a,0x4a,0xab,0x52,0x62,0x08,0xe4,0x18,0xe4,0x18,0xe4,0x18,
  0xe4,0x18,0xe4,0x18,0xe4,0x18,0xe4,0x18,0xe4,0x18,0xe4,0x18,0xe4,0x18,0xe4,0x18,
  0xe4,0x18,0xe4,0x18,0xe4,0x18,0xe4,0x18,0xe4,0x18,0xe4,0x18,0xe4,0x18,0xe4,0x18,
  0xe4,0x18,0xe4,0x18,0xe4,0x18,0xe4,0x18,0xe4,0x18,0xe4,0x18,0xe4,0x18,0xe4,0x18,
  0xe4,0x18,0xe4,0x18,0xe4,0x18,0xe4,0x18,0xe4,0x18,0xe4,0x18,0xe4,0x18,0xe4,0x18,
  0xe4,0x18,0xe4,0x18,0xe4,0x18,0xe4,0x18,0xe4,0x18,0xe4,0x18,0xe4,0x18,0xe4,0x18,
  0xe4,0x18,0xe4,0x18,0xe4,0x18,0xe4,0x18,0xe4,0x18,0xe4,0x18,0xe4,0x18,0xe4,0x18,
  0xe4,0x18,0xe4,0x18,0xa3,0x10,0x45,0x21,0xae,0x73,0xa2,0x10,0x00,0x00,0x00,0x00,
  0x00,0x00,0x20,0x00,0x00,0x00,0x00,0x00,0x29,0x32,0xd9,0x95,0x3f,0xbf,0x1e,0xb7,
  0xfd,0xae,0xfe,0xa6,0x1e,0xa7,0x1e,0xa7,0x1e,0xaf,0xfd,0xae,0xfe,0xae,0xfe,0xae,
  0xfe,0xae,0xfe,0xae,0xfe,0xae,0xfe,0xae,0xfe,0xae,0xfe,0xae,0xfe,0xae,0xfe,0xae,
  0xfe,0xae,0xfe,0xae,0xfe,0xae,0xfe,0xae,0xfe,0xae,0xfe,0xae,0xfe,0xae,0xfe,0xae,
  0xfe,0xae,0xfe,0xae,0xfe,0xae,0xfe,0xae,0xfe,0xae,0xfe,0xae,0xfe,0xae,0xfe,0xae,
  0xfe,0xae,0xfe,0xae,0xfe,0xae,0xfe,0xae,0xfe,0xae,0xfe,0xae,0xfe,0xae,0xfe,0xae,
  0xfe,0xae,0xfe,0xae,0xfe,0xae,0xfe,0xae,0xfe,0xae,0xfe,0xae,0xfe,0xae,0xfe,0xa6,
  0x1e,0xaf,0x5f,0xbf,0xbb,0xae,0x72,0x74,0x87,0x21,0x00,0x00,0x00,0x00,0x00,0x00,
  0x20,0x00,0x00,0x00,0x00,0x00,0x00,0x00,0x00,0x00,0x00,0x00,0xa1,0x08,0x2a,0x43,
  0xb3,0x7d,0x96,0x8e,0x74,0x86,0x54,0x7e,0x54,0x86,0x54,0x86,0x54,0x7e,0x54,0x86,
  0x54,0x86,0x54,0x86,0x54,0x86,0x54,0x7e,0x54,0x7e,0x54,0x7e,0x54,0x7e,0x54,0x7e,
  0x54,0x86,0x54,0x86,0x54,0x7e,0x54,0x7e,0x54,0x7e,0x54,0x86,0x54,0x86,0x54,0x7e,
  0x54,0x7e,0x54,0x86,0x54,0x86,0x54,0x86,0x54,0x7e,0x54,0x7e,0x96,0x8e,0xd0,0x6c,
  0x43,0x11,0x00,0x00,0x00,0x00,0x00,0x00,0x00,0x00,0x00,0x00,0x00,0x00,0x65,0x29,
  0x49,0x42,0xa3,0x10,0x83,0x08,0xe4,0x18,0xe4,0x18,0xe4,0x18,0xe4,0x18,0xe4,0x18,
  0xe4,0x18,0xe4,0x18,0xe4,0x18,0xe4,0x18,0xe4,0x18,0xe4,0x18,0xe4,0x18,0xe4,0x18,
  0xe4,0x18,0xe4,0x18,0xe4,0x18,0xe4,0x18,0xe4,0x18,0xe4,0x18,0xe4,0x18,0xe4,0x18,
  0xe4,0x18,0xe4,0x18,0xe4,0x18,0xe4,0x18,0xe4,0x18,0xe4,0x18,0xe4,0x18,0xe4,0x18,
  0xe4,0x18,0xe4,0x18,0xe4,0x18,0xe4,0x18,0xe4,0x18,0xe4,0x18,0xe4,0x18,0xe4,0x18,
  0xe4,0x18,0xe4,0x18,0xe4,0x18,0xe4,0x18,0xe4,0x18,0xe4,0x18,0xe4,0x18,0xe4,0x18,
  0xe4,0x18,0xe4,0x18,0xe4,0x18,0xe4,0x18,0xe4,0x18,0xe4,0x18,0xe4,0x18,0xe4,0x18,
  0xe4,0x18,0xe4,0x18,0xa3,0x10,0x46,0x29,0x51,0x8c,0x65,0x29,0x00,0x00,0x00,0x00,
  0x00,0x00,0x00,0x00,0x00,0x00,0x00,0x00,0x82,0x00,0xaf,0x5b,0x9b,0xae,0x5f,0xbf,
  0x1e,0xaf,0xde,0xa6,0xfe,0xae,0xfe,0xae,0xfd,0xae,0xfd,0xae,0x1e,0xaf,0xfd,0xae,
  0xfd,0xae,0x1d,0xaf,0x1e,0xa7,0x1e,0xaf,0xfe,0xae,0xfe,0xae,0xfe,0xae,0xfe,0xae,
  0xfe,0xae,0xfe,0xae,0xfe,0xae,0xfe,0xae,0xfe,0xae,0xfe,0xae,0xfe,0xae,0xfe,0xae,
  0xfe,0xae,0xfe,0xae,0xfe,0xae,0xfe,0xae,0xfe,0xae,0xfe,0xae,0xfe,0xae,0xfe,0xae,
  0xfe,0xae,0xfe,0xae,0xfe,0xae,0xfe,0xae,0xfe,0xae,0xfe,0xae,0xfe,0xae,0x1e,0xaf,
  0xfe,0xae,0xfe,0xae,0xfe,0xae,0xde,0xa6,0xfe,0xa6,0x3f,0xb7,0x5e,0xbf,0x59,0xa6,
  0xf0,0x63,0x45,0x19,0x00,0x00,0x00,0x00,0x00,0x08,0x00,0x00,0x00,0x00,0x00,0x00,
  0x00,0x00,0x00,0x00,0x00,0x00,0x81,0x00,0xe9,0x3a,0x72,0x7d,0x96,0x8e,0x75,0x86,
  0x54,0x7e,0x54,0x86,0x54,0x86,0x54,0x86,0x54,0x86,0x74,0x86,0x54,0x86,0x54,0x86,
  0x54,0x7e,0x54,0x86,0x54,0x86,0x54,0x86,0x54,0x86,0x74,0x7e,0x54,0x7e,0x54,0x7e,
  0x54,0x7e,0x54,0x86,0x54,0x7e,0x54,0x7e,0x54,0x86,0x54,0x86,0x54,0x86,0x54,0x86,
  0x54,0x86,0x54,0x86,0x54,0x7e,0x75,0x86,0x55,0x8e,0xac,0x4b,0x61,0x00,0x00,0x00,
  0x00,0x00,0x00,0x00,0x00,0x00,0x00,0x00,0x00,0x00,0x49,0x4a,0x6d,0x6b,0xa3,0x10,
  0xe4,0x18,0xe4,0x18,0xe4,0x18,0xe4,0x18,0xe4,0x18,0xe4,0x18,0xe4,0x18,0xe4,0x18,
  0xe4,0x18,0xe4,0x18,0xe4,0x18,0xe4,0x18,0xe4,0x18,0xe4,0x18,0xe4,0x18,0xe4,0x18,
  0xe4,0x18,0xe4,0x18,0xe4,0x18,0xe4,0x18,0xe4,0x18,0xe4,0x18,0xe4,0x18,0xe4,0x18,
  0xe4,0x18,0xe4,0x18,0xe4,0x18,0xe4,0x18,0xe4,0x18,0xe4,0x18,0xe4,0x18,0xe4,0x18,
  0xe4,0x18,0xe4,0x18,0xe4,0x18,0xe4,0x18,0xe4,0x18,0xe4,0x18,0xe4,0x18,0xe4,0x18,
  0xe4,0x18,0xe4,0x18,0xe4,0x18,0xe4,0x18,0xe4,0x18,0xe4,0x18,0xe4,0x18,0xe4,0x18,
  0xe4,0x18,0xe4,0x18,0xe4,0x18,0xe4,0x18,0xe4,0x18,0xe4,0x18,0xe4,0x18,0xe4,0x18,
  0xe4,0x18,0xe4,0x18,0x83,0x08,0x46,0x21,0xc8,0x39,0xc7,0x39,0x00,0x00,0x00,0x00,
  0x00,0x00,0x00,0x00,0x00,0x00,0x00,0x00,0x00,0x00,0x45,0x19,0x93,0x74,0xdd,0xae,
  0x5f,0xbf,0xfe,0xae,0xfd,0xae,0xfd,0xa6,0xfd,0xae,0xfd,0xae,0xfd,0xae,0x1e,0xaf,
  0x1d,0xa7,0x1e,0xaf,0x1e,0xaf,0xfe,0xae,0xfe,0xae,0xfe,0xae,0xfe,0xae,0xfe,0xae,
  0xfe,0xae,0xfe,0xae,0xfe,0xae,0xfe,0xae,0xfe,0xae,0xfe,0xae,0xfe,0xae,0xfe,0xae,
  0xfe,0xae,0xfe,0xae,0xfe,0xae,0xfe,0xae,0xfe,0xae,0xfe,0xae,0xfe,0xae,0xfe,0xae,
  0x1e,0xaf,0xfe,0xae,0xfe,0xae,0x1d,0xaf,0xfe,0xae,0xfe,0xae,0xfe,0xa6,0xfe,0xa6,
  0xfe,0xae,0xfe,0xae,0x5f,0xbf,0x1e,0xb7,0xb8,0x8d,0x0c,0x4b,0xc3,0x10,0x00,0x00,
  0x00,0x00,0x00,0x00,0x00,0x00,0x00,0x00,0x00,0x00,0x00,0x00,0x00,0x00,0x00,0x00,
  0x81,0x08,0xa9,0x3a,0x51,0x75,0x95,0x8e,0x75,0x86,0x33,0x7e,0x54,0x7e,0x54,0x86,
  0x54,0x86,0x54,0x86,0x54,0x86,0x54,0x86,0x54,0x86,0x54,0x86,0x54,0x86,0x54,0x86,
  0x54,0x86,0x54,0x86,0x54,0x86,0x54,0x86,0x54,0x7e,0x54,0x86,0x54,0x86,0x54,0x86,
  0x54,0x86,0x54,0x7e,0x54,0x7e,0x54,0x86,0x54,0x86,0x54,0x86,0x54,0x86,0x54,0x7e,
  0x54,0x7e,0x96,0x8e,0xb3,0x85,0x47,0x32,0x00,0x00,0x00,0x00,0x20,0x00,0x00,0x00,
  0x00,0x00,0x00,0x00,0x41,0x08,0xe8,0x39,0xc7,0x31,0xe4,0x18,0xc3,0x10,0xe4,0x18,
  0xe4,0x18,0xe4,0x18,0xe4,0x18,0xe4,0x18,0xe4,0x18,0xe4,0x18,0xe4,0x18,0xe4,0x18,
  0xe4,0x18,0xe4,0x18,0xe4,0x18,0xe4,0x18,0xe4,0x18,0xe4,0x18,0xe4,0x18,0xe4,0x18,
  0xe4,0x18,0xe4,0x18,0xe4,0x18,0xe4,0x18,0xe4,0x18,0xe4,0x18,0xe4,0x18,0xe4,0x18,
  0xe4,0x18,0xe4,0x18,0xe4,0x18,0xe4,0x18,0xe4,0x18,0xe4,0x18,0xe4,0x18,0xe4,0x18,
  0xe4,0x18,0xe4,0x18,0xe4,0x18,0xe4,0x18,0xe4,0x18,0xe4,0x18,0xe4,0x18,0xe4,0x18,
  0xe4,0x18,0xe4,0x18,0xe4,0x18,0xe4,0x18,0xe4,0x18,0xe4,0x18,0xe4,0x18,0xe4,0x18,
  0xe4,0x18,0xe4,0x18,0xe4,0x18,0xe4,0x18,0xe4,0x18,0xe4,0x18,0xe4,0x18,0xe4,0x18,
  0xe4,0x18,0xe4,0x18,0xc3,0x10,0x82,0x08,0x6a,0x4a,0x2c,0x63,0x20,0x00,0x00,0x00,
  0x00,0x00,0x00,0x00,0x00,0x00,0x00,0x00,0x00,0x00,0x00,0x00,0xa7,0x29,0x72,0x6c,
  0xbb,0xae,0x5e,0xb7,0x3e,0xb7,0xfe,0xae,0xde,0xae,0xfe,0xae,0xfe,0xae,0xfe,0xae,
  0xfe,0xae,0xfe,0xae,0xfe,0xae,0x1e,0xaf,0x1e,0xaf,0x1e,0xaf,0xfe,0xae,0xfe,0xae,
  0xfe,0xae,0xfe,0xae,0x1e,0xaf,0xfe,0xae,0xfe,0xae,0xfe,0xae,0xfe,0xae,0xfe,0xae,
  0xfe,0xae,0xfe,0xae,0xfe,0xae,0xfe,0xae,0xfe,0xae,0x1e,0xaf,0x1e,0xaf,0x1d,0xa7,
  0x1d,0xa7,0x1d,0xa7,0x1e,0xaf,0xfe,0xae,0xdd,0xae,0xfe,0xae,0x5f,0xb7,0x5e,0xb7,
  0x9b,0xae,0x72,0x74,0x29,0x3a,0x21,0x00,0x00,0x00,0x00,0x00,0x20,0x00,0x00,0x00,
  0x00,0x00,0x00,0x00,0x00,0x00,0x00,0x00,0x00,0x00,0x00,0x00,0xa5,0x21,0xd1,0x74,
  0x76,0x96,0x96,0x8e,0x95,0x86,0x95,0x8e,0x95,0x8e,0x75,0x86,0x54,0x7e,0x54,0x7e,
  0x54,0x7e,0x54,0x7e,0x54,0x7e,0x54,0x7e,0x54,0x7e,0x54,0x7e,0x74,0x7e,0x74,0x7e,
  0x74,0x7e,0x74,0x7e,0x54,0x86,0x54,0x86,0x54,0x86,0x54,0x86,0x54,0x86,0x54,0x7e,
  0x54,0x7e,0x54,0x7e,0x54,0x86,0x54,0x86,0x54,0x86,0x54,0x7e,0x74,0x7e,0x96,0x8e,
  0x8f,0x6c,0x03,0x11,0x00,0x00,0x00,0x00,0x00,0x00,0x00,0x00,0x00,0x00,0x00,0x00,
  0x04,0x21,0x8e,0x73,0x66,0x29,0x83,0x08,0xe4,0x18,0xe4,0x18,0xe4,0x18,0xe4,0x18,
  0xe4,0x18,0xe4,0x18,0xe4,0x18,0xe4,0x18,0xe4,0x18,0xe4,0x18,0xe4,0x18,0xe4,0x18,
  0xe4,0x18,0xe4,0x18,0xe4,0x18,0xe4,0x18,0xe4,0x18,0xe4,0x18,0xe4,0x18,0xe4,0x18,
  0xe4,0x18,0xe4,0x18,0xe4,0x18,0xe4,0x18,0xe4,0x18,0xe4,0x18,0xe4,0x18,0xe4,0x18,
  0xe4,0x18,0xe4,0x18,0xe4,0x18,0xe4,0x18,0xe4,0x18,0xe4,0x18,0xe4,0x18,0xe4,0x18,
  0xe4,0x18,0xe4,0x18,0xe4,0x18,0xe4,0x18,0xe4,0x18,0xe4,0x18,0xe4,0x18,0xe4,0x18,
  0xe4,0x18,0xe4,0x18,0xe4,0x18,0xe4,0x18,0xe4,0x18,0xe4,0x18,0xe4,0x18,0xe4,0x18,
  0xe4,0x18,0xe4,0x18,0xe4,0x18,0xe4,0x18,0xe4,0x18,0xe4,0x18,0xe4,0x18,0xe4,0x18,
  0xe4,0x18,0xe4,0x18,0xe4,0x18,0xc3,0x10,0x45,0x21,0x49,0x4a,0xc6,0x39,0x00,0x00,
  0x00,0x00,0x21,0x00,0x00,0x00,0x00,0x00,0x20,0x00,0x00,0x00,0x00,0x00,0x25,0x11,
  0xd0,0x63,0xf9,0x95,0x3f,0xb7,0x5f,0xb7,0x1e,0xaf,0xfe,0xae,0xfd,0xa6,0xfd,0xae,
  0xfd,0xae,0x1e,0xaf,0xfe,0xae,0x1e,0xa7,0x1e,0xa7,0x1d,0xa7,0x1e,0xa7,0x1e,0xa7,
  0x1e,0xa7,0x1e,0xa7,0x1e,0xaf,0x1e,0xaf,0x1e,0xaf,0xfe,0xae,0xfe,0xae,0xfe,0xae,
  0xfe,0xae,0xfe,0xae,0x1e,0xaf,0x1e,0xa7,0x1e,0xa7,0xfe,0xae,0xfe,0xae,0xdd,0xae,
  0xde,0xae,0xfe,0xb6,0x1e,0xb7,0x7f,0xbf,0xfd,0xae,0x56,0x85,0x2d,0x53,0xe4,0x10,
  0x00,0x00,0x00,0x00,0x00,0x00,0x00,0x00,0x00,0x00,0x00,0x00,0x00,0x00,0x00,0x00,
  0x00,0x00,0x00,0x00,0x00,0x00,0x00,0x00,0x00,0x00,0x61,0x08,0xc2,0x10,0x64,0x11,
  0x67,0x32,0x6b,0x4b,0x4e,0x64,0xf0,0x6c,0x92,0x7d,0x55,0x8e,0xb6,0x96,0xb6,0x8e,
  0x95,0x8e,0x75,0x86,0x75,0x86,0x54,0x86,0x54,0x86,0x34,0x7e,0x54,0x7e,0x54,0x7e,
  0x54,0x7e,0x74,0x7e,0x54,0x7e,0x54,0x86,0x54,0x86,0x54,0x86,0x54,0x86,0x54,0x7e,
  0x54,0x7e,0x54,0x7e,0x54,0x7e,0x54,0x7e,0x95,0x86,0x35,0x86,0x4a,0x43,0x40,0x00,
  0x00,0x00,0x20,0x00,0x00,0x00,0x00,0x00,0x00,0x00,0x00,0x00,0x45,0x29,0xcf,0x73,
  0xc7,0x31,0x83,0x08,0xe4,0x18,0xe4,0x18,0xe4,0x18,0xe4,0x18,0xe4,0x18,0xe4,0x18,
  0xe4,0x18,0xe4,0x18,0xe4,0x18,0xe4,0x18,0xe4,0x18,0xe4,0x18,0xe4,0x18,0xe4,0x18,
  0xe4,0x18,0xe4,0x18,0xe4,0x18,0xe4,0x18,0xe4,0x18,0xe4,0x18,0xe4,0x18,0xe4,0x18,
  0xe4,0x18,0xe4,0x18,0xe4,0x18,0xe4,0x18,0xe4,0x18,0xe4,0x18,0xe4,0x18,0xe4,0x18,
  0xe4,0x18,0xe4,0x18,0xe4,0x18,0xe4,0x18,0xe4,0x18,0xe4,0x18,0xe4,0x18,0xe4,0x18,
  0xe4,0x18,0xe4,0x18,0xe4,0x18,0xe4,0x18,0xe4,0x18,0xe4,0x18,0xe4,0x18,0xe4,0x18,
  0xe4,0x18,0xe4,0x18,0xe4,0x18,0xe4,0x18,0xe4,0x18,0xe4,0x18,0xe4,0x18,0xe4,0x18,
  0xe4,0x18,0xe4,0x18,0xe4,0x18,0xe4,0x18,0xe4,0x18,0xe4,0x18,0xe4,0x18,0xe4,0x18,
  0xe4,0x18,0xe4,0x18,0xe4,0x18,0xa3,0x10,0x25,0x21,0x29,0x42,0x49,0x4a,0xc3,0x18,
  0x00,0x00,0x00,0x00,0x00,0x00,0x00,0x00,0x00,0x00,0x00,0x00,0x00,0x00,0x00,0x00,
  0x83,0x08,0x2a,0x32,0x73,0x74,0x5a,0xa6,0xfd,0xb6,0x7f,0xbf,0x5e,0xb7,0x1e,0xaf,
  0xfd,0xa6,0xfe,0xa6,0xfe,0xa6,0xfe,0xae,0xfd,0xae,0xfd,0xae,0xfe,0xae,0xfe,0xae,
  0xfe,0xae,0xfe,0xae,0xfe,0xae,0xfe,0xae,0xfe,0xae,0xfe,0xae,0xfe,0xae,0xfe,0xae,
  0xfe,0xa6,0xfd,0xa6,0xfe,0xa6,0xfd,0xa6,0xfe,0xae,0x1e,0xaf,0x5f,0xb7,0x5f,0xb7,
  0xbc,0xae,0xb8,0x95,0x8f,0x53,0x86,0x21,0x20,0x00,0x00,0x00,0x00,0x00,0x20,0x00,
  0x00,0x00,0x00,0x00,0x00,0x00,0x00,0x00,0x00,0x00,0x00,0x00,0x00,0x00,0x00,0x00,
  0x00,0x00,0x00,0x00,0x00,0x00,0x00,0x00,0x00,0x00,0x00,0x00,0x00,0x00,0x00,0x00,
  0x00,0x00,0x00,0x00,0x60,0x00,0x02,0x11,0x85,0x21,0x47,0x2a,0x2a,0x43,0x2e,0x64,
  0x32,0x7d,0xd3,0x85,0x34,0x86,0x75,0x8e,0xb6,0x8e,0xb6,0x8e,0x95,0x86,0x75,0x86,
  0x54,0x7e,0x54,0x7e,0x54,0x7e,0x54,0x86,0x34,0x86,0x54,0x86,0x54,0x7e,0x54,0x7e,
  0x54,0x7e,0x54,0x7e,0xb6,0x8e,0x52,0x75,0xa5,0x21,0x00,0x00,0x00,0x00,0x00,0x00,
  0x00,0x00,0x00,0x00,0x00,0x00,0x20,0x00,0x8a,0x52,0x8a,0x4a,0x62,0x00,0xc3,0x10,
  0xe4,0x18,0xe4,0x18,0xe4,0x18,0xe4,0x18,0xe4,0x18,0xe4,0x18,0xe4,0x18,0xe4,0x18,
  0xe4,0x18,0xe4,0x18,0xe4,0x18,0xe4,0x18,0xe4,0x18,0xe4,0x18,0xe4,0x18,0xe4,0x18,
  0xe4,0x18,0xe4,0x18,0xe4,0x18,0xe4,0x18,0xe4,0x18,0xe4,0x18,0xe4,0x18,0xe4,0x18,
  0xe4,0x18,0xe4,0x18,0xe4,0x18,0xe4,0x18,0xe4,0x18,0xe4,0x18,0xe4,0x18,0xe4,0x18,
  0xe4,0x18,0xe4,0x18,0xe4,0x18,0xe4,0x18,0xe4,0x18,0xe4,0x18,0xe4,0x18,0xe4,0x18,
  0xe4,0x18,0xe4,0x18,0xe4,0x18,0xe4,0x18,0xe4,0x18,0xe4,0x18,0xe4,0x18,0xe4,0x18,
  0xe4,0x18,0xe4,0x18,0xe4,0x18,0xe4,0x18,0xe4,0x18,0xe4,0x18,0xe4,0x18,0xe4,0x18,
  0xe4,0x18,0xe4,0x18,0xe4,0x18,0xe4,0x18,0xe4,0x18,0xe4,0x18,0xe4,0x18,0xe4,0x18,
  0xe4,0x18,0xe4,0x18,0xe4,0x18,0xc4,0x10,0x62,0x00,0xe8,0x39,0x6d,0x6b,0x48,0x4a,
  0x20,0x00,0x00,0x00,0x00,0x00,0x20,0x00,0x00,0x00,0x00,0x00,0x00,0x00,0x00,0x00,
  0x00,0x00,0x00,0x00,0x82,0x08,0x49,0x3a,0xf0,0x63,0x56,0x8d,0x9b,0xae,0x5e,0xbf,
  0x5e,0xbf,0x3f,0xb7,0x3e,0xb7,0x3e,0xb7,0x1e,0xb7,0xfe,0xae,0xfe,0xae,0xfe,0xae,
  0xfd,0xa6,0xfd,0xa6,0xdd,0xa6,0xdd,0xa6,0xfd,0xa6,0xfe,0xa6,0x1e,0xaf,0x3e,0xaf,
  0x3e,0xb7,0x3e,0xb7,0x3e,0xbf,0x3e,0xbf,0x5b,0xa6,0xd5,0x7c,0x4f,0x53,0x86,0x19,
  0x21,0x00,0x00,0x00,0x00,0x00,0x00,0x00,0x00,0x00,0x00,0x00,0x00,0x00,0x00,0x00,
  0x00,0x00,0x00,0x00,0x00,0x00,0x00,0x00,0x00,0x00,0x00,0x00,0x00,0x00,0x00,0x00,
  0x00,0x00,0x20,0x00,0x00,0x00,0x00,0x00,0x00,0x00,0x00,0x00,0x00,0x00,0x00,0x00,
  0x00,0x00,0x00,0x00,0x00,0x00,0x00,0x00,0x00,0x00,0x00,0x00,0x00,0x00,0x20,0x00,
  0xc1,0x08,0xa5,0x19,0xa8,0x32,0x8b,0x4b,0x4e,0x5c,0x11,0x6d,0xd3,0x85,0x75,0x96,
  0x96,0x96,0x76,0x8e,0x95,0x8e,0x95,0x86,0x75,0x86,0x55,0x7e,0x54,0x7e,0x75,0x86,
  0x75,0x8e,0xed,0x53,0xa1,0x00,0x00,0x00,0x00,0x00,0x00,0x00,0x20,0x00,0x00,0x00,
  0x00,0x00,0x04,0x21,0x28,0x42,0x05,0x19,0xc3,0x10,0xe4,0x18,0xe4,0x18,0xe4,0x18,
  0xe4,0x18,0xe4,0x18,0xe4,0x18,0xe4,0x18,0xe4,0x18,0xe4,0x18,0xe4,0x18,0xe4,0x18,
  0xe4,0x18,0xe4,0x18,0xe4,0x18,0xe4,0x18,0xe4,0x18,0xe4,0x18,0xe4,0x18,0xe4,0x18,
  0xe4,0x18,0xe4,0x18,0xe4,0x18,0xe4,0x18,0xe4,0x18,0xe4,0x18,0xe4,0x18,0xe4,0x18,
  0xe4,0x18,0xe4,0x18,0xe4,0x18,0xe4,0x18,0xe4,0x18,0xe4,0x18,0xe4,0x18,0xe4,0x18,
  0xe4,0x18,0xe4,0x18,0xe4,0x18,0xe4,0x18,0xe4,0x18,0xe4,0x18,0xe4,0x18,0xe4,0x18,
  0xe4,0x18,0xe4,0x18,0xe4,0x18,0xe4,0x18,0xe4,0x18,0xe4,0x18,0xe4,0x18,0xe4,0x18,
  0xe4,0x18,0xe4,0x18,0xe4,0x18,0xe4,0x18,0xe4,0x18,0xe4,0x18,0xe4,0x18,0xe4,0x18,
  0xe4,0x18,0xe4,0x18,0xe4,0x18,0xe4,0x18,0xe4,0x18,0xe4,0x18,0xe4,0x18,0xe4,0x18,
  0xe4,0x18,0xe4,0x18,0xe4,0x18,0xe4,0x18,0xa3,0x10,0xa3,0x10,0xe8,0x39,0xcb,0x5a,
  0xc7,0x39,0xa2,0x10,0x00,0x00,0x00,0x00,0x00,0x00,0x00,0x00,0x00,0x00,0x00,0x00,
  0x00,0x00,0x00,0x00,0x00,0x00,0x00,0x00,0x41,0x00,0x04,0x19,0x09,0x32,0x6e,0x53,
  0xb3,0x7c,0xb8,0x95,0x3a,0x9e,0x7b,0xa6,0xbc,0xae,0x1e,0xb7,0x3e,0xb7,0x5f,0xbf,
  0x7f,0xbf,0x9f,0xbf,0x7f,0xbf,0x5f,0xbf,0x1e,0xb7,0xdd,0xae,0x7b,0xa6,0x19,0x9e,
  0x14,0x7d,0x8f,0x53,0xe8,0x29,0xc4,0x10,0x00,0x00,0x00,0x00,0x00,0x00,0x00,0x00,
  0x20,0x00,0x00,0x00,0x00,0x00,0x00,0x00,0x00,0x00,0x00,0x00,0x00,0x00,0x20,0x00,
  0xc3,0x18,0x28,0x42,0xcb,0x52,0x04,0x19,0x44,0x21,0x85,0x29,0xc2,0x18,0x40,0x00,
  0x00,0x00,0x00,0x00,0x00,0x00,0x00,0x00,0x00,0x00,0x00,0x00,0x00,0x00,0x00,0x00,
  0x00,0x00,0x20,0x00,0x00,0x00,0x20,0x00,0x00,0x00,0x00,0x00,0x00,0x00,0x00,0x00,
  0x00,0x00,0x00,0x00,0x00,0x00,0x00,0x00,0x61,0x08,0xe2,0x10,0x84,0x19,0x88,0x32,
  0x6b,0x4b,0x8f,0x64,0x72,0x75,0xd3,0x7d,0x15,0x86,0x76,0x9e,0x93,0x85,0x67,0x2a,
  0x00,0x00,0x00,0x00,0x20,0x00,0x00,0x00,0x00,0x00,0x00,0x00,0x00,0x00,0x86,0x31,
  0x8e,0x73,0xe4,0x18,0xc3,0x10,0xe4,0x18,0xe4,0x18,0xe4,0x18,0xe4,0x18,0xe4,0x18,
  0xe4,0x18,0xe4,0x18,0xe4,0x18,0xe4,0x18,0xe4,0x18,0xe4,0x18,0xe4,0x18,0xe4,0x18,
  0xe4,0x18,0xe4,0x18,0xe4,0x18,0xe4,0x18,0xe4,0x18,0xe4,0x18,0xe4,0x18,0xe4,0x18,
  0xe4,0x18,0xe4,0x18,0xe4,0x18,0xe4,0x18,0xe4,0x18,0xe4,0x18,0xe4,0x18,0xe4,0x18,
  0xe4,0x18,0xe4,0x18,0xe4,0x18,0xe4,0x18,0xe4,0x18,0xe4,0x18,0xe4,0x18,0xe4,0x18,
  0xe4,0x18,0xe4,0x18,0xe4,0x18,0xe4,0x18,0xe4,0x18,0xe4,0x18,0xe4,0x18,0xe4,0x18,
  0xe4,0x18,0xe4,0x18,0xe4,0x18,0xe4,0x18,0xe4,0x18,0xe4,0x18,0xe4,0x18,0xe4,0x18,
  0xe4,0x18,0xe4,0x18,0xe4,0x18,0xe4,0x18,0xe4,0x18,0xe4,0x18,0xe4,0x18,0xe4,0x18,
  0xe4,0x18,0xe4,0x18,0xe4,0x18,0xe4,0x18,0xe4,0x18,0xe4,0x18,0xe4,0x18,0xe4,0x18,
  0xe4,0x18,0xe4,0x18,0xe4,0x18,0xe4,0x18,0xe4,0x18,0xa3,0x10,0xa3,0x10,0xe8,0x39,
  0xaa,0x52,0xaa,0x52,0x61,0x08,0x00,0x00,0x00,0x00,0x00,0x00,0x20,0x00,0x00,0x00,
  0x00,0x00,0x20,0x00,0x20,0x00,0x00,0x00,0x00,0x00,0x00,0x00,0x00,0x00,0x00,0x00,
  0x00,0x00,0x83,0x00,0x46,0x19,0xc8,0x29,0x4a,0x3a,0xab,0x42,0xec,0x4a,0x2d,0x53,
  0x2d,0x53,0x0d,0x53,0xec,0x4a,0x4a,0x42,0xc8,0x31,0x05,0x19,0x21,0x00,0x00,0x00,
  0x00,0x00,0x00,0x00,0x00,0x00,0x00,0x00,0x20,0x00,0x00,0x00,0x00,0x00,0x00,0x00,
  0x20,0x00,0x00,0x00,0x00,0x00,0x00,0x00,0x41,0x08,0x28,0x42,0x49,0x4a,0xe8,0x39,
  0xc4,0x10,0x05,0x19,0xa3,0x10,0xcb,0x52,0x6e,0x6b,0x28,0x42,0xe4,0x18,0x0c,0x63,
  0xcb,0x5a,0x65,0x31,0x61,0x08,0x41,0x08,0x20,0x00,0x20,0x00,0x00,0x00,0x00,0x00,
  0x00,0x00,0x00,0x00,0x00,0x00,0x20,0x00,0x00,0x00,0x00,0x00,0x00,0x00,0x00,0x00,
  0x20,0x00,0x20,0x00,0x00,0x00,0x00,0x00,0x00,0x00,0x00,0x00,0x00,0x00,0x00,0x00,
  0x00,0x00,0x40,0x00,0x02,0x09,0xc5,0x29,0x89,0x42,0xe3,0x10,0x00,0x00,0x00,0x00,
  0x00,0x00,0x00,0x00,0x20,0x00,0x00,0x00,0xa2,0x10,0xcb,0x5a,0x66,0x29,0xa3,0x10,
  0xc4,0x10,0xe4,0x18,0xe4,0x18,0xe4,0x18,0xe4,0x18,0xe4,0x18,0xe4,0x18,0xe4,0x18,
  0xe4,0x18,0xe4,0x18,0xe4,0x18,0xe4,0x18,0xe4,0x18,0xe4,0x18,0xe4,0x18,0xe4,0x18,
  0xe4,0x18,0xe4,0x18,0xe4,0x18,0xe4,0x18,0xe4,0x18,0xe4,0x18,0xe4,0x18,0xe4,0x18,
  0xe4,0x18,0xe4,0x18,0xe4,0x18,0xe4,0x18,0xe4,0x18,0xe4,0x18,0xe4,0x18,0xe4,0x18,
  0xe4,0x18,0xe4,0x18,0xe4,0x18,0xe4,0x18,0xe4,0x18,0xe4,0x18,0xe4,0x18,0xe4,0x18,
  0xe4,0x18,0xe4,0x18,0xe4,0x18,0xe4,0x18,0xe4,0x18,0xe4,0x18,0xe4,0x18,0xe4,0x18,
  0xe4,0x18,0xe4,0x18,0xe4,0x18,0xe4,0x18,0xe4,0x18,0xe4,0x18,0xe4,0x18,0xe4,0x18,
  0xe4,0x18,0xe4,0x18,0xe4,0x18,0xe4,0x18,0xe4,0x18,0xe4,0x18,0xe4,0x18,0xe4,0x18,
  0xe4,0x18,0xe4,0x18,0xe4,0x18,0xe4,0x18,0xe4,0x18,0xe4,0x18,0xe4,0x18,0xe4,0x18,
  0xe4,0x18,0xe4,0x18,0xe4,0x18,0xe4,0x18,0xe4,0x18,0xe4,0x18,0x83,0x08,0xe4,0x18,
  0xc7,0x31,0x10,0x7c,0xe7,0x39,0xa6,0x31,0x41,0x08,0x00,0x00,0x00,0x00,0x00,0x00,
  0x00,0x00,0x20,0x00,0x20,0x00,0x20,0x00,0x20,0x00,0x20,0x00,0x00,0x00,0x00,0x00,
  0x00,0x00,0x00,0x00,0x00,0x00,0x00,0x00,0x00,0x00,0x00,0x00,0x00,0x00,0x00,0x00,
  0x00,0x00,0x00,0x00,0x00,0x00,0x00,0x00,0x00,0x00,0x00,0x00,0x00,0x00,0x00,0x00,
  0x00,0x00,0x20,0x00,0x20,0x00,0x20,0x00,0x00,0x00,0x00,0x00,0x00,0x00,0x00,0x00,
  0x20,0x08,0xc6,0x39,0x86,0x31,0xef,0x7b,0x08,0x3a,0x05,0x19,0x83,0x08,0xe4,0x18,
  0xc4,0x10,0xe4,0x18,0x82,0x08,0x62,0x08,0xa3,0x10,0xc4,0x10,0xe8,0x39,0xc8,0x31,
  0x45,0x21,0x25,0x21,0x30,0x84,0x0c,0x63,0xa6,0x31,0x04,0x19,0x08,0x42,0x44,0x21,
  0x82,0x10,0x00,0x00,0x00,0x00,0x00,0x00,0x00,0x00,0x00,0x00,0x00,0x00,0x00,0x00,
  0x00,0x00,0x20,0x00,0x20,0x00,0x00,0x00,0x00,0x00,0x00,0x00,0x00,0x00,0x20,0x00,
  0x00,0x00,0x00,0x00,0x00,0x00,0x00,0x00,0x00,0x00,0x20,0x00,0x00,0x00,0x20,0x00,
  0x00,0x00,0x00,0x00,0xe4,0x20,0xaf,0x73,0x09,0x3a,0x83,0x08,0xe4,0x18,0xe4,0x18,
  0xe4,0x18,0xe4,0x18,0xe4,0x18,0xe4,0x18,0xe4,0x18,0xe4,0x18,0xe4,0x18,0xe4,0x18,
  0xe4,0x18,0xe4,0x18,0xe4,0x18,0xe4,0x18,0xe4,0x18,0xe4,0x18,0xe4,0x18,0xe4,0x18,
  0xe4,0x18,0xe4,0x18,0xe4,0x18,0xe4,0x18,0xe4,0x18,0xe4,0x18,0xe4,0x18,0xe4,0x18,
  0xe4,0x18,0xe4,0x18,0xe4,0x18,0xe4,0x18,0xe4,0x18,0xe4,0x18,0xe4,0x18,0xe4,0x18,
  0xe4,0x18,0xe4,0x18,0xe4,0x18,0xe4,0x18,0xe4,0x18,0xe4,0x18,0xe4,0x18,0xe4,0x18,
  0xe4,0x18,0xe4,0x18,0xe4,0x18,0xe4,0x18,0xe4,0x18,0xe4,0x18,0xe4,0x18,0xe4,0x18,
  0xe4,0x18,0xe4,0x18,0xe4,0x18,0xe4,0x18,0xe4,0x18,0xe4,0x18,0xe4,0x18,0xe4,0x18,
  0xe4,0x18,0xe4,0x18,0xe4,0x18,0xe4,0x18,0xe4,0x18,0xe4,0x18,0xe4,0x18,0xe4,0x18,
  0xe4,0x18,0xe4,0x18,0xe4,0x18,0xe4,0x18,0xe4,0x18,0xe4,0x18,0xe4,0x18,0xe4,0x18,
  0xe4,0x18,0xe4,0x18,0xe4,0x18,0xe4,0x18,0xe4,0x18,0xe4,0x18,0xe4,0x18,0xa3,0x10,
  0xa3,0x10,0x04,0x19,0x8a,0x52,0x66,0x29,0xaa,0x52,0xa2,0x10,0x82,0x10,0x00,0x00,
  0x00,0x00,0x00,0x00,0x00,0x00,0x00,0x00,0x00,0x00,0x00,0x00,0x00,0x00,0x00,0x00,
  0x00,0x00,0x00,0x00,0x20,0x00,0x20,0x00,0x20,0x00,0x20,0x00,0x20,0x00,0x20,0x00,
  0x20,0x00,0x20,0x00,0x20,0x00,0x20,0x00,0x00,0x00,0x00,0x00,0x00,0x00,0x00,0x00,
  0x00,0x00,0x00,0x00,0x00,0x00,0x20,0x00,0xa2,0x10,0xc3,0x18,0x0c,0x63,0x08,0x3a,
  0x8a,0x4a,0x66,0x29,0x83,0x08,0xa3,0x10,0xc4,0x10,0xe4,0x18,0xe4,0x18,0xe4,0x18,
  0xe4,0x18,0xe4,0x18,0xe4,0x18,0xe4,0x18,0xe4,0x18,0xa3,0x10,0xa3,0x10,0xc3,0x10,
  0xc4,0x10,0xa3,0x10,0xc4,0x10,0xa3,0x10,0x86,0x29,0x2d,0x63,0x49,0x42,0x04,0x19,
  0x49,0x42,0xae,0x73,0xe7,0x39,0xa2,0x10,0x82,0x10,0x82,0x10,0x41,0x08,0x00,0x00,
  0x00,0x00,0x00,0x00,0x00,0x00,0x00,0x00,0x00,0x00,0x00,0x00,0x00,0x00,0x00,0x00,
  0x00,0x00,0x20,0x00,0x20,0x00,0x00,0x00,0x00,0x00,0x20,0x00,0x00,0x00,0x00,0x00,
  0xcb,0x5a,0xec,0x5a,0x82,0x08,0xa3,0x10,0xe4,0x18,0xe4,0x18,0xe4,0x18,0xe4,0x18,
  0xe4,0x18,0xe4,0x18,0xe4,0x18,0xe4,0x18,0xe4,0x18,0xe4,0x18,0xe4,0x18,0xe4,0x18,
  0xe4,0x18,0xe4,0x18,0xe4,0x18,0xe4,0x18,0xe4,0x18,0xe4,0x18,0xe4,0x18,0xe4,0x18,
  0xe4,0x18,0xe4,0x18,0xe4,0x18,0xe4,0x18,0xe4,0x18,0xe4,0x18,0xe4,0x18,0xe4,0x18,
  0xe4,0x18,0xe4,0x18,0xe4,0x18,0xe4,0x18,0xe4,0x18,0xe4,0x18,0xe4,0x18,0xe4,0x18,
  0xe4,0x18,0xe4,0x18,0xe4,0x18,0xe4,0x18,0xe4,0x18,0xe4,0x18,0xe4,0x18,0xe4,0x18,
  0xe4,0x18,0xe4,0x18,0xe4,0x18,0xe4,0x18,0xe4,0x18,0xe4,0x18,0xe4,0x18,0xe4,0x18,
  0xe4,0x18,0xe4,0x18,0xe4,0x18,0xe4,0x18,0xe4,0x18,0xe4,0x18,0xe4,0x18,0xe4,0x18,
  0xe4,0x18,0xe4,0x18,0xe4,0x18,0xe4,0x18,0xe4,0x18,0xe4,0x18,0xe4,0x18,0xe4,0x18,
  0xe4,0x18,0xe4,0x18,0xe4,0x18,0xe4,0x18,0xe4,0x18,0xe4,0x18,0xe4,0x18,0xe4,0x18,
  0xe4,0x18,0xe4,0x18,0xe4,0x18,0xe4,0x18,0xe4,0x18,0xe4,0x18,0xe4,0x18,0xe4,0x18,
  0xc4,0x10,0x62,0x08,0xe4,0x18,0x25,0x21,0xa7,0x31,0x0c,0x63,0xc7,0x39,0xaa,0x52,
  0x25,0x29,0x20,0x08,0x00,0x00,0x00,0x00,0x00,0x00,0x00,0x00,0x00,0x00,0x00,0x00,
  0x00,0x00,0x00,0x00,0x00,0x00,0x00,0x00,0x00,0x00,0x00,0x00,0x00,0x00,0x00,0x00,
  0x00,0x00,0x00,0x00,0x00,0x00,0x00,0x00,0x00,0x00,0x00,0x00,0x00,0x00,0x20,0x00,
  0x86,0x31,0x49,0x4a,0x24,0x21,0xcf,0x7b,0x6a,0x4a,0x25,0x21,0x25,0x21,0x62,0x08,
  0xc3,0x10,0xe4,0x18,0xe4,0x18,0xe4,0x18,0xe4,0x18,0xe4,0x18,0xe4,0x18,0xe4,0x18,
  0xe4,0x18,0xe4,0x18,0xe4,0x18,0xe4,0x18,0xe4,0x18,0xe4,0x18,0xe4,0x18,0xe4,0x18,
  0xe4,0x18,0xe4,0x18,0xe4,0x18,0xc3,0x10,0x62,0x08,0x83,0x08,0xa3,0x10,0x45,0x21,
  0x86,0x29,0x45,0x21,0xa3,0x10,0x0c,0x63,0x6e,0x6b,0xe7,0x39,0xa3,0x10,0x49,0x4a,
  0xe7,0x39,0xe3,0x18,0x20,0x00,0x00,0x00,0x00,0x00,0x00,0x00,0x00,0x00,0x00,0x00,
  0x00,0x00,0x00,0x00,0x00,0x00,0x00,0x00,0x00,0x00,0x65,0x29,0xec,0x5a,0x46,0x21,
  0xc4,0x10,0xe4,0x18,0xe4,0x18,0xe4,0x18,0xe4,0x18,0xe4,0x18,0xe4,0x18,0xe4,0x18,
  0xe4,0x18,0xe4,0x18,0xe4,0x18,0xe4,0x18,0xe4,0x18,0xe4,0x18,0xe4,0x18,0xe4,0x18,
  0xe4,0x18,0xe4,0x18,0xe4,0x18,0xe4,0x18,0xe4,0x18,0xe4,0x18,0xe4,0x18,0xe4,0x18,
  0xe4,0x18,0xe4,0x18,0xe4,0x18,0xe4,0x18,0xe4,0x18,0xe4,0x18,0xe4,0x18,0xe4,0x18,
  0xe4,0x18,0xe4,0x18,0xe4,0x18,0xe4,0x18,0xe4,0x18,0xe4,0x18,0xe4,0x18,0xe4,0x18,
  0xe4,0x18,0xe4,0x18,0xe4,0x18,0xe4,0x18,0xe4,0x18,0xe4,0x18,0xe4,0x18,0xe4,0x18,
  0xe4,0x18,0xe4,0x18,0xe4,0x18,0xe4,0x18,0xe4,0x18,0xe4,0x18,0xe4,0x18,0xe4,0x18,
  0xe4,0x18,0xe4,0x18,0xe4,0x18,0xe4,0x18,0xe4,0x18,0xe4,0x18,0xe4,0x18,0xe4,0x18,
  0xe4,0x18,0xe4,0x18,0xe4,0x18,0xe4,0x18,0xe4,0x18,0xe4,0x18,0xe4,0x18,0xe4,0x18,
  0xe4,0x18,0xe4,0x18,0xe4,0x18,0xe4,0x18,0xe4,0x18,0xe4,0x18,0xe4,0x18,0xe4,0x18,
  0xe4,0x18,0xe4,0x18,0xe4,0x18,0xe4,0x18,0xe4,0x18,0xe4,0x18,0xe4,0x18,0xe4,0x18,
  0xe4,0x18,0xc4,0x10,0xc3,0x10,0xc4,0x10,0x62,0x08,0x86,0x29,0xcb,0x5a,0x66,0x29,
  0x66,0x29,0xcf,0x7b,0x08,0x42,0xc3,0x10,0x82,0x10,0x24,0x21,0xc3,0x18,0x82,0x10,
  0x41,0x08,0x20,0x00,0x00,0x00,0x00,0x00,0x00,0x00,0x00,0x00,0x41,0x08,0x82,0x10,
  0xc3,0x18,0x44,0x29,0xe3,0x18,0xe3,0x18,0x69,0x4a,0x51,0x8c,0x29,0x42,0xa7,0x31,
  0x8a,0x4a,0xc4,0x10,0x83,0x08,0xa3,0x10,0xc3,0x10,0xc4,0x10,0xe4,0x18,0xe4,0x18,
  0xe4,0x18,0xe4,0x18,0xe4,0x18,0xe4,0x18,0xe4,0x18,0xe4,0x18,0xe4,0x18,0xe4,0x18,
  0xe4,0x18,0xe4,0x18,0xe4,0x18,0xe4,0x18,0xe4,0x18,0xe4,0x18,0xe4,0x18,0xe4,0x18,
  0xe4,0x18,0xe4,0x18,0xe4,0x18,0xe4,0x18,0xe4,0x18,0xe4,0x18,0xc3,0x10,0xa3,0x10,
  0xc3,0x10,0xe4,0x18,0xa3,0x08,0x83,0x08,0xc3,0x10,0xc4,0x10,0x8a,0x4a,0x29,0x42,
  0x45,0x21,0x25,0x21,0xaf,0x73,0x8a,0x52,0x04,0x21,0x82,0x10,0x24,0x21,0x82,0x10,
  0x20,0x00,0x00,0x00,0xa2,0x10,0x28,0x42,0x08,0x3a,0x66,0x29,0x83,0x08,0xe4,0x18,
  0xe4,0x18,0xe4,0x18,0xe4,0x18,0xe4,0x18,0xe4,0x18,0xe4,0x18,0xe4,0x18,0xe4,0x18,
  0xe4,0x18,0xe4,0x18,0xe4,0x18,0xe4,0x18,0xe4,0x18,0xe4,0x18,0xe4,0x18,0xe4,0x18,
  0xe4,0x18,0xe4,0x18,0xe4,0x18,0xe4,0x18,0xe4,0x18,0xe4,0x18,0xe4,0x18,0xe4,0x18,
  0xe4,0x18,0xe4,0x18,0xe4,0x18,0xe4,0x18,0xe4,0x18,0xe4,0x18,0xe4,0x18,0xe4,0x18,
  0xe4,0x18,0xe4,0x18,0xe4,0x18,0xe4,0x18,0xe4,0x18,0xe4,0x18,0xe4,0x18,0xe4,0x18,
  0xe4,0x18,0xe4,0x18,0xe4,0x18,0xe4,0x18,0xe4,0x18,0xe4,0x18,0xe4,0x18,0xe4,0x18,
  0xe4,0x18,0xe4,0x18,0xe4,0x18,0xe4,0x18,0xe4,0x18,0xe4,0x18,0xe4,0x18,0xe4,0x18,
  0xe4,0x18,0xe4,0x18,0xe4,0x18,0xe4,0x18,0xe4,0x18,0xe4,0x18,0xe4,0x18,0xe4,0x18,
  0xe4,0x18,0xe4,0x18,0xe4,0x18,0xe4,0x18,0xe4,0x18,0xe4,0x18,0xe4,0x18,0xe4,0x18,
  0xe4,0x18,0xe4,0x18,0xe4,0x18,0xe4,0x18,0xe4,0x18,0xe4,0x18,0xe4,0x18,0xe4,0x18,
  0xe4,0x18,0xe4,0x18,0xe4,0x18,0xe4,0x18,0xe4,0x18,0xe4,0x18,0xe4,0x18,0xe4,0x18,
  0xe4,0x18,0xe4,0x18,0xe4,0x18,0xe4,0x18,0xa3,0x10,0x62,0x08,0xa3,0x10,0xe4,0x18,
  0x25,0x21,0x05,0x19,0xa3,0x10,0xe8,0x39,0xcf,0x73,0x8a,0x52,0x08,0x3a,0x86,0x31,
  0x04,0x21,0xc3,0x10,0x82,0x10,0x62,0x08,0xc3,0x10,0x45,0x29,0xe8,0x39,0x8a,0x52,
  0xcf,0x7b,0xab,0x52,0xa3,0x10,0x25,0x21,0x25,0x21,0xe4,0x18,0xa3,0x08,0x82,0x08,
  0xe4,0x18,0xe4,0x18,0xe4,0x18,0xe4,0x18,0xe4,0x18,0xe4,0x18,0xe4,0x18,0xe4,0x18,
  0xe4,0x18,0xe4,0x18,0xe4,0x18,0xe4,0x18,0xe4,0x18,0xe4,0x18,0xe4,0x18,0xe4,0x18,
  0xe4,0x18,0xe4,0x18,0xe4,0x18,0xe4,0x18,0xe4,0x18,0xe4,0x18,0xe4,0x18,0xe4,0x18,
  0xe4,0x18,0xe4,0x18,0xe4,0x18,0xe4,0x18,0xe4,0x18,0xe4,0x18,0xe4,0x18,0xe4,0x18,
  0xe4,0x18,0xe4,0x18,0xe4,0x18,0xe4,0x18,0xe4,0x18,0x82,0x08,0x83,0x08,0xc3,0x10,
  0xe4,0x18,0x25,0x21,0x05,0x19,0xc3,0x10,0xc7,0x31,0x8e,0x73,0x29,0x42,0x04,0x21,
  0x62,0x08,0x49,0x4a,0x49,0x42,0x62,0x08,0xc3,0x10,0xe4,0x18,0xe4,0x18,0xe4,0x18,
  0xe4,0x18,0xe4,0x18,0xe4,0x18,0xe4,0x18,0xe4,0x18,0xe4,0x18,0xe4,0x18,0xe4,0x18,
  0xe4,0x18,0xe4,0x18,0xe4,0x18,0xe4,0x18,0xe4,0x18,0xe4,0x18,0xe4,0x18,0xe4,0x18,
  0xe4,0x18,0xe4,0x18,0xe4,0x18,0xe4,0x18,0xe4,0x18,0xe4,0x18,0xe4,0x18,0xe4,0x18,
  0xe4,0x18,0xe4,0x18,0xe4,0x18,0xe4,0x18,0xe4,0x18,0xe4,0x18,0xe4,0x18,0xe4,0x18,
  0xe4,0x18,0xe4,0x18,0xe4,0x18,0xe4,0x18,0xe4,0x18,0xe4,0x18,0xe4,0x18,0xe4,0x18,
  0xe4,0x18,0xe4,0x18,0xe4,0x18,0xe4,0x18,0xe4,0x18,0xe4,0x18,0xe4,0x18,0xe4,0x18,
  0xe4,0x18,0xe4,0x18,0xe4,0x18,0xe4,0x18,0xe4,0x18,0xe4,0x18,0xe4,0x18,0xe4,0x18,
  0xe4,0x18,0xe4,0x18,0xe4,0x18,0xe4,0x18,0xe4,0x18,0xe4,0x18,0xe4,0x18,0xe4,0x18,
  0xe4,0x18,0xe4,0x18,0xe4,0x18,0xe4,0x18,0xe4,0x18,0xe4,0x18,0xe4,0x18,0xe4,0x18,
  0xe4,0x18,0xe4,0x18,0xe4,0x18,0xe4,0x18,0xe4,0x18,0xe4,0x18,0xe4,0x18,0xe4,0x18,
  0xe4,0x18,0xe4,0x18,0xe4,0x18,0xe4,0x18,0xe4,0x18,0xe4,0x18,0xe4,0x18,0xe4,0x18,
  0xe4,0x18,0xe4,0x18,0xe4,0x18,0xe4,0x18,0xe4,0x18,0xe4,0x18,0xe4,0x18,0xc4,0x10,
  0xc4,0x10,0xe4,0x18,0xa3,0x10,0x62,0x08,0x83,0x08,0xa3,0x10,0xc3,0x10,0xc4,0x10,
  0xe4,0x18,0xe4,0x18,0xe4,0x18,0xe4,0x18,0xc4,0x10,0xa3,0x10,0x83,0x08,0x62,0x08,
  0x83,0x08,0xe4,0x18,0xc4,0x10,0xc4,0x10,0xc4,0x10,0xe4,0x18,0xe4,0x18,0xe4,0x18,
  0xe4,0x18,0xe4,0x18,0xe4,0x18,0xe4,0x18,0xe4,0x18,0xe4,0x18,0xe4,0x18,0xe4,0x18,
  0xe4,0x18,0xe4,0x18,0xe4,0x18,0xe4,0x18,0xe4,0x18,0xe4,0x18,0xe4,0x18,0xe4,0x18,
  0xe4,0x18,0xe4,0x18,0xe4,0x18,0xe4,0x18,0xe4,0x18,0xe4,0x18,0xe4,0x18,0xe4,0x18,
  0xe4,0x18,0xe4,0x18,0xe4,0x18,0xe4,0x18,0xe4,0x18,0xe4,0x18,0xe4,0x18,0xe4,0x18,
  0xe4,0x18,0xe4,0x18,0xe4,0x18,0xe4,0x18,0xe4,0x18,0xe4,0x18,0xe4,0x18,0xe4,0x18,
  0xc4,0x10,0xc4,0x10,0xe4,0x18,0xa3,0x10,0x62,0x08,0xa3,0x10,0xc4,0x10,0xe4,0x18,
  0xa3,0x10,0xa3,0x10,0xe4,0x18,0xe4,0x18,0xe4,0x18,0xe4,0x18,0xe4,0x18,0xe4,0x18,
  0xe4,0x18,0xe4,0x18,0xe4,0x18,0xe4,0x18,0xe4,0x18,0xe4,0x18,0xe4,0x18,0xe4,0x18,
  0xe4,0x18,0xe4,0x18,0xe4,0x18,0xe4,0x18,0xe4,0x18,0xe4,0x18,0xe4,0x18,0xe4,0x18,
  0xe4,0x18,0xe4,0x18,0xe4,0x18,0xe4,0x18,0xe4,0x18,0xe4,0x18,0xe4,0x18,0xe4,0x18,
  0xe4,0x18,0xe4,0x18,0xe4,0x18,0xe4,0x18,0xe4,0x18,0xe4,0x18,0xe4,0x18,0xe4,0x18,
  0xe4,0x18,0xe4,0x18,0xe4,0x18,0xe4,0x18,0xe4,0x18,0xe4,0x18,0xe4,0x18,0xe4,0x18,
  0xe4,0x18,0xe4,0x18,0xe4,0x18,0xe4,0x18,0xe4,0x18,0xe4,0x18,0xe4,0x18,0xe4,0x18,
  0xe4,0x18,0xe4,0x18,0xe4,0x18,0xe4,0x18,0xe4,0x18,0xe4,0x18,0xe4,0x18,0xe4,0x18,
  0xe4,0x18,0xe4,0x18,0xe4,0x18,0xe4,0x18,0xe4,0x18,0xe4,0x18,0xe4,0x18,0xe4,0x18,
  0xe4,0x18,0xe4,0x18,0xe4,0x18,0xe4,0x18,0xe4,0x18,0xe4,0x18,0xe4,0x18,0xe4,0x18,
  0xe4,0x18,0xe4,0x18,0xe4,0x18,0xe4,0x18,0xe4,0x18,0xe4,0x18,0xe4,0x18,0xe4,0x18,
  0xe4,0x18,0xe4,0x18,0xe4,0x18,0xe4,0x18,0xe4,0x18,0xe4,0x18,0xe4,0x18,0xe4,0x18,
  0xe4,0x18,0xe4,0x18,0xe4,0x18,0xe4,0x18,0xe4,0x18,0xe4,0x18,0xe4,0x18,0xe4,0x18,
  0xe4,0x18,0xe4,0x18,0xe4,0x18,0xe4,0x18,0xe4,0x18,0xe4,0x18,0xe4,0x18,0xe4,0x18,
  0xe4,0x18,0xc4,0x18,0xe4,0x18,0xe4,0x18,0xe4,0x18,0xe4,0x18,0xe4,0x18,0xe4,0x18,
  0xe4,0x18,0xe4,0x18,0xe4,0x18,0xe4,0x18,0xe4,0x18,0xe4,0x18,0xe4,0x18,0xe4,0x18,
  0xe4,0x18,0xe4,0x18,0xe4,0x18,0xe4,0x18,0xe4,0x18,0xe4,0x18,0xe4,0x18,0xe4,0x18,
  0xe4,0x18,0xe4,0x18,0xe4,0x18,0xe4,0x18,0xe4,0x18,0xe4,0x18,0xe4,0x18,0xe4,0x18,
  0xe4,0x18,0xe4,0x18,0xe4,0x18,0xe4,0x18,0xe4,0x18,0xe4,0x18,0xe4,0x18,0xe4,0x18,
  0xe4,0x18,0xe4,0x18,0xe4,0x18,0xe4,0x18,0xe4,0x18,0xe4,0x18,0xe4,0x18,0xe4,0x18,
  0xe4,0x18,0xe4,0x18,0xe4,0x18,0xe4,0x18,0xe4,0x18,0xe4,0x18,0xe4,0x18,0xe4,0x18,
  0xe4,0x18,0xe4,0x18,0xe4,0x18,0xe4,0x18,0xe4,0x18,0xe4,0x18,0xc4,0x18,0xe4,0x18,
  0xe4,0x18,0xe4,0x18,0xe4,0x18,0xe4,0x18,0xe4,0x18,0xe4,0x18,0xe4,0x18,0xe4,0x18,
  0xe4,0x18,0xe4,0x18,0xe4,0x18,0xe4,0x18,0xe4,0x18,0xe4,0x18,0xe4,0x18,0xe4,0x18,
  0xe4,0x18,0xe4,0x18,0xe4,0x18,0xe4,0x18,0xe4,0x18,0xe4,0x18,0xe4,0x18,0xe4,0x18,
  0xe4,0x18,0xe4,0x18,0xe4,0x18,0xe4,0x18,0xe4,0x18,0xe4,0x18,0xe4,0x18,0xe4,0x18,
  0xe4,0x18,0xe4,0x18,0xe4,0x18,0xe4,0x18,0xe4,0x18,0xe4,0x18,0xe4,0x18,0xe4,0x18,
  0xe4,0x18,0xe4,0x18,0xe4,0x18,0xe4,0x18,0xe4,0x18,0xe4,0x18,0xe4,0x18,0xe4,0x18,
  0xe4,0x18,0xe4,0x18,0xe4,0x18,0xe4,0x18,0xe4,0x18,0xe4,0x18,0xe4,0x18,0xe4,0x18,
  0xe4,0x18,0xe4,0x18,0xe4,0x18,0xe4,0x18,0xe4,0x18,0xe4,0x18,0xe4,0x18,0xe4,0x18,
  0xe4,0x18,0xe4,0x18,0xe4,0x18,0xe4,0x18,0xe4,0x18,0xe4,0x18,0xe4,0x18,0xe4,0x18,
  0xe4,0x18,0xe4,0x18,0xe4,0x18,0xe4,0x18,0xe4,0x18,0xe4,0x18,0xe4,0x18,0xe4,0x18,
  0xe4,0x18,0xe4,0x18,0xe4,0x18,0xe4,0x18,0xe4,0x18,0xe4,0x18,0xe4,0x18,0xe4,0x18,
  0xe4,0x18,0xe4,0x18,0xe4,0x18,0xe4,0x18,0xe4,0x18,0xe4,0x18,0xe4,0x18,0xe4,0x18,
  0xe4,0x18,0xe4,0x18,0xe4,0x18,0xe4,0x18,0xe4,0x18,0xe4,0x18,0xe4,0x18,0xe4,0x18,
  0xe4,0x18,0xe4,0x18,0xe4,0x18,0xe4,0x18,0xe4,0x18,0xe4,0x18,0xe4,0x18,0xe4,0x18,
  0xe4,0x18,0xe4,0x18,0xe4,0x18,0xe4,0x18,0xe4,0x18,0xe4,0x18,0xe4,0x18,0xe4,0x18,
  0xe4,0x18,0xe4,0x18,0xe4,0x18,0xe4,0x18,0xe4,0x18,0xe4,0x18,0xe4,0x18,0xe4,0x18,
  0xe4,0x18,0xe4,0x18,0xe4,0x18,0xe4,0x18,0xe4,0x18,0xe4,0x18,0xe4,0x18,0xe4,0x18,
  0xe4,0x18,0xe4,0x18,0xe4,0x18,0xe4,0x18,0xe4,0x18,0xe4,0x18,0xe4,0x18,0xe4,0x18,
  0xe4,0x18,0xe4,0x18,0xe4,0x18,0xe4,0x18,0xe4,0x18,0xe4,0x18,0xe4,0x18,0xe4,0x18,
  0xe4,0x18,0xe4,0x18,0xe4,0x18,0xe4,0x18,0xe4,0x18,0xe4,0x18,0xe4,0x18,0xe4,0x18,
  0xe4,0x18,0xe4,0x18,0xe4,0x18,0xe4,0x18,0xe4,0x18,0xe4,0x18,0xe4,0x18,0xe4,0x18,
  0xe4,0x18,0xe4,0x18,0xe4,0x18,0xe4,0x18,0xe4,0x18,0xe4,0x18,0xe4,0x18,0xe4,0x18,
  0xe4,0x18,0xe4,0x18,0xe4,0x18,0xe4,0x18,0xe4,0x18,0xe4,0x18,0xe4,0x18,0xe4,0x18,
  0xe4,0x18,0xe4,0x18,0xe4,0x18,0xe4,0x18,0xe4,0x18,0xe4,0x18,0xe4,0x18,0xe4,0x18,
  0xe4,0x18,0xe4,0x18,0xe4,0x18,0xe4,0x18,0xe4,0x18,0xe4,0x18,0xe4,0x18,0xe4,0x18,
  0xe4,0x18,0xe4,0x18,0xe4,0x18,0xe4,0x18,0xe4,0x18,0xe4,0x18,0xe4,0x18,0xe4,0x18,
  0xe4,0x18,0xe4,0x18,0xe4,0x18,0xe4,0x18,0xe4,0x18,0xe4,0x18,0xe4,0x18,0xe4,0x18,
  0xe4,0x18,0xe4,0x18,0xe4,0x18,0xe4,0x18,0xe4,0x18,0xe4,0x18,0xe4,0x18,0xe4,0x18,
  0xe4,0x18,0xe4,0x18,0xe4,0x18,0xe4,0x18,0xe4,0x18,0xe4,0x18,0xe4,0x18,0xe4,0x18,
  0xe4,0x18,0xe4,0x18,0xe4,0x18,0xe4,0x18,0xe4,0x18,0xe4,0x18,0xe4,0x18,0xe4,0x18,
  0xe4,0x18,0xe4,0x18,0xe4,0x18,0xe4,0x18,0xe4,0x18,0xe4,0x18,0xe4,0x18,0xe4,0x18,
  0xe4,0x18,0xe4,0x18,0xe4,0x18,0xe4,0x18,0xe4,0x18,0xe4,0x18,0xe4,0x18,0xe4,0x18,
  0xe4,0x18,0xe4,0x18,0xe4,0x18,0xe4,0x18,0xe4,0x18,0xe4,0x18,0xe4,0x18,0xe4,0x18,
  0xe4,0x18,0xe4,0x18,0xe4,0x18,0xe4,0x18,0xe4,0x18,0xe4,0x18,0xe4,0x18,0xe4,0x18,
  0xe4,0x18,0xe4,0x18,0xe4,0x18,0xe4,0x18,0xe4,0x18,0xe4,0x18,0xe4,0x18,0xe4,0x18,
  0xe4,0x18,0xe4,0x18,0xe4,0x18,0xe4,0x18,0xe4,0x18,0xe4,0x18,0xe4,0x18,0xe4,0x18,
  0xe4,0x18,0xe4,0x18,0xe4,0x18,0xe4,0x18,0xe4,0x18,0xe4,0x18,0xe4,0x18,0xe4,0x18,
  0xe4,0x18,0xe4,0x18,0xe4,0x18,0xe4,0x18,0xe4,0x18,0xe4,0x18,0xe4,0x18,0xe4,0x18,
  0xe4,0x18,0xe4,0x18,0xe4,0x18,0xe4,0x18,0xe4,0x18,0xe4,0x18,0xe4,0x18,0xe4,0x18,
  0xe4,0x18,0xe4,0x18,0xe4,0x18,0xe4,0x18,0xe4,0x18,0xe4,0x18,0xe4,0x18,0xe4,0x18,
  0xe4,0x18,0xe4,0x18,0xe4,0x18,0xe4,0x18,0xe4,0x18,0xe4,0x18,0xe4,0x18,0xe4,0x18,
  0xe4,0x18,0xe4,0x18,0xe4,0x18,0xe4,0x18,0xe4,0x18,0xe4,0x18,0xe4,0x18,0xe4,0x18,
  0xe4,0x18,0xe4,0x18,0xe4,0x18,0xe4,0x18,0xe4,0x18,0xe4,0x18,0xe4,0x18,0xe4,0x18,
  0xe4,0x18,0xe4,0x18,0xe4,0x18,0xe4,0x18,0xe4,0x18,0xe4,0x18,0xe4,0x18,0xe4,0x18,
  0xe4,0x18,0xe4,0x18,0xe4,0x18,0xe4,0x18,0xe4,0x18,0xe4,0x18,0xe4,0x18,0xe4,0x18,
  0xe4,0x18,0xe4,0x18,0xe4,0x18,0xe4,0x18,0xe4,0x18,0xe4,0x18,0xe4,0x18,0xe4,0x18,
  0xe4,0x18,0xe4,0x18,0xe4,0x18,0xe4,0x18,0xe4,0x18,0xe4,0x18,0xe4,0x18,0xe4,0x18,
  0xe4,0x18,0xe4,0x18,0xe4,0x18,0xe4,0x18,0xe4,0x18,0xe4,0x18,0xe4,0x18,0xe4,0x18,
  0xe4,0x18,0xe4,0x18,0xe4,0x18,0xe4,0x18,0xe4,0x18,0xe4,0x18,0xe4,0x18,0xe4,0x18,
  0xe4,0x18,0xe4,0x18,0xe4,0x18,0xe4,0x18,0xe4,0x18,0xe4,0x18,0xe4,0x18,0xe4,0x18,
  0xe4,0x18,0xe4,0x18,0xe4,0x18,0xe4,0x18,0xe4,0x18,0xe4,0x18,0xe4,0x18,0xe4,0x18,
  0xe4,0x18,0xe4,0x18,0xe4,0x18,0xe4,0x18,0xe4,0x18,0xe4,0x18,0xe4,0x18,0xe4,0x18,
  0xe4,0x18,0xe4,0x18,0xe4,0x18,0xe4,0x18,0xe4,0x18,0xe4,0x18,0xe4,0x18,0xe4,0x18,
  0xe4,0x18,0xe4,0x18,0xe4,0x18,0xe4,0x18,0xe4,0x18,0xe4,0x18,0xe4,0x18,0xe4,0x18,
  0xe4,0x18,0xe4,0x18,0xe4,0x18,0xe4,0x18,0xe4,0x18,0xe4,0x18,0xe4,0x18,0xe4,0x18,
  0xe4,0x18,0xe4,0x18,0xe4,0x18,0xe4,0x18,0xe4,0x18,0xe4,0x18,0xe4,0x18,0xe4,0x18,
  0xe4,0x18,0xe4,0x18,0xe4,0x18,0xe4,0x18,0xe4,0x18,0xe4,0x18,0xe4,0x18,0xe4,0x18,
  0xe4,0x18,0xe4,0x18,0xe4,0x18,0xe4,0x18,0xe4,0x18,0xe4,0x18,0xe4,0x18,0xe4,0x18,
  0xe4,0x18,0xe4,0x18,0xe4,0x18,0xe4,0x18,0xe4,0x18,0xe4,0x18,0xe4,0x18,0xe4,0x18,
  0xe4,0x18,0xe4,0x18,0xe4,0x18,0xe4,0x18,0xe4,0x18,0xe4,0x18,0xe4,0x18,0xe4,0x18,
  0xe4,0x18,0xe4,0x18,0xe4,0x18,0xe4,0x18,0xe4,0x18,0xe4,0x18,0xe4,0x18,0xe4,0x18,
  0xe4,0x18,0xe4,0x18,0xe4,0x18,0xe4,0x18,0xe4,0x18,0xe4,0x18,0xe4,0x18,0xe4,0x18,
  0xe4,0x18,0xe4,0x18,0xe4,0x18,0xe4,0x18,0xe4,0x18,0xe4,0x18,0xe4,0x18,0xe4,0x18,
  0xe4,0x18,0xe4,0x18,0xe4,0x18,0xe4,0x18,0xe4,0x18,0xe4,0x18,0xe4,0x18,0xe4,0x18,
  0xe4,0x18,0xe4,0x18,0xe4,0x18,0xe4,0x18,0xe4,0x18,0xe4,0x18,0xe4,0x18,0xe4,0x18,
  0xe4,0x18,0xe4,0x18,0xe4,0x18,0xe4,0x18,0xe4,0x18,0xe4,0x18,0xe4,0x18,0xe4,0x18,
  0xe4,0x18,0xe4,0x18,0xe4,0x18,0xe4,0x18,0xe4,0x18,0xe4,0x18,0xe4,0x18,0xe4,0x18,
  0xe4,0x18,0xe4,0x18,0xe4,0x18,0xe4,0x18,0xe4,0x18,0xe4,0x18,0xe4,0x18,0xe4,0x18,
  0xe4,0x18,0xe4,0x18,0xe4,0x18,0xe4,0x18,0xe4,0x18,0xe4,0x18,0xe4,0x18,0xe4,0x18,
  0xe4,0x18,0xe4,0x18,0xe4,0x18,0xe4,0x18,0xe4,0x18,0xe4,0x18,0xe4,0x18,0xe4,0x18,
  0xe4,0x18,0xe4,0x18,0xe4,0x18,0xe4,0x18,0xe4,0x18,0xe4,0x18,0xe4,0x18,0xe4,0x18,
  0xe4,0x18,0xe4,0x18,0xe4,0x18,0xe4,0x18,0xe4,0x18,0xe4,0x18,0xe4,0x18,0xe4,0x18,
  0xe4,0x18,0xe4,0x18,0xe4,0x18,0xe4,0x18,0xe4,0x18,0xe4,0x18,0xe4,0x18,0xe4,0x18,
  0xe4,0x18,0xe4,0x18,0xe4,0x18,0xe4,0x18,0xe4,0x18,0xe4,0x18,0xe4,0x18,0xe4,0x18,
  0xe4,0x18,0xe4,0x18,0xe4,0x18,0xe4,0x18,0xe4,0x18,0xe4,0x18,0xe4,0x18,0xe4,0x18,
  0xe4,0x18,0xe4,0x18,0xe4,0x18,0xe4,0x18,0xe4,0x18,0xe4,0x18,0xe4,0x18,0xe4,0x18,
  0xe4,0x18,0xe4,0x18,0xe4,0x18,0xe4,0x18,0xe4,0x18,0xe4,0x18,0xe4,0x18,0xe4,0x18,
  0xe4,0x18,0xe4,0x18,0xe4,0x18,0xe4,0x18,0xe4,0x18,0xe4,0x18,0xe4,0x18,0xe4,0x18,
  0xe4,0x18,0xe4,0x18,0xe4,0x18,0xe4,0x18,0xe4,0x18,0xe4,0x18,0xe4,0x18,0xe4,0x18,
  0xe4,0x18,0xe4,0x18,0xe4,0x18,0xe4,0x18,0xe4,0x18,0xe4,0x18,0xe4,0x18,0xe4,0x18,
  0xe4,0x18,0xe4,0x18,0xe4,0x18,0xe4,0x18,0xe4,0x18,0xe4,0x18,0xe4,0x18,0xe4,0x18,
  0xe4,0x18,0xe4,0x18,0xe4,0x18,0xe4,0x18,0xe4,0x18,0xe4,0x18,0xe4,0x18,0xe4,0x18,
  0xe4,0x18,0xe4,0x18,0xe4,0x18,0xe4,0x18,0xe4,0x18,0xe4,0x18,0xe4,0x18,0xe4,0x18,
  0xe4,0x18,0xe4,0x18,0xe4,0x18,0xe4,0x18,0xe4,0x18,0xe4,0x18,0xe4,0x18,0xe4,0x18,
  0xe4,0x18,0xe4,0x18,0xe4,0x18,0xe4,0x18,0xe4,0x18,0xe4,0x18,0xe4,0x18,0xe4,0x18,
  0xe4,0x18,0xe4,0x18,0xe4,0x18,0xe4,0x18,0xe4,0x18,0xe4,0x18,0xe4,0x18,0xe4,0x18,
  0xe4,0x18,0xe4,0x18,0xe4,0x18,0xe4,0x18,0xe4,0x18,0xe4,0x18,0xe4,0x18,0xe4,0x18,
  0xe4,0x18,0xe4,0x18,0xe4,0x18,0xe4,0x18,0xe4,0x18,0xe4,0x18,0xe4,0x18,0xe4,0x18,
  0xe4,0x18,0xe4,0x18,0xe4,0x18,0xe4,0x18,0xe4,0x18,0xe4,0x18,0xe4,0x18,0xe4,0x18,
  0xe4,0x18,0xe4,0x18,0xe4,0x18,0xe4,0x18,0xe4,0x18,0xe4,0x18,0xe4,0x18,0xe4,0x18,
  0xe4,0x18,0xe4,0x18,0xe4,0x18,0xe4,0x18,0xe4,0x18,0xe4,0x18,0xe4,0x18,0xe4,0x18,
  0xe4,0x18,0xe4,0x18,0xe4,0x18,0xe4,0x18,0xe4,0x18,0xe4,0x18,0xe4,0x18,0xe4,0x18,
  0xe4,0x18,0xe4,0x18,0xe4,0x18,0xe4,0x18,0xe4,0x18,0xe4,0x18,0xe4,0x18,0xe4,0x18,
  0xe4,0x18,0xe4,0x18,0xe4,0x18,0xe4,0x18,0xe4,0x18,0xe4,0x18,0xe4,0x18,0xe4,0x18,
  0xe4,0x18,0xe4,0x18,0xe4,0x18,0xe4,0x18,0xe4,0x18,0xe4,0x18,0xe4,0x18,0xe4,0x18,
  0xe4,0x18,0xe4,0x18,0xe4,0x18,0xe4,0x18,0xe4,0x18,0xe4,0x18,0xe4,0x18,0xe4,0x18,
  0xe4,0x18,0xe4,0x18,0xe4,0x18,0xe4,0x18,0xe4,0x18,0xe4,0x18,0xe4,0x18,0xe4,0x18,
  0xe4,0x18,0xe4,0x18,0xe4,0x18,0xe4,0x18,0xe4,0x18,0xe4,0x18,0xe4,0x18,0xe4,0x18,
  0xe4,0x18,0xe4,0x18,0xe4,0x18,0xe4,0x18,0xe4,0x18,0xe4,0x18,0xe4,0x18,0xe4,0x18,
  0xe4,0x18,0xe4,0x18,0xe4,0x18,0xe4,0x18,0xe4,0x18,0xe4,0x18,0xe4,0x18,0xe4,0x18,
  0xe4,0x18,0xe4,0x18,0xe4,0x18,0xe4,0x18,0xe4,0x18,0xe4,0x18,0xe4,0x18,0xe4,0x18,
  0xe4,0x18,0xe4,0x18,0xe4,0x18,0xe4,0x18,0xe4,0x18,0xe4,0x18,0xe4,0x18,0xe4,0x18,
  0xe4,0x18,0xe4,0x18,0xe4,0x18,0xe4,0x18,0xe4,0x18,0xe4,0x18,0xe4,0x18,0xe4,0x18,
  0xe4,0x18,0xe4,0x18,0xe4,0x18,0xe4,0x18,0xe4,0x18,0xe4,0x18,0xe4,0x18,0xe4,0x18,
  0xe4,0x18,0xe4,0x18,0xe4,0x18,0xe4,0x18,0xe4,0x18,0xe4,0x18,0xe4,0x18,0xe4,0x18,
  0xe4,0x18,0xe4,0x18,0xe4,0x18,0xe4,0x18,0xe4,0x18,0xe4,0x18,0xe4,0x18,0xe4,0x18,
  0xe4,0x18,0xe4,0x18,0xe4,0x18,0xe4,0x18,0xe4,0x18,0xe4,0x18,0xe4,0x18,0xe4,0x18,
  0xe4,0x18,0xe4,0x18,0xe4,0x18,0xe4,0x18,0xe4,0x18,0xe4,0x18,0xe4,0x18,0xe4,0x18,
  0xe4,0x18,0xe4,0x18,0xe4,0x18,0xe4,0x18,0xe4,0x18,0xe4,0x18,0xe4,0x18,0xe4,0x18,
  0xe4,0x18,0xe4,0x18,0xe4,0x18,0xe4,0x18,0xe4,0x18,0xe4,0x18,0xe4,0x18,0xe4,0x18,
  0xe4,0x18,0xe4,0x18,0xe4,0x18,0xe4,0x18,0xe4,0x18,0xe4,0x18,0xe4,0x18,0xe4,0x18,
  0xe4,0x18,0xe4,0x18,0xe4,0x18,0xe4,0x18,0xe4,0x18,0xe4,0x18,0xe4,0x18,0xe4,0x18,
  0xe4,0x18,0xe4,0x18,0xe4,0x18,0xe4,0x18,0xe4,0x18,0xe4,0x18,0xe4,0x18,0xe4,0x18,
  0xe4,0x18,0xe4,0x18,0xe4,0x18,0xe4,0x18,0xe4,0x18,0xe4,0x18,0xe4,0x18,0xe4,0x18,
  0xe4,0x18,0xe4,0x18,0xe4,0x18,0xe4,0x18,0xe4,0x18,0xe4,0x18,0xe4,0x18,0xe4,0x18,
  0xe4,0x18,0xe4,0x18,0xe4,0x18,0xe4,0x18,0xe4,0x18,0xe4,0x18,0xe4,0x18,0xe4,0x18,
  0xe4,0x18,0xe4,0x18,0xe4,0x18,0xe4,0x18,0xe4,0x18,0xe4,0x18,0xe4,0x18,0xe4,0x18,
  0xe4,0x18,0xe4,0x18,0xe4,0x18,0xe4,0x18,0xe4,0x18,0xe4,0x18,0xe4,0x18,0xe4,0x18,
  0xe4,0x18,0xe4,0x18,0xe4,0x18,0xe4,0x18,0xe4,0x18,0xe4,0x18,0xe4,0x18,0xe4,0x18,
  0xe4,0x18,0xe4,0x18,0xe4,0x18,0xe4,0x18,0xe4,0x18,0xe4,0x18,0xe4,0x18,0xe4,0x18,
  0xe4,0x18,0xe4,0x18,0xe4,0x18,0xe4,0x18,0xe4,0x18,0xe4,0x18,0xe4,0x18,0xe4,0x18,
  0xe4,0x18,0xe4,0x18,0xe4,0x18,0xe4,0x18,0xe4,0x18,0xe4,0x18,0xe4,0x18,0xe4,0x18,
  0xe4,0x18,0xe4,0x18,0xe4,0x18,0xe4,0x18,0xe4,0x18,0xe4,0x18,0xe4,0x18,0xe4,0x18,
  0xe4,0x18,0xe4,0x18,0xe4,0x18,0xe4,0x18,0xe4,0x18,0xe4,0x18,0xe4,0x18,0xe4,0x18,
  0xe4,0x18,0xe4,0x18,0xe4,0x18,0xe4,0x18,0xe4,0x18,0xe4,0x18,0xe4,0x18,0xe4,0x18,
  0xe4,0x18,0xe4,0x18,0xe4,0x18,0xe4,0x18,0xe4,0x18,0xe4,0x18,0xe4,0x18,0xe4,0x18,
  0xe4,0x18,0xe4,0x18,0xe4,0x18,0xe4,0x18,0xe4,0x18,0xe4,0x18,0xe4,0x18,0xe4,0x18,
  0xe4,0x18,0xe4,0x18,0xe4,0x18,0xe4,0x18,0xe4,0x18,0xe4,0x18,0xe4,0x18,0xe4,0x18,
  0xe4,0x18,0xe4,0x18,0xe4,0x18,0xe4,0x18,0xe4,0x18,0xe4,0x18,0xe4,0x18,0xe4,0x18,
  0xe4,0x18,0xe4,0x18,0xe4,0x18,0xe4,0x18,0xe4,0x18,0xe4,0x18,0xe4,0x18,0xe4,0x18,
  0xe4,0x18,0xe4,0x18,0xe4,0x18,0xe4,0x18,0xe4,0x18,0xe4,0x18,0xe4,0x18,0xe4,0x18,
  0xe4,0x18,0xe4,0x18,0xe4,0x18,0xe4,0x18,0xe4,0x18,0xe4,0x18,0xe4,0x18,0xe4,0x18,
  0xe4,0x18,0xe4,0x18,0xe4,0x18,0xe4,0x18,0xe4,0x18,0xe4,0x18,0xe4,0x18,0xe4,0x18,
  0xe4,0x18,0xe4,0x18,0xe4,0x18,0xe4,0x18,0xe4,0x18,0xe4,0x18,0xe4,0x18,0xe4,0x18,
  0xe4,0x18,0xe4,0x18,0xe4,0x18,0xe4,0x18,0xe4,0x18,0xe4,0x18,0xe4,0x18,0xe4,0x18,
  0xe4,0x18,0xe4,0x18,0xe4,0x18,0xe4,0x18,0xe4,0x18,0xe4,0x18,0xe4,0x18,0xe4,0x18,
  0xe4,0x18,0xe4,0x18,0xe4,0x18,0xe4,0x18,0xe4,0x18,0xe4,0x18,0xe4,0x18,0xe4,0x18,
  0xe4,0x18,0xe4,0x18,0xe4,0x18,0xe4,0x18,0xe4,0x18,0xe4,0x18,0xe4,0x18,0xe4,0x18,
  0xe4,0x18,0xe4,0x18,0xe4,0x18,0xe4,0x18,0xe4,0x18,0xe4,0x18,0xe4,0x18,0xe4,0x18,
  0xe4,0x18,0xe4,0x18,0xe4,0x18,0xe4,0x18,0xe4,0x18,0xe4,0x18,0xe4,0x18,0xe4,0x18,
  0xe4,0x18,0xe4,0x18,0xe4,0x18,0xe4,0x18,0xe4,0x18,0xe4,0x18,0xe4,0x18,0xe4,0x18,
  0xe4,0x18,0xe4,0x18,0xe4,0x18,0xe4,0x18,0xe4,0x18,0xe4,0x18,0xe4,0x18,0xe4,0x18,
  0xe4,0x18,0xe4,0x18,0xe4,0x18,0xe4,0x18,0xe4,0x18,0xe4,0x18,0xe4,0x18,0xe4,0x18,
  0xe4,0x18,0xe4,0x18,0xe4,0x18,0xe4,0x18,0xe4,0x18,0xe4,0x18,0xe4,0x18,0xe4,0x18,
  0xe4,0x18,0xe4,0x18,0xe4,0x18,0xe4,0x18,0xe4,0x18,0xe4,0x18,0xe4,0x18,0xe4,0x18,
  0xe4,0x18,0xe4,0x18,0xe4,0x18,0xe4,0x18,0xe4,0x18,0xe4,0x18,0xe4,0x18,0xe4,0x18,
  0xe4,0x18,0xe4,0x18,0xe4,0x18,0xe4,0x18,0xe4,0x18,0xe4,0x18,0xe4,0x18,0xe4,0x18,
  0xe4,0x18,0xe4,0x18,0xe4,0x18,0xe4,0x18,0xe4,0x18,0xe4,0x18,0xe4,0x18,0xe4,0x18,
  0xe4,0x18,0xe4,0x18,0xe4,0x18,0xe4,0x18,0xe4,0x18,0xe4,0x18,0xe4,0x18,0xe4,0x18,
  0xe4,0x18,0xe4,0x18,0xe4,0x18,0xe4,0x18,0xe4,0x18,0xe4,0x18,0xe4,0x18,0xe4,0x18,
  0xe4,0x18,0xe4,0x18,0xe4,0x18,0xe4,0x18,0xe4,0x18,0xe4,0x18,0xe4,0x18,0xe4,0x18,
  0xe4,0x18,0xe4,0x18,0xe4,0x18,0xe4,0x18,0xe4,0x18,0xe4,0x18,0xe4,0x18,0xe4,0x18,
  0xe4,0x18,0xe4,0x18,0xe4,0x18,0xe4,0x18,0xe4,0x18,0xe4,0x18,0xe4,0x18,0xe4,0x18,
  0xe4,0x18,0xe4,0x18,0xe4,0x18,0xe4,0x18,0xe4,0x18,0xe4,0x18,0xe4,0x18,0xe4,0x18,
  0xe4,0x18,0xe4,0x18,0xe4,0x18,0xe4,0x18,0xe4,0x18,0xe4,0x18,0xe4,0x18,0xe4,0x18,
  0xe4,0x18,0xe4,0x18,0xe4,0x18,0xe4,0x18,0xe4,0x18,0xe4,0x18,0xe4,0x18,0xe4,0x18,
  0xe4,0x18,0xe4,0x18,0xe4,0x18,0xe4,0x18,0xe4,0x18,0xe4,0x18,0xe4,0x18,0xe4,0x18,
  0xe4,0x18,0xe4,0x18,0xe4,0x18,0xe4,0x18,0xe4,0x18,0xe4,0x18,0xe4,0x18,0xe4,0x18,
  0xe4,0x18,0xe4,0x18,0xe4,0x18,0xe4,0x18,0xe4,0x18,0xe4,0x18,0xe4,0x18,0xe4,0x18,
  0xe4,0x18,0xe4,0x18,0xe4,0x18,0xe4,0x18,0xe4,0x18,0xe4,0x18,0xe4,0x18,0xe4,0x18,
  0xe4,0x18,
};
const lv_img_dsc_t img_dream = {
  .header = { .cf = LV_IMG_CF_TRUE_COLOR, .always_zero = 0,
              .reserved = 0, .w = 175, .h = 175 },
  .data_size = 61250,
  .data = img_dream_map,
};
