#pragma once
// ==========================================================
//  fan_tile_img.h - the ceiling fan tile, off / on, 200x200
//
//  Made from Shemi's photograph of the real ceiling fan.
//  OFF: light dark and the room dimmed.  ON: the centre light
//  glows warm.  The fan tile swaps between the two, exactly
//  like the AC tile swaps its two remote photos.
//
//  Byte order is LITTLE endian, low byte first, same as the
//  other tile headers.
// ==========================================================
#include <Arduino.h>
#include <lvgl.h>

const uint8_t img_fantile_off_map[] = {
  0x49,0x4a,0x49,0x4a,0x49,0x4a,0x49,0x4a,0x49,0x4a,0x49,0x4a,0x49,0x4a,0x49,0x4a,
  0x49,0x4a,0x49,0x4a,0x49,0x4a,0x49,0x4a,0x49,0x4a,0x49,0x4a,0x49,0x4a,0x49,0x4a,
  0x49,0x4a,0x49,0x4a,0x49,0x4a,0x49,0x4a,0x49,0x4a,0x49,0x4a,0x49,0x4a,0x49,0x4a,
  0x49,0x42,0x49,0x4a,0x49,0x4a,0x49,0x4a,0x49,0x4a,0x49,0x4a,0x49,0x4a,0x49,0x4a,
  0x49,0x4a,0x49,0x4a,0x49,0x4a,0x49,0x4a,0x49,0x4a,0x49,0x4a,0x49,0x4a,0x49,0x4a,
  0x49,0x4a,0x49,0x4a,0x49,0x4a,0x49,0x4a,0x49,0x4a,0x49,0x4a,0x49,0x4a,0x49,0x4a,
  0x49,0x4a,0x49,0x4a,0x49,0x4a,0x49,0x4a,0x49,0x4a,0x49,0x4a,0x49,0x4a,0x49,0x4a,
  0x49,0x4a,0x49,0x4a,0x49,0x4a,0x49,0x4a,0x49,0x4a,0x49,0x4a,0x49,0x4a,0x49,0x4a,
  0x49,0x4a,0x49,0x4a,0x49,0x4a,0x49,0x4a,0x49,0x4a,0x49,0x4a,0x49,0x4a,0x49,0x4a,
  0x49,0x4a,0x49,0x4a,0x49,0x4a,0x49,0x4a,0x49,0x4a,0x49,0x4a,0x49,0x4a,0x49,0x4a,
  0x49,0x4a,0x49,0x4a,0x49,0x4a,0x49,0x4a,0x49,0x4a,0x49,0x4a,0x49,0x4a,0x49,0x4a,
  0x49,0x4a,0x49,0x4a,0x49,0x4a,0x49,0x4a,0x49,0x4a,0x49,0x4a,0x49,0x4a,0x49,0x4a,
  0x49,0x4a,0x49,0x4a,0x49,0x4a,0x49,0x4a,0x49,0x4a,0x49,0x4a,0x49,0x4a,0x49,0x4a,
  0x49,0x4a,0x49,0x4a,0x49,0x4a,0x49,0x4a,0x49,0x4a,0x49,0x4a,0x49,0x4a,0x49,0x4a,
  0x49,0x4a,0x49,0x4a,0x49,0x4a,0x49,0x4a,0x49,0x4a,0x49,0x4a,0x49,0x4a,0x49,0x4a,
  0x49,0x4a,0x49,0x4a,0x49,0x4a,0x49,0x4a,0x49,0x4a,0x49,0x4a,0x49,0x4a,0x49,0x4a,
  0x49,0x4a,0x49,0x4a,0x49,0x4a,0x49,0x4a,0x49,0x4a,0x49,0x4a,0x49,0x4a,0x49,0x4a,
  0x49,0x4a,0x49,0x42,0x49,0x4a,0x49,0x4a,0x49,0x4a,0x49,0x4a,0x49,0x4a,0x49,0x4a,
  0x49,0x4a,0x49,0x4a,0x49,0x42,0x49,0x42,0x49,0x4a,0x49,0x4a,0x49,0x42,0x49,0x4a,
  0x49,0x4a,0x49,0x4a,0x49,0x4a,0x49,0x4a,0x49,0x4a,0x49,0x4a,0x49,0x4a,0x49,0x4a,
  0x49,0x4a,0x49,0x4a,0x49,0x4a,0x49,0x4a,0x49,0x4a,0x49,0x4a,0x49,0x4a,0x49,0x4a,
  0x49,0x4a,0x49,0x4a,0x49,0x4a,0x49,0x4a,0x49,0x4a,0x49,0x4a,0x49,0x4a,0x49,0x42,
  0x49,0x42,0x49,0x42,0x49,0x42,0x49,0x42,0x49,0x42,0x49,0x4a,0x49,0x4a,0x49,0x4a,
  0x49,0x4a,0x49,0x4a,0x49,0x42,0x49,0x4a,0x49,0x4a,0x49,0x4a,0x49,0x4a,0x49,0x4a,
  0x49,0x4a,0x49,0x4a,0x49,0x4a,0x49,0x4a,0x49,0x4a,0x49,0x4a,0x49,0x4a,0x49,0x4a,
  0x49,0x4a,0x49,0x4a,0x49,0x4a,0x49,0x4a,0x49,0x4a,0x49,0x4a,0x49,0x4a,0x49,0x4a,
  0x49,0x42,0x49,0x4a,0x49,0x4a,0x49,0x4a,0x49,0x4a,0x49,0x4a,0x49,0x4a,0x49,0x4a,
  0x49,0x4a,0x49,0x4a,0x49,0x4a,0x49,0x4a,0x49,0x4a,0x49,0x4a,0x49,0x4a,0x49,0x4a,
  0x49,0x42,0x49,0x4a,0x49,0x4a,0x49,0x4a,0x49,0x4a,0x49,0x4a,0x49,0x4a,0x49,0x4a,
  0x49,0x4a,0x49,0x4a,0x49,0x4a,0x49,0x4a,0x49,0x4a,0x49,0x4a,0x49,0x4a,0x49,0x4a,
  0x49,0x4a,0x49,0x4a,0x49,0x4a,0x49,0x4a,0x49,0x4a,0x49,0x4a,0x49,0x4a,0x49,0x4a,
  0x49,0x4a,0x49,0x4a,0x49,0x4a,0x49,0x4a,0x49,0x4a,0x49,0x4a,0x49,0x4a,0x49,0x4a,
  0x49,0x4a,0x49,0x4a,0x49,0x4a,0x49,0x4a,0x49,0x4a,0x49,0x4a,0x49,0x4a,0x49,0x4a,
  0x49,0x4a,0x49,0x4a,0x49,0x4a,0x49,0x4a,0x49,0x4a,0x49,0x4a,0x49,0x4a,0x49,0x4a,
  0x49,0x4a,0x49,0x4a,0x49,0x4a,0x49,0x4a,0x49,0x4a,0x49,0x4a,0x49,0x4a,0x49,0x4a,
  0x49,0x4a,0x49,0x4a,0x49,0x4a,0x49,0x4a,0x49,0x4a,0x49,0x4a,0x49,0x4a,0x49,0x4a,
  0x49,0x4a,0x49,0x4a,0x49,0x4a,0x49,0x4a,0x49,0x4a,0x49,0x4a,0x49,0x4a,0x49,0x4a,
  0x49,0x4a,0x49,0x4a,0x49,0x4a,0x49,0x4a,0x49,0x4a,0x49,0x4a,0x49,0x4a,0x49,0x4a,
  0x49,0x4a,0x49,0x4a,0x49,0x4a,0x49,0x4a,0x49,0x4a,0x49,0x4a,0x49,0x4a,0x49,0x4a,
  0x49,0x4a,0x49,0x4a,0x49,0x4a,0x49,0x4a,0x49,0x4a,0x49,0x4a,0x49,0x4a,0x49,0x4a,
  0x49,0x4a,0x49,0x4a,0x49,0x4a,0x49,0x4a,0x49,0x4a,0x49,0x4a,0x49,0x4a,0x49,0x4a,
  0x49,0x4a,0x49,0x4a,0x49,0x4a,0x49,0x4a,0x49,0x4a,0x49,0x4a,0x49,0x4a,0x49,0x4a,
  0x49,0x4a,0x49,0x4a,0x49,0x4a,0x49,0x4a,0x49,0x4a,0x49,0x4a,0x49,0x4a,0x49,0x4a,
  0x49,0x4a,0x49,0x4a,0x49,0x4a,0x49,0x4a,0x49,0x42,0x49,0x42,0x49,0x42,0x49,0x42,
  0x49,0x4a,0x49,0x4a,0x49,0x4a,0x49,0x4a,0x49,0x4a,0x49,0x4a,0x49,0x42,0x49,0x42,
  0x49,0x4a,0x49,0x4a,0x49,0x4a,0x49,0x4a,0x49,0x4a,0x49,0x4a,0x49,0x4a,0x49,0x4a,
  0x49,0x42,0x49,0x4a,0x49,0x4a,0x49,0x4a,0x49,0x4a,0x49,0x4a,0x49,0x42,0x49,0x4a,
  0x49,0x4a,0x49,0x42,0x49,0x42,0x49,0x4a,0x49,0x4a,0x49,0x4a,0x49,0x4a,0x49,0x4a,
  0x49,0x4a,0x49,0x4a,0x49,0x4a,0x49,0x4a,0x49,0x4a,0x49,0x4a,0x49,0x4a,0x49,0x4a,
  0x49,0x4a,0x49,0x42,0x49,0x4a,0x49,0x4a,0x49,0x4a,0x49,0x4a,0x49,0x4a,0x49,0x4a,
  0x49,0x4a,0x49,0x4a,0x49,0x4a,0x49,0x4a,0x49,0x4a,0x49,0x4a,0x49,0x4a,0x49,0x4a,
  0x49,0x42,0x49,0x4a,0x49,0x4a,0x49,0x4a,0x49,0x4a,0x49,0x4a,0x49,0x4a,0x49,0x4a,
  0x49,0x4a,0x49,0x4a,0x49,0x4a,0x49,0x4a,0x49,0x4a,0x49,0x4a,0x49,0x4a,0x49,0x4a,
  0x49,0x4a,0x49,0x4a,0x49,0x4a,0x49,0x4a,0x49,0x4a,0x49,0x4a,0x49,0x4a,0x49,0x4a,
  0x49,0x4a,0x49,0x4a,0x49,0x4a,0x49,0x4a,0x49,0x4a,0x49,0x4a,0x49,0x4a,0x49,0x4a,
  0x49,0x4a,0x49,0x4a,0x49,0x4a,0x49,0x4a,0x49,0x4a,0x49,0x4a,0x49,0x4a,0x49,0x4a,
  0x49,0x4a,0x49,0x4a,0x49,0x4a,0x49,0x4a,0x49,0x4a,0x49,0x4a,0x49,0x4a,0x49,0x4a,
  0x49,0x4a,0x49,0x4a,0x49,0x4a,0x49,0x4a,0x49,0x4a,0x49,0x4a,0x49,0x4a,0x49,0x4a,
  0x49,0x4a,0x49,0x4a,0x49,0x4a,0x49,0x4a,0x49,0x4a,0x49,0x4a,0x49,0x4a,0x49,0x4a,
  0x49,0x4a,0x49,0x4a,0x49,0x4a,0x49,0x4a,0x49,0x4a,0x49,0x4a,0x49,0x4a,0x49,0x4a,
  0x49,0x4a,0x49,0x4a,0x49,0x4a,0x49,0x4a,0x49,0x4a,0x49,0x4a,0x49,0x4a,0x49,0x4a,
  0x49,0x4a,0x49,0x4a,0x49,0x4a,0x49,0x4a,0x49,0x4a,0x49,0x4a,0x49,0x4a,0x49,0x4a,
  0x49,0x4a,0x49,0x4a,0x49,0x4a,0x49,0x4a,0x49,0x4a,0x49,0x4a,0x49,0x4a,0x49,0x4a,
  0x49,0x4a,0x49,0x4a,0x49,0x4a,0x49,0x4a,0x49,0x4a,0x49,0x4a,0x49,0x4a,0x49,0x4a,
  0x49,0x4a,0x49,0x4a,0x49,0x4a,0x49,0x4a,0x49,0x4a,0x49,0x4a,0x49,0x4a,0x49,0x4a,
  0x49,0x4a,0x49,0x4a,0x49,0x4a,0x49,0x4a,0x49,0x4a,0x49,0x4a,0x49,0x4a,0x49,0x4a,
  0x49,0x4a,0x49,0x4a,0x49,0x4a,0x49,0x4a,0x49,0x4a,0x49,0x4a,0x49,0x4a,0x49,0x4a,
  0x49,0x4a,0x49,0x4a,0x49,0x4a,0x49,0x4a,0x49,0x4a,0x49,0x4a,0x49,0x4a,0x49,0x4a,
  0x49,0x4a,0x49,0x4a,0x49,0x4a,0x49,0x4a,0x49,0x42,0x49,0x42,0x49,0x42,0x49,0x42,
  0x49,0x4a,0x49,0x4a,0x49,0x4a,0x49,0x4a,0x49,0x42,0x49,0x42,0x49,0x42,0x49,0x42,
  0x49,0x4a,0x49,0x4a,0x49,0x4a,0x49,0x4a,0x49,0x4a,0x49,0x4a,0x49,0x4a,0x49,0x4a,
  0x49,0x42,0x49,0x4a,0x49,0x4a,0x49,0x4a,0x49,0x4a,0x49,0x4a,0x49,0x42,0x49,0x4a,
  0x49,0x4a,0x49,0x4a,0x49,0x4a,0x49,0x4a,0x49,0x4a,0x49,0x4a,0x49,0x4a,0x49,0x4a,
  0x49,0x4a,0x49,0x4a,0x49,0x4a,0x49,0x4a,0x49,0x4a,0x49,0x4a,0x49,0x4a,0x49,0x4a,
  0x49,0x4a,0x49,0x42,0x49,0x4a,0x49,0x4a,0x49,0x4a,0x49,0x4a,0x49,0x4a,0x49,0x4a,
  0x49,0x4a,0x49,0x4a,0x49,0x4a,0x49,0x4a,0x49,0x4a,0x49,0x4a,0x49,0x4a,0x49,0x4a,
  0x49,0x4a,0x49,0x4a,0x49,0x4a,0x49,0x4a,0x49,0x4a,0x49,0x4a,0x49,0x4a,0x49,0x4a,
  0x49,0x4a,0x49,0x4a,0x49,0x4a,0x49,0x4a,0x49,0x4a,0x49,0x4a,0x49,0x4a,0x49,0x4a,
  0x49,0x4a,0x49,0x4a,0x49,0x4a,0x49,0x4a,0x49,0x4a,0x49,0x4a,0x49,0x4a,0x49,0x4a,
  0x49,0x4a,0x49,0x4a,0x49,0x4a,0x49,0x4a,0x49,0x4a,0x49,0x4a,0x49,0x4a,0x49,0x4a,
  0x49,0x4a,0x49,0x4a,0x49,0x4a,0x49,0x4a,0x49,0x4a,0x49,0x4a,0x49,0x4a,0x49,0x4a,
  0x49,0x4a,0x49,0x4a,0x49,0x4a,0x49,0x4a,0x49,0x4a,0x49,0x4a,0x49,0x4a,0x49,0x4a,
  0x49,0x4a,0x49,0x4a,0x49,0x4a,0x49,0x4a,0x49,0x4a,0x49,0x4a,0x49,0x4a,0x49,0x4a,
  0x49,0x4a,0x49,0x4a,0x49,0x4a,0x49,0x4a,0x49,0x4a,0x49,0x4a,0x49,0x4a,0x49,0x4a,
  0x49,0x4a,0x49,0x4a,0x49,0x4a,0x49,0x4a,0x49,0x4a,0x49,0x4a,0x49,0x4a,0x49,0x4a,
  0x49,0x4a,0x49,0x4a,0x49,0x4a,0x49,0x4a,0x49,0x4a,0x49,0x4a,0x49,0x4a,0x49,0x4a,
  0x49,0x4a,0x49,0x4a,0x49,0x4a,0x49,0x4a,0x49,0x4a,0x49,0x4a,0x49,0x4a,0x49,0x4a,
  0x49,0x4a,0x49,0x4a,0x49,0x4a,0x49,0x4a,0x49,0x4a,0x49,0x4a,0x49,0x4a,0x49,0x4a,
  0x49,0x4a,0x49,0x4a,0x49,0x4a,0x49,0x4a,0x49,0x4a,0x49,0x4a,0x49,0x4a,0x49,0x4a,
  0x49,0x4a,0x49,0x4a,0x49,0x4a,0x49,0x4a,0x49,0x4a,0x49,0x4a,0x49,0x4a,0x49,0x4a,
  0x49,0x4a,0x49,0x4a,0x49,0x4a,0x49,0x4a,0x49,0x4a,0x49,0x4a,0x49,0x4a,0x49,0x4a,
  0x49,0x4a,0x49,0x4a,0x49,0x4a,0x49,0x4a,0x49,0x4a,0x49,0x4a,0x49,0x4a,0x49,0x4a,
  0x49,0x4a,0x49,0x4a,0x49,0x4a,0x49,0x4a,0x49,0x42,0x49,0x42,0x49,0x4a,0x49,0x4a,
  0x49,0x4a,0x49,0x4a,0x49,0x4a,0x49,0x4a,0x49,0x42,0x49,0x42,0x49,0x42,0x49,0x42,
  0x49,0x42,0x49,0x42,0x49,0x42,0x49,0x42,0x49,0x42,0x49,0x42,0x49,0x42,0x49,0x4a,
  0x49,0x4a,0x49,0x42,0x49,0x4a,0x49,0x4a,0x49,0x4a,0x49,0x4a,0x49,0x4a,0x49,0x4a,
  0x49,0x4a,0x49,0x4a,0x49,0x4a,0x49,0x4a,0x49,0x4a,0x49,0x4a,0x49,0x4a,0x49,0x4a,
  0x49,0x4a,0x49,0x4a,0x49,0x4a,0x49,0x42,0x49,0x42,0x49,0x4a,0x49,0x4a,0x49,0x4a,
  0x49,0x4a,0x49,0x4a,0x49,0x4a,0x49,0x4a,0x49,0x4a,0x49,0x4a,0x49,0x4a,0x49,0x4a,
  0x49,0x4a,0x49,0x4a,0x49,0x4a,0x49,0x4a,0x49,0x4a,0x49,0x4a,0x49,0x4a,0x49,0x4a,
  0x49,0x4a,0x49,0x4a,0x49,0x4a,0x49,0x4a,0x49,0x4a,0x49,0x4a,0x49,0x4a,0x49,0x4a,
  0x49,0x4a,0x49,0x4a,0x49,0x4a,0x49,0x4a,0x49,0x4a,0x49,0x4a,0x49,0x4a,0x49,0x4a,
  0x49,0x4a,0x49,0x4a,0x49,0x4a,0x49,0x4a,0x49,0x4a,0x49,0x4a,0x49,0x4a,0x49,0x4a,
  0x49,0x4a,0x49,0x4a,0x49,0x4a,0x49,0x4a,0x49,0x4a,0x49,0x4a,0x49,0x4a,0x49,0x4a,
  0x49,0x4a,0x49,0x4a,0x49,0x4a,0x49,0x4a,0x49,0x4a,0x49,0x4a,0x49,0x4a,0x49,0x4a,
  0x49,0x4a,0x49,0x4a,0x49,0x4a,0x49,0x4a,0x49,0x4a,0x49,0x4a,0x49,0x4a,0x49,0x4a,
  0x49,0x4a,0x49,0x4a,0x49,0x4a,0x49,0x4a,0x49,0x4a,0x49,0x4a,0x49,0x4a,0x49,0x4a,
  0x49,0x4a,0x49,0x4a,0x49,0x4a,0x49,0x4a,0x49,0x4a,0x49,0x4a,0x49,0x4a,0x49,0x4a,
  0x49,0x4a,0x49,0x4a,0x49,0x4a,0x49,0x4a,0x49,0x4a,0x49,0x4a,0x49,0x4a,0x49,0x4a,
  0x49,0x4a,0x49,0x4a,0x49,0x4a,0x49,0x4a,0x49,0x4a,0x49,0x4a,0x49,0x4a,0x49,0x4a,
  0x49,0x4a,0x49,0x4a,0x49,0x4a,0x49,0x4a,0x49,0x4a,0x49,0x4a,0x49,0x4a,0x49,0x4a,
  0x49,0x4a,0x49,0x4a,0x49,0x4a,0x49,0x4a,0x49,0x4a,0x49,0x4a,0x49,0x4a,0x49,0x4a,
  0x49,0x4a,0x49,0x4a,0x49,0x4a,0x49,0x4a,0x49,0x4a,0x49,0x4a,0x49,0x4a,0x49,0x4a,
  0x49,0x4a,0x49,0x4a,0x49,0x4a,0x49,0x4a,0x49,0x4a,0x49,0x4a,0x49,0x4a,0x49,0x4a,
  0x49,0x4a,0x49,0x4a,0x49,0x4a,0x49,0x4a,0x49,0x4a,0x49,0x4a,0x49,0x4a,0x49,0x4a,
  0x49,0x4a,0x49,0x4a,0x49,0x4a,0x49,0x4a,0x49,0x4a,0x49,0x4a,0x49,0x4a,0x49,0x4a,
  0x49,0x4a,0x49,0x4a,0x49,0x4a,0x49,0x4a,0x49,0x4a,0x49,0x4a,0x49,0x4a,0x49,0x4a,
  0x49,0x4a,0x49,0x4a,0x49,0x4a,0x49,0x4a,0x49,0x42,0x49,0x42,0x49,0x4a,0x49,0x4a,
  0x49,0x4a,0x49,0x4a,0x49,0x4a,0x49,0x4a,0x49,0x42,0x49,0x42,0x49,0x42,0x49,0x42,
  0x49,0x42,0x49,0x42,0x49,0x42,0x49,0x42,0x49,0x42,0x49,0x42,0x49,0x42,0x49,0x4a,
  0x49,0x4a,0x49,0x4a,0x49,0x4a,0x49,0x4a,0x49,0x4a,0x49,0x4a,0x49,0x4a,0x49,0x4a,
  0x49,0x4a,0x49,0x4a,0x49,0x4a,0x49,0x4a,0x49,0x4a,0x49,0x4a,0x49,0x4a,0x49,0x4a,
  0x49,0x4a,0x49,0x4a,0x49,0x4a,0x49,0x4a,0x49,0x42,0x49,0x4a,0x49,0x4a,0x49,0x4a,
  0x49,0x4a,0x49,0x4a,0x49,0x4a,0x49,0x4a,0x49,0x4a,0x49,0x4a,0x49,0x4a,0x49,0x4a,
  0x49,0x4a,0x49,0x4a,0x49,0x4a,0x49,0x4a,0x49,0x4a,0x49,0x4a,0x49,0x4a,0x49,0x4a,
  0x49,0x4a,0x49,0x4a,0x49,0x4a,0x49,0x4a,0x49,0x4a,0x49,0x4a,0x49,0x4a,0x49,0x4a,
  0x49,0x4a,0x49,0x4a,0x49,0x4a,0x49,0x4a,0x49,0x4a,0x49,0x4a,0x49,0x4a,0x49,0x4a,
  0x49,0x4a,0x49,0x4a,0x49,0x4a,0x49,0x4a,0x49,0x4a,0x49,0x4a,0x49,0x4a,0x49,0x4a,
  0x49,0x4a,0x49,0x4a,0x49,0x4a,0x49,0x4a,0x49,0x4a,0x49,0x4a,0x49,0x4a,0x49,0x4a,
  0x49,0x4a,0x49,0x4a,0x49,0x4a,0x49,0x4a,0x49,0x4a,0x49,0x4a,0x49,0x4a,0x49,0x4a,
  0x49,0x4a,0x49,0x4a,0x49,0x4a,0x49,0x4a,0x49,0x4a,0x49,0x4a,0x49,0x4a,0x49,0x4a,
  0x49,0x4a,0x49,0x4a,0x49,0x4a,0x49,0x4a,0x49,0x4a,0x49,0x4a,0x49,0x4a,0x49,0x4a,
  0x49,0x4a,0x49,0x4a,0x49,0x4a,0x49,0x4a,0x49,0x4a,0x49,0x4a,0x49,0x4a,0x49,0x4a,
  0x49,0x4a,0x49,0x4a,0x49,0x4a,0x49,0x4a,0x49,0x4a,0x49,0x4a,0x49,0x4a,0x49,0x4a,
  0x49,0x4a,0x49,0x4a,0x49,0x4a,0x49,0x4a,0x49,0x4a,0x49,0x4a,0x49,0x4a,0x49,0x4a,
  0x49,0x4a,0x49,0x4a,0x49,0x4a,0x49,0x4a,0x49,0x4a,0x49,0x4a,0x49,0x4a,0x49,0x4a,
  0x49,0x4a,0x49,0x4a,0x49,0x4a,0x49,0x4a,0x49,0x4a,0x49,0x4a,0x49,0x4a,0x49,0x4a,
  0x49,0x4a,0x49,0x4a,0x49,0x4a,0x49,0x4a,0x49,0x4a,0x49,0x4a,0x49,0x4a,0x49,0x4a,
  0x49,0x4a,0x49,0x4a,0x49,0x4a,0x49,0x4a,0x49,0x4a,0x49,0x4a,0x49,0x4a,0x49,0x4a,
  0x49,0x4a,0x49,0x4a,0x49,0x4a,0x49,0x4a,0x49,0x4a,0x49,0x4a,0x49,0x4a,0x49,0x4a,
  0x49,0x4a,0x49,0x4a,0x49,0x4a,0x49,0x4a,0x49,0x4a,0x49,0x4a,0x49,0x4a,0x49,0x4a,
  0x49,0x42,0x49,0x42,0x49,0x42,0x49,0x42,0x49,0x4a,0x49,0x4a,0x49,0x42,0x49,0x42,
  0x49,0x4a,0x49,0x4a,0x49,0x4a,0x49,0x4a,0x49,0x4a,0x49,0x4a,0x49,0x4a,0x49,0x4a,
  0x49,0x4a,0x49,0x4a,0x49,0x4a,0x49,0x4a,0x49,0x4a,0x49,0x4a,0x49,0x4a,0x49,0x4a,
  0x49,0x4a,0x49,0x4a,0x49,0x4a,0x49,0x4a,0x49,0x4a,0x49,0x4a,0x49,0x42,0x49,0x4a,
  0x49,0x4a,0x49,0x4a,0x49,0x4a,0x49,0x4a,0x49,0x4a,0x49,0x4a,0x49,0x4a,0x49,0x4a,
  0x49,0x4a,0x49,0x4a,0x49,0x4a,0x49,0x4a,0x49,0x4a,0x49,0x4a,0x49,0x42,0x49,0x4a,
  0x49,0x4a,0x49,0x4a,0x49,0x4a,0x49,0x4a,0x49,0x4a,0x49,0x4a,0x49,0x4a,0x49,0x4a,
  0x49,0x4a,0x49,0x4a,0x49,0x4a,0x49,0x4a,0x49,0x4a,0x49,0x4a,0x49,0x4a,0x49,0x4a,
  0x49,0x4a,0x49,0x4a,0x49,0x4a,0x49,0x4a,0x49,0x4a,0x49,0x42,0x49,0x42,0x49,0x42,
  0x49,0x4a,0x49,0x4a,0x49,0x4a,0x49,0x4a,0x49,0x4a,0x49,0x4a,0x49,0x4a,0x49,0x4a,
  0x49,0x4a,0x49,0x4a,0x49,0x4a,0x49,0x4a,0x49,0x4a,0x49,0x4a,0x49,0x4a,0x49,0x4a,
  0x49,0x4a,0x49,0x4a,0x49,0x4a,0x49,0x4a,0x49,0x4a,0x49,0x4a,0x49,0x4a,0x49,0x4a,
  0x49,0x4a,0x49,0x4a,0x49,0x4a,0x49,0x4a,0x49,0x4a,0x49,0x4a,0x49,0x4a,0x49,0x4a,
  0x49,0x4a,0x49,0x4a,0x49,0x4a,0x49,0x4a,0x49,0x4a,0x49,0x4a,0x49,0x4a,0x49,0x4a,
  0x49,0x4a,0x49,0x4a,0x49,0x4a,0x49,0x4a,0x49,0x4a,0x49,0x4a,0x49,0x4a,0x49,0x4a,
  0x49,0x4a,0x49,0x4a,0x49,0x4a,0x49,0x4a,0x49,0x4a,0x49,0x4a,0x49,0x4a,0x49,0x4a,
  0x49,0x4a,0x49,0x4a,0x49,0x4a,0x49,0x4a,0x49,0x4a,0x49,0x4a,0x49,0x4a,0x49,0x4a,
  0x49,0x4a,0x49,0x4a,0x49,0x4a,0x49,0x4a,0x49,0x4a,0x49,0x4a,0x49,0x4a,0x49,0x4a,
  0x49,0x4a,0x49,0x4a,0x49,0x4a,0x49,0x4a,0x49,0x4a,0x49,0x4a,0x49,0x4a,0x49,0x4a,
  0x49,0x4a,0x49,0x4a,0x49,0x4a,0x49,0x4a,0x49,0x4a,0x49,0x4a,0x49,0x4a,0x49,0x4a,
  0x49,0x4a,0x49,0x4a,0x49,0x4a,0x49,0x4a,0x49,0x4a,0x49,0x4a,0x49,0x4a,0x49,0x4a,
  0x49,0x4a,0x49,0x4a,0x49,0x4a,0x49,0x4a,0x49,0x4a,0x49,0x4a,0x49,0x4a,0x49,0x4a,
  0x49,0x4a,0x49,0x4a,0x49,0x4a,0x49,0x4a,0x49,0x4a,0x49,0x4a,0x49,0x4a,0x49,0x4a,
  0x49,0x4a,0x49,0x4a,0x49,0x4a,0x49,0x4a,0x49,0x4a,0x49,0x4a,0x49,0x4a,0x49,0x4a,
  0x49,0x4a,0x49,0x4a,0x49,0x4a,0x49,0x4a,0x49,0x4a,0x49,0x4a,0x49,0x4a,0x49,0x4a,
  0x49,0x42,0x49,0x42,0x49,0x42,0x49,0x42,0x49,0x4a,0x49,0x4a,0x49,0x42,0x49,0x42,
  0x49,0x4a,0x49,0x4a,0x49,0x4a,0x49,0x4a,0x49,0x4a,0x49,0x4a,0x49,0x4a,0x49,0x4a,
  0x49,0x4a,0x49,0x4a,0x49,0x4a,0x49,0x4a,0x49,0x4a,0x49,0x4a,0x49,0x4a,0x49,0x4a,
  0x49,0x4a,0x49,0x4a,0x49,0x4a,0x49,0x4a,0x49,0x4a,0x49,0x4a,0x49,0x42,0x49,0x4a,
  0x49,0x4a,0x49,0x4a,0x49,0x4a,0x49,0x4a,0x49,0x4a,0x49,0x42,0x49,0x4a,0x49,0x4a,
  0x49,0x4a,0x49,0x4a,0x49,0x4a,0x49,0x4a,0x49,0x4a,0x49,0x4a,0x49,0x42,0x49,0x4a,
  0x49,0x4a,0x49,0x4a,0x49,0x4a,0x49,0x4a,0x49,0x4a,0x49,0x4a,0x49,0x4a,0x49,0x4a,
  0x49,0x4a,0x49,0x4a,0x49,0x4a,0x49,0x4a,0x49,0x4a,0x49,0x4a,0x49,0x4a,0x49,0x4a,
  0x49,0x4a,0x49,0x4a,0x49,0x4a,0x49,0x4a,0x49,0x4a,0x49,0x42,0x49,0x42,0x49,0x4a,
  0x49,0x4a,0x49,0x4a,0x49,0x4a,0x49,0x4a,0x49,0x4a,0x49,0x4a,0x49,0x4a,0x49,0x4a,
  0x49,0x4a,0x49,0x4a,0x49,0x4a,0x49,0x4a,0x49,0x4a,0x49,0x4a,0x49,0x4a,0x49,0x4a,
  0x49,0x4a,0x49,0x4a,0x49,0x4a,0x49,0x4a,0x49,0x4a,0x49,0x4a,0x49,0x4a,0x49,0x4a,
  0x49,0x4a,0x49,0x4a,0x49,0x4a,0x49,0x4a,0x49,0x4a,0x49,0x4a,0x49,0x4a,0x49,0x4a,
  0x49,0x4a,0x49,0x4a,0x49,0x4a,0x49,0x4a,0x49,0x4a,0x49,0x4a,0x49,0x4a,0x49,0x4a,
  0x49,0x4a,0x49,0x4a,0x49,0x4a,0x49,0x4a,0x49,0x4a,0x49,0x4a,0x49,0x4a,0x49,0x4a,
  0x49,0x4a,0x49,0x4a,0x49,0x4a,0x49,0x4a,0x49,0x4a,0x49,0x4a,0x49,0x4a,0x49,0x4a,
  0x49,0x4a,0x49,0x4a,0x49,0x4a,0x49,0x4a,0x49,0x4a,0x49,0x4a,0x49,0x4a,0x49,0x4a,
  0x49,0x4a,0x49,0x4a,0x49,0x4a,0x49,0x4a,0x49,0x4a,0x49,0x4a,0x49,0x4a,0x49,0x4a,
  0x49,0x4a,0x49,0x4a,0x49,0x4a,0x49,0x4a,0x49,0x4a,0x49,0x4a,0x49,0x4a,0x49,0x4a,
  0x49,0x4a,0x49,0x4a,0x49,0x4a,0x49,0x4a,0x49,0x4a,0x49,0x4a,0x49,0x4a,0x49,0x4a,
  0x49,0x4a,0x49,0x4a,0x49,0x4a,0x49,0x4a,0x49,0x4a,0x49,0x4a,0x49,0x4a,0x49,0x4a,
  0x49,0x4a,0x49,0x4a,0x49,0x4a,0x49,0x4a,0x49,0x4a,0x49,0x4a,0x49,0x4a,0x49,0x4a,
  0x49,0x4a,0x49,0x4a,0x49,0x4a,0x49,0x4a,0x49,0x4a,0x49,0x4a,0x49,0x4a,0x49,0x4a,
  0x49,0x4a,0x49,0x4a,0x49,0x4a,0x49,0x4a,0x49,0x4a,0x49,0x4a,0x49,0x4a,0x49,0x4a,
  0x49,0x4a,0x49,0x4a,0x49,0x4a,0x49,0x4a,0x49,0x4a,0x49,0x4a,0x49,0x4a,0x49,0x4a,
  0x49,0x4a,0x49,0x4a,0x49,0x4a,0x49,0x4a,0x49,0x4a,0x49,0x4a,0x49,0x42,0x49,0x42,
  0x49,0x4a,0x49,0x4a,0x49,0x4a,0x49,0x4a,0x49,0x4a,0x49,0x4a,0x49,0x4a,0x49,0x4a,
  0x49,0x4a,0x49,0x4a,0x49,0x4a,0x49,0x4a,0x49,0x4a,0x49,0x4a,0x49,0x4a,0x49,0x4a,
  0x49,0x4a,0x49,0x4a,0x49,0x4a,0x49,0x4a,0x49,0x4a,0x49,0x4a,0x49,0x4a,0x49,0x4a,
  0x49,0x4a,0x49,0x4a,0x49,0x4a,0x49,0x4a,0x49,0x4a,0x49,0x4a,0x49,0x4a,0x49,0x4a,
  0x49,0x4a,0x49,0x4a,0x49,0x4a,0x49,0x4a,0x49,0x4a,0x49,0x4a,0x49,0x4a,0x49,0x4a,
  0x49,0x4a,0x49,0x4a,0x49,0x4a,0x49,0x4a,0x49,0x4a,0x49,0x4a,0x49,0x4a,0x49,0x4a,
  0x49,0x4a,0x49,0x4a,0x49,0x4a,0x49,0x4a,0x49,0x4a,0x49,0x4a,0x49,0x4a,0x49,0x4a,
  0x49,0x4a,0x49,0x4a,0x49,0x4a,0x49,0x4a,0x49,0x4a,0x49,0x4a,0x49,0x4a,0x49,0x4a,
  0x49,0x4a,0x49,0x4a,0x49,0x4a,0x49,0x4a,0x49,0x4a,0x49,0x4a,0x49,0x4a,0x49,0x4a,
  0x49,0x4a,0x49,0x4a,0x49,0x4a,0x49,0x4a,0x49,0x4a,0x49,0x4a,0x49,0x4a,0x49,0x4a,
  0x49,0x4a,0x49,0x4a,0x49,0x4a,0x49,0x4a,0x49,0x4a,0x49,0x4a,0x49,0x4a,0x49,0x4a,
  0x49,0x4a,0x49,0x4a,0x49,0x4a,0x49,0x4a,0x49,0x4a,0x49,0x4a,0x49,0x4a,0x49,0x4a,
  0x49,0x4a,0x49,0x4a,0x49,0x4a,0x49,0x4a,0x49,0x4a,0x49,0x4a,0x49,0x4a,0x49,0x4a,
  0x49,0x4a,0x49,0x4a,0x49,0x4a,0x49,0x4a,0x49,0x4a,0x49,0x4a,0x49,0x4a,0x49,0x4a,
  0x49,0x4a,0x49,0x4a,0x49,0x4a,0x49,0x4a,0x49,0x4a,0x49,0x4a,0x49,0x4a,0x49,0x4a,
  0x49,0x4a,0x49,0x4a,0x49,0x4a,0x49,0x4a,0x49,0x4a,0x49,0x4a,0x49,0x4a,0x49,0x4a,
  0x49,0x4a,0x49,0x4a,0x49,0x4a,0x49,0x4a,0x49,0x4a,0x49,0x4a,0x49,0x4a,0x49,0x4a,
  0x49,0x4a,0x49,0x4a,0x49,0x4a,0x49,0x4a,0x49,0x4a,0x49,0x4a,0x49,0x4a,0x49,0x4a,
  0x49,0x4a,0x49,0x4a,0x49,0x4a,0x49,0x4a,0x49,0x4a,0x49,0x4a,0x49,0x4a,0x49,0x4a,
  0x49,0x4a,0x49,0x4a,0x49,0x4a,0x49,0x4a,0x49,0x4a,0x49,0x4a,0x49,0x4a,0x49,0x4a,
  0x49,0x4a,0x49,0x4a,0x49,0x4a,0x49,0x4a,0x49,0x4a,0x49,0x4a,0x49,0x4a,0x49,0x4a,
  0x49,0x4a,0x49,0x4a,0x49,0x4a,0x49,0x4a,0x49,0x4a,0x49,0x4a,0x49,0x4a,0x49,0x4a,
  0x49,0x4a,0x49,0x4a,0x49,0x4a,0x49,0x4a,0x49,0x4a,0x49,0x4a,0x49,0x4a,0x49,0x4a,
  0x49,0x4a,0x49,0x4a,0x49,0x4a,0x49,0x4a,0x49,0x4a,0x49,0x4a,0x49,0x4a,0x49,0x4a,
  0x49,0x4a,0x49,0x4a,0x49,0x4a,0x49,0x4a,0x49,0x4a,0x49,0x4a,0x49,0x42,0x49,0x42,
  0x49,0x4a,0x49,0x4a,0x49,0x4a,0x49,0x4a,0x49,0x4a,0x49,0x4a,0x49,0x4a,0x49,0x4a,
  0x49,0x4a,0x49,0x4a,0x49,0x4a,0x49,0x4a,0x49,0x4a,0x49,0x4a,0x49,0x4a,0x49,0x4a,
  0x49,0x4a,0x49,0x4a,0x49,0x4a,0x49,0x4a,0x49,0x4a,0x49,0x4a,0x49,0x4a,0x49,0x4a,
  0x49,0x4a,0x49,0x4a,0x49,0x4a,0x49,0x4a,0x49,0x4a,0x49,0x4a,0x49,0x4a,0x49,0x4a,
  0x49,0x4a,0x49,0x4a,0x49,0x4a,0x49,0x4a,0x49,0x4a,0x49,0x4a,0x49,0x4a,0x49,0x4a,
  0x49,0x4a,0x49,0x4a,0x49,0x4a,0x49,0x4a,0x49,0x4a,0x49,0x4a,0x49,0x4a,0x49,0x4a,
  0x49,0x4a,0x49,0x4a,0x49,0x4a,0x49,0x4a,0x49,0x4a,0x49,0x4a,0x49,0x4a,0x49,0x4a,
  0x49,0x4a,0x49,0x4a,0x49,0x4a,0x49,0x4a,0x49,0x4a,0x49,0x4a,0x49,0x4a,0x49,0x4a,
  0x49,0x4a,0x49,0x4a,0x49,0x4a,0x49,0x4a,0x49,0x4a,0x49,0x4a,0x49,0x4a,0x49,0x4a,
  0x49,0x4a,0x49,0x4a,0x49,0x4a,0x49,0x4a,0x49,0x4a,0x49,0x4a,0x49,0x4a,0x49,0x4a,
  0x49,0x4a,0x49,0x4a,0x49,0x4a,0x49,0x4a,0x49,0x4a,0x49,0x4a,0x49,0x4a,0x49,0x4a,
  0x49,0x4a,0x49,0x4a,0x49,0x4a,0x49,0x4a,0x49,0x4a,0x49,0x4a,0x49,0x4a,0x49,0x4a,
  0x49,0x4a,0x49,0x4a,0x49,0x4a,0x49,0x4a,0x49,0x4a,0x49,0x4a,0x49,0x4a,0x49,0x4a,
  0x49,0x4a,0x49,0x4a,0x49,0x4a,0x49,0x4a,0x49,0x4a,0x49,0x4a,0x49,0x4a,0x49,0x4a,
  0x49,0x4a,0x49,0x4a,0x49,0x4a,0x49,0x4a,0x49,0x4a,0x49,0x4a,0x49,0x4a,0x49,0x4a,
  0x49,0x4a,0x49,0x4a,0x49,0x4a,0x49,0x4a,0x49,0x4a,0x49,0x4a,0x49,0x4a,0x49,0x4a,
  0x49,0x4a,0x49,0x4a,0x49,0x4a,0x49,0x4a,0x49,0x4a,0x49,0x4a,0x49,0x4a,0x49,0x4a,
  0x49,0x4a,0x49,0x4a,0x49,0x4a,0x49,0x4a,0x49,0x4a,0x49,0x4a,0x49,0x4a,0x49,0x4a,
  0x49,0x4a,0x49,0x4a,0x49,0x4a,0x49,0x4a,0x49,0x4a,0x49,0x4a,0x49,0x4a,0x49,0x4a,
  0x49,0x4a,0x49,0x4a,0x49,0x4a,0x49,0x4a,0x49,0x4a,0x49,0x4a,0x49,0x4a,0x49,0x4a,
  0x49,0x4a,0x49,0x4a,0x49,0x4a,0x49,0x4a,0x49,0x4a,0x49,0x4a,0x49,0x4a,0x49,0x4a,
  0x49,0x4a,0x49,0x4a,0x49,0x4a,0x49,0x4a,0x49,0x4a,0x49,0x4a,0x49,0x4a,0x49,0x4a,
  0x49,0x4a,0x49,0x4a,0x49,0x4a,0x49,0x4a,0x49,0x4a,0x49,0x4a,0x49,0x4a,0x49,0x4a,
  0x49,0x4a,0x49,0x4a,0x49,0x4a,0x49,0x4a,0x49,0x4a,0x49,0x4a,0x49,0x4a,0x49,0x4a,
  0x49,0x4a,0x49,0x4a,0x49,0x4a,0x49,0x4a,0x49,0x4a,0x49,0x4a,0x49,0x42,0x49,0x42,
  0x49,0x4a,0x49,0x4a,0x49,0x4a,0x49,0x4a,0x49,0x4a,0x49,0x4a,0x49,0x4a,0x49,0x4a,
  0x49,0x4a,0x49,0x4a,0x49,0x4a,0x49,0x4a,0x49,0x4a,0x49,0x4a,0x49,0x4a,0x49,0x4a,
  0x49,0x4a,0x49,0x4a,0x49,0x4a,0x49,0x4a,0x49,0x4a,0x49,0x4a,0x49,0x4a,0x49,0x4a,
  0x49,0x4a,0x49,0x4a,0x49,0x4a,0x49,0x4a,0x49,0x4a,0x49,0x4a,0x49,0x4a,0x49,0x4a,
  0x49,0x4a,0x49,0x42,0x49,0x4a,0x49,0x4a,0x49,0x4a,0x49,0x4a,0x49,0x42,0x49,0x4a,
  0x49,0x4a,0x49,0x4a,0x49,0x4a,0x49,0x4a,0x49,0x4a,0x49,0x4a,0x49,0x4a,0x49,0x4a,
  0x49,0x4a,0x49,0x4a,0x49,0x4a,0x49,0x4a,0x49,0x4a,0x49,0x4a,0x49,0x4a,0x49,0x4a,
  0x49,0x4a,0x49,0x4a,0x49,0x4a,0x49,0x4a,0x49,0x4a,0x49,0x4a,0x49,0x4a,0x49,0x4a,
  0x49,0x4a,0x49,0x4a,0x49,0x4a,0x49,0x4a,0x49,0x4a,0x49,0x4a,0x49,0x4a,0x49,0x4a,
  0x49,0x4a,0x49,0x4a,0x49,0x4a,0x49,0x4a,0x49,0x4a,0x49,0x4a,0x49,0x4a,0x49,0x4a,
  0x49,0x4a,0x49,0x4a,0x49,0x4a,0x49,0x4a,0x49,0x4a,0x49,0x4a,0x49,0x4a,0x49,0x4a,
  0x49,0x4a,0x49,0x4a,0x49,0x4a,0x49,0x4a,0x49,0x4a,0x49,0x4a,0x49,0x4a,0x49,0x4a,
  0x49,0x4a,0x49,0x4a,0x49,0x4a,0x49,0x4a,0x49,0x4a,0x49,0x4a,0x49,0x4a,0x49,0x4a,
  0x49,0x4a,0x49,0x4a,0x49,0x4a,0x49,0x4a,0x49,0x4a,0x49,0x4a,0x49,0x4a,0x49,0x4a,
  0x49,0x4a,0x49,0x4a,0x49,0x4a,0x49,0x4a,0x49,0x4a,0x49,0x4a,0x49,0x4a,0x49,0x4a,
  0x49,0x4a,0x49,0x4a,0x49,0x4a,0x49,0x4a,0x49,0x4a,0x49,0x4a,0x49,0x4a,0x49,0x4a,
  0x49,0x4a,0x49,0x4a,0x49,0x4a,0x49,0x4a,0x49,0x4a,0x49,0x4a,0x49,0x4a,0x49,0x4a,
  0x49,0x4a,0x49,0x4a,0x49,0x4a,0x49,0x4a,0x49,0x4a,0x49,0x4a,0x49,0x4a,0x49,0x4a,
  0x49,0x42,0x49,0x4a,0x49,0x4a,0x49,0x4a,0x49,0x4a,0x49,0x4a,0x49,0x4a,0x49,0x4a,
  0x49,0x4a,0x49,0x4a,0x49,0x4a,0x49,0x4a,0x49,0x4a,0x49,0x4a,0x49,0x4a,0x49,0x4a,
  0x49,0x4a,0x49,0x4a,0x49,0x4a,0x49,0x4a,0x49,0x4a,0x49,0x4a,0x49,0x4a,0x49,0x4a,
  0x49,0x4a,0x49,0x4a,0x49,0x4a,0x49,0x4a,0x49,0x4a,0x49,0x4a,0x49,0x4a,0x49,0x4a,
  0x49,0x4a,0x49,0x4a,0x49,0x4a,0x49,0x4a,0x49,0x4a,0x49,0x4a,0x49,0x4a,0x49,0x4a,
  0x49,0x4a,0x49,0x4a,0x49,0x4a,0x49,0x4a,0x49,0x4a,0x49,0x4a,0x49,0x4a,0x49,0x4a,
  0x49,0x4a,0x49,0x4a,0x49,0x4a,0x49,0x4a,0x49,0x4a,0x49,0x4a,0x49,0x42,0x49,0x42,
  0x49,0x42,0x49,0x4a,0x49,0x4a,0x49,0x4a,0x49,0x4a,0x49,0x4a,0x49,0x4a,0x49,0x4a,
  0x49,0x4a,0x49,0x4a,0x49,0x4a,0x49,0x4a,0x49,0x4a,0x49,0x42,0x49,0x4a,0x49,0x4a,
  0x49,0x4a,0x49,0x4a,0x49,0x4a,0x49,0x4a,0x49,0x4a,0x49,0x4a,0x49,0x4a,0x49,0x4a,
  0x49,0x4a,0x49,0x4a,0x49,0x4a,0x49,0x4a,0x49,0x4a,0x49,0x4a,0x49,0x4a,0x49,0x4a,
  0x49,0x4a,0x49,0x4a,0x49,0x4a,0x49,0x4a,0x49,0x4a,0x49,0x42,0x49,0x42,0x49,0x4a,
  0x49,0x4a,0x49,0x4a,0x49,0x4a,0x49,0x4a,0x49,0x4a,0x49,0x4a,0x49,0x4a,0x49,0x4a,
  0x49,0x4a,0x49,0x4a,0x49,0x4a,0x49,0x4a,0x49,0x42,0x49,0x42,0x49,0x4a,0x49,0x4a,
  0x49,0x4a,0x49,0x4a,0x49,0x4a,0x49,0x4a,0x49,0x4a,0x49,0x4a,0x49,0x4a,0x49,0x4a,
  0x49,0x4a,0x49,0x4a,0x49,0x4a,0x49,0x4a,0x49,0x4a,0x49,0x4a,0x49,0x4a,0x49,0x4a,
  0x49,0x4a,0x49,0x4a,0x49,0x4a,0x49,0x4a,0x49,0x4a,0x49,0x4a,0x49,0x4a,0x49,0x4a,
  0x49,0x4a,0x49,0x4a,0x49,0x4a,0x49,0x4a,0x49,0x4a,0x49,0x4a,0x49,0x4a,0x49,0x4a,
  0x49,0x4a,0x49,0x4a,0x49,0x4a,0x49,0x4a,0x49,0x4a,0x49,0x4a,0x49,0x4a,0x49,0x4a,
  0x49,0x4a,0x49,0x4a,0x49,0x4a,0x49,0x4a,0x49,0x4a,0x49,0x4a,0x49,0x4a,0x49,0x4a,
  0x49,0x4a,0x49,0x4a,0x49,0x4a,0x49,0x4a,0x49,0x4a,0x49,0x4a,0x49,0x4a,0x49,0x4a,
  0x49,0x4a,0x49,0x4a,0x49,0x4a,0x49,0x4a,0x49,0x4a,0x49,0x4a,0x49,0x4a,0x49,0x4a,
  0x49,0x4a,0x49,0x4a,0x49,0x4a,0x49,0x4a,0x49,0x4a,0x49,0x4a,0x49,0x4a,0x49,0x4a,
  0x49,0x4a,0x49,0x4a,0x49,0x4a,0x49,0x4a,0x49,0x4a,0x49,0x4a,0x49,0x4a,0x49,0x4a,
  0x49,0x4a,0x49,0x4a,0x49,0x4a,0x49,0x4a,0x49,0x4a,0x49,0x4a,0x49,0x4a,0x49,0x4a,
  0x49,0x42,0x49,0x4a,0x49,0x4a,0x49,0x4a,0x49,0x4a,0x49,0x4a,0x49,0x4a,0x49,0x4a,
  0x49,0x4a,0x49,0x4a,0x49,0x4a,0x49,0x4a,0x49,0x4a,0x49,0x4a,0x49,0x4a,0x49,0x4a,
  0x49,0x4a,0x49,0x4a,0x49,0x4a,0x49,0x4a,0x49,0x4a,0x49,0x4a,0x49,0x4a,0x49,0x4a,
  0x49,0x4a,0x49,0x4a,0x49,0x4a,0x49,0x4a,0x49,0x4a,0x49,0x4a,0x49,0x4a,0x49,0x4a,
  0x49,0x4a,0x49,0x4a,0x49,0x4a,0x49,0x4a,0x49,0x4a,0x49,0x4a,0x49,0x4a,0x49,0x4a,
  0x49,0x4a,0x49,0x4a,0x49,0x4a,0x49,0x4a,0x49,0x4a,0x49,0x4a,0x49,0x4a,0x49,0x4a,
  0x49,0x4a,0x49,0x4a,0x49,0x4a,0x49,0x4a,0x49,0x4a,0x49,0x4a,0x49,0x42,0x49,0x42,
  0x29,0x42,0x49,0x4a,0x49,0x4a,0x49,0x4a,0x49,0x4a,0x49,0x4a,0x49,0x4a,0x49,0x4a,
  0x49,0x4a,0x49,0x4a,0x49,0x4a,0x49,0x4a,0x49,0x4a,0x49,0x42,0x49,0x4a,0x49,0x4a,
  0x49,0x4a,0x49,0x4a,0x49,0x4a,0x49,0x4a,0x49,0x4a,0x49,0x4a,0x49,0x4a,0x49,0x4a,
  0x49,0x4a,0x49,0x4a,0x49,0x4a,0x49,0x4a,0x49,0x4a,0x49,0x4a,0x49,0x4a,0x49,0x4a,
  0x49,0x4a,0x49,0x4a,0x49,0x4a,0x49,0x4a,0x49,0x4a,0x49,0x42,0x49,0x42,0x49,0x4a,
  0x49,0x4a,0x49,0x4a,0x49,0x4a,0x49,0x4a,0x49,0x4a,0x49,0x4a,0x49,0x4a,0x49,0x4a,
  0x49,0x4a,0x49,0x4a,0x49,0x4a,0x49,0x4a,0x49,0x42,0x49,0x42,0x49,0x4a,0x49,0x4a,
  0x49,0x42,0x49,0x4a,0x49,0x4a,0x49,0x4a,0x49,0x4a,0x49,0x4a,0x49,0x4a,0x49,0x4a,
  0x49,0x4a,0x49,0x4a,0x49,0x4a,0x49,0x4a,0x49,0x4a,0x49,0x4a,0x49,0x4a,0x49,0x4a,
  0x49,0x4a,0x49,0x4a,0x49,0x4a,0x49,0x4a,0x49,0x4a,0x49,0x4a,0x49,0x4a,0x49,0x4a,
  0x49,0x4a,0x49,0x4a,0x49,0x4a,0x49,0x4a,0x49,0x4a,0x49,0x4a,0x49,0x4a,0x49,0x4a,
  0x49,0x4a,0x49,0x4a,0x49,0x4a,0x49,0x4a,0x49,0x4a,0x49,0x4a,0x49,0x4a,0x49,0x4a,
  0x49,0x4a,0x49,0x4a,0x49,0x4a,0x49,0x4a,0x49,0x4a,0x49,0x4a,0x49,0x4a,0x49,0x4a,
  0x49,0x4a,0x49,0x4a,0x49,0x4a,0x49,0x4a,0x49,0x4a,0x49,0x4a,0x49,0x4a,0x49,0x4a,
  0x49,0x4a,0x49,0x4a,0x49,0x4a,0x49,0x4a,0x49,0x4a,0x49,0x4a,0x49,0x4a,0x49,0x4a,
  0x49,0x4a,0x49,0x4a,0x49,0x4a,0x49,0x4a,0x49,0x4a,0x49,0x4a,0x49,0x4a,0x49,0x4a,
  0x49,0x4a,0x49,0x4a,0x49,0x4a,0x49,0x4a,0x49,0x4a,0x49,0x4a,0x49,0x4a,0x49,0x4a,
  0x49,0x4a,0x49,0x4a,0x49,0x4a,0x49,0x4a,0x49,0x4a,0x49,0x4a,0x49,0x4a,0x49,0x4a,
  0x49,0x42,0x49,0x4a,0x49,0x4a,0x49,0x4a,0x49,0x4a,0x49,0x4a,0x49,0x4a,0x49,0x4a,
  0x49,0x4a,0x49,0x4a,0x49,0x4a,0x49,0x4a,0x49,0x4a,0x49,0x4a,0x49,0x4a,0x49,0x4a,
  0x49,0x4a,0x49,0x4a,0x49,0x4a,0x49,0x4a,0x49,0x4a,0x49,0x4a,0x49,0x4a,0x49,0x4a,
  0x49,0x4a,0x49,0x4a,0x49,0x4a,0x49,0x4a,0x49,0x4a,0x49,0x4a,0x49,0x4a,0x49,0x4a,
  0x49,0x4a,0x49,0x4a,0x49,0x4a,0x49,0x4a,0x49,0x4a,0x49,0x4a,0x49,0x4a,0x49,0x4a,
  0x49,0x4a,0x49,0x4a,0x49,0x4a,0x49,0x4a,0x49,0x4a,0x49,0x4a,0x49,0x4a,0x49,0x4a,
  0x49,0x4a,0x49,0x4a,0x49,0x4a,0x49,0x4a,0x49,0x42,0x49,0x42,0x49,0x42,0x49,0x42,
  0x49,0x4a,0x49,0x4a,0x49,0x4a,0x49,0x4a,0x49,0x4a,0x49,0x4a,0x49,0x4a,0x49,0x4a,
  0x49,0x4a,0x49,0x4a,0x49,0x4a,0x49,0x4a,0x49,0x4a,0x49,0x4a,0x49,0x4a,0x49,0x4a,
  0x49,0x4a,0x49,0x4a,0x49,0x4a,0x49,0x4a,0x49,0x4a,0x49,0x4a,0x49,0x4a,0x49,0x4a,
  0x49,0x4a,0x49,0x4a,0x49,0x4a,0x49,0x4a,0x49,0x4a,0x49,0x4a,0x49,0x4a,0x49,0x4a,
  0x49,0x4a,0x49,0x4a,0x49,0x4a,0x49,0x4a,0x49,0x4a,0x49,0x4a,0x49,0x4a,0x49,0x4a,
  0x49,0x4a,0x49,0x4a,0x49,0x4a,0x49,0x4a,0x49,0x4a,0x49,0x4a,0x49,0x42,0x49,0x4a,
  0x49,0x4a,0x49,0x4a,0x49,0x4a,0x49,0x4a,0x49,0x4a,0x49,0x4a,0x49,0x4a,0x49,0x4a,
  0x49,0x4a,0x49,0x42,0x49,0x4a,0x49,0x4a,0x49,0x4a,0x49,0x42,0x49,0x42,0x49,0x42,
  0x49,0x4a,0x49,0x4a,0x49,0x4a,0x49,0x4a,0x49,0x4a,0x49,0x4a,0x49,0x4a,0x49,0x4a,
  0x49,0x4a,0x49,0x4a,0x49,0x4a,0x49,0x4a,0x49,0x4a,0x49,0x4a,0x49,0x4a,0x49,0x4a,
  0x49,0x4a,0x49,0x4a,0x49,0x4a,0x49,0x4a,0x49,0x4a,0x49,0x4a,0x49,0x4a,0x49,0x4a,
  0x49,0x4a,0x49,0x4a,0x49,0x4a,0x49,0x4a,0x49,0x4a,0x49,0x4a,0x49,0x4a,0x49,0x4a,
  0x49,0x4a,0x49,0x4a,0x49,0x4a,0x49,0x4a,0x49,0x4a,0x49,0x4a,0x49,0x4a,0x49,0x4a,
  0x49,0x4a,0x49,0x4a,0x49,0x4a,0x49,0x4a,0x49,0x4a,0x49,0x4a,0x49,0x4a,0x49,0x4a,
  0x49,0x4a,0x49,0x4a,0x49,0x4a,0x49,0x4a,0x49,0x4a,0x49,0x4a,0x49,0x4a,0x49,0x4a,
  0x49,0x4a,0x49,0x4a,0x49,0x4a,0x49,0x4a,0x49,0x4a,0x49,0x4a,0x49,0x4a,0x49,0x4a,
  0x49,0x4a,0x49,0x4a,0x49,0x4a,0x49,0x4a,0x49,0x4a,0x49,0x4a,0x49,0x4a,0x49,0x4a,
  0x49,0x4a,0x49,0x4a,0x49,0x4a,0x49,0x4a,0x49,0x4a,0x49,0x4a,0x49,0x4a,0x49,0x4a,
  0x49,0x4a,0x49,0x4a,0x49,0x4a,0x49,0x4a,0x49,0x4a,0x49,0x4a,0x49,0x4a,0x49,0x4a,
  0x49,0x4a,0x49,0x4a,0x49,0x4a,0x49,0x4a,0x49,0x4a,0x49,0x4a,0x49,0x4a,0x49,0x4a,
  0x49,0x4a,0x49,0x4a,0x49,0x4a,0x49,0x4a,0x49,0x4a,0x49,0x4a,0x49,0x4a,0x49,0x4a,
  0x49,0x4a,0x49,0x4a,0x49,0x4a,0x49,0x4a,0x49,0x4a,0x49,0x4a,0x49,0x4a,0x49,0x4a,
  0x49,0x4a,0x49,0x4a,0x49,0x4a,0x49,0x4a,0x49,0x4a,0x49,0x4a,0x49,0x4a,0x49,0x4a,
  0x49,0x4a,0x49,0x4a,0x49,0x4a,0x49,0x4a,0x49,0x4a,0x49,0x4a,0x49,0x4a,0x49,0x4a,
  0x49,0x4a,0x49,0x4a,0x49,0x4a,0x49,0x4a,0x49,0x42,0x49,0x42,0x49,0x42,0x49,0x42,
  0x49,0x4a,0x49,0x4a,0x49,0x4a,0x49,0x4a,0x49,0x4a,0x49,0x4a,0x49,0x4a,0x49,0x4a,
  0x49,0x4a,0x49,0x4a,0x49,0x4a,0x49,0x4a,0x49,0x4a,0x49,0x4a,0x49,0x4a,0x49,0x4a,
  0x49,0x4a,0x49,0x4a,0x49,0x4a,0x49,0x4a,0x49,0x4a,0x49,0x4a,0x49,0x4a,0x49,0x4a,
  0x49,0x4a,0x49,0x4a,0x49,0x4a,0x49,0x4a,0x49,0x4a,0x49,0x4a,0x49,0x4a,0x49,0x4a,
  0x49,0x4a,0x49,0x4a,0x49,0x4a,0x49,0x4a,0x49,0x4a,0x49,0x4a,0x49,0x42,0x49,0x4a,
  0x49,0x42,0x49,0x42,0x49,0x42,0x49,0x4a,0x49,0x4a,0x49,0x42,0x49,0x42,0x49,0x42,
  0x49,0x42,0x29,0x42,0x49,0x42,0x49,0x42,0x49,0x42,0x29,0x42,0x29,0x42,0x29,0x42,
  0x29,0x42,0x29,0x42,0x29,0x42,0x49,0x42,0x49,0x42,0x49,0x42,0x49,0x42,0x49,0x42,
  0x49,0x4a,0x49,0x4a,0x49,0x4a,0x49,0x4a,0x49,0x4a,0x49,0x4a,0x49,0x4a,0x49,0x4a,
  0x49,0x4a,0x49,0x4a,0x49,0x4a,0x49,0x4a,0x49,0x4a,0x49,0x4a,0x49,0x4a,0x49,0x4a,
  0x49,0x4a,0x49,0x4a,0x49,0x4a,0x49,0x4a,0x49,0x4a,0x49,0x4a,0x49,0x4a,0x49,0x4a,
  0x49,0x4a,0x49,0x4a,0x49,0x4a,0x49,0x4a,0x49,0x4a,0x49,0x4a,0x49,0x4a,0x49,0x4a,
  0x49,0x4a,0x49,0x4a,0x49,0x4a,0x49,0x4a,0x49,0x4a,0x49,0x4a,0x49,0x4a,0x49,0x4a,
  0x49,0x4a,0x49,0x4a,0x49,0x4a,0x49,0x4a,0x49,0x4a,0x49,0x4a,0x49,0x4a,0x49,0x4a,
  0x49,0x4a,0x49,0x4a,0x49,0x4a,0x49,0x4a,0x49,0x4a,0x49,0x4a,0x49,0x4a,0x49,0x4a,
  0x49,0x4a,0x49,0x4a,0x49,0x4a,0x49,0x4a,0x49,0x4a,0x49,0x4a,0x49,0x4a,0x49,0x4a,
  0x49,0x4a,0x49,0x4a,0x49,0x4a,0x49,0x4a,0x49,0x4a,0x49,0x4a,0x49,0x4a,0x49,0x4a,
  0x49,0x4a,0x49,0x4a,0x49,0x4a,0x49,0x4a,0x49,0x4a,0x49,0x4a,0x49,0x4a,0x49,0x4a,
  0x49,0x4a,0x49,0x4a,0x49,0x4a,0x49,0x4a,0x49,0x4a,0x49,0x4a,0x49,0x4a,0x49,0x4a,
  0x49,0x4a,0x49,0x4a,0x49,0x4a,0x49,0x4a,0x49,0x4a,0x49,0x4a,0x49,0x4a,0x49,0x4a,
  0x49,0x4a,0x49,0x4a,0x49,0x4a,0x49,0x4a,0x49,0x4a,0x49,0x4a,0x49,0x4a,0x49,0x4a,
  0x49,0x4a,0x49,0x4a,0x49,0x4a,0x49,0x4a,0x49,0x4a,0x49,0x4a,0x49,0x4a,0x49,0x4a,
  0x49,0x4a,0x49,0x4a,0x49,0x4a,0x49,0x4a,0x29,0x42,0x49,0x4a,0x49,0x4a,0x49,0x4a,
  0x49,0x4a,0x49,0x4a,0x49,0x4a,0x49,0x4a,0x49,0x4a,0x49,0x4a,0x49,0x4a,0x49,0x4a,
  0x49,0x4a,0x49,0x4a,0x49,0x4a,0x49,0x4a,0x49,0x4a,0x49,0x4a,0x49,0x4a,0x49,0x4a,
  0x49,0x4a,0x49,0x4a,0x49,0x4a,0x49,0x4a,0x49,0x4a,0x49,0x4a,0x49,0x4a,0x49,0x4a,
  0x49,0x4a,0x49,0x4a,0x49,0x4a,0x49,0x4a,0x49,0x4a,0x49,0x4a,0x49,0x4a,0x49,0x4a,
  0x49,0x4a,0x49,0x4a,0x49,0x4a,0x49,0x4a,0x49,0x4a,0x49,0x4a,0x49,0x4a,0x49,0x4a,
  0x49,0x4a,0x49,0x4a,0x49,0x4a,0x49,0x4a,0x49,0x4a,0x49,0x4a,0x49,0x4a,0x49,0x4a,
  0x49,0x4a,0x49,0x4a,0x49,0x4a,0x49,0x4a,0x49,0x4a,0x49,0x42,0x49,0x4a,0x49,0x42,
  0x29,0x42,0x49,0x42,0x49,0x42,0x49,0x42,0x49,0x42,0x29,0x42,0x29,0x42,0x29,0x42,
  0x29,0x42,0x49,0x42,0x29,0x42,0x29,0x42,0x29,0x42,0x29,0x42,0x29,0x42,0x29,0x42,
  0x29,0x42,0x28,0x42,0x29,0x42,0x49,0x42,0x49,0x42,0x49,0x42,0x49,0x42,0x49,0x42,
  0x49,0x4a,0x49,0x4a,0x49,0x4a,0x49,0x4a,0x49,0x4a,0x49,0x4a,0x49,0x4a,0x49,0x4a,
  0x49,0x4a,0x49,0x4a,0x49,0x4a,0x49,0x4a,0x49,0x4a,0x49,0x4a,0x69,0x4a,0x69,0x4a,
  0x49,0x4a,0x49,0x4a,0x49,0x4a,0x49,0x4a,0x49,0x4a,0x49,0x4a,0x49,0x4a,0x49,0x4a,
  0x49,0x4a,0x49,0x4a,0x49,0x4a,0x49,0x4a,0x49,0x4a,0x49,0x4a,0x49,0x4a,0x49,0x4a,
  0x49,0x4a,0x49,0x4a,0x49,0x4a,0x49,0x4a,0x49,0x4a,0x49,0x4a,0x49,0x4a,0x49,0x4a,
  0x49,0x4a,0x49,0x4a,0x49,0x4a,0x49,0x4a,0x49,0x4a,0x49,0x4a,0x49,0x4a,0x49,0x4a,
  0x49,0x4a,0x49,0x4a,0x49,0x4a,0x49,0x4a,0x49,0x4a,0x49,0x4a,0x49,0x4a,0x49,0x4a,
  0x49,0x4a,0x49,0x4a,0x49,0x4a,0x49,0x4a,0x49,0x4a,0x49,0x4a,0x49,0x4a,0x49,0x4a,
  0x49,0x4a,0x49,0x4a,0x49,0x4a,0x49,0x4a,0x49,0x4a,0x49,0x4a,0x49,0x4a,0x49,0x4a,
  0x49,0x4a,0x49,0x4a,0x49,0x4a,0x49,0x4a,0x49,0x4a,0x49,0x4a,0x49,0x4a,0x49,0x4a,
  0x49,0x4a,0x49,0x4a,0x49,0x4a,0x49,0x4a,0x49,0x4a,0x49,0x4a,0x49,0x4a,0x49,0x4a,
  0x49,0x4a,0x49,0x4a,0x49,0x4a,0x49,0x4a,0x49,0x4a,0x49,0x4a,0x49,0x4a,0x49,0x4a,
  0x49,0x4a,0x49,0x4a,0x49,0x4a,0x49,0x4a,0x49,0x4a,0x49,0x4a,0x49,0x4a,0x49,0x4a,
  0x49,0x4a,0x49,0x4a,0x49,0x4a,0x49,0x4a,0x49,0x4a,0x49,0x4a,0x49,0x4a,0x49,0x4a,
  0x49,0x4a,0x49,0x4a,0x49,0x4a,0x49,0x4a,0x49,0x4a,0x49,0x4a,0x49,0x4a,0x49,0x4a,
  0x49,0x4a,0x49,0x4a,0x49,0x4a,0x49,0x4a,0x49,0x4a,0x49,0x4a,0x49,0x4a,0x49,0x4a,
  0x49,0x4a,0x49,0x4a,0x49,0x4a,0x49,0x4a,0x49,0x4a,0x49,0x4a,0x49,0x4a,0x49,0x4a,
  0x49,0x4a,0x49,0x4a,0x49,0x4a,0x49,0x4a,0x49,0x4a,0x49,0x4a,0x49,0x4a,0x49,0x4a,
  0x49,0x4a,0x49,0x4a,0x49,0x4a,0x49,0x4a,0x49,0x4a,0x49,0x4a,0x49,0x4a,0x49,0x4a,
  0x49,0x4a,0x49,0x4a,0x49,0x4a,0x49,0x4a,0x49,0x4a,0x49,0x4a,0x49,0x4a,0x49,0x4a,
  0x49,0x4a,0x49,0x4a,0x49,0x4a,0x49,0x4a,0x49,0x4a,0x49,0x4a,0x49,0x4a,0x49,0x4a,
  0x49,0x4a,0x49,0x4a,0x49,0x4a,0x49,0x4a,0x49,0x4a,0x49,0x42,0x49,0x4a,0x29,0x42,
  0x29,0x42,0x49,0x42,0x49,0x42,0x49,0x42,0x49,0x42,0x29,0x42,0x29,0x42,0x29,0x42,
  0x49,0x4a,0x28,0x42,0x49,0x4a,0x49,0x4a,0x28,0x42,0x28,0x42,0x29,0x42,0x29,0x42,
  0x29,0x42,0x29,0x42,0x49,0x42,0x49,0x42,0x49,0x42,0x49,0x42,0x49,0x42,0x49,0x42,
  0x49,0x4a,0x49,0x4a,0x49,0x4a,0x49,0x4a,0x49,0x4a,0x49,0x4a,0x49,0x4a,0x69,0x4a,
  0x69,0x4a,0x49,0x4a,0xa7,0x31,0xc7,0x39,0x08,0x42,0x08,0x3a,0x08,0x3a,0xe8,0x39,
  0x28,0x42,0x49,0x4a,0x69,0x4a,0x49,0x4a,0x49,0x4a,0x49,0x4a,0x49,0x4a,0x49,0x4a,
  0x49,0x4a,0x49,0x4a,0x49,0x4a,0x49,0x4a,0x49,0x4a,0x49,0x4a,0x49,0x4a,0x49,0x4a,
  0x49,0x4a,0x49,0x4a,0x49,0x4a,0x49,0x4a,0x49,0x4a,0x49,0x4a,0x49,0x4a,0x49,0x4a,
  0x49,0x4a,0x49,0x4a,0x49,0x4a,0x49,0x4a,0x49,0x4a,0x49,0x4a,0x49,0x4a,0x49,0x4a,
  0x49,0x4a,0x49,0x4a,0x49,0x4a,0x49,0x4a,0x49,0x4a,0x49,0x4a,0x49,0x4a,0x49,0x4a,
  0x49,0x4a,0x49,0x4a,0x49,0x4a,0x49,0x4a,0x49,0x4a,0x49,0x4a,0x49,0x4a,0x49,0x4a,
  0x49,0x4a,0x49,0x4a,0x49,0x4a,0x49,0x4a,0x49,0x4a,0x49,0x4a,0x49,0x4a,0x49,0x4a,
  0x49,0x4a,0x49,0x4a,0x49,0x4a,0x49,0x4a,0x49,0x4a,0x49,0x4a,0x49,0x4a,0x49,0x4a,
  0x49,0x4a,0x49,0x4a,0x49,0x4a,0x49,0x4a,0x49,0x4a,0x49,0x4a,0x49,0x4a,0x49,0x4a,
  0x49,0x4a,0x49,0x4a,0x49,0x4a,0x49,0x4a,0x49,0x4a,0x49,0x4a,0x49,0x4a,0x49,0x4a,
  0x49,0x4a,0x49,0x4a,0x49,0x4a,0x49,0x4a,0x49,0x4a,0x49,0x4a,0x49,0x4a,0x49,0x4a,
  0x49,0x4a,0x49,0x4a,0x49,0x4a,0x49,0x4a,0x49,0x4a,0x49,0x4a,0x49,0x4a,0x49,0x4a,
  0x49,0x4a,0x49,0x4a,0x49,0x4a,0x49,0x4a,0x49,0x4a,0x49,0x4a,0x49,0x4a,0x49,0x4a,
  0x49,0x4a,0x49,0x4a,0x49,0x4a,0x49,0x4a,0x49,0x4a,0x49,0x4a,0x49,0x4a,0x49,0x4a,
  0x49,0x4a,0x49,0x4a,0x49,0x4a,0x49,0x4a,0x49,0x4a,0x49,0x4a,0x49,0x4a,0x49,0x4a,
  0x49,0x4a,0x49,0x4a,0x49,0x4a,0x49,0x4a,0x49,0x4a,0x49,0x4a,0x49,0x4a,0x49,0x4a,
  0x49,0x4a,0x49,0x4a,0x49,0x4a,0x49,0x4a,0x49,0x4a,0x49,0x4a,0x49,0x4a,0x49,0x4a,
  0x49,0x4a,0x49,0x4a,0x49,0x4a,0x49,0x4a,0x49,0x4a,0x49,0x4a,0x49,0x4a,0x49,0x4a,
  0x49,0x4a,0x49,0x4a,0x49,0x4a,0x49,0x4a,0x49,0x4a,0x49,0x4a,0x49,0x4a,0x49,0x4a,
  0x49,0x4a,0x49,0x4a,0x49,0x4a,0x49,0x4a,0x49,0x4a,0x49,0x42,0x49,0x42,0x49,0x42,
  0x49,0x42,0x49,0x42,0x29,0x42,0x49,0x42,0x49,0x42,0x49,0x42,0x49,0x42,0x49,0x4a,
  0xe7,0x39,0xc3,0x10,0x65,0x29,0x08,0x42,0x29,0x42,0x49,0x4a,0x49,0x4a,0x49,0x42,
  0x49,0x4a,0x49,0x42,0x29,0x42,0x49,0x42,0x49,0x42,0x49,0x42,0x49,0x42,0x49,0x42,
  0x49,0x4a,0x49,0x4a,0x49,0x4a,0x49,0x4a,0x69,0x4a,0x49,0x42,0x08,0x42,0xe7,0x39,
  0x86,0x31,0x25,0x21,0xe3,0x18,0xc3,0x18,0xc3,0x18,0xe3,0x18,0xe4,0x18,0x04,0x21,
  0x24,0x21,0x65,0x29,0xc7,0x39,0x69,0x4a,0x49,0x4a,0x49,0x4a,0x49,0x4a,0x49,0x4a,
  0x49,0x4a,0x49,0x4a,0x49,0x4a,0x49,0x42,0x49,0x4a,0x49,0x4a,0x49,0x4a,0x49,0x4a,
  0x49,0x4a,0x49,0x4a,0x49,0x4a,0x49,0x4a,0x49,0x4a,0x49,0x4a,0x49,0x4a,0x49,0x4a,
  0x49,0x4a,0x49,0x4a,0x49,0x4a,0x49,0x4a,0x49,0x4a,0x49,0x4a,0x49,0x4a,0x49,0x4a,
  0x49,0x4a,0x49,0x4a,0x49,0x4a,0x49,0x4a,0x49,0x4a,0x49,0x4a,0x49,0x4a,0x49,0x4a,
  0x49,0x4a,0x49,0x4a,0x49,0x4a,0x49,0x4a,0x49,0x4a,0x49,0x4a,0x49,0x4a,0x49,0x4a,
  0x49,0x4a,0x49,0x4a,0x49,0x4a,0x49,0x4a,0x49,0x4a,0x49,0x4a,0x49,0x4a,0x49,0x4a,
  0x49,0x4a,0x49,0x4a,0x49,0x4a,0x49,0x4a,0x49,0x4a,0x49,0x4a,0x49,0x4a,0x49,0x4a,
  0x49,0x4a,0x49,0x4a,0x49,0x4a,0x49,0x4a,0x49,0x4a,0x49,0x4a,0x49,0x4a,0x49,0x4a,
  0x49,0x4a,0x49,0x4a,0x49,0x4a,0x49,0x4a,0x49,0x4a,0x49,0x4a,0x49,0x4a,0x49,0x4a,
  0x49,0x4a,0x49,0x4a,0x49,0x4a,0x49,0x4a,0x49,0x4a,0x49,0x4a,0x49,0x4a,0x49,0x4a,
  0x49,0x4a,0x49,0x4a,0x49,0x4a,0x49,0x4a,0x49,0x4a,0x49,0x4a,0x49,0x4a,0x49,0x4a,
  0x49,0x4a,0x49,0x4a,0x49,0x4a,0x49,0x4a,0x49,0x4a,0x49,0x4a,0x49,0x4a,0x49,0x4a,
  0x49,0x4a,0x49,0x4a,0x49,0x4a,0x49,0x4a,0x49,0x4a,0x49,0x4a,0x49,0x4a,0x49,0x4a,
  0x49,0x4a,0x49,0x4a,0x49,0x4a,0x49,0x4a,0x49,0x4a,0x49,0x4a,0x49,0x4a,0x49,0x4a,
  0x49,0x4a,0x49,0x4a,0x49,0x4a,0x49,0x4a,0x49,0x4a,0x49,0x4a,0x49,0x4a,0x49,0x4a,
  0x49,0x4a,0x49,0x4a,0x49,0x4a,0x49,0x4a,0x49,0x4a,0x49,0x4a,0x49,0x4a,0x49,0x4a,
  0x49,0x4a,0x49,0x4a,0x49,0x4a,0x49,0x4a,0x49,0x4a,0x49,0x4a,0x49,0x4a,0x49,0x4a,
  0x49,0x4a,0x49,0x4a,0x49,0x4a,0x49,0x4a,0x49,0x4a,0x49,0x4a,0x49,0x4a,0x49,0x4a,
  0x49,0x4a,0x49,0x4a,0x49,0x4a,0x49,0x4a,0x49,0x4a,0x49,0x42,0x49,0x42,0x49,0x42,
  0x49,0x42,0x49,0x42,0x29,0x42,0x49,0x42,0x49,0x42,0x29,0x42,0x49,0x4a,0xa6,0x31,
  0xa3,0x10,0xa3,0x10,0xa3,0x10,0xc3,0x18,0x04,0x21,0x65,0x29,0xa7,0x31,0x08,0x42,
  0xc7,0x39,0x28,0x42,0x69,0x4a,0x49,0x42,0x29,0x42,0x49,0x42,0x49,0x42,0x49,0x42,
  0x49,0x4a,0x28,0x42,0x65,0x29,0xa6,0x31,0x65,0x29,0x04,0x21,0xe3,0x18,0xa3,0x10,
  0x82,0x10,0xa2,0x10,0xa2,0x10,0xa3,0x10,0xc3,0x18,0xe3,0x18,0xe3,0x18,0x04,0x21,
  0x04,0x21,0x04,0x21,0xa3,0x10,0x65,0x29,0x49,0x4a,0x49,0x4a,0x49,0x4a,0x49,0x4a,
  0x49,0x4a,0x49,0x4a,0x49,0x4a,0x49,0x4a,0x49,0x4a,0x49,0x4a,0x49,0x4a,0x49,0x4a,
  0x49,0x4a,0x49,0x4a,0x49,0x4a,0x49,0x4a,0x49,0x4a,0x49,0x4a,0x49,0x4a,0x49,0x4a,
  0x49,0x4a,0x49,0x4a,0x49,0x4a,0x49,0x4a,0x49,0x4a,0x49,0x4a,0x49,0x4a,0x49,0x4a,
  0x49,0x4a,0x49,0x4a,0x49,0x4a,0x49,0x4a,0x49,0x4a,0x49,0x4a,0x49,0x4a,0x49,0x4a,
  0x49,0x4a,0x49,0x4a,0x49,0x4a,0x49,0x4a,0x49,0x4a,0x49,0x4a,0x49,0x4a,0x49,0x4a,
  0x49,0x4a,0x49,0x4a,0x49,0x4a,0x49,0x4a,0x49,0x4a,0x49,0x4a,0x49,0x4a,0x49,0x4a,
  0x49,0x4a,0x49,0x4a,0x49,0x4a,0x49,0x4a,0x49,0x4a,0x49,0x4a,0x49,0x4a,0x49,0x4a,
  0x49,0x4a,0x49,0x4a,0x49,0x4a,0x49,0x4a,0x49,0x4a,0x49,0x4a,0x49,0x4a,0x49,0x4a,
  0x49,0x4a,0x49,0x4a,0x49,0x4a,0x49,0x4a,0x49,0x4a,0x49,0x4a,0x49,0x4a,0x49,0x4a,
  0x49,0x4a,0x49,0x4a,0x49,0x4a,0x49,0x4a,0x49,0x4a,0x49,0x4a,0x49,0x4a,0x49,0x4a,
  0x49,0x4a,0x49,0x4a,0x49,0x4a,0x49,0x4a,0x49,0x4a,0x49,0x4a,0x49,0x4a,0x49,0x4a,
  0x49,0x4a,0x49,0x4a,0x49,0x4a,0x49,0x4a,0x49,0x4a,0x49,0x4a,0x49,0x4a,0x49,0x4a,
  0x49,0x4a,0x49,0x4a,0x49,0x4a,0x49,0x4a,0x49,0x4a,0x49,0x4a,0x49,0x4a,0x49,0x4a,
  0x49,0x4a,0x49,0x4a,0x49,0x4a,0x49,0x4a,0x49,0x4a,0x49,0x4a,0x49,0x4a,0x49,0x4a,
  0x49,0x4a,0x49,0x4a,0x49,0x4a,0x49,0x4a,0x49,0x4a,0x49,0x4a,0x49,0x4a,0x49,0x4a,
  0x49,0x4a,0x49,0x4a,0x49,0x4a,0x49,0x4a,0x49,0x4a,0x49,0x4a,0x49,0x4a,0x49,0x4a,
  0x49,0x4a,0x49,0x4a,0x49,0x4a,0x49,0x4a,0x49,0x4a,0x49,0x4a,0x49,0x4a,0x49,0x4a,
  0x49,0x4a,0x49,0x4a,0x49,0x4a,0x49,0x4a,0x49,0x4a,0x49,0x4a,0x49,0x4a,0x49,0x4a,
  0x49,0x4a,0x49,0x4a,0x49,0x4a,0x49,0x4a,0x49,0x4a,0x49,0x42,0x49,0x42,0x49,0x42,
  0x49,0x42,0x49,0x42,0x49,0x42,0x49,0x42,0x29,0x42,0x49,0x4a,0xe7,0x39,0xa3,0x10,
  0xc3,0x18,0xe3,0x18,0xe4,0x18,0xe4,0x18,0xe3,0x18,0xc3,0x10,0xa3,0x10,0xe3,0x18,
  0xa3,0x10,0x04,0x21,0xc7,0x39,0x29,0x42,0x69,0x4a,0x49,0x42,0x29,0x42,0x49,0x42,
  0x49,0x4a,0x29,0x42,0x04,0x19,0x82,0x10,0xa3,0x10,0xa3,0x10,0xa3,0x10,0xc3,0x10,
  0xc3,0x18,0xc3,0x10,0xc3,0x10,0xc3,0x10,0xa3,0x10,0xc3,0x10,0xc3,0x10,0xe3,0x18,
  0xe4,0x18,0x04,0x21,0x04,0x21,0xa3,0x10,0x45,0x21,0x69,0x4a,0x49,0x4a,0x49,0x4a,
  0x49,0x4a,0x49,0x4a,0x49,0x4a,0x49,0x4a,0x49,0x4a,0x49,0x4a,0x49,0x4a,0x49,0x4a,
  0x49,0x4a,0x49,0x4a,0x49,0x4a,0x49,0x4a,0x49,0x4a,0x49,0x4a,0x49,0x4a,0x49,0x4a,
  0x49,0x4a,0x49,0x4a,0x49,0x4a,0x49,0x4a,0x49,0x4a,0x49,0x4a,0x49,0x4a,0x49,0x4a,
  0x49,0x4a,0x49,0x4a,0x49,0x4a,0x49,0x4a,0x49,0x4a,0x49,0x4a,0x49,0x4a,0x49,0x4a,
  0x49,0x4a,0x49,0x4a,0x49,0x4a,0x49,0x4a,0x49,0x4a,0x49,0x4a,0x49,0x4a,0x49,0x4a,
  0x49,0x4a,0x49,0x4a,0x49,0x4a,0x49,0x4a,0x49,0x4a,0x49,0x4a,0x49,0x4a,0x49,0x4a,
  0x49,0x4a,0x49,0x4a,0x49,0x4a,0x49,0x4a,0x49,0x4a,0x49,0x4a,0x49,0x4a,0x49,0x4a,
  0x49,0x4a,0x49,0x4a,0x49,0x4a,0x49,0x4a,0x49,0x4a,0x49,0x4a,0x49,0x4a,0x49,0x4a,
  0x49,0x4a,0x49,0x4a,0x49,0x4a,0x49,0x4a,0x49,0x4a,0x49,0x4a,0x49,0x4a,0x49,0x4a,
  0x49,0x4a,0x49,0x4a,0x49,0x4a,0x49,0x4a,0x49,0x4a,0x49,0x4a,0x49,0x4a,0x49,0x4a,
  0x49,0x4a,0x49,0x4a,0x49,0x4a,0x49,0x4a,0x49,0x4a,0x49,0x4a,0x49,0x4a,0x49,0x4a,
  0x49,0x4a,0x49,0x4a,0x49,0x4a,0x49,0x4a,0x49,0x4a,0x49,0x4a,0x49,0x4a,0x49,0x4a,
  0x49,0x4a,0x49,0x4a,0x49,0x4a,0x49,0x4a,0x49,0x4a,0x49,0x4a,0x49,0x4a,0x49,0x4a,
  0x49,0x4a,0x49,0x4a,0x49,0x4a,0x49,0x4a,0x49,0x4a,0x49,0x4a,0x49,0x4a,0x49,0x4a,
  0x49,0x4a,0x49,0x4a,0x49,0x4a,0x49,0x4a,0x49,0x4a,0x49,0x4a,0x49,0x4a,0x49,0x4a,
  0x49,0x4a,0x49,0x4a,0x49,0x4a,0x49,0x4a,0x49,0x4a,0x49,0x4a,0x49,0x4a,0x49,0x4a,
  0x49,0x4a,0x49,0x4a,0x49,0x4a,0x49,0x4a,0x49,0x4a,0x49,0x4a,0x49,0x4a,0x49,0x4a,
  0x49,0x4a,0x49,0x4a,0x49,0x4a,0x49,0x4a,0x49,0x4a,0x49,0x4a,0x49,0x4a,0x49,0x4a,
  0x49,0x4a,0x49,0x4a,0x49,0x4a,0x49,0x4a,0x49,0x4a,0x49,0x4a,0x49,0x42,0x49,0x42,
  0x49,0x42,0x49,0x42,0x49,0x42,0x29,0x42,0x49,0x4a,0x08,0x42,0xe3,0x18,0xc3,0x18,
  0xe3,0x18,0xe3,0x18,0xe3,0x18,0xe4,0x18,0xe4,0x18,0xe4,0x18,0xe4,0x18,0xe3,0x18,
  0xe3,0x18,0xc3,0x10,0xa2,0x10,0xe3,0x18,0x86,0x31,0x29,0x42,0x49,0x4a,0x29,0x42,
  0x49,0x4a,0x49,0x4a,0x28,0x42,0x04,0x21,0xa2,0x10,0xc3,0x18,0xc3,0x18,0xc3,0x10,
  0xa3,0x10,0xa3,0x10,0xa3,0x10,0xa3,0x10,0xa3,0x10,0xa3,0x10,0xa3,0x10,0xc3,0x18,
  0xe3,0x18,0xe4,0x18,0x04,0x21,0x04,0x21,0xc3,0x10,0xa6,0x31,0x6a,0x4a,0x49,0x4a,
  0x49,0x4a,0x49,0x4a,0x49,0x4a,0x49,0x4a,0x49,0x4a,0x49,0x4a,0x49,0x4a,0x49,0x4a,
  0x49,0x4a,0x49,0x4a,0x49,0x4a,0x49,0x4a,0x49,0x4a,0x49,0x4a,0x49,0x4a,0x49,0x4a,
  0x49,0x4a,0x49,0x4a,0x49,0x4a,0x49,0x4a,0x49,0x4a,0x49,0x4a,0x49,0x4a,0x49,0x4a,
  0x49,0x4a,0x49,0x4a,0x49,0x4a,0x49,0x4a,0x49,0x4a,0x49,0x4a,0x49,0x4a,0x49,0x4a,
  0x49,0x4a,0x49,0x4a,0x49,0x4a,0x49,0x4a,0x49,0x4a,0x49,0x4a,0x49,0x4a,0x49,0x4a,
  0x49,0x4a,0x49,0x4a,0x49,0x4a,0x49,0x4a,0x49,0x4a,0x49,0x4a,0x49,0x4a,0x49,0x4a,
  0x49,0x4a,0x49,0x4a,0x49,0x4a,0x49,0x4a,0x49,0x4a,0x49,0x4a,0x49,0x4a,0x49,0x4a,
  0x49,0x4a,0x49,0x4a,0x49,0x4a,0x49,0x4a,0x49,0x4a,0x49,0x4a,0x49,0x4a,0x49,0x4a,
  0x49,0x4a,0x49,0x4a,0x49,0x4a,0x49,0x4a,0x49,0x4a,0x49,0x4a,0x49,0x4a,0x49,0x4a,
  0x49,0x4a,0x49,0x4a,0x49,0x4a,0x49,0x4a,0x49,0x4a,0x49,0x4a,0x49,0x4a,0x49,0x4a,
  0x49,0x4a,0x49,0x4a,0x49,0x4a,0x49,0x4a,0x49,0x4a,0x49,0x4a,0x49,0x4a,0x49,0x4a,
  0x49,0x4a,0x49,0x4a,0x49,0x4a,0x49,0x4a,0x49,0x4a,0x49,0x4a,0x49,0x4a,0x49,0x4a,
  0x49,0x4a,0x49,0x4a,0x49,0x4a,0x49,0x4a,0x49,0x4a,0x49,0x42,0x49,0x42,0x49,0x42,
  0x49,0x42,0x49,0x42,0x49,0x42,0x49,0x42,0x49,0x42,0x49,0x42,0x49,0x42,0x49,0x42,
  0x49,0x42,0x49,0x42,0x49,0x42,0x49,0x42,0x49,0x42,0x49,0x42,0x49,0x42,0x49,0x42,
  0x49,0x42,0x49,0x42,0x49,0x42,0x49,0x42,0x49,0x4a,0x49,0x4a,0x49,0x42,0x49,0x42,
  0x49,0x4a,0x49,0x4a,0x49,0x42,0x49,0x42,0x49,0x42,0x49,0x42,0x49,0x42,0x49,0x42,
  0x49,0x42,0x49,0x42,0x49,0x42,0x49,0x42,0x49,0x42,0x49,0x42,0x49,0x4a,0x49,0x4a,
  0x49,0x4a,0x49,0x4a,0x49,0x4a,0x49,0x42,0x49,0x4a,0x49,0x4a,0x49,0x42,0x49,0x42,
  0x49,0x42,0x29,0x42,0x29,0x42,0x49,0x4a,0xe7,0x39,0xc3,0x18,0xc3,0x18,0xe3,0x18,
  0xe3,0x18,0xe3,0x18,0xe3,0x18,0xe3,0x18,0xe3,0x18,0xe3,0x18,0xe4,0x18,0xe3,0x18,
  0xe3,0x18,0xc3,0x18,0xc3,0x18,0xc3,0x10,0x82,0x10,0xe3,0x18,0xe7,0x39,0x69,0x4a,
  0x49,0x4a,0x49,0x4a,0x69,0x4a,0x49,0x42,0x86,0x31,0xc3,0x10,0xa2,0x10,0xa3,0x10,
  0xa3,0x10,0xa3,0x10,0xa3,0x10,0xa3,0x10,0xa3,0x10,0xa3,0x10,0xa3,0x10,0xc3,0x10,
  0xc3,0x18,0xe3,0x18,0xe3,0x18,0x04,0x19,0x04,0x21,0xc3,0x18,0x86,0x31,0x69,0x4a,
  0x49,0x4a,0x49,0x4a,0x49,0x4a,0x49,0x4a,0x49,0x4a,0x49,0x4a,0x49,0x4a,0x49,0x4a,
  0x49,0x4a,0x49,0x4a,0x49,0x4a,0x49,0x4a,0x49,0x4a,0x49,0x4a,0x49,0x4a,0x49,0x4a,
  0x49,0x4a,0x49,0x4a,0x49,0x4a,0x49,0x4a,0x49,0x4a,0x49,0x4a,0x49,0x4a,0x49,0x4a,
  0x49,0x4a,0x49,0x4a,0x49,0x4a,0x49,0x4a,0x49,0x4a,0x49,0x4a,0x49,0x4a,0x49,0x4a,
  0x49,0x4a,0x49,0x4a,0x49,0x4a,0x49,0x4a,0x49,0x4a,0x49,0x4a,0x49,0x4a,0x49,0x4a,
  0x49,0x4a,0x49,0x4a,0x49,0x4a,0x49,0x4a,0x49,0x4a,0x49,0x4a,0x49,0x4a,0x49,0x4a,
  0x49,0x4a,0x49,0x4a,0x49,0x4a,0x49,0x4a,0x49,0x4a,0x49,0x4a,0x49,0x4a,0x49,0x4a,
  0x49,0x4a,0x49,0x4a,0x49,0x4a,0x49,0x4a,0x49,0x4a,0x49,0x4a,0x49,0x4a,0x49,0x4a,
  0x49,0x4a,0x49,0x4a,0x49,0x4a,0x49,0x4a,0x49,0x4a,0x49,0x4a,0x49,0x4a,0x49,0x4a,
  0x49,0x4a,0x49,0x4a,0x49,0x4a,0x49,0x4a,0x49,0x4a,0x49,0x4a,0x49,0x4a,0x49,0x4a,
  0x49,0x4a,0x49,0x4a,0x49,0x4a,0x49,0x4a,0x49,0x4a,0x49,0x4a,0x49,0x4a,0x49,0x4a,
  0x49,0x4a,0x49,0x4a,0x49,0x4a,0x49,0x4a,0x49,0x4a,0x49,0x4a,0x49,0x4a,0x49,0x4a,
  0x49,0x4a,0x49,0x4a,0x49,0x4a,0x49,0x4a,0x49,0x4a,0x49,0x42,0x49,0x42,0x49,0x42,
  0x49,0x42,0x49,0x42,0x49,0x42,0x49,0x42,0x49,0x42,0x49,0x42,0x49,0x42,0x49,0x42,
  0x49,0x42,0x49,0x42,0x49,0x42,0x49,0x42,0x49,0x42,0x49,0x42,0x49,0x42,0x49,0x42,
  0x49,0x42,0x49,0x42,0x49,0x42,0x49,0x42,0x49,0x4a,0x49,0x4a,0x49,0x42,0x49,0x42,
  0x49,0x42,0x49,0x42,0x49,0x42,0x49,0x42,0x49,0x42,0x49,0x42,0x49,0x42,0x49,0x42,
  0x49,0x42,0x49,0x42,0x49,0x42,0x49,0x42,0x49,0x42,0x49,0x42,0x49,0x42,0x49,0x42,
  0x49,0x42,0x49,0x42,0x49,0x42,0x49,0x42,0x49,0x42,0x49,0x42,0x49,0x42,0x49,0x42,
  0x49,0x42,0x29,0x42,0x49,0x4a,0xa7,0x31,0xc3,0x10,0xc3,0x18,0xe3,0x18,0xe3,0x18,
  0xe3,0x18,0xe3,0x18,0xe3,0x18,0xe3,0x18,0xe3,0x18,0xe3,0x18,0xe3,0x18,0xc3,0x18,
  0xc3,0x18,0xc3,0x18,0xc3,0x10,0xc3,0x10,0xc3,0x10,0xa2,0x10,0x82,0x10,0x65,0x29,
  0x49,0x4a,0x49,0x4a,0x49,0x4a,0x49,0x4a,0x6a,0x4a,0xe8,0x39,0xc3,0x18,0xa2,0x10,
  0xc3,0x10,0xa3,0x10,0xa3,0x10,0xa3,0x10,0xa3,0x10,0xa3,0x10,0xa3,0x10,0xa3,0x10,
  0xc3,0x10,0xc3,0x18,0xe3,0x18,0xe3,0x18,0x04,0x19,0x04,0x21,0xc3,0x18,0x65,0x29,
  0x69,0x4a,0x49,0x4a,0x49,0x4a,0x49,0x4a,0x49,0x4a,0x49,0x4a,0x49,0x4a,0x49,0x4a,
  0x49,0x4a,0x49,0x4a,0x49,0x4a,0x49,0x4a,0x49,0x4a,0x49,0x4a,0x49,0x4a,0x49,0x4a,
  0x49,0x4a,0x49,0x4a,0x49,0x4a,0x49,0x4a,0x49,0x4a,0x49,0x4a,0x49,0x4a,0x49,0x4a,
  0x49,0x4a,0x49,0x4a,0x49,0x4a,0x49,0x4a,0x49,0x4a,0x49,0x4a,0x49,0x4a,0x49,0x4a,
  0x49,0x4a,0x49,0x4a,0x49,0x4a,0x49,0x4a,0x49,0x4a,0x49,0x4a,0x49,0x4a,0x49,0x4a,
  0x49,0x4a,0x49,0x4a,0x49,0x4a,0x49,0x4a,0x49,0x4a,0x49,0x4a,0x49,0x4a,0x49,0x4a,
  0x49,0x4a,0x49,0x4a,0x49,0x4a,0x49,0x4a,0x49,0x4a,0x49,0x4a,0x49,0x4a,0x49,0x4a,
  0x49,0x4a,0x49,0x4a,0x49,0x4a,0x49,0x4a,0x49,0x4a,0x49,0x4a,0x49,0x4a,0x49,0x4a,
  0x49,0x4a,0x49,0x4a,0x49,0x4a,0x49,0x4a,0x49,0x4a,0x49,0x4a,0x49,0x4a,0x49,0x4a,
  0x49,0x4a,0x49,0x4a,0x49,0x4a,0x49,0x4a,0x49,0x4a,0x49,0x4a,0x49,0x4a,0x49,0x4a,
  0x49,0x4a,0x49,0x4a,0x49,0x4a,0x49,0x4a,0x49,0x4a,0x49,0x4a,0x49,0x4a,0x49,0x4a,
  0x49,0x4a,0x49,0x4a,0x49,0x4a,0x49,0x4a,0x49,0x4a,0x49,0x4a,0x49,0x4a,0x49,0x4a,
  0x49,0x4a,0x49,0x4a,0x49,0x4a,0x49,0x4a,0x49,0x4a,0x49,0x42,0x49,0x42,0x49,0x42,
  0x49,0x42,0x49,0x42,0x49,0x42,0x49,0x42,0x49,0x42,0x49,0x42,0x49,0x42,0x49,0x42,
  0x49,0x42,0x49,0x42,0x49,0x42,0x49,0x42,0x49,0x42,0x49,0x42,0x49,0x42,0x49,0x42,
  0x49,0x42,0x49,0x42,0x49,0x42,0x49,0x42,0x49,0x42,0x49,0x42,0x49,0x42,0x49,0x42,
  0x49,0x42,0x49,0x42,0x49,0x42,0x49,0x42,0x49,0x42,0x49,0x42,0x49,0x42,0x49,0x42,
  0x49,0x42,0x49,0x42,0x49,0x42,0x49,0x42,0x49,0x42,0x49,0x42,0x49,0x42,0x49,0x42,
  0x49,0x42,0x49,0x42,0x49,0x42,0x49,0x42,0x49,0x42,0x49,0x42,0x49,0x42,0x29,0x42,
  0x29,0x42,0x49,0x4a,0x86,0x31,0xa3,0x10,0xe3,0x18,0xe3,0x18,0xe3,0x18,0xe3,0x18,
  0xe3,0x18,0xe3,0x18,0xe3,0x18,0xe3,0x18,0xe3,0x18,0xe3,0x18,0xc3,0x18,0xc3,0x18,
  0xc3,0x10,0xa3,0x10,0xa3,0x10,0xa3,0x10,0xa2,0x10,0xa3,0x10,0xa2,0x10,0x82,0x10,
  0x49,0x4a,0x49,0x4a,0x49,0x4a,0x49,0x4a,0x49,0x4a,0x69,0x4a,0x28,0x42,0xe4,0x18,
  0xa2,0x10,0xc3,0x10,0xa3,0x10,0xa3,0x10,0xa3,0x10,0xa3,0x10,0xa3,0x10,0xa3,0x10,
  0xa3,0x10,0xc3,0x18,0xc3,0x18,0xe3,0x18,0xe3,0x18,0x04,0x19,0x04,0x21,0xe3,0x18,
  0x45,0x21,0x49,0x4a,0x49,0x4a,0x49,0x4a,0x49,0x4a,0x49,0x4a,0x49,0x4a,0x49,0x4a,
  0x49,0x4a,0x49,0x4a,0x49,0x4a,0x49,0x4a,0x49,0x4a,0x49,0x4a,0x49,0x4a,0x49,0x4a,
  0x49,0x4a,0x49,0x4a,0x49,0x4a,0x49,0x4a,0x49,0x4a,0x49,0x4a,0x49,0x4a,0x49,0x4a,
  0x49,0x4a,0x49,0x4a,0x49,0x4a,0x49,0x4a,0x49,0x4a,0x49,0x4a,0x49,0x4a,0x49,0x4a,
  0x49,0x4a,0x49,0x4a,0x29,0x42,0x49,0x4a,0x49,0x4a,0x49,0x4a,0x49,0x4a,0x49,0x4a,
  0x49,0x4a,0x49,0x4a,0x49,0x4a,0x49,0x4a,0x49,0x4a,0x49,0x4a,0x49,0x4a,0x49,0x4a,
  0x49,0x4a,0x49,0x4a,0x49,0x4a,0x49,0x4a,0x49,0x4a,0x49,0x4a,0x49,0x4a,0x49,0x4a,
  0x49,0x4a,0x49,0x4a,0x49,0x4a,0x49,0x4a,0x49,0x4a,0x49,0x4a,0x49,0x4a,0x49,0x4a,
  0x49,0x4a,0x49,0x4a,0x49,0x4a,0x49,0x4a,0x49,0x4a,0x49,0x4a,0x49,0x4a,0x49,0x4a,
  0x49,0x4a,0x49,0x4a,0x49,0x4a,0x49,0x4a,0x49,0x4a,0x49,0x4a,0x49,0x4a,0x49,0x4a,
  0x49,0x4a,0x49,0x4a,0x49,0x4a,0x49,0x4a,0x49,0x4a,0x49,0x4a,0x49,0x4a,0x49,0x4a,
  0x49,0x4a,0x49,0x4a,0x49,0x4a,0x49,0x4a,0x49,0x4a,0x49,0x4a,0x49,0x4a,0x49,0x4a,
  0x49,0x4a,0x49,0x4a,0x49,0x4a,0x49,0x4a,0x49,0x4a,0x49,0x42,0x49,0x42,0x49,0x42,
  0x49,0x42,0x49,0x42,0x49,0x42,0x49,0x42,0x49,0x42,0x49,0x42,0x49,0x42,0x49,0x42,
  0x49,0x42,0x49,0x42,0x49,0x42,0x49,0x42,0x49,0x42,0x49,0x42,0x49,0x42,0x49,0x42,
  0x49,0x42,0x49,0x42,0x49,0x42,0x49,0x42,0x49,0x42,0x49,0x42,0x49,0x42,0x49,0x42,
  0x49,0x42,0x49,0x42,0x49,0x42,0x49,0x42,0x49,0x42,0x49,0x42,0x49,0x42,0x49,0x42,
  0x49,0x42,0x49,0x42,0x49,0x42,0x49,0x42,0x49,0x42,0x49,0x42,0x49,0x42,0x49,0x42,
  0x49,0x42,0x49,0x42,0x49,0x42,0x49,0x42,0x49,0x42,0x49,0x42,0x29,0x42,0x49,0x42,
  0x49,0x4a,0x66,0x29,0xa3,0x10,0xe3,0x18,0xe3,0x18,0xe3,0x18,0xe3,0x18,0xe3,0x18,
  0xe3,0x18,0xe3,0x18,0xe3,0x18,0xe3,0x18,0xe3,0x18,0xc3,0x18,0xc3,0x10,0xa3,0x10,
  0xa3,0x10,0xa2,0x10,0xa2,0x10,0xa2,0x10,0xa2,0x10,0xa2,0x10,0xa2,0x10,0xa2,0x10,
  0x49,0x4a,0x49,0x4a,0x49,0x4a,0x49,0x4a,0x49,0x4a,0x49,0x4a,0x69,0x4a,0x49,0x42,
  0x24,0x21,0xa2,0x10,0xc3,0x10,0xa3,0x10,0xa3,0x10,0xa3,0x10,0xa3,0x10,0xa3,0x10,
  0xa3,0x10,0xc3,0x10,0xc3,0x10,0xc3,0x18,0xc3,0x18,0xe3,0x18,0x04,0x19,0x04,0x21,
  0xe3,0x18,0x24,0x21,0x49,0x4a,0x49,0x4a,0x49,0x4a,0x49,0x4a,0x49,0x4a,0x49,0x4a,
  0x49,0x4a,0x49,0x4a,0x49,0x4a,0x49,0x4a,0x49,0x4a,0x49,0x4a,0x49,0x4a,0x49,0x4a,
  0x49,0x4a,0x49,0x4a,0x49,0x4a,0x49,0x4a,0x49,0x4a,0x49,0x4a,0x49,0x4a,0x49,0x4a,
  0x49,0x4a,0x49,0x4a,0x49,0x4a,0x49,0x4a,0x49,0x4a,0x49,0x4a,0x49,0x4a,0x49,0x4a,
  0x49,0x4a,0x49,0x4a,0x29,0x42,0x49,0x4a,0x49,0x4a,0x49,0x4a,0x49,0x4a,0x49,0x4a,
  0x49,0x4a,0x49,0x4a,0x49,0x4a,0x49,0x4a,0x49,0x4a,0x49,0x4a,0x49,0x4a,0x49,0x4a,
  0x49,0x4a,0x49,0x4a,0x49,0x4a,0x49,0x4a,0x49,0x4a,0x49,0x4a,0x49,0x4a,0x49,0x4a,
  0x49,0x4a,0x49,0x4a,0x49,0x4a,0x49,0x4a,0x49,0x4a,0x49,0x4a,0x49,0x4a,0x49,0x4a,
  0x49,0x4a,0x49,0x4a,0x49,0x4a,0x49,0x4a,0x49,0x4a,0x49,0x4a,0x49,0x4a,0x49,0x4a,
  0x49,0x4a,0x49,0x4a,0x49,0x4a,0x49,0x4a,0x49,0x4a,0x49,0x4a,0x49,0x4a,0x49,0x4a,
  0x49,0x4a,0x49,0x4a,0x49,0x4a,0x49,0x4a,0x49,0x4a,0x49,0x4a,0x49,0x4a,0x49,0x4a,
  0x49,0x4a,0x49,0x4a,0x49,0x4a,0x49,0x4a,0x49,0x4a,0x49,0x4a,0x49,0x4a,0x49,0x4a,
  0x49,0x4a,0x49,0x4a,0x49,0x4a,0x49,0x42,0x49,0x42,0x49,0x42,0x49,0x42,0x49,0x42,
  0x49,0x42,0x49,0x42,0x49,0x42,0x49,0x42,0x49,0x42,0x49,0x42,0x49,0x42,0x49,0x42,
  0x49,0x42,0x49,0x42,0x49,0x42,0x49,0x42,0x49,0x42,0x49,0x42,0x49,0x42,0x49,0x42,
  0x49,0x42,0x49,0x42,0x49,0x42,0x49,0x42,0x49,0x42,0x49,0x42,0x49,0x42,0x49,0x42,
  0x49,0x42,0x49,0x42,0x49,0x42,0x49,0x42,0x49,0x42,0x49,0x42,0x49,0x42,0x49,0x42,
  0x49,0x42,0x49,0x42,0x49,0x42,0x49,0x42,0x49,0x4a,0x49,0x4a,0x49,0x42,0x49,0x42,
  0x49,0x42,0x49,0x42,0x49,0x42,0x49,0x42,0x49,0x42,0x29,0x42,0x49,0x4a,0x49,0x4a,
  0x45,0x29,0xa3,0x10,0xe3,0x18,0xe3,0x18,0xe3,0x18,0xe3,0x18,0xe3,0x18,0xe3,0x18,
  0xe3,0x18,0xe3,0x18,0xe3,0x18,0xc3,0x18,0xc3,0x18,0xc3,0x10,0xa3,0x10,0xa3,0x10,
  0xa2,0x10,0xa2,0x10,0xa2,0x10,0xa2,0x10,0xa2,0x10,0xa2,0x10,0x82,0x08,0xc3,0x18,
  0x49,0x4a,0x49,0x4a,0x49,0x4a,0x49,0x4a,0x49,0x4a,0x49,0x4a,0x49,0x4a,0x49,0x4a,
  0x49,0x4a,0x65,0x29,0xa2,0x10,0xa3,0x10,0xa3,0x10,0xa3,0x10,0xa3,0x10,0xa3,0x10,
  0xa3,0x10,0xa3,0x10,0xa3,0x10,0xc3,0x10,0xc3,0x18,0xc3,0x18,0xe3,0x18,0xe4,0x18,
  0x04,0x21,0xe3,0x18,0x04,0x21,0x29,0x42,0x69,0x4a,0x49,0x4a,0x49,0x4a,0x49,0x4a,
  0x49,0x4a,0x49,0x4a,0x49,0x4a,0x49,0x4a,0x49,0x4a,0x49,0x4a,0x49,0x4a,0x49,0x4a,
  0x49,0x4a,0x49,0x4a,0x49,0x4a,0x49,0x4a,0x49,0x4a,0x49,0x4a,0x49,0x4a,0x49,0x4a,
  0x49,0x4a,0x49,0x4a,0x49,0x4a,0x49,0x4a,0x49,0x4a,0x49,0x4a,0x49,0x4a,0x49,0x4a,
  0x49,0x4a,0x49,0x4a,0x49,0x4a,0x49,0x4a,0x49,0x4a,0x49,0x4a,0x49,0x4a,0x49,0x4a,
  0x49,0x4a,0x49,0x4a,0x49,0x4a,0x49,0x4a,0x49,0x4a,0x49,0x4a,0x49,0x4a,0x49,0x4a,
  0x49,0x4a,0x49,0x4a,0x49,0x4a,0x49,0x4a,0x49,0x4a,0x49,0x4a,0x49,0x4a,0x49,0x4a,
  0x49,0x4a,0x49,0x4a,0x49,0x4a,0x49,0x4a,0x49,0x4a,0x49,0x4a,0x49,0x4a,0x49,0x4a,
  0x49,0x4a,0x49,0x4a,0x49,0x4a,0x49,0x4a,0x49,0x4a,0x49,0x4a,0x49,0x4a,0x49,0x4a,
  0x49,0x4a,0x49,0x4a,0x49,0x4a,0x49,0x4a,0x49,0x4a,0x49,0x4a,0x49,0x4a,0x49,0x4a,
  0x49,0x4a,0x49,0x4a,0x49,0x4a,0x49,0x4a,0x49,0x4a,0x49,0x4a,0x49,0x4a,0x49,0x4a,
  0x49,0x4a,0x49,0x4a,0x49,0x4a,0x49,0x4a,0x49,0x4a,0x49,0x4a,0x49,0x4a,0x49,0x4a,
  0x49,0x4a,0x49,0x4a,0x49,0x4a,0x49,0x42,0x49,0x42,0x49,0x42,0x49,0x42,0x49,0x42,
  0x49,0x42,0x49,0x42,0x49,0x42,0x49,0x42,0x49,0x42,0x49,0x42,0x49,0x42,0x49,0x42,
  0x49,0x42,0x49,0x42,0x49,0x42,0x49,0x42,0x49,0x42,0x49,0x42,0x49,0x42,0x49,0x42,
  0x49,0x42,0x49,0x42,0x49,0x42,0x49,0x42,0x49,0x42,0x49,0x42,0x49,0x42,0x49,0x42,
  0x49,0x42,0x49,0x42,0x49,0x42,0x49,0x42,0x49,0x42,0x49,0x42,0x49,0x42,0x49,0x42,
  0x49,0x42,0x49,0x42,0x49,0x42,0x49,0x42,0x49,0x4a,0x49,0x4a,0x49,0x42,0x49,0x42,
  0x49,0x42,0x49,0x42,0x49,0x42,0x49,0x42,0x29,0x42,0x49,0x4a,0x29,0x42,0x24,0x21,
  0xa3,0x10,0xe4,0x18,0xe3,0x18,0xe3,0x18,0xe3,0x18,0xe3,0x18,0xe3,0x18,0xe3,0x18,
  0xe3,0x18,0xe3,0x18,0xc3,0x18,0xc3,0x18,0xc3,0x10,0xa3,0x10,0xa2,0x10,0xa2,0x10,
  0xa2,0x10,0xa2,0x10,0x82,0x10,0xa2,0x10,0x82,0x10,0xa2,0x10,0x45,0x29,0x28,0x42,
  0x49,0x4a,0x49,0x4a,0x49,0x4a,0x49,0x4a,0x49,0x4a,0x49,0x4a,0x49,0x4a,0x49,0x4a,
  0x49,0x4a,0x69,0x4a,0x86,0x31,0xa2,0x10,0xa3,0x10,0xc3,0x10,0xa3,0x10,0xa3,0x10,
  0xa3,0x10,0xa3,0x10,0xa3,0x10,0xa3,0x10,0xc3,0x10,0xc3,0x18,0xc3,0x18,0xe3,0x18,
  0xe4,0x18,0x04,0x21,0xe4,0x18,0xe4,0x18,0x28,0x42,0x69,0x4a,0x49,0x4a,0x49,0x4a,
  0x49,0x4a,0x49,0x4a,0x49,0x4a,0x49,0x4a,0x49,0x4a,0x49,0x4a,0x49,0x4a,0x49,0x4a,
  0x49,0x4a,0x49,0x4a,0x49,0x4a,0x49,0x4a,0x49,0x4a,0x49,0x4a,0x49,0x4a,0x49,0x4a,
  0x49,0x4a,0x49,0x4a,0x49,0x4a,0x49,0x4a,0x49,0x4a,0x49,0x4a,0x49,0x4a,0x49,0x4a,
  0x49,0x4a,0x49,0x4a,0x49,0x4a,0x49,0x4a,0x49,0x4a,0x49,0x4a,0x49,0x4a,0x49,0x4a,
  0x49,0x4a,0x49,0x4a,0x49,0x4a,0x49,0x4a,0x49,0x4a,0x49,0x4a,0x49,0x4a,0x49,0x4a,
  0x49,0x4a,0x49,0x4a,0x49,0x4a,0x49,0x4a,0x49,0x4a,0x49,0x4a,0x49,0x4a,0x49,0x4a,
  0x49,0x4a,0x49,0x4a,0x49,0x4a,0x49,0x4a,0x49,0x4a,0x49,0x4a,0x49,0x4a,0x49,0x4a,
  0x49,0x4a,0x49,0x4a,0x49,0x4a,0x49,0x4a,0x49,0x4a,0x49,0x4a,0x49,0x4a,0x49,0x4a,
  0x49,0x4a,0x49,0x4a,0x49,0x4a,0x49,0x4a,0x49,0x4a,0x49,0x4a,0x49,0x4a,0x49,0x4a,
  0x49,0x4a,0x49,0x4a,0x49,0x4a,0x49,0x4a,0x49,0x4a,0x49,0x4a,0x49,0x4a,0x49,0x4a,
  0x49,0x4a,0x49,0x4a,0x49,0x4a,0x49,0x4a,0x49,0x4a,0x49,0x4a,0x49,0x4a,0x49,0x4a,
  0x49,0x4a,0x49,0x4a,0x49,0x4a,0x49,0x4a,0x49,0x4a,0x49,0x4a,0x49,0x4a,0x49,0x42,
  0x49,0x42,0x49,0x42,0x49,0x42,0x49,0x42,0x49,0x42,0x49,0x42,0x49,0x42,0x49,0x42,
  0x49,0x42,0x49,0x42,0x49,0x42,0x49,0x42,0x49,0x42,0x49,0x42,0x49,0x42,0x49,0x42,
  0x49,0x42,0x49,0x42,0x49,0x42,0x49,0x42,0x49,0x42,0x49,0x42,0x49,0x42,0x49,0x42,
  0x49,0x42,0x49,0x42,0x49,0x42,0x49,0x42,0x49,0x42,0x49,0x42,0x49,0x42,0x49,0x42,
  0x49,0x42,0x49,0x42,0x49,0x42,0x49,0x42,0x49,0x42,0x49,0x42,0x49,0x42,0x49,0x42,
  0x49,0x42,0x49,0x42,0x49,0x4a,0x29,0x42,0x49,0x4a,0x28,0x42,0x04,0x21,0xc3,0x10,
  0xe4,0x18,0xe3,0x18,0xe3,0x18,0xe3,0x18,0xe3,0x18,0xe3,0x18,0xe3,0x18,0xe3,0x18,
  0xe3,0x18,0xc3,0x18,0xc3,0x18,0xa3,0x10,0xa3,0x10,0xa2,0x10,0xa2,0x10,0xa2,0x10,
  0xa2,0x10,0x82,0x10,0xa2,0x10,0x82,0x10,0xa3,0x10,0xc7,0x39,0x69,0x4a,0x49,0x4a,
  0x49,0x4a,0x49,0x4a,0x49,0x4a,0x49,0x4a,0x49,0x4a,0x49,0x4a,0x49,0x4a,0x49,0x4a,
  0x49,0x4a,0x49,0x4a,0x6a,0x4a,0xc7,0x31,0xa3,0x10,0xa3,0x10,0xc3,0x10,0xa3,0x10,
  0xa3,0x10,0xa3,0x10,0xa3,0x10,0xa3,0x10,0xa3,0x10,0xc3,0x10,0xc3,0x18,0xc3,0x18,
  0xe3,0x18,0xe4,0x18,0x04,0x21,0x04,0x19,0xe3,0x18,0x08,0x3a,0x69,0x4a,0x49,0x4a,
  0x49,0x4a,0x49,0x4a,0x49,0x4a,0x49,0x4a,0x49,0x4a,0x49,0x4a,0x49,0x4a,0x49,0x4a,
  0x49,0x4a,0x49,0x4a,0x49,0x4a,0x49,0x4a,0x49,0x4a,0x49,0x4a,0x49,0x4a,0x49,0x4a,
  0x49,0x4a,0x49,0x4a,0x49,0x4a,0x49,0x4a,0x49,0x4a,0x49,0x4a,0x49,0x4a,0x49,0x4a,
  0x49,0x42,0x49,0x4a,0x49,0x4a,0x49,0x4a,0x49,0x4a,0x49,0x4a,0x49,0x4a,0x49,0x4a,
  0x49,0x4a,0x49,0x4a,0x49,0x4a,0x49,0x4a,0x49,0x4a,0x49,0x4a,0x49,0x4a,0x49,0x4a,
  0x49,0x4a,0x49,0x4a,0x49,0x4a,0x49,0x4a,0x49,0x4a,0x49,0x4a,0x49,0x4a,0x49,0x4a,
  0x49,0x4a,0x49,0x4a,0x49,0x4a,0x49,0x4a,0x49,0x4a,0x49,0x4a,0x49,0x4a,0x49,0x4a,
  0x49,0x4a,0x49,0x4a,0x49,0x4a,0x49,0x42,0x49,0x4a,0x49,0x4a,0x49,0x4a,0x49,0x4a,
  0x49,0x4a,0x49,0x4a,0x49,0x4a,0x49,0x4a,0x49,0x4a,0x49,0x4a,0x49,0x4a,0x49,0x4a,
  0x49,0x4a,0x49,0x4a,0x49,0x4a,0x49,0x4a,0x49,0x4a,0x49,0x4a,0x49,0x4a,0x49,0x4a,
  0x49,0x4a,0x49,0x4a,0x49,0x4a,0x49,0x4a,0x49,0x4a,0x49,0x4a,0x49,0x4a,0x49,0x4a,
  0x49,0x4a,0x49,0x4a,0x49,0x4a,0x49,0x4a,0x49,0x4a,0x49,0x4a,0x49,0x4a,0x49,0x42,
  0x49,0x42,0x49,0x42,0x49,0x42,0x49,0x42,0x49,0x42,0x49,0x42,0x49,0x42,0x49,0x42,
  0x49,0x42,0x49,0x42,0x49,0x42,0x49,0x42,0x49,0x42,0x49,0x42,0x49,0x42,0x49,0x42,
  0x49,0x42,0x49,0x42,0x49,0x42,0x49,0x42,0x49,0x42,0x49,0x42,0x49,0x42,0x49,0x42,
  0x49,0x42,0x49,0x42,0x49,0x42,0x49,0x42,0x49,0x42,0x49,0x42,0x49,0x42,0x49,0x4a,
  0x49,0x4a,0x49,0x42,0x49,0x42,0x49,0x42,0x49,0x42,0x49,0x42,0x49,0x42,0x49,0x42,
  0x49,0x42,0x49,0x42,0x29,0x42,0x49,0x4a,0x08,0x42,0xe4,0x18,0xc3,0x18,0xe4,0x18,
  0xe3,0x18,0xe3,0x18,0xe3,0x18,0xe3,0x18,0xe3,0x18,0xe3,0x18,0xe3,0x18,0xe3,0x18,
  0xc3,0x18,0xc3,0x18,0xa3,0x10,0xa3,0x10,0xa2,0x10,0xa2,0x10,0xa2,0x10,0xa2,0x10,
  0x82,0x10,0xa2,0x10,0x82,0x10,0xe3,0x18,0x08,0x42,0x49,0x4a,0x28,0x42,0x29,0x42,
  0x49,0x4a,0x49,0x4a,0x49,0x4a,0x49,0x4a,0x49,0x4a,0x49,0x4a,0x49,0x4a,0x49,0x4a,
  0x49,0x4a,0x49,0x4a,0x49,0x4a,0x69,0x4a,0xe8,0x39,0xc3,0x18,0xa2,0x10,0xc3,0x10,
  0xa3,0x10,0xa3,0x10,0xa3,0x10,0xa3,0x10,0xa3,0x10,0xa3,0x10,0xc3,0x10,0xc3,0x10,
  0xc3,0x18,0xe3,0x18,0xe4,0x18,0x04,0x21,0x04,0x21,0xe3,0x18,0xc7,0x39,0x6a,0x4a,
  0x49,0x4a,0x49,0x4a,0x49,0x4a,0x49,0x4a,0x49,0x4a,0x49,0x4a,0x49,0x4a,0x49,0x4a,
  0x49,0x4a,0x49,0x4a,0x49,0x4a,0x49,0x4a,0x49,0x4a,0x49,0x4a,0x49,0x4a,0x49,0x4a,
  0x49,0x4a,0x49,0x4a,0x49,0x4a,0x49,0x4a,0x49,0x4a,0x49,0x4a,0x49,0x4a,0x49,0x4a,
  0x49,0x4a,0x49,0x4a,0x49,0x4a,0x49,0x4a,0x49,0x4a,0x49,0x4a,0x49,0x4a,0x49,0x4a,
  0x49,0x4a,0x49,0x4a,0x49,0x4a,0x49,0x4a,0x49,0x4a,0x49,0x4a,0x49,0x4a,0x49,0x4a,
  0x49,0x4a,0x49,0x4a,0x49,0x4a,0x49,0x4a,0x49,0x4a,0x49,0x4a,0x49,0x4a,0x49,0x4a,
  0x49,0x4a,0x49,0x4a,0x49,0x4a,0x49,0x4a,0x49,0x4a,0x49,0x4a,0x49,0x4a,0x49,0x4a,
  0x49,0x4a,0x49,0x4a,0x49,0x4a,0x49,0x4a,0x49,0x4a,0x49,0x4a,0x49,0x4a,0x49,0x4a,
  0x49,0x4a,0x49,0x4a,0x49,0x4a,0x49,0x4a,0x49,0x4a,0x49,0x4a,0x49,0x4a,0x49,0x4a,
  0x49,0x4a,0x49,0x4a,0x49,0x4a,0x49,0x4a,0x49,0x4a,0x49,0x4a,0x49,0x4a,0x49,0x4a,
  0x49,0x4a,0x49,0x4a,0x49,0x4a,0x49,0x4a,0x49,0x4a,0x49,0x4a,0x49,0x4a,0x49,0x4a,
  0x49,0x4a,0x49,0x4a,0x49,0x4a,0x49,0x4a,0x49,0x4a,0x49,0x42,0x49,0x42,0x49,0x42,
  0x49,0x42,0x49,0x42,0x49,0x42,0x49,0x42,0x49,0x42,0x49,0x42,0x49,0x42,0x49,0x42,
  0x49,0x42,0x49,0x42,0x49,0x42,0x49,0x42,0x49,0x42,0x49,0x42,0x49,0x42,0x49,0x42,
  0x49,0x42,0x49,0x42,0x49,0x42,0x49,0x42,0x49,0x42,0x49,0x42,0x49,0x42,0x49,0x42,
  0x49,0x42,0x49,0x42,0x49,0x42,0x49,0x42,0x49,0x4a,0x49,0x4a,0x49,0x4a,0x49,0x4a,
  0x49,0x4a,0x49,0x4a,0x49,0x42,0x49,0x42,0x49,0x42,0x49,0x42,0x49,0x42,0x49,0x42,
  0x49,0x42,0x29,0x42,0x49,0x4a,0xe7,0x39,0xc3,0x18,0xc3,0x18,0xe4,0x18,0xe3,0x18,
  0xe3,0x18,0xe3,0x18,0xe3,0x18,0xe3,0x18,0xe3,0x18,0xe3,0x18,0xe3,0x18,0xc3,0x18,
  0xc3,0x10,0xa3,0x10,0xa3,0x10,0xa2,0x10,0xa2,0x10,0xa2,0x10,0x82,0x10,0xa2,0x10,
  0xa2,0x10,0x82,0x08,0x24,0x21,0x29,0x42,0x49,0x4a,0x29,0x42,0x49,0x42,0x49,0x42,
  0x49,0x4a,0x49,0x4a,0x49,0x4a,0x49,0x4a,0x49,0x4a,0x49,0x4a,0x49,0x4a,0x49,0x4a,
  0x49,0x4a,0x49,0x4a,0x49,0x4a,0x49,0x4a,0x69,0x4a,0x08,0x42,0xe4,0x18,0xa2,0x10,
  0xc3,0x10,0xa3,0x10,0xa3,0x10,0xa3,0x10,0xa3,0x10,0xa3,0x10,0xa3,0x10,0xc3,0x10,
  0xc3,0x10,0xc3,0x18,0xe3,0x18,0xe4,0x18,0x04,0x21,0x04,0x21,0xc3,0x18,0xc7,0x31,
  0x6a,0x4a,0x49,0x4a,0x49,0x4a,0x49,0x4a,0x49,0x4a,0x49,0x4a,0x49,0x4a,0x49,0x4a,
  0x49,0x4a,0x49,0x4a,0x49,0x4a,0x49,0x4a,0x49,0x4a,0x49,0x4a,0x49,0x4a,0x49,0x4a,
  0x49,0x4a,0x49,0x4a,0x49,0x4a,0x49,0x4a,0x49,0x4a,0x49,0x4a,0x49,0x4a,0x49,0x4a,
  0x49,0x4a,0x49,0x4a,0x49,0x4a,0x49,0x4a,0x49,0x4a,0x49,0x4a,0x49,0x4a,0x49,0x4a,
  0x49,0x4a,0x49,0x4a,0x49,0x4a,0x49,0x4a,0x49,0x4a,0x49,0x4a,0x49,0x4a,0x49,0x4a,
  0x49,0x4a,0x49,0x4a,0x49,0x4a,0x49,0x4a,0x49,0x4a,0x49,0x4a,0x49,0x4a,0x49,0x4a,
  0x49,0x4a,0x49,0x4a,0x49,0x4a,0x49,0x4a,0x49,0x4a,0x49,0x4a,0x49,0x4a,0x49,0x4a,
  0x49,0x4a,0x49,0x4a,0x49,0x4a,0x29,0x42,0x49,0x42,0x49,0x4a,0x49,0x4a,0x49,0x4a,
  0x49,0x4a,0x49,0x4a,0x49,0x4a,0x49,0x4a,0x49,0x4a,0x49,0x4a,0x49,0x4a,0x49,0x4a,
  0x49,0x4a,0x49,0x4a,0x49,0x4a,0x49,0x4a,0x49,0x4a,0x49,0x4a,0x49,0x4a,0x49,0x4a,
  0x49,0x4a,0x49,0x4a,0x49,0x4a,0x49,0x4a,0x49,0x4a,0x49,0x4a,0x49,0x4a,0x49,0x4a,
  0x49,0x4a,0x49,0x4a,0x49,0x4a,0x49,0x4a,0x49,0x4a,0x49,0x42,0x49,0x42,0x49,0x42,
  0x49,0x42,0x49,0x42,0x49,0x42,0x49,0x42,0x49,0x42,0x49,0x42,0x49,0x42,0x49,0x42,
  0x49,0x42,0x49,0x42,0x49,0x42,0x49,0x42,0x49,0x42,0x49,0x42,0x49,0x42,0x49,0x42,
  0x49,0x42,0x49,0x42,0x49,0x42,0x49,0x42,0x49,0x42,0x49,0x42,0x49,0x42,0x49,0x42,
  0x49,0x42,0x49,0x42,0x49,0x42,0x49,0x42,0x49,0x4a,0x49,0x4a,0x49,0x4a,0x49,0x4a,
  0x49,0x4a,0x49,0x4a,0x49,0x42,0x49,0x42,0x49,0x42,0x49,0x42,0x49,0x42,0x49,0x42,
  0x29,0x42,0x49,0x4a,0xc7,0x39,0xc3,0x18,0xc3,0x18,0xe4,0x18,0xe3,0x18,0xe3,0x18,
  0xe3,0x18,0xe3,0x18,0xe3,0x18,0xe3,0x18,0xe3,0x18,0xe3,0x18,0xc3,0x18,0xc3,0x10,
  0xa3,0x10,0xa3,0x10,0xa2,0x10,0xa2,0x10,0xa2,0x10,0x82,0x10,0xa2,0x10,0x82,0x10,
  0x82,0x10,0x65,0x29,0x49,0x4a,0x49,0x4a,0x29,0x42,0x49,0x42,0x49,0x42,0x49,0x42,
  0x49,0x4a,0x49,0x4a,0x49,0x4a,0x49,0x4a,0x49,0x4a,0x49,0x4a,0x49,0x4a,0x49,0x4a,
  0x49,0x4a,0x49,0x4a,0x49,0x4a,0x49,0x4a,0x49,0x4a,0x69,0x4a,0x49,0x42,0x04,0x21,
  0xa2,0x10,0xc3,0x10,0xc3,0x10,0xc3,0x10,0xc3,0x10,0xa3,0x10,0xa3,0x10,0xc3,0x10,
  0xc3,0x10,0xc3,0x10,0xc3,0x18,0xe3,0x18,0xe4,0x18,0x04,0x21,0x04,0x21,0xc3,0x18,
  0x86,0x31,0x69,0x4a,0x49,0x4a,0x49,0x4a,0x49,0x4a,0x49,0x4a,0x49,0x4a,0x49,0x4a,
  0x49,0x4a,0x49,0x4a,0x49,0x4a,0x49,0x4a,0x49,0x4a,0x49,0x4a,0x49,0x4a,0x49,0x4a,
  0x49,0x4a,0x49,0x4a,0x49,0x4a,0x49,0x4a,0x49,0x4a,0x49,0x4a,0x49,0x4a,0x49,0x4a,
  0x49,0x4a,0x49,0x4a,0x49,0x4a,0x49,0x4a,0x49,0x4a,0x49,0x4a,0x49,0x4a,0x49,0x4a,
  0x49,0x4a,0x49,0x4a,0x49,0x4a,0x49,0x4a,0x49,0x4a,0x49,0x4a,0x49,0x4a,0x49,0x4a,
  0x49,0x4a,0x49,0x4a,0x49,0x4a,0x49,0x4a,0x49,0x4a,0x49,0x4a,0x49,0x4a,0x49,0x4a,
  0x49,0x4a,0x49,0x4a,0x49,0x4a,0x49,0x4a,0x49,0x4a,0x49,0x4a,0x49,0x4a,0x49,0x4a,
  0x49,0x4a,0x49,0x4a,0x49,0x4a,0x49,0x4a,0x49,0x4a,0x49,0x4a,0x49,0x4a,0x49,0x4a,
  0x49,0x4a,0x49,0x4a,0x49,0x4a,0x49,0x4a,0x49,0x4a,0x49,0x4a,0x49,0x4a,0x49,0x4a,
  0x49,0x4a,0x49,0x4a,0x49,0x4a,0x49,0x4a,0x49,0x4a,0x49,0x4a,0x49,0x4a,0x49,0x4a,
  0x49,0x4a,0x49,0x4a,0x49,0x4a,0x49,0x4a,0x49,0x4a,0x49,0x4a,0x49,0x4a,0x49,0x4a,
  0x49,0x4a,0x49,0x4a,0x49,0x4a,0x49,0x4a,0x49,0x4a,0x49,0x4a,0x49,0x4a,0x49,0x4a,
  0x49,0x4a,0x49,0x42,0x49,0x42,0x49,0x42,0x49,0x42,0x49,0x42,0x49,0x42,0x49,0x42,
  0x49,0x42,0x49,0x42,0x49,0x42,0x49,0x42,0x49,0x42,0x49,0x42,0x49,0x4a,0x49,0x4a,
  0x49,0x42,0x49,0x42,0x49,0x42,0x49,0x42,0x49,0x42,0x49,0x42,0x49,0x42,0x49,0x42,
  0x49,0x4a,0x49,0x4a,0x49,0x4a,0x49,0x4a,0x49,0x4a,0x49,0x4a,0x49,0x4a,0x49,0x4a,
  0x49,0x42,0x49,0x42,0x49,0x42,0x49,0x42,0x49,0x42,0x49,0x42,0x49,0x42,0x29,0x42,
  0x69,0x4a,0xa6,0x31,0xc3,0x10,0xe3,0x18,0xe4,0x18,0xe3,0x18,0xe4,0x18,0xe3,0x18,
  0xe3,0x18,0xe3,0x18,0xe3,0x18,0xe3,0x18,0xc3,0x18,0xc3,0x18,0xc3,0x10,0xa3,0x10,
  0xa2,0x10,0xa2,0x10,0xa2,0x10,0xa2,0x10,0x82,0x10,0xa2,0x10,0x82,0x10,0x82,0x10,
  0xa6,0x31,0x69,0x4a,0x29,0x42,0x29,0x42,0x49,0x42,0x49,0x42,0x49,0x42,0x49,0x42,
  0x49,0x4a,0x49,0x4a,0x49,0x4a,0x49,0x4a,0x49,0x4a,0x49,0x4a,0x49,0x4a,0x49,0x4a,
  0x49,0x4a,0x49,0x4a,0x49,0x4a,0x49,0x4a,0x49,0x4a,0x49,0x4a,0x49,0x4a,0x49,0x4a,
  0x45,0x29,0xa2,0x10,0xc3,0x10,0xc3,0x10,0xc3,0x10,0xa3,0x10,0xa3,0x10,0xc3,0x10,
  0xc3,0x10,0xc3,0x10,0xc3,0x18,0xc3,0x18,0xe3,0x18,0xe4,0x18,0x04,0x21,0x04,0x21,
  0xc3,0x18,0x66,0x29,0x69,0x4a,0x49,0x4a,0x49,0x4a,0x49,0x4a,0x49,0x4a,0x49,0x4a,
  0x49,0x4a,0x49,0x4a,0x49,0x4a,0x49,0x4a,0x49,0x4a,0x49,0x4a,0x49,0x4a,0x49,0x4a,
  0x49,0x4a,0x49,0x4a,0x49,0x4a,0x49,0x4a,0x49,0x4a,0x49,0x4a,0x49,0x4a,0x49,0x4a,
  0x49,0x4a,0x49,0x4a,0x49,0x4a,0x49,0x4a,0x49,0x4a,0x49,0x4a,0x49,0x4a,0x49,0x4a,
  0x49,0x4a,0x49,0x4a,0x49,0x4a,0x49,0x4a,0x49,0x4a,0x49,0x4a,0x49,0x4a,0x49,0x4a,
  0x49,0x4a,0x49,0x4a,0x49,0x4a,0x49,0x4a,0x49,0x4a,0x49,0x4a,0x49,0x4a,0x49,0x4a,
  0x49,0x4a,0x49,0x4a,0x49,0x4a,0x49,0x4a,0x49,0x4a,0x49,0x4a,0x49,0x4a,0x49,0x4a,
  0x49,0x4a,0x49,0x4a,0x49,0x4a,0x49,0x4a,0x49,0x4a,0x49,0x4a,0x49,0x4a,0x49,0x4a,
  0x49,0x4a,0x49,0x4a,0x49,0x4a,0x49,0x4a,0x49,0x4a,0x49,0x4a,0x49,0x4a,0x49,0x42,
  0x49,0x42,0x49,0x42,0x49,0x42,0x49,0x4a,0x49,0x4a,0x49,0x4a,0x49,0x4a,0x49,0x4a,
  0x49,0x4a,0x49,0x4a,0x49,0x4a,0x49,0x4a,0x49,0x4a,0x49,0x4a,0x49,0x4a,0x49,0x4a,
  0x49,0x4a,0x49,0x4a,0x49,0x4a,0x49,0x4a,0x49,0x4a,0x49,0x4a,0x49,0x4a,0x49,0x4a,
  0x49,0x4a,0x49,0x42,0x49,0x42,0x49,0x42,0x49,0x42,0x49,0x42,0x49,0x42,0x49,0x42,
  0x49,0x42,0x49,0x42,0x49,0x42,0x49,0x42,0x49,0x42,0x49,0x42,0x49,0x4a,0x49,0x4a,
  0x49,0x42,0x49,0x42,0x49,0x42,0x49,0x42,0x49,0x42,0x49,0x42,0x49,0x42,0x49,0x42,
  0x49,0x4a,0x49,0x4a,0x49,0x4a,0x49,0x4a,0x49,0x4a,0x49,0x4a,0x49,0x4a,0x49,0x4a,
  0x49,0x42,0x49,0x42,0x49,0x42,0x49,0x42,0x49,0x42,0x29,0x42,0x49,0x4a,0x49,0x4a,
  0x66,0x29,0xa3,0x10,0xe3,0x18,0xe4,0x18,0xe4,0x18,0xe3,0x18,0xe3,0x18,0xe3,0x18,
  0xe3,0x18,0xe3,0x18,0xe3,0x18,0xc3,0x18,0xc3,0x18,0xc3,0x10,0xa3,0x10,0xa2,0x10,
  0xa2,0x10,0xa2,0x10,0x82,0x10,0x82,0x10,0xa2,0x10,0x82,0x10,0xa3,0x10,0xe7,0x39,
  0x49,0x4a,0x29,0x42,0x49,0x42,0x49,0x42,0x49,0x42,0x49,0x42,0x49,0x42,0x49,0x42,
  0x49,0x4a,0x49,0x4a,0x49,0x4a,0x49,0x4a,0x49,0x4a,0x49,0x4a,0x49,0x4a,0x49,0x4a,
  0x49,0x4a,0x49,0x4a,0x49,0x4a,0x49,0x4a,0x49,0x4a,0x49,0x4a,0x49,0x4a,0x49,0x4a,
  0x69,0x4a,0x86,0x29,0xa2,0x10,0xc3,0x10,0xc3,0x10,0xc3,0x10,0xc3,0x10,0xc3,0x10,
  0xc3,0x10,0xc3,0x10,0xc3,0x10,0xc3,0x10,0xc3,0x18,0xe3,0x18,0xe4,0x18,0x04,0x19,
  0x04,0x21,0xc3,0x18,0x65,0x29,0x69,0x4a,0x49,0x4a,0x49,0x4a,0x49,0x4a,0x49,0x4a,
  0x49,0x4a,0x49,0x4a,0x49,0x4a,0x49,0x4a,0x49,0x4a,0x49,0x4a,0x49,0x4a,0x49,0x4a,
  0x49,0x4a,0x49,0x4a,0x49,0x4a,0x49,0x4a,0x49,0x4a,0x49,0x4a,0x49,0x4a,0x49,0x4a,
  0x49,0x4a,0x49,0x4a,0x49,0x4a,0x49,0x4a,0x49,0x4a,0x49,0x4a,0x49,0x4a,0x49,0x4a,
  0x49,0x4a,0x49,0x4a,0x49,0x4a,0x49,0x4a,0x49,0x4a,0x49,0x4a,0x49,0x4a,0x49,0x4a,
  0x49,0x4a,0x49,0x4a,0x49,0x4a,0x49,0x4a,0x49,0x4a,0x49,0x4a,0x49,0x4a,0x49,0x4a,
  0x49,0x4a,0x49,0x4a,0x49,0x4a,0x49,0x4a,0x49,0x4a,0x49,0x4a,0x49,0x4a,0x49,0x4a,
  0x49,0x4a,0x49,0x4a,0x49,0x4a,0x49,0x4a,0x49,0x4a,0x49,0x4a,0x49,0x4a,0x49,0x4a,
  0x49,0x4a,0x49,0x4a,0x49,0x4a,0x49,0x4a,0x49,0x4a,0x49,0x4a,0x49,0x42,0x49,0x42,
  0x49,0x4a,0x49,0x4a,0x49,0x4a,0x49,0x4a,0x49,0x4a,0x49,0x4a,0x49,0x4a,0x49,0x4a,
  0x49,0x4a,0x49,0x4a,0x49,0x4a,0x49,0x4a,0x49,0x4a,0x49,0x4a,0x49,0x4a,0x49,0x4a,
  0x49,0x4a,0x49,0x4a,0x49,0x4a,0x49,0x4a,0x49,0x4a,0x49,0x4a,0x49,0x4a,0x49,0x4a,
  0x49,0x4a,0x49,0x42,0x49,0x42,0x49,0x42,0x49,0x42,0x49,0x42,0x49,0x4a,0x49,0x4a,
  0x49,0x4a,0x49,0x4a,0x49,0x4a,0x49,0x4a,0x49,0x4a,0x49,0x4a,0x49,0x42,0x49,0x42,
  0x49,0x42,0x49,0x42,0x49,0x42,0x49,0x42,0x49,0x42,0x49,0x42,0x49,0x42,0x49,0x42,
  0x49,0x4a,0x49,0x4a,0x49,0x4a,0x49,0x4a,0x49,0x42,0x49,0x4a,0x49,0x4a,0x49,0x4a,
  0x49,0x42,0x49,0x42,0x49,0x4a,0x49,0x4a,0x29,0x42,0x49,0x4a,0x49,0x4a,0x45,0x29,
  0xa3,0x10,0xe3,0x18,0xe4,0x18,0xe4,0x18,0xe4,0x18,0xe3,0x18,0xe3,0x18,0xe3,0x18,
  0xe3,0x18,0xe3,0x18,0xc3,0x18,0xc3,0x18,0xa3,0x10,0xa3,0x10,0xa2,0x10,0xa2,0x10,
  0xa2,0x10,0x82,0x10,0x82,0x10,0xa2,0x10,0x82,0x08,0xe3,0x18,0x08,0x42,0x49,0x4a,
  0x29,0x42,0x49,0x42,0x49,0x42,0x49,0x42,0x49,0x42,0x49,0x42,0x49,0x42,0x49,0x42,
  0x49,0x4a,0x49,0x4a,0x49,0x4a,0x49,0x4a,0x49,0x4a,0x49,0x4a,0x49,0x4a,0x49,0x4a,
  0x49,0x4a,0x49,0x4a,0x49,0x4a,0x49,0x4a,0x49,0x4a,0x49,0x4a,0x49,0x4a,0x49,0x4a,
  0x49,0x4a,0x69,0x4a,0xa6,0x31,0xa3,0x10,0xa3,0x10,0xc3,0x10,0xc3,0x10,0xc3,0x10,
  0xc3,0x10,0xc3,0x10,0xc3,0x10,0xc3,0x10,0xc3,0x10,0xc3,0x18,0xc3,0x18,0xe3,0x18,
  0x04,0x19,0x04,0x21,0xe3,0x18,0x25,0x21,0x49,0x4a,0x69,0x4a,0x49,0x4a,0x49,0x4a,
  0x49,0x4a,0x49,0x4a,0x49,0x4a,0x49,0x4a,0x49,0x4a,0x49,0x4a,0x49,0x4a,0x49,0x4a,
  0x49,0x4a,0x49,0x4a,0x49,0x4a,0x49,0x4a,0x49,0x4a,0x49,0x4a,0x49,0x4a,0x49,0x4a,
  0x49,0x4a,0x49,0x4a,0x49,0x4a,0x49,0x4a,0x49,0x4a,0x49,0x4a,0x49,0x4a,0x49,0x4a,
  0x49,0x4a,0x49,0x4a,0x49,0x4a,0x49,0x4a,0x49,0x4a,0x49,0x4a,0x49,0x4a,0x49,0x4a,
  0x49,0x4a,0x49,0x4a,0x49,0x4a,0x49,0x4a,0x49,0x4a,0x49,0x4a,0x49,0x4a,0x49,0x4a,
  0x49,0x4a,0x49,0x4a,0x49,0x4a,0x49,0x4a,0x49,0x4a,0x49,0x4a,0x49,0x4a,0x49,0x4a,
  0x49,0x4a,0x49,0x4a,0x49,0x4a,0x49,0x4a,0x49,0x4a,0x49,0x4a,0x49,0x4a,0x49,0x4a,
  0x49,0x4a,0x49,0x4a,0x49,0x4a,0x49,0x4a,0x49,0x4a,0x49,0x42,0x29,0x42,0x29,0x42,
  0x49,0x42,0x49,0x4a,0x49,0x4a,0x49,0x4a,0x49,0x4a,0x49,0x4a,0x49,0x4a,0x49,0x4a,
  0x49,0x4a,0x49,0x4a,0x49,0x4a,0x49,0x4a,0x49,0x4a,0x49,0x4a,0x49,0x4a,0x49,0x4a,
  0x49,0x4a,0x49,0x4a,0x49,0x4a,0x49,0x4a,0x49,0x4a,0x49,0x4a,0x49,0x4a,0x49,0x4a,
  0x49,0x4a,0x49,0x42,0x49,0x42,0x49,0x42,0x49,0x42,0x49,0x42,0x49,0x4a,0x49,0x4a,
  0x49,0x4a,0x49,0x4a,0x49,0x4a,0x49,0x4a,0x49,0x4a,0x49,0x4a,0x49,0x42,0x49,0x42,
  0x49,0x42,0x49,0x42,0x49,0x42,0x49,0x42,0x49,0x42,0x49,0x42,0x49,0x42,0x49,0x42,
  0x49,0x4a,0x49,0x4a,0x49,0x4a,0x49,0x4a,0x49,0x42,0x49,0x4a,0x49,0x4a,0x49,0x4a,
  0x49,0x42,0x49,0x42,0x49,0x4a,0x29,0x42,0x49,0x4a,0x29,0x42,0x24,0x21,0xc3,0x10,
  0xe4,0x18,0xe4,0x18,0xe4,0x18,0xe4,0x18,0xe4,0x18,0xe3,0x18,0xe3,0x18,0xe3,0x18,
  0xe3,0x18,0xc3,0x18,0xc3,0x18,0xa3,0x10,0xa3,0x10,0xa2,0x10,0xa2,0x10,0xa2,0x10,
  0x82,0x10,0x82,0x10,0xa2,0x10,0x82,0x08,0x24,0x21,0x29,0x42,0x49,0x4a,0x29,0x42,
  0x29,0x42,0x49,0x42,0x49,0x42,0x49,0x42,0x49,0x42,0x49,0x42,0x49,0x42,0x49,0x42,
  0x49,0x4a,0x49,0x4a,0x49,0x4a,0x49,0x4a,0x49,0x4a,0x49,0x4a,0x49,0x4a,0x49,0x4a,
  0x49,0x4a,0x49,0x4a,0x49,0x4a,0x49,0x4a,0x49,0x4a,0x49,0x4a,0x49,0x4a,0x49,0x4a,
  0x49,0x4a,0x49,0x4a,0x6a,0x4a,0xe7,0x39,0xc3,0x18,0xa3,0x10,0xc3,0x18,0xc3,0x10,
  0xc3,0x10,0xc3,0x10,0xc3,0x10,0xc3,0x10,0xc3,0x10,0xc3,0x10,0xc3,0x18,0xc3,0x18,
  0xe4,0x18,0x04,0x19,0x24,0x21,0xe3,0x18,0x24,0x21,0x49,0x42,0x69,0x4a,0x49,0x4a,
  0x49,0x4a,0x49,0x4a,0x49,0x4a,0x49,0x4a,0x49,0x4a,0x49,0x4a,0x49,0x4a,0x49,0x4a,
  0x49,0x4a,0x49,0x4a,0x49,0x4a,0x49,0x4a,0x49,0x4a,0x49,0x4a,0x49,0x4a,0x49,0x4a,
  0x49,0x4a,0x49,0x4a,0x49,0x4a,0x49,0x4a,0x49,0x4a,0x49,0x4a,0x49,0x4a,0x49,0x4a,
  0x49,0x4a,0x49,0x4a,0x49,0x4a,0x49,0x4a,0x49,0x4a,0x49,0x4a,0x49,0x4a,0x49,0x4a,
  0x49,0x4a,0x49,0x4a,0x49,0x4a,0x49,0x4a,0x49,0x4a,0x49,0x4a,0x49,0x4a,0x49,0x4a,
  0x49,0x4a,0x49,0x4a,0x49,0x4a,0x49,0x4a,0x49,0x4a,0x49,0x4a,0x49,0x4a,0x49,0x4a,
  0x49,0x4a,0x49,0x4a,0x49,0x4a,0x49,0x4a,0x49,0x4a,0x49,0x4a,0x49,0x4a,0x49,0x4a,
  0x49,0x4a,0x49,0x4a,0x49,0x4a,0x49,0x4a,0x49,0x4a,0x49,0x42,0x29,0x42,0x29,0x42,
  0x29,0x42,0x49,0x42,0x49,0x42,0x49,0x4a,0x49,0x4a,0x29,0x42,0x49,0x4a,0x49,0x4a,
  0x49,0x4a,0x49,0x42,0x49,0x4a,0x49,0x4a,0x49,0x4a,0x49,0x4a,0x49,0x4a,0x49,0x4a,
  0x49,0x4a,0x49,0x4a,0x49,0x4a,0x49,0x4a,0x49,0x4a,0x49,0x4a,0x49,0x4a,0x49,0x4a,
  0x49,0x4a,0x49,0x4a,0x49,0x4a,0x49,0x4a,0x49,0x4a,0x49,0x4a,0x49,0x4a,0x49,0x4a,
  0x49,0x4a,0x49,0x4a,0x49,0x4a,0x49,0x4a,0x49,0x4a,0x49,0x4a,0x49,0x4a,0x49,0x4a,
  0x49,0x42,0x49,0x42,0x49,0x42,0x49,0x42,0x49,0x42,0x49,0x42,0x49,0x42,0x49,0x42,
  0x49,0x4a,0x49,0x4a,0x49,0x4a,0x49,0x4a,0x49,0x4a,0x49,0x42,0x49,0x4a,0x49,0x4a,
  0x49,0x42,0x49,0x42,0x29,0x42,0x49,0x4a,0x28,0x42,0x04,0x21,0xc3,0x18,0xe4,0x18,
  0xe4,0x18,0xe4,0x18,0xe4,0x18,0xe3,0x18,0xe3,0x18,0xe3,0x18,0xe3,0x18,0xe3,0x18,
  0xc3,0x18,0xc3,0x10,0xa3,0x10,0xa3,0x10,0xa2,0x10,0xa2,0x10,0xa2,0x10,0x82,0x10,
  0xa2,0x10,0x82,0x10,0x82,0x10,0x65,0x29,0x49,0x4a,0x49,0x4a,0x29,0x42,0x49,0x42,
  0x49,0x42,0x49,0x42,0x49,0x42,0x49,0x42,0x49,0x42,0x49,0x42,0x49,0x42,0x49,0x42,
  0x49,0x4a,0x49,0x4a,0x49,0x4a,0x49,0x4a,0x49,0x4a,0x49,0x4a,0x49,0x4a,0x49,0x4a,
  0x49,0x4a,0x49,0x4a,0x49,0x4a,0x49,0x4a,0x49,0x4a,0x49,0x4a,0x49,0x4a,0x49,0x4a,
  0x49,0x4a,0x49,0x4a,0x49,0x4a,0x69,0x4a,0x08,0x42,0xe3,0x18,0xa3,0x10,0xc3,0x18,
  0xc3,0x10,0xa3,0x10,0xa3,0x10,0xc3,0x10,0xc3,0x10,0xc3,0x10,0xc3,0x10,0xc3,0x18,
  0xc3,0x18,0xe3,0x18,0x04,0x19,0x24,0x21,0xe4,0x18,0x04,0x19,0x28,0x42,0x69,0x4a,
  0x49,0x4a,0x49,0x4a,0x49,0x4a,0x49,0x4a,0x49,0x4a,0x49,0x4a,0x49,0x4a,0x49,0x4a,
  0x49,0x4a,0x49,0x4a,0x49,0x4a,0x49,0x4a,0x49,0x4a,0x49,0x4a,0x49,0x4a,0x49,0x4a,
  0x49,0x4a,0x49,0x4a,0x49,0x4a,0x49,0x4a,0x49,0x4a,0x49,0x4a,0x49,0x4a,0x49,0x4a,
  0x49,0x4a,0x49,0x4a,0x49,0x4a,0x49,0x4a,0x49,0x4a,0x49,0x4a,0x49,0x4a,0x49,0x4a,
  0x49,0x4a,0x49,0x4a,0x49,0x4a,0x49,0x4a,0x49,0x4a,0x49,0x4a,0x49,0x4a,0x49,0x4a,
  0x49,0x4a,0x49,0x4a,0x49,0x4a,0x49,0x4a,0x49,0x4a,0x49,0x4a,0x49,0x4a,0x49,0x4a,
  0x49,0x4a,0x49,0x4a,0x49,0x4a,0x49,0x4a,0x49,0x4a,0x49,0x4a,0x49,0x4a,0x49,0x4a,
  0x49,0x4a,0x49,0x4a,0x49,0x42,0x29,0x42,0x29,0x42,0x29,0x42,0x29,0x42,0x29,0x42,
  0x29,0x42,0x29,0x42,0x29,0x42,0x29,0x42,0x29,0x42,0x29,0x42,0x29,0x42,0x29,0x42,
  0x29,0x42,0x49,0x42,0x49,0x4a,0x49,0x4a,0x49,0x4a,0x49,0x4a,0x49,0x4a,0x49,0x4a,
  0x49,0x4a,0x49,0x4a,0x49,0x4a,0x49,0x4a,0x49,0x4a,0x49,0x4a,0x49,0x4a,0x49,0x4a,
  0x49,0x4a,0x49,0x4a,0x49,0x4a,0x49,0x4a,0x49,0x4a,0x49,0x4a,0x49,0x4a,0x49,0x4a,
  0x49,0x4a,0x49,0x4a,0x49,0x4a,0x49,0x4a,0x49,0x4a,0x49,0x4a,0x49,0x4a,0x49,0x4a,
  0x49,0x42,0x49,0x42,0x49,0x42,0x49,0x42,0x49,0x42,0x49,0x42,0x49,0x42,0x49,0x42,
  0x49,0x4a,0x49,0x4a,0x49,0x4a,0x49,0x4a,0x49,0x4a,0x49,0x42,0x49,0x4a,0x49,0x4a,
  0x49,0x42,0x29,0x42,0x49,0x4a,0x08,0x3a,0xe4,0x18,0xc3,0x18,0xe4,0x18,0xe4,0x18,
  0xe4,0x18,0xe4,0x18,0xe4,0x18,0xe3,0x18,0xe3,0x18,0xe3,0x18,0xe3,0x18,0xc3,0x18,
  0xc3,0x10,0xa3,0x10,0xa2,0x10,0xa2,0x10,0xa2,0x10,0xa2,0x10,0x82,0x10,0xa2,0x10,
  0x82,0x10,0xa2,0x10,0xa6,0x31,0x69,0x4a,0x49,0x42,0x29,0x42,0x49,0x42,0x49,0x42,
  0x49,0x42,0x49,0x42,0x49,0x42,0x49,0x42,0x49,0x42,0x49,0x42,0x49,0x42,0x49,0x42,
  0x49,0x4a,0x49,0x4a,0x49,0x4a,0x49,0x4a,0x49,0x4a,0x49,0x4a,0x49,0x4a,0x49,0x4a,
  0x49,0x4a,0x49,0x4a,0x49,0x4a,0x49,0x4a,0x49,0x4a,0x49,0x4a,0x49,0x4a,0x49,0x4a,
  0x49,0x4a,0x49,0x4a,0x49,0x4a,0x49,0x4a,0x69,0x4a,0x28,0x42,0x04,0x21,0xa2,0x10,
  0xc3,0x18,0xc3,0x10,0xa3,0x10,0xc3,0x10,0xc3,0x10,0xc3,0x10,0xc3,0x10,0xc3,0x10,
  0xc3,0x18,0xc3,0x18,0xe3,0x18,0x04,0x19,0x04,0x21,0x04,0x19,0xe4,0x18,0x08,0x42,
  0x69,0x4a,0x49,0x4a,0x49,0x4a,0x49,0x4a,0x49,0x4a,0x49,0x4a,0x49,0x4a,0x49,0x4a,
  0x49,0x4a,0x49,0x4a,0x49,0x4a,0x49,0x4a,0x49,0x4a,0x49,0x4a,0x49,0x4a,0x49,0x4a,
  0x49,0x4a,0x49,0x4a,0x49,0x4a,0x49,0x4a,0x49,0x4a,0x49,0x4a,0x49,0x4a,0x49,0x4a,
  0x49,0x4a,0x49,0x4a,0x49,0x4a,0x49,0x4a,0x49,0x4a,0x49,0x4a,0x49,0x4a,0x49,0x4a,
  0x49,0x4a,0x49,0x4a,0x49,0x4a,0x49,0x4a,0x49,0x4a,0x49,0x4a,0x49,0x4a,0x49,0x4a,
  0x49,0x4a,0x49,0x4a,0x49,0x4a,0x49,0x4a,0x49,0x4a,0x49,0x4a,0x49,0x4a,0x49,0x4a,
  0x49,0x4a,0x49,0x4a,0x49,0x4a,0x49,0x4a,0x49,0x42,0x49,0x42,0x49,0x42,0x29,0x42,
  0x29,0x42,0x29,0x42,0x49,0x42,0x49,0x4a,0x49,0x4a,0x49,0x4a,0x49,0x4a,0x49,0x42,
  0x29,0x42,0x29,0x42,0x29,0x42,0x29,0x42,0x29,0x42,0x29,0x42,0x29,0x42,0x29,0x42,
  0x29,0x42,0x29,0x42,0x29,0x42,0x29,0x42,0x29,0x42,0x29,0x42,0x49,0x42,0x49,0x42,
  0x29,0x42,0x29,0x42,0x29,0x42,0x49,0x42,0x49,0x42,0x49,0x42,0x49,0x42,0x49,0x42,
  0x49,0x42,0x49,0x42,0x49,0x42,0x49,0x42,0x49,0x42,0x49,0x42,0x49,0x42,0x49,0x4a,
  0x49,0x4a,0x49,0x4a,0x49,0x4a,0x49,0x4a,0x49,0x4a,0x49,0x4a,0x49,0x4a,0x49,0x4a,
  0x49,0x42,0x49,0x42,0x49,0x42,0x49,0x42,0x49,0x42,0x49,0x42,0x49,0x4a,0x49,0x4a,
  0x49,0x4a,0x49,0x4a,0x49,0x4a,0x49,0x4a,0x49,0x4a,0x49,0x4a,0x49,0x4a,0x49,0x42,
  0x29,0x42,0x49,0x4a,0xe7,0x39,0xc3,0x18,0xc3,0x18,0xe4,0x18,0xe4,0x18,0xe4,0x18,
  0xe4,0x18,0xe4,0x18,0xe4,0x18,0xe3,0x18,0xe3,0x18,0xe3,0x18,0xc3,0x18,0xc3,0x10,
  0xa3,0x10,0xa2,0x10,0xa2,0x10,0xa2,0x10,0xa2,0x10,0x82,0x10,0xa2,0x10,0x82,0x10,
  0xa3,0x10,0xe7,0x39,0x69,0x4a,0x29,0x42,0x49,0x42,0x49,0x42,0x49,0x42,0x49,0x42,
  0x49,0x42,0x49,0x42,0x49,0x42,0x49,0x42,0x49,0x42,0x49,0x42,0x49,0x42,0x49,0x42,
  0x49,0x4a,0x49,0x4a,0x49,0x4a,0x49,0x4a,0x49,0x4a,0x49,0x4a,0x49,0x4a,0x49,0x4a,
  0x49,0x4a,0x49,0x4a,0x49,0x4a,0x49,0x4a,0x49,0x4a,0x49,0x4a,0x49,0x4a,0x49,0x4a,
  0x49,0x4a,0x49,0x4a,0x49,0x4a,0x49,0x4a,0x49,0x4a,0x69,0x4a,0x49,0x4a,0x45,0x21,
  0xa2,0x10,0xc3,0x18,0xc3,0x10,0xc3,0x10,0xc3,0x10,0xc3,0x10,0xc3,0x10,0xc3,0x10,
  0xc3,0x10,0xc3,0x10,0xc3,0x18,0xe3,0x18,0x04,0x19,0x04,0x21,0x04,0x21,0xe3,0x18,
  0xe7,0x39,0x6a,0x4a,0x49,0x4a,0x49,0x4a,0x49,0x4a,0x49,0x4a,0x49,0x4a,0x49,0x4a,
  0x49,0x4a,0x49,0x4a,0x49,0x4a,0x49,0x4a,0x49,0x4a,0x49,0x4a,0x49,0x4a,0x49,0x4a,
  0x49,0x4a,0x49,0x4a,0x49,0x4a,0x49,0x4a,0x49,0x4a,0x49,0x4a,0x49,0x4a,0x49,0x4a,
  0x49,0x4a,0x49,0x4a,0x49,0x4a,0x49,0x4a,0x49,0x4a,0x49,0x4a,0x49,0x4a,0x49,0x4a,
  0x49,0x4a,0x49,0x4a,0x49,0x4a,0x49,0x4a,0x49,0x4a,0x49,0x4a,0x49,0x4a,0x49,0x4a,
  0x49,0x4a,0x49,0x4a,0x49,0x4a,0x49,0x4a,0x49,0x4a,0x49,0x4a,0x49,0x4a,0x49,0x4a,
  0x49,0x4a,0x49,0x4a,0x49,0x42,0x29,0x42,0x29,0x42,0x29,0x42,0x29,0x42,0x49,0x4a,
  0x29,0x42,0x28,0x42,0x08,0x3a,0xc7,0x39,0xc7,0x39,0xc7,0x39,0xc7,0x39,0xe7,0x39,
  0xe8,0x39,0x08,0x42,0x08,0x42,0x08,0x42,0x08,0x42,0x08,0x42,0x08,0x42,0x08,0x42,
  0x08,0x42,0x28,0x42,0x28,0x42,0x28,0x42,0x28,0x42,0x28,0x42,0x28,0x42,0x28,0x42,
  0x29,0x42,0x29,0x42,0x29,0x42,0x29,0x42,0x29,0x42,0x29,0x42,0x29,0x42,0x29,0x42,
  0x29,0x42,0x29,0x42,0x29,0x42,0x29,0x42,0x49,0x42,0x49,0x42,0x49,0x42,0x49,0x42,
  0x49,0x42,0x49,0x42,0x49,0x42,0x49,0x42,0x49,0x42,0x49,0x42,0x49,0x42,0x49,0x42,
  0x49,0x42,0x49,0x42,0x49,0x42,0x49,0x42,0x49,0x42,0x49,0x42,0x49,0x4a,0x49,0x4a,
  0x49,0x4a,0x49,0x4a,0x49,0x4a,0x49,0x4a,0x49,0x4a,0x49,0x4a,0x49,0x4a,0x29,0x42,
  0x49,0x4a,0xc7,0x39,0xc3,0x18,0xe3,0x18,0xe4,0x18,0xe4,0x18,0xe4,0x18,0xe4,0x18,
  0xe4,0x18,0xe4,0x18,0xe4,0x18,0xe3,0x18,0xe3,0x18,0xc3,0x18,0xc3,0x10,0xa3,0x10,
  0xa2,0x10,0xa2,0x10,0xa2,0x10,0xa2,0x10,0x82,0x10,0xa2,0x10,0x82,0x08,0xe3,0x18,
  0x08,0x42,0x49,0x4a,0x29,0x42,0x49,0x42,0x49,0x42,0x49,0x42,0x49,0x42,0x49,0x42,
  0x49,0x42,0x49,0x42,0x49,0x42,0x49,0x42,0x49,0x42,0x49,0x42,0x49,0x42,0x49,0x42,
  0x49,0x4a,0x49,0x4a,0x49,0x4a,0x49,0x4a,0x49,0x4a,0x49,0x4a,0x49,0x4a,0x49,0x4a,
  0x49,0x4a,0x49,0x4a,0x49,0x4a,0x49,0x4a,0x49,0x4a,0x49,0x4a,0x49,0x4a,0x49,0x4a,
  0x49,0x4a,0x49,0x4a,0x49,0x4a,0x49,0x4a,0x49,0x4a,0x49,0x4a,0x49,0x4a,0x69,0x4a,
  0x66,0x29,0xa3,0x10,0xc3,0x18,0xc3,0x18,0xc3,0x10,0xc3,0x10,0xc3,0x10,0xc3,0x10,
  0xc3,0x10,0xc3,0x10,0xc3,0x10,0xc3,0x18,0xe3,0x18,0x04,0x19,0x04,0x21,0x04,0x21,
  0xe3,0x18,0xc7,0x39,0x6a,0x4a,0x49,0x4a,0x49,0x4a,0x49,0x4a,0x49,0x4a,0x49,0x4a,
  0x49,0x4a,0x49,0x4a,0x49,0x4a,0x49,0x4a,0x49,0x4a,0x49,0x4a,0x49,0x4a,0x49,0x4a,
  0x49,0x4a,0x49,0x4a,0x49,0x4a,0x49,0x4a,0x49,0x4a,0x49,0x4a,0x49,0x4a,0x49,0x4a,
  0x49,0x4a,0x49,0x4a,0x49,0x4a,0x49,0x4a,0x49,0x4a,0x49,0x4a,0x49,0x4a,0x49,0x4a,
  0x49,0x4a,0x49,0x4a,0x49,0x4a,0x49,0x4a,0x49,0x4a,0x49,0x4a,0x49,0x4a,0x49,0x4a,
  0x49,0x4a,0x49,0x4a,0x49,0x4a,0x49,0x4a,0x49,0x4a,0x49,0x4a,0x49,0x4a,0x49,0x4a,
  0x49,0x4a,0x49,0x4a,0x49,0x42,0x29,0x42,0x29,0x42,0x49,0x4a,0x08,0x42,0xa7,0x31,
  0x45,0x29,0x04,0x19,0xc3,0x18,0xa2,0x10,0x82,0x10,0x82,0x10,0x82,0x10,0xa2,0x10,
  0xc3,0x18,0x04,0x19,0x45,0x21,0x86,0x31,0xc7,0x31,0xe7,0x39,0xe7,0x39,0xe7,0x39,
  0xe8,0x39,0x08,0x42,0x08,0x42,0x08,0x42,0x08,0x42,0x28,0x42,0x28,0x42,0x28,0x42,
  0x28,0x42,0x28,0x42,0x28,0x42,0x28,0x42,0x29,0x42,0x29,0x42,0x29,0x42,0x29,0x42,
  0x29,0x42,0x29,0x42,0x29,0x42,0x29,0x42,0x29,0x42,0x29,0x42,0x29,0x42,0x29,0x42,
  0x29,0x42,0x29,0x42,0x29,0x42,0x29,0x42,0x29,0x42,0x29,0x42,0x49,0x42,0x49,0x42,
  0x49,0x42,0x49,0x42,0x49,0x42,0x49,0x42,0x49,0x4a,0x49,0x4a,0x49,0x4a,0x49,0x4a,
  0x49,0x4a,0x49,0x4a,0x49,0x4a,0x49,0x4a,0x49,0x4a,0x49,0x42,0x29,0x42,0x49,0x4a,
  0xa6,0x31,0xc3,0x10,0xe3,0x18,0xe4,0x18,0xe4,0x18,0xe4,0x18,0xe4,0x18,0xe4,0x18,
  0xe4,0x18,0xe4,0x18,0xe3,0x18,0xc3,0x18,0xc3,0x18,0xc3,0x10,0xa3,0x10,0xa2,0x10,
  0xa2,0x10,0xa2,0x10,0x82,0x10,0xa2,0x10,0xa2,0x10,0x82,0x08,0x25,0x21,0x49,0x42,
  0x49,0x4a,0x29,0x42,0x49,0x42,0x49,0x42,0x49,0x42,0x49,0x42,0x49,0x42,0x29,0x42,
  0x29,0x42,0x29,0x42,0x29,0x42,0x29,0x42,0x29,0x42,0x29,0x42,0x29,0x42,0x29,0x42,
  0x49,0x4a,0x49,0x4a,0x49,0x4a,0x49,0x4a,0x49,0x4a,0x49,0x4a,0x49,0x4a,0x49,0x4a,
  0x49,0x4a,0x49,0x4a,0x49,0x4a,0x49,0x4a,0x49,0x4a,0x49,0x4a,0x49,0x4a,0x49,0x4a,
  0x49,0x4a,0x49,0x4a,0x49,0x4a,0x49,0x4a,0x49,0x4a,0x49,0x4a,0x49,0x4a,0x49,0x4a,
  0x69,0x4a,0xa6,0x31,0xa3,0x10,0xc3,0x10,0xc3,0x18,0xc3,0x10,0xc3,0x10,0xc3,0x10,
  0xc3,0x10,0xc3,0x10,0xc3,0x10,0xc3,0x10,0xc3,0x18,0xe3,0x18,0x04,0x19,0x04,0x21,
  0x04,0x21,0xc3,0x18,0xa7,0x31,0x6a,0x4a,0x49,0x4a,0x49,0x4a,0x49,0x4a,0x49,0x4a,
  0x49,0x4a,0x49,0x4a,0x49,0x4a,0x49,0x4a,0x49,0x4a,0x49,0x4a,0x49,0x4a,0x49,0x4a,
  0x49,0x4a,0x49,0x4a,0x49,0x4a,0x49,0x4a,0x49,0x4a,0x49,0x4a,0x49,0x4a,0x49,0x4a,
  0x49,0x4a,0x49,0x4a,0x49,0x4a,0x49,0x4a,0x49,0x4a,0x49,0x4a,0x49,0x4a,0x49,0x4a,
  0x49,0x4a,0x49,0x4a,0x49,0x4a,0x49,0x4a,0x49,0x4a,0x49,0x4a,0x49,0x4a,0x49,0x4a,
  0x49,0x4a,0x49,0x4a,0x49,0x4a,0x49,0x4a,0x49,0x4a,0x49,0x4a,0x49,0x4a,0x49,0x4a,
  0x49,0x42,0x29,0x42,0x29,0x42,0x29,0x42,0x29,0x42,0x86,0x31,0xe3,0x18,0xc3,0x18,
  0xc3,0x18,0xc3,0x18,0xa3,0x10,0xa2,0x10,0x82,0x10,0x82,0x10,0x82,0x10,0x82,0x10,
  0xa3,0x10,0xc3,0x10,0xc3,0x18,0xe3,0x18,0x04,0x19,0x45,0x29,0xa7,0x31,0xa7,0x31,
  0xc7,0x39,0xe7,0x39,0xe8,0x39,0xe8,0x39,0x08,0x42,0x08,0x42,0x08,0x42,0x28,0x42,
  0x28,0x42,0x28,0x42,0x28,0x42,0x28,0x42,0x28,0x42,0x29,0x42,0x29,0x42,0x29,0x42,
  0x29,0x42,0x29,0x42,0x29,0x42,0x29,0x42,0x29,0x42,0x29,0x42,0x29,0x42,0x29,0x42,
  0x29,0x42,0x29,0x42,0x29,0x42,0x29,0x42,0x29,0x42,0x29,0x42,0x49,0x42,0x49,0x42,
  0x49,0x42,0x49,0x42,0x49,0x42,0x49,0x42,0x49,0x4a,0x49,0x4a,0x49,0x4a,0x49,0x4a,
  0x49,0x4a,0x49,0x4a,0x49,0x42,0x49,0x4a,0x49,0x42,0x49,0x4a,0x49,0x4a,0x66,0x29,
  0xc3,0x10,0xe4,0x18,0xe4,0x18,0xe4,0x18,0xe4,0x18,0xe4,0x18,0xe4,0x18,0xe4,0x18,
  0xe4,0x18,0xe3,0x18,0xc3,0x18,0xc3,0x18,0xa3,0x10,0xa3,0x10,0xa2,0x10,0xa2,0x10,
  0xa2,0x10,0x82,0x10,0xa2,0x10,0x82,0x10,0x82,0x10,0x65,0x29,0x49,0x4a,0x49,0x4a,
  0x29,0x42,0x49,0x42,0x49,0x42,0x49,0x42,0x49,0x42,0x49,0x42,0x49,0x42,0x29,0x42,
  0x29,0x42,0x29,0x42,0x29,0x42,0x29,0x42,0x29,0x42,0x29,0x42,0x29,0x42,0x29,0x42,
  0x49,0x4a,0x49,0x4a,0x49,0x4a,0x49,0x4a,0x49,0x4a,0x49,0x4a,0x49,0x4a,0x49,0x4a,
  0x49,0x4a,0x49,0x4a,0x49,0x4a,0x49,0x4a,0x49,0x4a,0x49,0x4a,0x49,0x4a,0x49,0x4a,
  0x49,0x4a,0x49,0x4a,0x49,0x4a,0x49,0x4a,0x49,0x4a,0x49,0x4a,0x49,0x4a,0x49,0x4a,
  0x49,0x4a,0x6a,0x4a,0xc7,0x39,0xc3,0x18,0xc3,0x10,0xc3,0x18,0xc3,0x10,0xc3,0x10,
  0xc3,0x10,0xc3,0x10,0xc3,0x10,0xc3,0x10,0xc3,0x10,0xc3,0x18,0xe3,0x18,0xe4,0x18,
  0x04,0x21,0x24,0x21,0xc3,0x18,0x86,0x31,0x69,0x4a,0x49,0x4a,0x49,0x4a,0x49,0x4a,
  0x49,0x4a,0x49,0x4a,0x49,0x4a,0x49,0x4a,0x49,0x4a,0x49,0x4a,0x49,0x4a,0x49,0x4a,
  0x49,0x4a,0x49,0x4a,0x49,0x4a,0x49,0x4a,0x49,0x4a,0x49,0x4a,0x49,0x4a,0x49,0x4a,
  0x49,0x4a,0x49,0x4a,0x49,0x4a,0x49,0x4a,0x49,0x4a,0x49,0x4a,0x49,0x4a,0x49,0x4a,
  0x49,0x4a,0x49,0x4a,0x49,0x4a,0x49,0x4a,0x49,0x4a,0x49,0x4a,0x49,0x4a,0x49,0x4a,
  0x49,0x4a,0x49,0x4a,0x49,0x4a,0x49,0x4a,0x49,0x4a,0x49,0x4a,0x49,0x4a,0x49,0x4a,
  0x49,0x4a,0x29,0x42,0x29,0x42,0x29,0x42,0x45,0x29,0xa3,0x10,0xc3,0x18,0xe3,0x18,
  0xe3,0x18,0xc3,0x18,0xa3,0x10,0xa2,0x10,0x82,0x10,0x82,0x10,0x82,0x10,0x82,0x10,
  0xa3,0x10,0xc3,0x18,0xe3,0x18,0xe4,0x18,0xe4,0x18,0xc3,0x18,0x24,0x21,0xa6,0x31,
  0xa7,0x31,0xc7,0x39,0xc7,0x39,0xe7,0x39,0xe8,0x39,0x08,0x3a,0x08,0x42,0x08,0x42,
  0x28,0x42,0x28,0x42,0x28,0x42,0x28,0x42,0x28,0x42,0x28,0x42,0x29,0x42,0x29,0x42,
  0x29,0x42,0x29,0x42,0x29,0x42,0x29,0x42,0x29,0x42,0x29,0x42,0x29,0x42,0x29,0x42,
  0x29,0x42,0x29,0x42,0x29,0x42,0x29,0x42,0x29,0x42,0x29,0x42,0x29,0x42,0x29,0x42,
  0x29,0x42,0x49,0x42,0x49,0x42,0x49,0x42,0x49,0x42,0x49,0x42,0x49,0x4a,0x49,0x4a,
  0x49,0x4a,0x49,0x4a,0x49,0x4a,0x49,0x42,0x49,0x4a,0x49,0x4a,0x45,0x29,0xc3,0x10,
  0xe4,0x18,0xe4,0x18,0xe4,0x18,0xe4,0x18,0xe4,0x18,0xe4,0x18,0xe4,0x18,0xe4,0x18,
  0xe3,0x18,0xc3,0x18,0xc3,0x10,0xa3,0x10,0xa3,0x10,0xa2,0x10,0xa2,0x10,0xa2,0x10,
  0x82,0x10,0xa2,0x10,0x82,0x10,0xa2,0x10,0xa7,0x31,0x69,0x4a,0x49,0x42,0x49,0x42,
  0x49,0x4a,0x29,0x42,0x49,0x42,0x49,0x42,0x49,0x42,0x49,0x42,0x49,0x42,0x29,0x42,
  0x29,0x42,0x29,0x42,0x29,0x42,0x49,0x42,0x49,0x42,0x29,0x42,0x29,0x42,0x29,0x42,
  0x49,0x4a,0x49,0x4a,0x49,0x4a,0x49,0x4a,0x49,0x4a,0x49,0x4a,0x49,0x4a,0x49,0x4a,
  0x49,0x4a,0x49,0x4a,0x49,0x4a,0x49,0x4a,0x49,0x4a,0x49,0x4a,0x49,0x4a,0x49,0x4a,
  0x49,0x4a,0x49,0x4a,0x49,0x4a,0x49,0x4a,0x49,0x4a,0x49,0x4a,0x49,0x4a,0x49,0x4a,
  0x49,0x4a,0x49,0x4a,0x69,0x4a,0x08,0x3a,0xe3,0x18,0xa3,0x10,0xc3,0x18,0xc3,0x10,
  0xc3,0x10,0xc3,0x10,0xc3,0x10,0xc3,0x10,0xc3,0x10,0xc3,0x10,0xc3,0x18,0xe3,0x18,
  0xe4,0x18,0x04,0x21,0x24,0x21,0xc3,0x18,0x65,0x29,0x69,0x4a,0x49,0x4a,0x49,0x4a,
  0x49,0x4a,0x49,0x4a,0x49,0x4a,0x49,0x4a,0x49,0x4a,0x49,0x4a,0x49,0x4a,0x49,0x4a,
  0x49,0x4a,0x49,0x4a,0x49,0x4a,0x49,0x4a,0x49,0x4a,0x49,0x4a,0x49,0x4a,0x49,0x4a,
  0x49,0x4a,0x49,0x4a,0x49,0x4a,0x49,0x4a,0x49,0x4a,0x49,0x4a,0x49,0x4a,0x49,0x4a,
  0x49,0x4a,0x49,0x4a,0x49,0x4a,0x49,0x4a,0x49,0x4a,0x49,0x4a,0x49,0x4a,0x49,0x4a,
  0x49,0x4a,0x49,0x4a,0x49,0x4a,0x49,0x4a,0x49,0x4a,0x49,0x4a,0x49,0x4a,0x49,0x42,
  0x29,0x42,0x29,0x42,0x49,0x42,0xa7,0x31,0xc3,0x18,0xe3,0x18,0xe3,0x18,0xe3,0x18,
  0xe3,0x18,0xc3,0x18,0xa3,0x10,0xa2,0x10,0x82,0x10,0x82,0x10,0x82,0x10,0xa2,0x10,
  0xa3,0x10,0xc3,0x18,0xe3,0x18,0xe4,0x18,0xe4,0x18,0x04,0x21,0xe3,0x18,0x24,0x21,
  0x86,0x31,0xa7,0x31,0xc7,0x39,0xc7,0x39,0xe7,0x39,0xe8,0x39,0x08,0x42,0x08,0x42,
  0x08,0x42,0x28,0x42,0x28,0x42,0x28,0x42,0x28,0x42,0x28,0x42,0x28,0x42,0x29,0x42,
  0x29,0x42,0x29,0x42,0x29,0x42,0x29,0x42,0x29,0x42,0x29,0x42,0x29,0x42,0x29,0x42,
  0x29,0x42,0x29,0x42,0x29,0x42,0x29,0x42,0x29,0x42,0x29,0x42,0x29,0x42,0x29,0x42,
  0x29,0x42,0x49,0x42,0x49,0x42,0x49,0x42,0x49,0x42,0x49,0x42,0x49,0x4a,0x49,0x4a,
  0x49,0x4a,0x49,0x4a,0x49,0x42,0x49,0x4a,0x29,0x42,0x24,0x21,0xc3,0x18,0xe4,0x18,
  0xe4,0x18,0xe4,0x18,0xe4,0x18,0xe4,0x18,0xe4,0x18,0xe4,0x18,0xe4,0x18,0xe3,0x18,
  0xc3,0x18,0xc3,0x10,0xa3,0x10,0xa3,0x10,0xa2,0x10,0xa2,0x10,0x82,0x10,0x82,0x10,
  0xa2,0x10,0x82,0x10,0xc3,0x18,0xe8,0x39,0x69,0x4a,0x29,0x42,0x49,0x42,0x49,0x42,
  0x49,0x42,0x49,0x42,0x49,0x42,0x49,0x42,0x49,0x42,0x49,0x42,0x49,0x42,0x29,0x42,
  0x29,0x42,0x29,0x42,0x29,0x42,0x49,0x42,0x49,0x42,0x29,0x42,0x29,0x42,0x29,0x42,
  0x49,0x4a,0x49,0x4a,0x49,0x4a,0x49,0x4a,0x49,0x4a,0x49,0x4a,0x49,0x4a,0x49,0x4a,
  0x49,0x4a,0x49,0x4a,0x49,0x4a,0x49,0x4a,0x49,0x4a,0x49,0x4a,0x49,0x4a,0x49,0x4a,
  0x49,0x4a,0x49,0x4a,0x49,0x4a,0x49,0x4a,0x49,0x4a,0x49,0x4a,0x49,0x4a,0x49,0x4a,
  0x49,0x4a,0x49,0x4a,0x49,0x4a,0x69,0x4a,0x28,0x42,0x04,0x21,0xa3,0x10,0xc3,0x18,
  0xc3,0x10,0xc3,0x10,0xc3,0x10,0xc3,0x10,0xc3,0x10,0xc3,0x10,0xc3,0x10,0xc3,0x18,
  0xe3,0x18,0xe4,0x18,0x04,0x21,0x24,0x21,0xe3,0x18,0x45,0x29,0x49,0x4a,0x49,0x4a,
  0x49,0x4a,0x49,0x4a,0x49,0x4a,0x49,0x4a,0x49,0x4a,0x49,0x4a,0x49,0x4a,0x49,0x4a,
  0x49,0x4a,0x49,0x4a,0x49,0x4a,0x49,0x4a,0x49,0x4a,0x49,0x4a,0x49,0x4a,0x49,0x4a,
  0x49,0x4a,0x49,0x4a,0x49,0x4a,0x49,0x4a,0x49,0x4a,0x49,0x4a,0x49,0x4a,0x49,0x4a,
  0x49,0x4a,0x49,0x4a,0x49,0x4a,0x49,0x4a,0x49,0x4a,0x49,0x4a,0x49,0x4a,0x49,0x4a,
  0x49,0x4a,0x49,0x4a,0x49,0x4a,0x49,0x4a,0x49,0x4a,0x49,0x4a,0x49,0x4a,0x49,0x42,
  0x29,0x42,0x29,0x42,0x49,0x42,0x86,0x29,0xe3,0x18,0xe3,0x18,0xe3,0x18,0xe3,0x18,
  0xe3,0x18,0xc3,0x18,0xa2,0x10,0x82,0x10,0x82,0x10,0x82,0x10,0x82,0x10,0x82,0x10,
  0xa3,0x10,0xc3,0x18,0xe3,0x18,0xe4,0x18,0xe4,0x18,0x04,0x19,0x04,0x21,0x04,0x21,
  0x66,0x29,0xa6,0x31,0xa7,0x31,0xc7,0x39,0xe7,0x39,0xe8,0x39,0x08,0x3a,0x08,0x42,
  0x08,0x42,0x08,0x42,0x28,0x42,0x28,0x42,0x28,0x42,0x28,0x42,0x28,0x42,0x28,0x42,
  0x28,0x42,0x29,0x42,0x29,0x42,0x29,0x42,0x29,0x42,0x29,0x42,0x29,0x42,0x29,0x42,
  0x29,0x42,0x29,0x42,0x29,0x42,0x29,0x42,0x29,0x42,0x29,0x42,0x29,0x42,0x29,0x42,
  0x49,0x42,0x49,0x42,0x49,0x42,0x49,0x42,0x49,0x4a,0x49,0x4a,0x49,0x42,0x49,0x4a,
  0x49,0x4a,0x29,0x42,0x49,0x4a,0x28,0x42,0x04,0x21,0xc3,0x18,0x04,0x19,0xe4,0x18,
  0xe4,0x18,0xe4,0x18,0xe4,0x18,0xe4,0x18,0xe4,0x18,0xe3,0x18,0xe3,0x18,0xc3,0x18,
  0xc3,0x10,0xa3,0x10,0xa2,0x10,0xa2,0x10,0xa2,0x10,0x82,0x10,0x82,0x10,0xa2,0x10,
  0x82,0x08,0xe4,0x18,0x28,0x42,0x49,0x4a,0x29,0x42,0x49,0x42,0x49,0x42,0x49,0x42,
  0x49,0x42,0x49,0x42,0x49,0x42,0x49,0x42,0x49,0x42,0x49,0x42,0x49,0x42,0x29,0x42,
  0x29,0x42,0x29,0x42,0x29,0x42,0x29,0x42,0x29,0x42,0x49,0x42,0x49,0x42,0x49,0x42,
  0x49,0x4a,0x49,0x4a,0x49,0x4a,0x49,0x4a,0x49,0x4a,0x49,0x4a,0x49,0x4a,0x49,0x4a,
  0x49,0x4a,0x49,0x4a,0x49,0x4a,0x49,0x4a,0x49,0x4a,0x49,0x4a,0x49,0x4a,0x49,0x4a,
  0x49,0x4a,0x49,0x4a,0x49,0x4a,0x49,0x4a,0x49,0x4a,0x49,0x4a,0x49,0x4a,0x49,0x4a,
  0x49,0x4a,0x49,0x4a,0x49,0x4a,0x49,0x4a,0x69,0x4a,0x49,0x4a,0x25,0x21,0xa3,0x10,
  0xc3,0x18,0xc3,0x10,0xc3,0x10,0xc3,0x10,0xc3,0x10,0xc3,0x10,0xc3,0x10,0xc3,0x10,
  0xc3,0x18,0xe3,0x18,0xe4,0x18,0x04,0x21,0x24,0x21,0xe3,0x18,0x24,0x21,0x49,0x4a,
  0x69,0x4a,0x49,0x4a,0x49,0x4a,0x49,0x4a,0x49,0x4a,0x49,0x4a,0x49,0x4a,0x49,0x4a,
  0x49,0x4a,0x49,0x4a,0x49,0x4a,0x49,0x4a,0x49,0x4a,0x49,0x4a,0x49,0x4a,0x49,0x4a,
  0x49,0x4a,0x49,0x4a,0x49,0x4a,0x49,0x4a,0x49,0x4a,0x49,0x4a,0x49,0x4a,0x49,0x4a,
  0x49,0x4a,0x49,0x4a,0x49,0x4a,0x49,0x4a,0x49,0x4a,0x49,0x4a,0x49,0x4a,0x49,0x4a,
  0x49,0x4a,0x49,0x4a,0x49,0x4a,0x49,0x4a,0x49,0x4a,0x49,0x4a,0x49,0x4a,0x49,0x42,
  0x29,0x42,0x29,0x42,0x29,0x42,0x86,0x31,0xe3,0x18,0xe3,0x18,0xe3,0x18,0xe3,0x18,
  0xe3,0x18,0xc3,0x18,0xa3,0x10,0x82,0x10,0x82,0x10,0x82,0x10,0x82,0x10,0xa2,0x10,
  0xc3,0x10,0xe3,0x18,0xe3,0x18,0xe4,0x18,0xe4,0x18,0x04,0x19,0x04,0x21,0x45,0x21,
  0x86,0x29,0xa6,0x31,0xa7,0x31,0xc7,0x39,0xc7,0x39,0xe7,0x39,0xe8,0x39,0x08,0x42,
  0x08,0x42,0x08,0x42,0x28,0x42,0x28,0x42,0x28,0x42,0x28,0x42,0x28,0x42,0x28,0x42,
  0x29,0x42,0x29,0x42,0x29,0x42,0x29,0x42,0x29,0x42,0x29,0x42,0x29,0x42,0x29,0x42,
  0x29,0x42,0x29,0x42,0x29,0x42,0x29,0x42,0x29,0x42,0x29,0x42,0x29,0x42,0x29,0x42,
  0x49,0x42,0x49,0x42,0x49,0x42,0x49,0x42,0x49,0x4a,0x49,0x4a,0x49,0x42,0x49,0x4a,
  0x29,0x42,0x49,0x4a,0x08,0x42,0xe3,0x18,0xc3,0x18,0x04,0x19,0xe4,0x18,0xe4,0x18,
  0xe4,0x18,0xe4,0x18,0xe4,0x18,0xe4,0x18,0xe3,0x18,0xe3,0x18,0xc3,0x18,0xc3,0x10,
  0xa3,0x10,0xa2,0x10,0xa2,0x10,0xa2,0x10,0x82,0x10,0xa2,0x10,0xa2,0x10,0x82,0x08,
  0x25,0x21,0x49,0x4a,0x49,0x4a,0x29,0x42,0x49,0x42,0x49,0x42,0x49,0x42,0x49,0x42,
  0x49,0x42,0x49,0x42,0x49,0x42,0x49,0x42,0x49,0x42,0x49,0x42,0x49,0x42,0x29,0x42,
  0x29,0x42,0x29,0x42,0x29,0x42,0x29,0x42,0x29,0x42,0x49,0x42,0x49,0x42,0x49,0x42,
  0x49,0x4a,0x49,0x4a,0x49,0x4a,0x49,0x4a,0x49,0x4a,0x49,0x4a,0x49,0x4a,0x49,0x4a,
  0x49,0x4a,0x49,0x4a,0x49,0x4a,0x49,0x4a,0x49,0x4a,0x49,0x4a,0x49,0x4a,0x49,0x4a,
  0x49,0x4a,0x49,0x4a,0x49,0x4a,0x49,0x4a,0x49,0x4a,0x49,0x4a,0x49,0x4a,0x49,0x4a,
  0x49,0x4a,0x49,0x4a,0x49,0x4a,0x49,0x4a,0x49,0x4a,0x49,0x4a,0x49,0x4a,0x65,0x29,
  0xa2,0x10,0xc3,0x18,0xc3,0x18,0xc3,0x10,0xc3,0x10,0xc3,0x10,0xc3,0x10,0xc3,0x18,
  0xc3,0x18,0xc3,0x18,0xe3,0x18,0xe4,0x18,0x04,0x21,0x24,0x21,0xe4,0x18,0x04,0x21,
  0x29,0x42,0x69,0x4a,0x49,0x4a,0x49,0x4a,0x49,0x4a,0x49,0x4a,0x49,0x4a,0x49,0x4a,
  0x49,0x4a,0x49,0x4a,0x49,0x4a,0x49,0x4a,0x49,0x4a,0x49,0x4a,0x49,0x4a,0x49,0x4a,
  0x49,0x4a,0x49,0x4a,0x49,0x4a,0x49,0x4a,0x49,0x4a,0x49,0x4a,0x49,0x4a,0x49,0x4a,
  0x49,0x4a,0x49,0x4a,0x49,0x4a,0x49,0x4a,0x49,0x4a,0x49,0x4a,0x49,0x4a,0x49,0x4a,
  0x49,0x4a,0x49,0x4a,0x49,0x4a,0x49,0x4a,0x49,0x4a,0x49,0x4a,0x49,0x4a,0x49,0x42,
  0x29,0x42,0x29,0x42,0x29,0x42,0x86,0x29,0xe3,0x18,0xe4,0x18,0xe4,0x18,0xe4,0x18,
  0xe3,0x18,0xc3,0x18,0xa2,0x10,0x82,0x08,0x62,0x08,0x62,0x08,0x62,0x08,0x82,0x08,
  0xa2,0x10,0xc3,0x18,0xe4,0x18,0x04,0x19,0x04,0x19,0x04,0x21,0x24,0x21,0x45,0x29,
  0x86,0x31,0xa6,0x31,0xa7,0x31,0xc7,0x31,0xc7,0x39,0xe7,0x39,0xe8,0x39,0x08,0x3a,
  0x08,0x42,0x08,0x42,0x28,0x42,0x28,0x42,0x28,0x42,0x29,0x42,0x29,0x42,0x29,0x42,
  0x29,0x42,0x29,0x42,0x29,0x42,0x29,0x42,0x29,0x42,0x29,0x42,0x29,0x42,0x29,0x42,
  0x29,0x42,0x29,0x42,0x29,0x42,0x29,0x42,0x49,0x42,0x49,0x42,0x49,0x42,0x49,0x42,
  0x49,0x42,0x49,0x42,0x49,0x42,0x49,0x42,0x49,0x42,0x49,0x42,0x49,0x42,0x29,0x42,
  0x69,0x4a,0xe8,0x39,0xe3,0x18,0xe3,0x18,0x04,0x19,0xe4,0x18,0xe4,0x18,0xe4,0x18,
  0xe4,0x18,0xe4,0x18,0xe4,0x18,0xe4,0x18,0xe3,0x18,0xc3,0x18,0xc3,0x10,0xa3,0x10,
  0xa2,0x10,0xa2,0x10,0xa2,0x10,0xa2,0x10,0xa2,0x10,0x82,0x10,0x82,0x10,0x66,0x29,
  0x49,0x4a,0x49,0x4a,0x29,0x42,0x49,0x42,0x49,0x42,0x49,0x42,0x49,0x42,0x49,0x42,
  0x49,0x42,0x49,0x42,0x49,0x42,0x49,0x42,0x49,0x42,0x49,0x42,0x49,0x42,0x29,0x42,
  0x29,0x42,0x29,0x42,0x29,0x42,0x29,0x42,0x29,0x42,0x29,0x42,0x29,0x42,0x29,0x42,
  0x49,0x4a,0x49,0x4a,0x49,0x4a,0x49,0x4a,0x49,0x4a,0x49,0x4a,0x49,0x4a,0x49,0x4a,
  0x49,0x4a,0x49,0x4a,0x49,0x4a,0x49,0x4a,0x49,0x4a,0x49,0x4a,0x49,0x4a,0x49,0x4a,
  0x49,0x4a,0x49,0x4a,0x49,0x4a,0x49,0x4a,0x49,0x4a,0x49,0x4a,0x49,0x4a,0x49,0x4a,
  0x49,0x4a,0x49,0x4a,0x49,0x4a,0x49,0x4a,0x49,0x4a,0x49,0x4a,0x49,0x4a,0x69,0x4a,
  0x86,0x31,0xa3,0x10,0xc3,0x10,0xc3,0x18,0xc3,0x18,0xc3,0x18,0xc3,0x18,0xc3,0x18,
  0xc3,0x18,0xc3,0x10,0xc3,0x18,0xc3,0x18,0xe4,0x18,0x04,0x21,0x24,0x21,0x04,0x19,
  0x04,0x21,0x08,0x42,0x69,0x4a,0x49,0x4a,0x49,0x4a,0x49,0x4a,0x49,0x4a,0x49,0x4a,
  0x49,0x4a,0x49,0x4a,0x49,0x4a,0x49,0x4a,0x49,0x4a,0x49,0x4a,0x49,0x4a,0x49,0x4a,
  0x49,0x4a,0x49,0x4a,0x49,0x4a,0x49,0x4a,0x49,0x4a,0x49,0x4a,0x49,0x4a,0x49,0x4a,
  0x49,0x4a,0x49,0x4a,0x49,0x4a,0x49,0x4a,0x49,0x4a,0x49,0x4a,0x49,0x4a,0x49,0x4a,
  0x49,0x4a,0x49,0x4a,0x49,0x4a,0x49,0x4a,0x49,0x4a,0x49,0x4a,0x49,0x4a,0x49,0x42,
  0x29,0x42,0x29,0x42,0x29,0x42,0x66,0x29,0xe3,0x18,0xe3,0x18,0xc3,0x10,0xc3,0x10,
  0x04,0x21,0x04,0x19,0xc3,0x18,0xa2,0x10,0x82,0x10,0x82,0x08,0x82,0x08,0x82,0x10,
  0xa3,0x10,0xe4,0x18,0xe4,0x18,0xe3,0x18,0xe4,0x18,0x04,0x21,0x24,0x21,0x45,0x29,
  0x86,0x31,0xa7,0x31,0xc7,0x31,0xc7,0x39,0xc7,0x39,0xe7,0x39,0xe8,0x39,0x08,0x3a,
  0x08,0x42,0x08,0x42,0x28,0x42,0x28,0x42,0x28,0x42,0x29,0x42,0x29,0x42,0x29,0x42,
  0x29,0x42,0x29,0x42,0x29,0x42,0x29,0x42,0x29,0x42,0x29,0x42,0x29,0x42,0x29,0x42,
  0x49,0x42,0x49,0x42,0x29,0x42,0x29,0x42,0x49,0x42,0x49,0x42,0x49,0x42,0x49,0x42,
  0x49,0x42,0x49,0x42,0x49,0x42,0x49,0x4a,0x49,0x42,0x29,0x42,0x29,0x42,0x69,0x4a,
  0xc7,0x39,0xc3,0x18,0xe3,0x18,0xe4,0x18,0xe4,0x18,0xe4,0x18,0xe4,0x18,0xe4,0x18,
  0xe4,0x18,0xe4,0x18,0xe3,0x18,0xe3,0x18,0xc3,0x18,0xc3,0x10,0xa3,0x10,0xa2,0x10,
  0xa2,0x10,0xa2,0x10,0x82,0x10,0xa2,0x10,0x82,0x10,0xa2,0x10,0xa7,0x31,0x69,0x4a,
  0x29,0x42,0x49,0x42,0x49,0x42,0x49,0x42,0x49,0x42,0x49,0x42,0x49,0x42,0x49,0x42,
  0x49,0x42,0x49,0x42,0x49,0x42,0x49,0x42,0x49,0x42,0x49,0x42,0x49,0x42,0x29,0x42,
  0x29,0x42,0x29,0x42,0x29,0x42,0x29,0x42,0x29,0x42,0x29,0x42,0x29,0x42,0x29,0x42,
  0x49,0x4a,0x49,0x4a,0x49,0x4a,0x49,0x4a,0x49,0x4a,0x49,0x4a,0x49,0x4a,0x49,0x4a,
  0x49,0x4a,0x49,0x4a,0x49,0x4a,0x49,0x4a,0x49,0x4a,0x49,0x4a,0x49,0x4a,0x49,0x4a,
  0x49,0x4a,0x49,0x4a,0x49,0x4a,0x49,0x4a,0x49,0x4a,0x49,0x4a,0x49,0x4a,0x49,0x4a,
  0x49,0x4a,0x49,0x4a,0x49,0x4a,0x49,0x4a,0x49,0x4a,0x49,0x4a,0x49,0x4a,0x49,0x4a,
  0x6a,0x4a,0xc7,0x39,0xc3,0x10,0xc3,0x10,0xc3,0x18,0xc3,0x18,0xc3,0x18,0xc3,0x18,
  0xc3,0x18,0xc3,0x18,0xc3,0x10,0xc3,0x18,0xc3,0x18,0xe4,0x18,0x04,0x21,0x24,0x21,
  0x04,0x21,0xe4,0x18,0x08,0x3a,0x69,0x4a,0x49,0x4a,0x49,0x4a,0x49,0x4a,0x49,0x4a,
  0x49,0x4a,0x49,0x4a,0x49,0x4a,0x49,0x4a,0x49,0x4a,0x49,0x4a,0x49,0x4a,0x49,0x4a,
  0x49,0x4a,0x49,0x4a,0x49,0x4a,0x49,0x4a,0x49,0x4a,0x49,0x4a,0x49,0x4a,0x49,0x4a,
  0x49,0x4a,0x49,0x4a,0x49,0x4a,0x49,0x4a,0x49,0x4a,0x49,0x4a,0x49,0x4a,0x49,0x4a,
  0x49,0x4a,0x49,0x4a,0x49,0x4a,0x49,0x4a,0x49,0x4a,0x49,0x4a,0x49,0x4a,0x29,0x42,
  0x29,0x42,0x28,0x42,0x29,0x42,0x65,0x29,0xc3,0x18,0xa3,0x10,0xa3,0x10,0xe3,0x18,
  0x04,0x21,0xe3,0x18,0xc3,0x18,0xa3,0x10,0x82,0x10,0x62,0x08,0x62,0x08,0x82,0x10,
  0xc3,0x18,0xe4,0x18,0x24,0x21,0x04,0x21,0xc3,0x18,0xc3,0x10,0x24,0x21,0x45,0x29,
  0xa7,0x31,0xc7,0x31,0xc7,0x39,0xc7,0x39,0xe7,0x39,0xe7,0x39,0xe8,0x39,0x08,0x42,
  0x08,0x42,0x28,0x42,0x28,0x42,0x28,0x42,0x28,0x42,0x28,0x42,0x29,0x42,0x29,0x42,
  0x29,0x42,0x29,0x42,0x29,0x42,0x29,0x42,0x29,0x42,0x29,0x42,0x29,0x42,0x29,0x42,
  0x49,0x42,0x49,0x42,0x49,0x42,0x49,0x42,0x49,0x42,0x49,0x42,0x49,0x42,0x49,0x42,
  0x49,0x42,0x49,0x42,0x49,0x4a,0x49,0x4a,0x49,0x42,0x49,0x42,0x69,0x4a,0xa6,0x31,
  0xc3,0x10,0xe4,0x18,0x04,0x19,0xe4,0x18,0xe4,0x18,0xe4,0x18,0xe4,0x18,0xe4,0x18,
  0xe4,0x18,0xe3,0x18,0xe3,0x18,0xc3,0x18,0xa3,0x10,0xa3,0x10,0xa2,0x10,0xa2,0x10,
  0xa2,0x10,0x82,0x10,0xa2,0x10,0x82,0x10,0xc3,0x18,0xe7,0x39,0x69,0x4a,0x29,0x42,
  0x49,0x42,0x49,0x42,0x49,0x42,0x49,0x42,0x49,0x42,0x49,0x42,0x49,0x42,0x49,0x42,
  0x49,0x42,0x49,0x42,0x49,0x42,0x49,0x42,0x49,0x42,0x49,0x42,0x49,0x42,0x49,0x42,
  0x49,0x42,0x49,0x42,0x49,0x42,0x29,0x42,0x29,0x42,0x29,0x42,0x29,0x42,0x49,0x42,
  0x49,0x4a,0x49,0x4a,0x49,0x4a,0x49,0x4a,0x49,0x4a,0x49,0x4a,0x49,0x4a,0x49,0x4a,
  0x49,0x4a,0x49,0x4a,0x49,0x4a,0x49,0x4a,0x49,0x4a,0x49,0x4a,0x49,0x4a,0x49,0x4a,
  0x49,0x4a,0x49,0x4a,0x49,0x4a,0x49,0x4a,0x49,0x4a,0x49,0x4a,0x49,0x4a,0x49,0x4a,
  0x49,0x4a,0x49,0x4a,0x49,0x4a,0x49,0x4a,0x49,0x4a,0x49,0x4a,0x49,0x4a,0x49,0x4a,
  0x49,0x4a,0x69,0x4a,0xe7,0x39,0xc3,0x18,0xa3,0x10,0xc3,0x18,0xc3,0x18,0xc3,0x18,
  0xc3,0x18,0xc3,0x18,0xc3,0x18,0xc3,0x18,0xc3,0x18,0xc3,0x18,0xe4,0x18,0x04,0x21,
  0x24,0x21,0x04,0x21,0xe3,0x18,0xe7,0x39,0x69,0x4a,0x49,0x4a,0x49,0x4a,0x49,0x4a,
  0x49,0x4a,0x49,0x4a,0x49,0x4a,0x49,0x4a,0x49,0x4a,0x49,0x4a,0x49,0x4a,0x49,0x4a,
  0x49,0x4a,0x49,0x4a,0x49,0x4a,0x49,0x4a,0x49,0x4a,0x49,0x4a,0x49,0x4a,0x49,0x4a,
  0x49,0x4a,0x49,0x4a,0x49,0x4a,0x49,0x4a,0x49,0x4a,0x49,0x4a,0x49,0x4a,0x49,0x4a,
  0x49,0x4a,0x49,0x4a,0x49,0x4a,0x49,0x4a,0x49,0x4a,0x49,0x4a,0x49,0x4a,0x49,0x42,
  0x29,0x42,0x29,0x42,0x29,0x42,0x45,0x21,0xa3,0x10,0xa3,0x10,0xc3,0x18,0xe4,0x18,
  0xe3,0x18,0xe3,0x18,0xc3,0x10,0x82,0x10,0x62,0x08,0x61,0x08,0x61,0x08,0x82,0x08,
  0xc3,0x10,0xe3,0x18,0xe4,0x18,0x04,0x19,0xe4,0x18,0xc3,0x18,0xe3,0x18,0x45,0x29,
  0xc7,0x39,0xc7,0x39,0xe7,0x39,0xe7,0x39,0xe8,0x39,0x08,0x3a,0x08,0x42,0x08,0x42,
  0x28,0x42,0x28,0x42,0x28,0x42,0x28,0x42,0x28,0x42,0x29,0x42,0x29,0x42,0x29,0x42,
  0x29,0x42,0x29,0x42,0x29,0x42,0x29,0x42,0x49,0x42,0x49,0x42,0x49,0x42,0x49,0x42,
  0x49,0x42,0x49,0x42,0x49,0x42,0x49,0x42,0x49,0x42,0x49,0x42,0x49,0x42,0x49,0x42,
  0x49,0x4a,0x49,0x4a,0x49,0x4a,0x49,0x4a,0x49,0x4a,0x49,0x4a,0x86,0x29,0xc3,0x10,
  0xe4,0x18,0xe4,0x18,0xe4,0x18,0xe4,0x18,0xe4,0x18,0xe4,0x18,0xe4,0x18,0xe4,0x18,
  0xe3,0x18,0xc3,0x18,0xc3,0x18,0xa3,0x10,0xa3,0x10,0xa2,0x10,0xa2,0x10,0xa2,0x10,
  0xa2,0x10,0xa2,0x10,0x82,0x08,0x04,0x19,0x28,0x42,0x49,0x4a,0x29,0x42,0x49,0x42,
  0x49,0x42,0x49,0x42,0x49,0x42,0x49,0x42,0x49,0x42,0x49,0x42,0x49,0x42,0x49,0x42,
  0x49,0x42,0x49,0x42,0x49,0x42,0x49,0x42,0x49,0x42,0x49,0x42,0x49,0x42,0x49,0x42,
  0x49,0x42,0x49,0x42,0x49,0x42,0x29,0x42,0x29,0x42,0x29,0x42,0x29,0x42,0x49,0x42,
  0x49,0x4a,0x49,0x4a,0x49,0x4a,0x49,0x4a,0x49,0x4a,0x49,0x4a,0x49,0x4a,0x49,0x4a,
  0x49,0x4a,0x49,0x4a,0x49,0x4a,0x49,0x4a,0x49,0x4a,0x49,0x4a,0x49,0x4a,0x49,0x4a,
  0x49,0x4a,0x49,0x4a,0x49,0x4a,0x49,0x4a,0x49,0x4a,0x49,0x4a,0x49,0x4a,0x49,0x4a,
  0x49,0x4a,0x49,0x4a,0x49,0x4a,0x49,0x4a,0x49,0x4a,0x49,0x4a,0x49,0x4a,0x49,0x4a,
  0x49,0x4a,0x49,0x4a,0x69,0x4a,0x08,0x42,0x04,0x19,0xa3,0x10,0xc3,0x18,0xc3,0x18,
  0xc3,0x18,0xc3,0x18,0xc3,0x18,0xc3,0x18,0xc3,0x18,0xc3,0x18,0xc3,0x18,0xe4,0x18,
  0x04,0x21,0x04,0x21,0x24,0x21,0xe3,0x18,0xc7,0x31,0x6a,0x4a,0x49,0x4a,0x49,0x4a,
  0x49,0x4a,0x49,0x4a,0x49,0x4a,0x49,0x4a,0x49,0x4a,0x49,0x4a,0x49,0x4a,0x49,0x4a,
  0x49,0x4a,0x49,0x4a,0x49,0x4a,0x49,0x4a,0x49,0x4a,0x49,0x4a,0x49,0x4a,0x49,0x4a,
  0x49,0x4a,0x49,0x4a,0x49,0x4a,0x49,0x4a,0x49,0x4a,0x49,0x4a,0x49,0x4a,0x49,0x4a,
  0x49,0x4a,0x49,0x4a,0x49,0x4a,0x49,0x4a,0x49,0x4a,0x49,0x4a,0x49,0x4a,0x49,0x4a,
  0x49,0x42,0x29,0x42,0x29,0x42,0x24,0x21,0xc3,0x18,0xc3,0x18,0xe3,0x18,0xe3,0x18,
  0xe3,0x18,0xa2,0x10,0x61,0x08,0xa2,0x10,0x82,0x10,0x61,0x08,0x61,0x08,0x82,0x08,
  0x82,0x08,0xa2,0x10,0xe3,0x18,0xe3,0x18,0xe4,0x18,0xe3,0x18,0xc3,0x18,0x24,0x21,
  0xe8,0x39,0x08,0x3a,0x08,0x42,0x08,0x42,0x08,0x42,0x08,0x42,0x28,0x42,0x28,0x42,
  0x28,0x42,0x28,0x42,0x29,0x42,0x29,0x42,0x29,0x42,0x29,0x42,0x29,0x42,0x29,0x42,
  0x29,0x42,0x29,0x42,0x29,0x42,0x49,0x42,0x49,0x42,0x49,0x42,0x49,0x4a,0x49,0x4a,
  0x49,0x4a,0x49,0x4a,0x49,0x4a,0x49,0x4a,0x49,0x4a,0x49,0x4a,0x49,0x4a,0x49,0x4a,
  0x49,0x4a,0x49,0x4a,0x49,0x42,0x49,0x4a,0x49,0x4a,0x45,0x29,0xc3,0x10,0x04,0x19,
  0xe4,0x18,0xe4,0x18,0xe4,0x18,0xe4,0x18,0xe4,0x18,0xe4,0x18,0xe4,0x18,0xe3,0x18,
  0xc3,0x18,0xc3,0x10,0xa3,0x10,0xa3,0x10,0xa2,0x10,0xa2,0x10,0x82,0x10,0xa2,0x10,
  0xa2,0x10,0x82,0x08,0x25,0x21,0x49,0x4a,0x49,0x4a,0x29,0x42,0x49,0x42,0x49,0x42,
  0x49,0x42,0x49,0x42,0x49,0x42,0x49,0x42,0x49,0x42,0x49,0x42,0x49,0x42,0x49,0x42,
  0x49,0x42,0x49,0x42,0x49,0x42,0x49,0x42,0x49,0x42,0x49,0x42,0x49,0x42,0x49,0x42,
  0x49,0x42,0x49,0x42,0x49,0x42,0x49,0x42,0x49,0x42,0x29,0x42,0x29,0x42,0x49,0x42,
  0x49,0x4a,0x49,0x4a,0x49,0x4a,0x49,0x4a,0x49,0x4a,0x49,0x4a,0x49,0x4a,0x49,0x4a,
  0x49,0x4a,0x49,0x4a,0x49,0x4a,0x49,0x4a,0x49,0x4a,0x49,0x4a,0x49,0x4a,0x49,0x4a,
  0x49,0x4a,0x49,0x4a,0x49,0x4a,0x49,0x4a,0x49,0x4a,0x49,0x4a,0x49,0x4a,0x49,0x4a,
  0x49,0x4a,0x49,0x4a,0x49,0x4a,0x49,0x4a,0x49,0x4a,0x49,0x4a,0x49,0x4a,0x49,0x4a,
  0x49,0x4a,0x49,0x4a,0x49,0x4a,0x69,0x4a,0x29,0x42,0x24,0x21,0xa3,0x10,0xc3,0x18,
  0xc3,0x18,0xc3,0x18,0xc3,0x18,0xc3,0x18,0xc3,0x18,0xc3,0x18,0xc3,0x18,0xc3,0x18,
  0xe3,0x18,0x04,0x21,0x24,0x21,0x24,0x21,0xe3,0x18,0xa6,0x31,0x6a,0x4a,0x49,0x4a,
  0x49,0x4a,0x49,0x4a,0x49,0x4a,0x49,0x4a,0x49,0x4a,0x49,0x4a,0x49,0x4a,0x49,0x4a,
  0x49,0x4a,0x49,0x4a,0x49,0x4a,0x49,0x4a,0x49,0x4a,0x49,0x4a,0x49,0x4a,0x49,0x4a,
  0x49,0x4a,0x49,0x4a,0x49,0x4a,0x49,0x4a,0x49,0x4a,0x49,0x4a,0x49,0x4a,0x49,0x4a,
  0x49,0x4a,0x49,0x4a,0x49,0x4a,0x49,0x4a,0x49,0x4a,0x49,0x4a,0x49,0x4a,0x49,0x4a,
  0x49,0x4a,0x49,0x4a,0x49,0x4a,0x45,0x29,0xe3,0x18,0xe4,0x18,0xe3,0x18,0xe3,0x18,
  0xc3,0x18,0x62,0x08,0xa2,0x10,0xc3,0x18,0x82,0x08,0x61,0x08,0x61,0x08,0xa3,0x10,
  0xc3,0x10,0x61,0x08,0xc3,0x10,0xe3,0x18,0xe3,0x18,0x04,0x19,0xe4,0x18,0x24,0x21,
  0x08,0x42,0x08,0x42,0x28,0x42,0x28,0x42,0x28,0x42,0x28,0x42,0x28,0x42,0x28,0x42,
  0x29,0x42,0x29,0x42,0x29,0x42,0x29,0x42,0x49,0x42,0x49,0x42,0x49,0x42,0x49,0x42,
  0x49,0x42,0x49,0x42,0x49,0x42,0x49,0x4a,0x49,0x4a,0x49,0x4a,0x49,0x4a,0x49,0x4a,
  0x49,0x4a,0x49,0x4a,0x49,0x4a,0x49,0x4a,0x49,0x4a,0x49,0x4a,0x49,0x4a,0x49,0x4a,
  0x49,0x4a,0x49,0x42,0x49,0x4a,0x49,0x4a,0x25,0x21,0xc3,0x10,0x04,0x19,0xe4,0x18,
  0xe4,0x18,0xe4,0x18,0xe4,0x18,0xe4,0x18,0xe4,0x18,0xe4,0x18,0xe3,0x18,0xc3,0x18,
  0xc3,0x10,0xa3,0x10,0xa2,0x10,0xa2,0x10,0xa2,0x10,0x82,0x10,0xa2,0x10,0x82,0x10,
  0x82,0x10,0x66,0x29,0x49,0x4a,0x49,0x42,0x29,0x42,0x49,0x42,0x49,0x42,0x49,0x42,
  0x49,0x42,0x49,0x42,0x49,0x42,0x49,0x42,0x49,0x42,0x49,0x42,0x49,0x42,0x49,0x42,
  0x49,0x42,0x49,0x42,0x49,0x42,0x49,0x42,0x49,0x42,0x49,0x42,0x49,0x42,0x49,0x42,
  0x49,0x42,0x49,0x42,0x49,0x42,0x49,0x42,0x49,0x42,0x29,0x42,0x29,0x42,0x49,0x42,
  0x49,0x4a,0x49,0x4a,0x49,0x4a,0x49,0x4a,0x49,0x4a,0x49,0x4a,0x49,0x4a,0x49,0x4a,
  0x49,0x4a,0x49,0x4a,0x49,0x4a,0x49,0x4a,0x49,0x4a,0x49,0x4a,0x49,0x4a,0x49,0x4a,
  0x49,0x4a,0x49,0x4a,0x49,0x4a,0x49,0x4a,0x49,0x4a,0x49,0x4a,0x49,0x4a,0x49,0x4a,
  0x49,0x4a,0x49,0x4a,0x49,0x4a,0x49,0x4a,0x49,0x4a,0x49,0x4a,0x49,0x4a,0x49,0x4a,
  0x49,0x4a,0x49,0x4a,0x49,0x4a,0x49,0x4a,0x49,0x4a,0x49,0x4a,0x45,0x29,0xa3,0x10,
  0xc3,0x18,0xc3,0x18,0xc3,0x18,0xc3,0x18,0xc3,0x18,0xc3,0x18,0xc3,0x18,0xc3,0x18,
  0xc3,0x18,0xe3,0x18,0x04,0x21,0x04,0x21,0x24,0x21,0xe3,0x18,0x86,0x29,0x69,0x4a,
  0x49,0x4a,0x49,0x4a,0x49,0x4a,0x49,0x4a,0x49,0x4a,0x49,0x4a,0x49,0x4a,0x49,0x4a,
  0x49,0x4a,0x49,0x4a,0x49,0x4a,0x49,0x4a,0x49,0x4a,0x49,0x4a,0x49,0x4a,0x49,0x4a,
  0x49,0x4a,0x49,0x4a,0x49,0x4a,0x49,0x4a,0x49,0x4a,0x49,0x4a,0x49,0x4a,0x49,0x4a,
  0x49,0x4a,0x49,0x4a,0x49,0x4a,0x49,0x4a,0x49,0x4a,0x49,0x4a,0x49,0x4a,0x49,0x4a,
  0x49,0x4a,0x49,0x4a,0x49,0x4a,0xc7,0x39,0xe3,0x18,0xe4,0x18,0xe3,0x18,0xe3,0x18,
  0xc3,0x18,0xc3,0x10,0xe3,0x18,0xc3,0x10,0x82,0x10,0x62,0x08,0x82,0x08,0xa2,0x10,
  0xe3,0x18,0xa3,0x10,0xa3,0x10,0xe4,0x18,0xe4,0x18,0x04,0x19,0x04,0x21,0x66,0x29,
  0x28,0x42,0x28,0x42,0x28,0x42,0x28,0x42,0x28,0x42,0x28,0x42,0x28,0x42,0x29,0x42,
  0x29,0x42,0x29,0x42,0x49,0x42,0x49,0x42,0x49,0x4a,0x49,0x4a,0x49,0x4a,0x49,0x4a,
  0x49,0x4a,0x49,0x4a,0x49,0x4a,0x49,0x4a,0x49,0x4a,0x49,0x4a,0x49,0x4a,0x49,0x4a,
  0x49,0x4a,0x49,0x4a,0x49,0x4a,0x49,0x4a,0x49,0x4a,0x49,0x4a,0x49,0x4a,0x49,0x4a,
  0x29,0x42,0x49,0x4a,0x28,0x42,0x04,0x21,0xc3,0x18,0x04,0x19,0xe4,0x18,0xe4,0x18,
  0xe4,0x18,0xe4,0x18,0xe4,0x18,0xe4,0x18,0xe4,0x18,0xe3,0x18,0xc3,0x18,0xc3,0x10,
  0xa3,0x10,0xa2,0x10,0xa2,0x10,0xa2,0x10,0x82,0x10,0xa2,0x10,0x82,0x10,0xa2,0x10,
  0xc7,0x31,0x69,0x4a,0x29,0x42,0x29,0x42,0x49,0x42,0x49,0x42,0x49,0x42,0x49,0x42,
  0x49,0x42,0x49,0x42,0x49,0x42,0x49,0x42,0x49,0x42,0x49,0x42,0x49,0x42,0x49,0x42,
  0x49,0x42,0x49,0x42,0x49,0x42,0x49,0x42,0x49,0x42,0x49,0x42,0x49,0x42,0x49,0x42,
  0x49,0x42,0x49,0x42,0x49,0x42,0x49,0x42,0x49,0x42,0x29,0x42,0x29,0x42,0x49,0x42,
  0x49,0x4a,0x49,0x4a,0x49,0x4a,0x49,0x4a,0x49,0x4a,0x49,0x4a,0x49,0x4a,0x49,0x4a,
  0x49,0x4a,0x49,0x4a,0x49,0x4a,0x49,0x4a,0x49,0x4a,0x49,0x4a,0x49,0x4a,0x49,0x4a,
  0x49,0x4a,0x49,0x4a,0x49,0x4a,0x49,0x4a,0x49,0x4a,0x49,0x4a,0x49,0x4a,0x49,0x4a,
  0x49,0x4a,0x49,0x4a,0x49,0x4a,0x49,0x4a,0x49,0x4a,0x49,0x4a,0x49,0x4a,0x49,0x4a,
  0x49,0x4a,0x49,0x4a,0x49,0x4a,0x49,0x4a,0x49,0x4a,0x49,0x4a,0x69,0x4a,0x86,0x29,
  0xa3,0x10,0xc3,0x18,0xc3,0x18,0xc3,0x18,0xc3,0x18,0xc3,0x18,0xc3,0x18,0xc3,0x18,
  0xc3,0x18,0xc3,0x18,0xe3,0x18,0x04,0x19,0x04,0x21,0x25,0x21,0xe3,0x18,0x65,0x29,
  0x69,0x4a,0x49,0x4a,0x49,0x4a,0x49,0x4a,0x49,0x4a,0x49,0x4a,0x49,0x4a,0x49,0x4a,
  0x49,0x4a,0x49,0x4a,0x49,0x4a,0x49,0x4a,0x49,0x4a,0x49,0x4a,0x49,0x4a,0x49,0x4a,
  0x49,0x4a,0x49,0x4a,0x49,0x4a,0x49,0x4a,0x49,0x4a,0x49,0x4a,0x49,0x4a,0x49,0x4a,
  0x49,0x4a,0x49,0x4a,0x49,0x4a,0x49,0x4a,0x49,0x4a,0x49,0x4a,0x49,0x4a,0x49,0x4a,
  0x49,0x4a,0x49,0x4a,0x49,0x4a,0x49,0x4a,0x86,0x31,0xc3,0x18,0xe3,0x18,0xe3,0x18,
  0xe3,0x18,0xe3,0x18,0xe3,0x18,0xc3,0x10,0xc3,0x18,0xa2,0x10,0xc3,0x18,0xc3,0x18,
  0xe3,0x18,0xe3,0x18,0xe3,0x18,0xe3,0x18,0x04,0x19,0xe4,0x18,0x24,0x21,0x08,0x42,
  0x28,0x42,0x28,0x42,0x28,0x42,0x28,0x42,0x28,0x42,0x28,0x42,0x29,0x42,0x29,0x42,
  0x29,0x42,0x29,0x42,0x49,0x42,0x49,0x4a,0x49,0x4a,0x49,0x42,0x49,0x4a,0x49,0x4a,
  0x49,0x4a,0x49,0x4a,0x49,0x4a,0x49,0x4a,0x49,0x4a,0x49,0x4a,0x49,0x4a,0x49,0x4a,
  0x49,0x4a,0x49,0x4a,0x49,0x4a,0x49,0x4a,0x49,0x4a,0x49,0x4a,0x49,0x4a,0x49,0x42,
  0x49,0x4a,0x08,0x42,0xe4,0x18,0xc3,0x18,0x04,0x19,0xe4,0x18,0xe4,0x18,0xe4,0x18,
  0xe4,0x18,0xe4,0x18,0xe4,0x18,0xe4,0x18,0xe3,0x18,0xc3,0x18,0xc3,0x10,0xa3,0x10,
  0xa2,0x10,0xa2,0x10,0xa2,0x10,0xa2,0x10,0xa2,0x10,0x82,0x10,0xc3,0x18,0xe8,0x39,
  0x69,0x4a,0x29,0x42,0x49,0x42,0x49,0x42,0x49,0x42,0x49,0x42,0x49,0x42,0x49,0x42,
  0x49,0x42,0x49,0x42,0x49,0x42,0x49,0x42,0x49,0x4a,0x49,0x42,0x49,0x42,0x49,0x42,
  0x49,0x42,0x49,0x42,0x49,0x42,0x49,0x42,0x49,0x42,0x49,0x42,0x49,0x42,0x49,0x42,
  0x49,0x42,0x49,0x42,0x49,0x42,0x49,0x42,0x49,0x42,0x49,0x42,0x49,0x42,0x49,0x42,
  0x49,0x4a,0x49,0x4a,0x49,0x4a,0x49,0x4a,0x49,0x4a,0x49,0x4a,0x49,0x4a,0x49,0x4a,
  0x49,0x4a,0x49,0x4a,0x49,0x4a,0x49,0x4a,0x49,0x4a,0x49,0x4a,0x49,0x4a,0x49,0x4a,
  0x49,0x4a,0x49,0x4a,0x49,0x4a,0x49,0x4a,0x49,0x4a,0x49,0x4a,0x49,0x4a,0x49,0x4a,
  0x49,0x4a,0x49,0x4a,0x49,0x4a,0x49,0x4a,0x49,0x4a,0x49,0x4a,0x49,0x4a,0x49,0x4a,
  0x49,0x4a,0x49,0x4a,0x49,0x4a,0x49,0x4a,0x49,0x4a,0x49,0x4a,0x49,0x4a,0x69,0x4a,
  0xa7,0x31,0xc3,0x10,0xc3,0x18,0xc3,0x18,0xc3,0x18,0xc3,0x18,0xc3,0x18,0xc3,0x18,
  0xc3,0x18,0xc3,0x18,0xc3,0x18,0xe3,0x18,0x04,0x19,0x04,0x21,0x25,0x21,0xe4,0x18,
  0x45,0x21,0x49,0x4a,0x49,0x4a,0x49,0x4a,0x49,0x4a,0x49,0x4a,0x49,0x4a,0x49,0x4a,
  0x49,0x4a,0x49,0x4a,0x49,0x4a,0x49,0x4a,0x49,0x4a,0x49,0x4a,0x49,0x4a,0x49,0x4a,
  0x49,0x4a,0x49,0x4a,0x49,0x4a,0x49,0x4a,0x49,0x4a,0x49,0x4a,0x49,0x4a,0x49,0x4a,
  0x49,0x4a,0x49,0x4a,0x49,0x4a,0x49,0x4a,0x49,0x4a,0x49,0x4a,0x49,0x4a,0x49,0x4a,
  0x49,0x4a,0x49,0x4a,0x49,0x4a,0x49,0x4a,0x69,0x4a,0x86,0x31,0xc3,0x18,0xc3,0x18,
  0xe3,0x18,0xe3,0x18,0xe4,0x18,0xc3,0x18,0xc3,0x18,0xa2,0x10,0xc3,0x18,0xc3,0x18,
  0xe4,0x18,0xe4,0x18,0xe4,0x18,0xe4,0x18,0xe3,0x18,0x24,0x21,0x08,0x42,0x49,0x42,
  0x28,0x42,0x28,0x42,0x28,0x42,0x28,0x42,0x29,0x42,0x29,0x42,0x29,0x42,0x29,0x42,
  0x29,0x42,0x29,0x42,0x49,0x42,0x49,0x4a,0x49,0x4a,0x49,0x4a,0x49,0x4a,0x49,0x4a,
  0x49,0x4a,0x49,0x4a,0x49,0x4a,0x49,0x4a,0x49,0x4a,0x49,0x4a,0x49,0x4a,0x49,0x4a,
  0x49,0x4a,0x49,0x4a,0x49,0x4a,0x49,0x4a,0x49,0x4a,0x49,0x4a,0x29,0x42,0x69,0x4a,
  0xe8,0x39,0xc3,0x18,0xe3,0x18,0x04,0x19,0xe4,0x18,0xe4,0x18,0xe4,0x18,0xe4,0x18,
  0xe4,0x18,0xe4,0x18,0xe3,0x18,0xe3,0x18,0xc3,0x18,0xa3,0x10,0xa3,0x10,0xa2,0x10,
  0xa2,0x10,0xa2,0x10,0xa2,0x10,0xa2,0x10,0x82,0x10,0x04,0x19,0x28,0x42,0x49,0x4a,
  0x29,0x42,0x49,0x42,0x49,0x42,0x49,0x42,0x49,0x42,0x49,0x42,0x49,0x42,0x49,0x42,
  0x49,0x42,0x49,0x42,0x49,0x42,0x49,0x42,0x29,0x42,0x29,0x42,0x49,0x42,0x49,0x42,
  0x49,0x42,0x49,0x42,0x49,0x42,0x49,0x42,0x49,0x42,0x49,0x42,0x49,0x42,0x49,0x42,
  0x49,0x42,0x49,0x42,0x49,0x42,0x49,0x42,0x49,0x42,0x49,0x42,0x49,0x42,0x49,0x42,
  0x49,0x4a,0x49,0x4a,0x49,0x4a,0x49,0x4a,0x49,0x4a,0x49,0x4a,0x49,0x4a,0x49,0x4a,
  0x49,0x4a,0x49,0x4a,0x49,0x4a,0x49,0x4a,0x49,0x4a,0x49,0x4a,0x49,0x4a,0x49,0x4a,
  0x49,0x4a,0x49,0x4a,0x49,0x4a,0x49,0x4a,0x49,0x4a,0x49,0x4a,0x49,0x4a,0x49,0x4a,
  0x49,0x4a,0x49,0x4a,0x49,0x4a,0x49,0x4a,0x49,0x4a,0x49,0x4a,0x49,0x4a,0x49,0x4a,
  0x49,0x4a,0x49,0x4a,0x49,0x4a,0x49,0x4a,0x49,0x4a,0x49,0x4a,0x49,0x4a,0x49,0x4a,
  0x69,0x4a,0xe7,0x39,0xc3,0x18,0xc3,0x18,0xc3,0x18,0xc3,0x18,0xc3,0x18,0xc3,0x18,
  0xc3,0x18,0xc3,0x18,0xc3,0x18,0xc3,0x18,0xe3,0x18,0x04,0x19,0x04,0x21,0x25,0x21,
  0x04,0x19,0x24,0x21,0x49,0x4a,0x69,0x4a,0x49,0x4a,0x49,0x4a,0x49,0x4a,0x49,0x4a,
  0x49,0x4a,0x49,0x4a,0x49,0x4a,0x49,0x4a,0x49,0x4a,0x49,0x4a,0x49,0x4a,0x49,0x4a,
  0x49,0x4a,0x49,0x4a,0x49,0x4a,0x49,0x4a,0x49,0x4a,0x49,0x4a,0x49,0x4a,0x49,0x4a,
  0x49,0x4a,0x49,0x4a,0x49,0x4a,0x49,0x4a,0x49,0x4a,0x49,0x4a,0x49,0x4a,0x49,0x4a,
  0x49,0x4a,0x49,0x4a,0x49,0x4a,0x49,0x4a,0x49,0x4a,0x69,0x4a,0xe8,0x39,0x45,0x21,
  0xe3,0x18,0xc3,0x18,0xc3,0x18,0xc3,0x10,0xe3,0x18,0xa3,0x10,0xe3,0x18,0xc3,0x18,
  0xe3,0x18,0xc3,0x18,0xc3,0x18,0xe4,0x18,0x66,0x29,0x28,0x42,0x49,0x4a,0x29,0x42,
  0x29,0x42,0x29,0x42,0x29,0x42,0x29,0x42,0x29,0x42,0x29,0x42,0x29,0x42,0x49,0x42,
  0x29,0x42,0x29,0x42,0x49,0x42,0x49,0x4a,0x49,0x4a,0x49,0x4a,0x49,0x4a,0x49,0x4a,
  0x49,0x4a,0x49,0x4a,0x49,0x4a,0x49,0x4a,0x49,0x4a,0x49,0x4a,0x49,0x4a,0x49,0x4a,
  0x49,0x4a,0x49,0x4a,0x49,0x4a,0x49,0x4a,0x49,0x4a,0x49,0x42,0x69,0x4a,0xc7,0x39,
  0xc3,0x18,0xe3,0x18,0xe4,0x18,0xe4,0x18,0xe4,0x18,0xe4,0x18,0xe4,0x18,0xe4,0x18,
  0xe4,0x18,0xe3,0x18,0xc3,0x18,0xc3,0x18,0xa3,0x10,0xa3,0x10,0xa2,0x10,0xa2,0x10,
  0xa2,0x10,0xa2,0x10,0xa2,0x10,0x82,0x10,0x45,0x21,0x49,0x4a,0x49,0x4a,0x49,0x42,
  0x49,0x42,0x49,0x4a,0x49,0x4a,0x49,0x4a,0x49,0x4a,0x49,0x4a,0x49,0x4a,0x49,0x4a,
  0x49,0x4a,0x49,0x42,0x49,0x42,0x49,0x4a,0x29,0x42,0x29,0x42,0x49,0x42,0x49,0x42,
  0x49,0x42,0x49,0x42,0x49,0x42,0x49,0x42,0x49,0x42,0x49,0x42,0x49,0x42,0x49,0x42,
  0x49,0x42,0x49,0x42,0x49,0x42,0x49,0x42,0x49,0x42,0x49,0x42,0x49,0x42,0x49,0x42,
  0x49,0x4a,0x49,0x4a,0x49,0x4a,0x49,0x4a,0x49,0x4a,0x49,0x4a,0x49,0x4a,0x49,0x4a,
  0x49,0x4a,0x49,0x4a,0x49,0x4a,0x49,0x4a,0x49,0x4a,0x49,0x4a,0x49,0x4a,0x49,0x4a,
  0x49,0x4a,0x49,0x4a,0x49,0x4a,0x49,0x4a,0x49,0x4a,0x49,0x4a,0x49,0x4a,0x49,0x4a,
  0x49,0x4a,0x49,0x4a,0x49,0x4a,0x49,0x4a,0x49,0x4a,0x49,0x4a,0x49,0x4a,0x49,0x4a,
  0x49,0x4a,0x49,0x4a,0x49,0x4a,0x49,0x4a,0x49,0x4a,0x49,0x4a,0x49,0x4a,0x49,0x4a,
  0x49,0x4a,0x69,0x4a,0x08,0x42,0xe4,0x18,0xc3,0x10,0xc3,0x18,0xc3,0x18,0xc3,0x18,
  0xc3,0x18,0xc3,0x18,0xc3,0x18,0xc3,0x18,0xc3,0x18,0xe3,0x18,0x04,0x19,0x04,0x21,
  0x25,0x21,0x04,0x21,0x04,0x21,0x28,0x42,0x69,0x4a,0x49,0x4a,0x49,0x4a,0x49,0x4a,
  0x49,0x4a,0x49,0x4a,0x49,0x4a,0x49,0x4a,0x49,0x4a,0x49,0x4a,0x49,0x4a,0x49,0x4a,
  0x49,0x4a,0x49,0x4a,0x49,0x4a,0x49,0x4a,0x49,0x4a,0x49,0x4a,0x49,0x4a,0x49,0x4a,
  0x49,0x4a,0x49,0x4a,0x49,0x4a,0x49,0x4a,0x49,0x4a,0x49,0x4a,0x49,0x4a,0x49,0x4a,
  0x49,0x4a,0x49,0x4a,0x49,0x4a,0x49,0x4a,0x49,0x4a,0x49,0x4a,0x49,0x4a,0x49,0x4a,
  0x08,0x42,0xa6,0x31,0x65,0x29,0x04,0x21,0xe3,0x18,0xa3,0x10,0xe4,0x18,0xe4,0x18,
  0x04,0x21,0x45,0x29,0xa7,0x31,0x08,0x42,0x49,0x4a,0x49,0x4a,0x49,0x42,0x49,0x4a,
  0x49,0x4a,0x49,0x42,0x49,0x42,0x49,0x42,0x49,0x42,0x49,0x42,0x49,0x42,0x49,0x42,
  0x49,0x42,0x49,0x42,0x49,0x42,0x49,0x4a,0x49,0x4a,0x49,0x4a,0x49,0x4a,0x49,0x4a,
  0x49,0x4a,0x49,0x4a,0x49,0x4a,0x49,0x4a,0x49,0x4a,0x49,0x4a,0x49,0x4a,0x49,0x4a,
  0x49,0x4a,0x49,0x4a,0x49,0x4a,0x49,0x4a,0x49,0x4a,0x69,0x4a,0xa6,0x31,0xc3,0x10,
  0xe3,0x18,0xe4,0x18,0xe4,0x18,0xe4,0x18,0xe4,0x18,0xe4,0x18,0xe4,0x18,0xe4,0x18,
  0xe3,0x18,0xc3,0x18,0xc3,0x10,0xa3,0x10,0xa2,0x10,0xa2,0x10,0xa2,0x10,0x82,0x10,
  0xa2,0x10,0xa2,0x10,0x82,0x10,0x86,0x29,0x69,0x4a,0x49,0x4a,0x49,0x42,0x49,0x4a,
  0x49,0x4a,0x49,0x4a,0x49,0x4a,0x49,0x4a,0x49,0x4a,0x49,0x4a,0x49,0x4a,0x49,0x4a,
  0x49,0x4a,0x49,0x42,0x49,0x42,0x49,0x4a,0x49,0x4a,0x49,0x4a,0x49,0x42,0x49,0x42,
  0x49,0x42,0x49,0x42,0x49,0x42,0x49,0x42,0x49,0x42,0x49,0x42,0x49,0x42,0x49,0x42,
  0x49,0x42,0x49,0x42,0x49,0x42,0x49,0x42,0x49,0x42,0x49,0x42,0x49,0x42,0x49,0x42,
  0x49,0x4a,0x49,0x4a,0x49,0x4a,0x49,0x4a,0x49,0x4a,0x49,0x4a,0x49,0x4a,0x49,0x4a,
  0x49,0x4a,0x49,0x4a,0x49,0x4a,0x49,0x4a,0x49,0x4a,0x49,0x4a,0x49,0x4a,0x49,0x4a,
  0x49,0x4a,0x49,0x4a,0x49,0x4a,0x49,0x4a,0x49,0x4a,0x49,0x4a,0x49,0x4a,0x49,0x4a,
  0x49,0x4a,0x49,0x4a,0x49,0x4a,0x49,0x4a,0x49,0x4a,0x49,0x4a,0x49,0x4a,0x49,0x4a,
  0x49,0x4a,0x49,0x4a,0x49,0x4a,0x49,0x4a,0x49,0x4a,0x49,0x4a,0x49,0x4a,0x49,0x4a,
  0x49,0x4a,0x49,0x4a,0x69,0x4a,0x28,0x42,0x04,0x21,0xc3,0x10,0xc3,0x18,0xc3,0x18,
  0xc3,0x18,0xc3,0x18,0xc3,0x18,0xc3,0x18,0xc3,0x18,0xc3,0x18,0xe3,0x18,0x04,0x19,
  0x04,0x21,0x25,0x21,0x04,0x21,0x04,0x19,0x08,0x42,0x69,0x4a,0x49,0x4a,0x49,0x4a,
  0x49,0x4a,0x49,0x4a,0x49,0x4a,0x49,0x4a,0x49,0x4a,0x49,0x4a,0x49,0x4a,0x49,0x4a,
  0x49,0x4a,0x49,0x4a,0x49,0x4a,0x49,0x4a,0x49,0x4a,0x49,0x4a,0x49,0x4a,0x49,0x4a,
  0x49,0x4a,0x49,0x4a,0x49,0x4a,0x49,0x4a,0x49,0x4a,0x49,0x4a,0x49,0x4a,0x49,0x4a,
  0x49,0x4a,0x49,0x4a,0x49,0x4a,0x49,0x4a,0x49,0x4a,0x49,0x4a,0x49,0x4a,0x49,0x4a,
  0x49,0x4a,0x69,0x4a,0x6a,0x4a,0x08,0x42,0xe4,0x18,0xc3,0x10,0xe3,0x18,0xc7,0x39,
  0x49,0x4a,0x49,0x4a,0x69,0x4a,0x49,0x4a,0x49,0x4a,0x49,0x4a,0x49,0x4a,0x49,0x4a,
  0x49,0x4a,0x49,0x4a,0x49,0x4a,0x49,0x4a,0x49,0x4a,0x49,0x4a,0x49,0x4a,0x49,0x4a,
  0x49,0x4a,0x49,0x4a,0x49,0x4a,0x49,0x4a,0x49,0x4a,0x49,0x4a,0x49,0x4a,0x49,0x4a,
  0x49,0x4a,0x49,0x4a,0x49,0x4a,0x49,0x4a,0x49,0x4a,0x49,0x4a,0x49,0x4a,0x49,0x4a,
  0x49,0x4a,0x49,0x4a,0x49,0x4a,0x49,0x4a,0x69,0x4a,0x86,0x29,0xc3,0x10,0xe4,0x18,
  0xe4,0x18,0xe3,0x18,0xe4,0x18,0xe4,0x18,0xe4,0x18,0xe4,0x18,0xe3,0x18,0xe3,0x18,
  0xc3,0x18,0xc3,0x10,0xa3,0x10,0xa2,0x10,0xa2,0x10,0xa2,0x10,0xa2,0x10,0xa2,0x10,
  0x82,0x10,0xa2,0x10,0xc7,0x31,0x69,0x4a,0x49,0x42,0x49,0x4a,0x49,0x4a,0x49,0x4a,
  0x49,0x4a,0x49,0x4a,0x49,0x4a,0x49,0x4a,0x49,0x4a,0x49,0x4a,0x49,0x4a,0x49,0x42,
  0x49,0x42,0x49,0x42,0x49,0x42,0x49,0x42,0x49,0x42,0x49,0x42,0x49,0x42,0x49,0x42,
  0x49,0x42,0x49,0x42,0x49,0x42,0x49,0x42,0x49,0x42,0x49,0x42,0x49,0x42,0x49,0x42,
  0x49,0x42,0x49,0x42,0x49,0x42,0x49,0x42,0x49,0x42,0x49,0x42,0x49,0x42,0x29,0x42,
  0x49,0x4a,0x49,0x4a,0x49,0x4a,0x49,0x4a,0x49,0x4a,0x49,0x4a,0x49,0x4a,0x49,0x4a,
  0x49,0x4a,0x49,0x4a,0x49,0x4a,0x49,0x4a,0x49,0x4a,0x49,0x4a,0x49,0x4a,0x49,0x4a,
  0x49,0x4a,0x49,0x4a,0x49,0x4a,0x49,0x4a,0x49,0x4a,0x49,0x4a,0x49,0x4a,0x49,0x4a,
  0x49,0x4a,0x49,0x4a,0x49,0x4a,0x49,0x4a,0x49,0x4a,0x49,0x4a,0x49,0x4a,0x49,0x4a,
  0x49,0x4a,0x49,0x4a,0x49,0x4a,0x49,0x4a,0x49,0x4a,0x49,0x4a,0x49,0x4a,0x49,0x4a,
  0x49,0x4a,0x49,0x4a,0x49,0x4a,0x49,0x4a,0x49,0x4a,0x25,0x21,0xa3,0x10,0xe3,0x18,
  0xc3,0x18,0xc3,0x18,0xc3,0x18,0xc3,0x18,0xc3,0x18,0xc3,0x18,0xc3,0x18,0xe3,0x18,
  0xe4,0x18,0x04,0x21,0x24,0x21,0x04,0x21,0xe4,0x18,0x08,0x3a,0x69,0x4a,0x49,0x4a,
  0x49,0x4a,0x49,0x4a,0x49,0x4a,0x49,0x4a,0x49,0x4a,0x49,0x4a,0x49,0x4a,0x49,0x4a,
  0x49,0x4a,0x49,0x4a,0x49,0x4a,0x49,0x4a,0x49,0x4a,0x49,0x4a,0x49,0x4a,0x49,0x4a,
  0x49,0x4a,0x49,0x4a,0x49,0x4a,0x49,0x4a,0x49,0x4a,0x49,0x4a,0x49,0x4a,0x49,0x4a,
  0x49,0x4a,0x49,0x4a,0x49,0x4a,0x49,0x4a,0x49,0x4a,0x49,0x4a,0x49,0x4a,0x49,0x4a,
  0x49,0x4a,0x49,0x4a,0x49,0x4a,0x08,0x42,0x04,0x19,0xc3,0x10,0xe4,0x18,0xc7,0x39,
  0x49,0x4a,0x29,0x42,0x49,0x4a,0x49,0x4a,0x49,0x4a,0x49,0x4a,0x49,0x4a,0x49,0x4a,
  0x49,0x4a,0x49,0x4a,0x49,0x4a,0x49,0x4a,0x49,0x4a,0x49,0x4a,0x49,0x4a,0x49,0x4a,
  0x49,0x4a,0x49,0x4a,0x49,0x4a,0x49,0x4a,0x49,0x4a,0x49,0x4a,0x49,0x4a,0x49,0x4a,
  0x49,0x4a,0x49,0x4a,0x49,0x4a,0x49,0x4a,0x49,0x4a,0x49,0x4a,0x49,0x4a,0x49,0x4a,
  0x49,0x4a,0x49,0x4a,0x49,0x4a,0x49,0x4a,0x45,0x29,0xc3,0x10,0xe4,0x18,0xe4,0x18,
  0xe3,0x18,0xe3,0x18,0xe3,0x18,0xe3,0x18,0xe4,0x18,0xe3,0x18,0xe3,0x18,0xc3,0x18,
  0xa3,0x10,0xa3,0x10,0xa2,0x10,0xa2,0x10,0xa2,0x10,0xa2,0x10,0xa2,0x10,0x82,0x10,
  0xc3,0x18,0x08,0x3a,0x69,0x4a,0x49,0x42,0x49,0x4a,0x49,0x4a,0x49,0x4a,0x49,0x4a,
  0x49,0x4a,0x49,0x4a,0x49,0x4a,0x49,0x4a,0x49,0x4a,0x49,0x4a,0x49,0x4a,0x49,0x42,
  0x49,0x42,0x49,0x42,0x49,0x42,0x49,0x42,0x49,0x42,0x49,0x42,0x49,0x42,0x49,0x42,
  0x49,0x42,0x49,0x42,0x49,0x42,0x49,0x42,0x49,0x42,0x49,0x42,0x49,0x42,0x49,0x42,
  0x49,0x42,0x49,0x42,0x49,0x42,0x49,0x42,0x49,0x42,0x49,0x42,0x49,0x42,0x29,0x42,
  0x49,0x4a,0x49,0x4a,0x49,0x4a,0x49,0x4a,0x49,0x4a,0x49,0x4a,0x49,0x4a,0x49,0x4a,
  0x49,0x4a,0x49,0x4a,0x49,0x4a,0x49,0x4a,0x49,0x4a,0x49,0x4a,0x49,0x4a,0x49,0x4a,
  0x49,0x4a,0x49,0x4a,0x49,0x4a,0x49,0x4a,0x49,0x4a,0x49,0x4a,0x49,0x4a,0x49,0x4a,
  0x49,0x4a,0x49,0x4a,0x49,0x4a,0x49,0x4a,0x49,0x4a,0x49,0x4a,0x49,0x4a,0x49,0x4a,
  0x49,0x4a,0x49,0x4a,0x49,0x4a,0x49,0x4a,0x49,0x4a,0x49,0x4a,0x49,0x4a,0x49,0x4a,
  0x49,0x4a,0x49,0x4a,0x49,0x4a,0x49,0x4a,0x49,0x4a,0x49,0x4a,0x65,0x29,0xc3,0x10,
  0xc3,0x18,0xc3,0x18,0xc3,0x18,0xc3,0x18,0xc3,0x18,0xc3,0x18,0xc3,0x18,0xc3,0x18,
  0xe3,0x18,0xe4,0x18,0x04,0x21,0x24,0x21,0x24,0x21,0xe3,0x18,0xc7,0x39,0x6a,0x4a,
  0x49,0x4a,0x49,0x4a,0x49,0x4a,0x49,0x4a,0x49,0x4a,0x49,0x4a,0x49,0x4a,0x49,0x4a,
  0x49,0x4a,0x49,0x4a,0x49,0x4a,0x49,0x4a,0x49,0x4a,0x49,0x4a,0x49,0x4a,0x49,0x4a,
  0x49,0x4a,0x49,0x4a,0x49,0x4a,0x49,0x4a,0x49,0x4a,0x49,0x4a,0x49,0x4a,0x49,0x4a,
  0x49,0x4a,0x49,0x4a,0x49,0x4a,0x49,0x4a,0x49,0x4a,0x49,0x4a,0x49,0x4a,0x49,0x4a,
  0x49,0x4a,0x49,0x4a,0x49,0x4a,0x08,0x3a,0x04,0x19,0xc3,0x18,0xe4,0x18,0xe7,0x39,
  0x69,0x4a,0x49,0x4a,0x49,0x4a,0x49,0x4a,0x49,0x4a,0x49,0x4a,0x49,0x4a,0x49,0x4a,
  0x49,0x4a,0x49,0x4a,0x49,0x4a,0x49,0x4a,0x49,0x4a,0x49,0x4a,0x49,0x4a,0x49,0x4a,
  0x49,0x4a,0x49,0x4a,0x49,0x4a,0x49,0x4a,0x49,0x4a,0x49,0x4a,0x49,0x4a,0x49,0x4a,
  0x49,0x4a,0x49,0x4a,0x49,0x4a,0x49,0x4a,0x49,0x4a,0x49,0x4a,0x49,0x4a,0x49,0x4a,
  0x49,0x42,0x49,0x4a,0x49,0x4a,0x25,0x21,0xc3,0x10,0xe4,0x18,0xe3,0x18,0xe3,0x18,
  0xe3,0x18,0xe3,0x18,0xe3,0x18,0xe3,0x18,0xe3,0x18,0xc3,0x18,0xc3,0x18,0xa3,0x10,
  0xa3,0x10,0xa2,0x10,0xa2,0x10,0xa2,0x10,0xa2,0x10,0xa2,0x10,0x82,0x10,0x04,0x21,
  0x28,0x42,0x69,0x4a,0x49,0x42,0x49,0x4a,0x49,0x4a,0x49,0x4a,0x49,0x4a,0x49,0x4a,
  0x49,0x4a,0x49,0x4a,0x49,0x4a,0x49,0x4a,0x49,0x4a,0x49,0x4a,0x49,0x4a,0x49,0x4a,
  0x49,0x4a,0x49,0x4a,0x49,0x4a,0x49,0x42,0x49,0x42,0x49,0x4a,0x49,0x4a,0x49,0x42,
  0x49,0x42,0x49,0x42,0x49,0x42,0x49,0x42,0x49,0x42,0x49,0x42,0x49,0x42,0x49,0x42,
  0x49,0x42,0x49,0x42,0x49,0x42,0x49,0x42,0x49,0x42,0x49,0x42,0x49,0x42,0x49,0x42,
  0x49,0x4a,0x49,0x4a,0x49,0x4a,0x49,0x4a,0x49,0x4a,0x49,0x4a,0x49,0x4a,0x49,0x4a,
  0x49,0x4a,0x49,0x4a,0x49,0x4a,0x49,0x4a,0x49,0x4a,0x49,0x4a,0x49,0x4a,0x49,0x4a,
  0x49,0x4a,0x49,0x4a,0x49,0x4a,0x49,0x4a,0x49,0x4a,0x49,0x4a,0x49,0x4a,0x49,0x4a,
  0x49,0x4a,0x49,0x4a,0x49,0x4a,0x49,0x4a,0x49,0x4a,0x49,0x4a,0x49,0x4a,0x49,0x4a,
  0x49,0x4a,0x49,0x4a,0x49,0x4a,0x49,0x4a,0x49,0x4a,0x49,0x4a,0x49,0x4a,0x49,0x4a,
  0x49,0x4a,0x49,0x4a,0x49,0x4a,0x49,0x4a,0x49,0x4a,0x49,0x4a,0x69,0x4a,0x86,0x31,
  0xc3,0x10,0xc3,0x18,0xc3,0x18,0xc3,0x18,0xc3,0x18,0xc3,0x18,0xc3,0x18,0xc3,0x18,
  0xc3,0x18,0xe3,0x18,0xe4,0x18,0x04,0x21,0x24,0x21,0x24,0x21,0xe3,0x18,0xa7,0x31,
  0x6a,0x4a,0x49,0x4a,0x49,0x4a,0x49,0x4a,0x49,0x4a,0x49,0x4a,0x49,0x4a,0x49,0x4a,
  0x49,0x4a,0x49,0x4a,0x49,0x4a,0x49,0x4a,0x49,0x4a,0x49,0x4a,0x49,0x4a,0x49,0x4a,
  0x49,0x4a,0x49,0x4a,0x49,0x4a,0x49,0x4a,0x49,0x4a,0x49,0x4a,0x49,0x4a,0x49,0x4a,
  0x49,0x4a,0x49,0x4a,0x49,0x4a,0x49,0x4a,0x49,0x4a,0x49,0x4a,0x49,0x4a,0x49,0x4a,
  0x49,0x4a,0x49,0x4a,0x69,0x4a,0xe8,0x39,0x04,0x19,0xc3,0x18,0x04,0x19,0xe7,0x39,
  0x69,0x4a,0x49,0x4a,0x49,0x4a,0x49,0x4a,0x49,0x4a,0x49,0x4a,0x49,0x4a,0x49,0x4a,
  0x49,0x4a,0x49,0x4a,0x49,0x4a,0x49,0x4a,0x49,0x4a,0x49,0x4a,0x49,0x4a,0x49,0x4a,
  0x49,0x4a,0x49,0x4a,0x49,0x4a,0x49,0x4a,0x49,0x4a,0x49,0x4a,0x49,0x4a,0x49,0x4a,
  0x49,0x4a,0x49,0x4a,0x49,0x4a,0x49,0x4a,0x49,0x4a,0x49,0x4a,0x49,0x4a,0x49,0x42,
  0x49,0x4a,0x29,0x42,0x04,0x21,0xc3,0x18,0xe4,0x18,0xe3,0x18,0xe3,0x18,0xe3,0x18,
  0xe3,0x18,0xe3,0x18,0xe3,0x18,0xe3,0x18,0xc3,0x18,0xc3,0x10,0xa3,0x10,0xa2,0x10,
  0xa2,0x10,0xa2,0x10,0x82,0x10,0xa2,0x10,0xa2,0x10,0x82,0x10,0x45,0x21,0x49,0x4a,
  0x49,0x4a,0x49,0x42,0x49,0x4a,0x49,0x4a,0x49,0x4a,0x49,0x4a,0x49,0x4a,0x49,0x4a,
  0x49,0x4a,0x49,0x4a,0x49,0x4a,0x49,0x4a,0x49,0x4a,0x49,0x4a,0x49,0x4a,0x49,0x4a,
  0x49,0x4a,0x49,0x4a,0x49,0x4a,0x49,0x4a,0x49,0x4a,0x49,0x4a,0x49,0x4a,0x49,0x42,
  0x49,0x42,0x49,0x42,0x49,0x42,0x49,0x42,0x49,0x42,0x49,0x42,0x49,0x42,0x49,0x42,
  0x49,0x42,0x49,0x42,0x49,0x42,0x49,0x42,0x49,0x42,0x49,0x42,0x49,0x42,0x49,0x42,
  0x49,0x4a,0x49,0x4a,0x49,0x4a,0x49,0x4a,0x49,0x4a,0x49,0x4a,0x49,0x4a,0x49,0x4a,
  0x49,0x4a,0x49,0x4a,0x49,0x4a,0x49,0x4a,0x49,0x4a,0x49,0x4a,0x49,0x4a,0x49,0x4a,
  0x49,0x4a,0x49,0x4a,0x49,0x4a,0x49,0x4a,0x49,0x4a,0x49,0x4a,0x49,0x4a,0x49,0x4a,
  0x49,0x4a,0x49,0x4a,0x49,0x4a,0x49,0x4a,0x49,0x4a,0x49,0x4a,0x49,0x4a,0x49,0x4a,
  0x49,0x4a,0x49,0x4a,0x49,0x4a,0x49,0x4a,0x49,0x4a,0x49,0x4a,0x49,0x4a,0x49,0x4a,
  0x49,0x4a,0x49,0x4a,0x49,0x4a,0x49,0x4a,0x49,0x4a,0x49,0x4a,0x49,0x4a,0x69,0x4a,
  0xc7,0x39,0xc3,0x18,0xc3,0x18,0xe3,0x18,0xc3,0x18,0xc3,0x18,0xc3,0x18,0xc3,0x18,
  0xc3,0x18,0xc3,0x18,0xe3,0x18,0xe4,0x18,0x04,0x21,0x24,0x21,0x25,0x21,0xe3,0x18,
  0x86,0x31,0x69,0x4a,0x49,0x4a,0x49,0x4a,0x49,0x4a,0x49,0x4a,0x49,0x4a,0x49,0x4a,
  0x49,0x4a,0x49,0x4a,0x49,0x4a,0x49,0x4a,0x49,0x4a,0x49,0x4a,0x49,0x4a,0x49,0x4a,
  0x49,0x4a,0x49,0x4a,0x49,0x4a,0x49,0x4a,0x49,0x4a,0x49,0x4a,0x49,0x4a,0x49,0x4a,
  0x49,0x4a,0x49,0x4a,0x49,0x4a,0x49,0x4a,0x49,0x4a,0x49,0x4a,0x49,0x4a,0x49,0x4a,
  0x49,0x4a,0x49,0x4a,0x49,0x4a,0xe8,0x39,0x04,0x19,0xc3,0x18,0x04,0x19,0xe7,0x39,
  0x69,0x4a,0x49,0x4a,0x49,0x4a,0x49,0x4a,0x49,0x4a,0x49,0x4a,0x49,0x4a,0x49,0x4a,
  0x49,0x4a,0x49,0x4a,0x49,0x4a,0x49,0x4a,0x49,0x4a,0x49,0x4a,0x49,0x4a,0x49,0x4a,
  0x49,0x4a,0x49,0x4a,0x49,0x4a,0x49,0x4a,0x49,0x4a,0x49,0x4a,0x49,0x4a,0x49,0x4a,
  0x49,0x4a,0x49,0x4a,0x49,0x4a,0x49,0x4a,0x49,0x4a,0x49,0x4a,0x49,0x4a,0x69,0x4a,
  0x08,0x42,0xe4,0x18,0xc3,0x18,0x04,0x19,0xe3,0x18,0xe4,0x18,0xe3,0x18,0xe3,0x18,
  0xe3,0x18,0xe3,0x18,0xe3,0x18,0xc3,0x18,0xc3,0x10,0xa3,0x10,0xa2,0x10,0xa2,0x10,
  0xa2,0x10,0x82,0x10,0xa2,0x10,0xa2,0x10,0x82,0x10,0x86,0x31,0x69,0x4a,0x49,0x4a,
  0x49,0x42,0x49,0x4a,0x49,0x4a,0x49,0x4a,0x49,0x4a,0x49,0x4a,0x49,0x4a,0x49,0x4a,
  0x49,0x4a,0x49,0x4a,0x49,0x4a,0x49,0x4a,0x49,0x4a,0x49,0x4a,0x49,0x4a,0x49,0x4a,
  0x49,0x4a,0x49,0x4a,0x49,0x4a,0x49,0x4a,0x49,0x4a,0x49,0x4a,0x49,0x4a,0x49,0x4a,
  0x49,0x42,0x49,0x42,0x49,0x42,0x49,0x42,0x49,0x42,0x49,0x42,0x49,0x42,0x49,0x42,
  0x49,0x42,0x49,0x42,0x49,0x42,0x49,0x42,0x49,0x42,0x49,0x42,0x49,0x42,0x49,0x42,
  0x49,0x4a,0x49,0x4a,0x49,0x4a,0x49,0x4a,0x49,0x4a,0x49,0x4a,0x49,0x4a,0x49,0x4a,
  0x49,0x4a,0x49,0x4a,0x49,0x4a,0x49,0x4a,0x49,0x4a,0x49,0x4a,0x49,0x4a,0x49,0x4a,
  0x49,0x4a,0x49,0x4a,0x49,0x4a,0x49,0x4a,0x49,0x4a,0x49,0x4a,0x49,0x4a,0x49,0x4a,
  0x49,0x4a,0x49,0x4a,0x49,0x4a,0x49,0x4a,0x49,0x4a,0x49,0x4a,0x49,0x4a,0x49,0x4a,
  0x49,0x4a,0x49,0x4a,0x49,0x4a,0x49,0x4a,0x49,0x4a,0x49,0x4a,0x49,0x4a,0x49,0x4a,
  0x49,0x4a,0x49,0x4a,0x49,0x4a,0x49,0x4a,0x49,0x4a,0x49,0x4a,0x49,0x4a,0x49,0x4a,
  0x69,0x4a,0xe8,0x39,0xe3,0x18,0xc3,0x18,0xe3,0x18,0xc3,0x18,0xc3,0x18,0xc3,0x18,
  0xc3,0x18,0xc3,0x18,0xc3,0x18,0xe3,0x18,0xe4,0x18,0x04,0x21,0x24,0x21,0x25,0x21,
  0xe4,0x18,0x66,0x29,0x69,0x4a,0x49,0x4a,0x49,0x4a,0x49,0x4a,0x49,0x4a,0x49,0x4a,
  0x49,0x4a,0x49,0x4a,0x49,0x4a,0x49,0x4a,0x49,0x4a,0x49,0x4a,0x49,0x4a,0x49,0x4a,
  0x49,0x4a,0x49,0x4a,0x49,0x4a,0x49,0x4a,0x49,0x4a,0x49,0x4a,0x49,0x4a,0x49,0x4a,
  0x49,0x4a,0x49,0x4a,0x49,0x4a,0x49,0x4a,0x49,0x4a,0x49,0x4a,0x49,0x4a,0x49,0x4a,
  0x49,0x4a,0x49,0x4a,0x49,0x4a,0x08,0x3a,0x04,0x21,0xc3,0x18,0x04,0x19,0xe7,0x39,
  0x69,0x4a,0x49,0x4a,0x49,0x4a,0x49,0x4a,0x49,0x4a,0x49,0x4a,0x49,0x4a,0x49,0x4a,
  0x49,0x4a,0x49,0x4a,0x49,0x4a,0x49,0x4a,0x49,0x4a,0x49,0x4a,0x49,0x4a,0x49,0x4a,
  0x49,0x4a,0x49,0x4a,0x49,0x4a,0x49,0x4a,0x49,0x4a,0x49,0x4a,0x49,0x4a,0x49,0x4a,
  0x49,0x4a,0x49,0x4a,0x49,0x4a,0x49,0x4a,0x49,0x4a,0x49,0x42,0x69,0x4a,0xe8,0x39,
  0xe3,0x18,0xc3,0x18,0x04,0x19,0xe4,0x18,0xe4,0x18,0xe4,0x18,0xe3,0x18,0xe4,0x18,
  0xe3,0x18,0xe3,0x18,0xc3,0x18,0xa3,0x10,0xa3,0x10,0xa2,0x10,0xa2,0x10,0x82,0x10,
  0x82,0x10,0xa2,0x10,0x82,0x10,0xa2,0x10,0xc7,0x31,0x69,0x4a,0x49,0x42,0x49,0x4a,
  0x49,0x4a,0x49,0x4a,0x49,0x4a,0x49,0x4a,0x49,0x4a,0x49,0x4a,0x49,0x4a,0x49,0x4a,
  0x49,0x4a,0x49,0x4a,0x49,0x4a,0x49,0x4a,0x49,0x4a,0x49,0x4a,0x49,0x4a,0x49,0x4a,
  0x49,0x4a,0x49,0x4a,0x49,0x4a,0x49,0x4a,0x49,0x4a,0x49,0x4a,0x49,0x4a,0x49,0x4a,
  0x49,0x42,0x49,0x42,0x49,0x42,0x49,0x42,0x49,0x42,0x49,0x42,0x49,0x42,0x49,0x42,
  0x49,0x42,0x49,0x42,0x49,0x42,0x49,0x42,0x49,0x42,0x49,0x42,0x49,0x42,0x49,0x42,
  0x49,0x4a,0x49,0x4a,0x49,0x4a,0x49,0x4a,0x49,0x4a,0x49,0x4a,0x49,0x4a,0x49,0x4a,
  0x49,0x4a,0x49,0x4a,0x49,0x4a,0x49,0x4a,0x49,0x4a,0x49,0x4a,0x49,0x4a,0x49,0x4a,
  0x49,0x4a,0x49,0x4a,0x49,0x4a,0x49,0x4a,0x49,0x4a,0x49,0x4a,0x49,0x4a,0x49,0x4a,
  0x49,0x4a,0x49,0x4a,0x49,0x4a,0x49,0x4a,0x49,0x4a,0x49,0x4a,0x49,0x4a,0x49,0x4a,
  0x49,0x4a,0x49,0x4a,0x49,0x4a,0x49,0x4a,0x49,0x4a,0x49,0x4a,0x49,0x4a,0x49,0x4a,
  0x49,0x4a,0x49,0x4a,0x49,0x4a,0x49,0x4a,0x49,0x4a,0x49,0x4a,0x49,0x4a,0x49,0x4a,
  0x49,0x4a,0x69,0x4a,0x08,0x42,0x04,0x21,0xc3,0x18,0xe3,0x18,0xc3,0x18,0xc3,0x18,
  0xc3,0x18,0xc3,0x18,0xc3,0x18,0xc3,0x18,0xe3,0x18,0xe4,0x18,0x04,0x21,0x24,0x21,
  0x25,0x21,0xe4,0x18,0x65,0x29,0x69,0x4a,0x49,0x4a,0x49,0x4a,0x49,0x4a,0x49,0x4a,
  0x49,0x4a,0x49,0x4a,0x49,0x4a,0x49,0x4a,0x49,0x4a,0x49,0x4a,0x49,0x4a,0x49,0x4a,
  0x49,0x4a,0x49,0x4a,0x49,0x4a,0x49,0x4a,0x49,0x4a,0x49,0x4a,0x49,0x4a,0x49,0x4a,
  0x49,0x4a,0x49,0x4a,0x49,0x4a,0x49,0x4a,0x49,0x4a,0x49,0x4a,0x49,0x4a,0x49,0x4a,
  0x49,0x4a,0x49,0x4a,0x69,0x4a,0x08,0x3a,0x04,0x21,0xc3,0x18,0x04,0x21,0xe7,0x39,
  0x69,0x4a,0x49,0x4a,0x49,0x4a,0x49,0x4a,0x49,0x4a,0x49,0x4a,0x49,0x4a,0x49,0x4a,
  0x49,0x4a,0x49,0x4a,0x49,0x4a,0x49,0x4a,0x49,0x4a,0x49,0x4a,0x49,0x4a,0x49,0x4a,
  0x49,0x4a,0x49,0x4a,0x49,0x4a,0x49,0x4a,0x49,0x4a,0x49,0x4a,0x49,0x4a,0x49,0x4a,
  0x49,0x4a,0x49,0x4a,0x49,0x4a,0x49,0x4a,0x49,0x4a,0x69,0x4a,0xc7,0x39,0xc3,0x18,
  0xe3,0x18,0xe4,0x18,0xe4,0x18,0xe4,0x18,0xe4,0x18,0xe3,0x18,0xe3,0x18,0xe3,0x18,
  0xe3,0x18,0xc3,0x18,0xc3,0x10,0xa2,0x10,0xa2,0x10,0xa2,0x10,0x82,0x10,0x82,0x10,
  0xa2,0x10,0x82,0x10,0xc3,0x18,0x08,0x3a,0x69,0x4a,0x49,0x42,0x49,0x4a,0x49,0x4a,
  0x49,0x4a,0x49,0x4a,0x49,0x4a,0x49,0x4a,0x49,0x4a,0x49,0x4a,0x49,0x4a,0x49,0x4a,
  0x49,0x4a,0x49,0x4a,0x49,0x4a,0x49,0x4a,0x49,0x4a,0x49,0x4a,0x49,0x4a,0x49,0x4a,
  0x49,0x4a,0x49,0x4a,0x49,0x42,0x49,0x4a,0x49,0x4a,0x49,0x4a,0x49,0x4a,0x49,0x4a,
  0x49,0x4a,0x49,0x4a,0x49,0x4a,0x49,0x42,0x49,0x42,0x49,0x4a,0x49,0x42,0x49,0x42,
  0x49,0x42,0x49,0x42,0x49,0x42,0x49,0x42,0x49,0x42,0x49,0x42,0x49,0x42,0x49,0x42,
  0x49,0x4a,0x49,0x4a,0x49,0x4a,0x49,0x4a,0x49,0x4a,0x49,0x4a,0x49,0x4a,0x49,0x4a,
  0x49,0x4a,0x49,0x4a,0x49,0x4a,0x49,0x4a,0x49,0x4a,0x49,0x4a,0x49,0x4a,0x49,0x4a,
  0x49,0x4a,0x49,0x4a,0x49,0x4a,0x49,0x4a,0x49,0x4a,0x49,0x4a,0x49,0x4a,0x49,0x4a,
  0x49,0x4a,0x49,0x4a,0x49,0x4a,0x49,0x4a,0x49,0x4a,0x49,0x4a,0x49,0x4a,0x49,0x4a,
  0x49,0x4a,0x49,0x4a,0x49,0x4a,0x49,0x4a,0x49,0x4a,0x49,0x4a,0x49,0x4a,0x49,0x4a,
  0x49,0x4a,0x49,0x4a,0x49,0x4a,0x49,0x4a,0x49,0x4a,0x49,0x4a,0x49,0x4a,0x49,0x4a,
  0x49,0x4a,0x49,0x4a,0x69,0x4a,0x29,0x42,0x24,0x21,0xc3,0x10,0xe3,0x18,0xe3,0x18,
  0xc3,0x18,0xc3,0x18,0xc3,0x18,0xc3,0x18,0xc3,0x18,0xe3,0x18,0xe4,0x18,0x04,0x21,
  0x04,0x21,0x25,0x21,0x04,0x19,0x45,0x29,0x49,0x4a,0x49,0x4a,0x49,0x4a,0x49,0x4a,
  0x49,0x4a,0x49,0x4a,0x49,0x4a,0x49,0x4a,0x49,0x4a,0x49,0x4a,0x49,0x4a,0x49,0x4a,
  0x49,0x4a,0x49,0x4a,0x49,0x4a,0x49,0x4a,0x49,0x4a,0x49,0x4a,0x49,0x4a,0x49,0x4a,
  0x49,0x4a,0x49,0x4a,0x49,0x4a,0x49,0x4a,0x49,0x4a,0x49,0x4a,0x49,0x4a,0x49,0x4a,
  0x49,0x4a,0x49,0x4a,0x69,0x4a,0xe8,0x39,0x04,0x21,0xc3,0x18,0x04,0x21,0xe7,0x39,
  0x69,0x4a,0x49,0x4a,0x49,0x4a,0x49,0x4a,0x49,0x4a,0x49,0x4a,0x49,0x4a,0x49,0x4a,
  0x49,0x4a,0x49,0x4a,0x49,0x4a,0x49,0x4a,0x49,0x4a,0x49,0x4a,0x49,0x4a,0x49,0x4a,
  0x49,0x4a,0x49,0x4a,0x49,0x4a,0x49,0x4a,0x49,0x4a,0x49,0x4a,0x49,0x4a,0x49,0x4a,
  0x49,0x4a,0x49,0x4a,0x49,0x4a,0x49,0x4a,0x69,0x4a,0xa7,0x31,0xc3,0x18,0xe4,0x18,
  0xe4,0x18,0xe4,0x18,0xe4,0x18,0xe4,0x18,0xe3,0x18,0xe3,0x18,0xe3,0x18,0xc3,0x18,
  0xc3,0x10,0xa3,0x10,0xa2,0x10,0xa2,0x10,0x82,0x10,0x82,0x10,0x82,0x10,0xa2,0x10,
  0x82,0x08,0x04,0x21,0x29,0x42,0x49,0x4a,0x49,0x42,0x49,0x4a,0x49,0x4a,0x49,0x4a,
  0x49,0x4a,0x49,0x4a,0x49,0x4a,0x49,0x4a,0x49,0x4a,0x49,0x4a,0x49,0x4a,0x49,0x4a,
  0x49,0x4a,0x49,0x4a,0x49,0x4a,0x49,0x4a,0x49,0x4a,0x49,0x4a,0x49,0x4a,0x49,0x4a,
  0x49,0x4a,0x49,0x4a,0x49,0x42,0x49,0x4a,0x49,0x4a,0x49,0x4a,0x49,0x4a,0x49,0x4a,
  0x49,0x4a,0x49,0x4a,0x49,0x4a,0x49,0x42,0x49,0x42,0x49,0x4a,0x49,0x42,0x49,0x42,
  0x49,0x42,0x49,0x42,0x49,0x42,0x49,0x42,0x49,0x42,0x49,0x42,0x49,0x42,0x49,0x42,
  0x49,0x4a,0x49,0x4a,0x49,0x4a,0x49,0x4a,0x49,0x4a,0x49,0x4a,0x49,0x4a,0x49,0x4a,
  0x49,0x4a,0x49,0x4a,0x49,0x4a,0x49,0x4a,0x49,0x4a,0x49,0x4a,0x49,0x4a,0x49,0x4a,
  0x49,0x4a,0x49,0x4a,0x49,0x4a,0x49,0x4a,0x49,0x4a,0x49,0x4a,0x49,0x4a,0x49,0x4a,
  0x49,0x4a,0x49,0x4a,0x49,0x4a,0x49,0x4a,0x49,0x4a,0x49,0x4a,0x49,0x4a,0x49,0x4a,
  0x49,0x4a,0x49,0x4a,0x49,0x4a,0x49,0x4a,0x49,0x4a,0x49,0x4a,0x49,0x4a,0x49,0x4a,
  0x49,0x4a,0x49,0x4a,0x49,0x4a,0x49,0x4a,0x49,0x4a,0x49,0x4a,0x49,0x4a,0x49,0x4a,
  0x49,0x4a,0x49,0x4a,0x49,0x4a,0x69,0x4a,0x49,0x4a,0x45,0x29,0xc3,0x10,0xe3,0x18,
  0xe3,0x18,0xc3,0x18,0xc3,0x18,0xc3,0x18,0xc3,0x18,0xc3,0x18,0xe3,0x18,0xe4,0x18,
  0x04,0x21,0x04,0x21,0x25,0x21,0x04,0x21,0x24,0x21,0x49,0x42,0x69,0x4a,0x49,0x4a,
  0x49,0x4a,0x49,0x4a,0x49,0x4a,0x49,0x4a,0x49,0x4a,0x49,0x4a,0x49,0x4a,0x49,0x4a,
  0x49,0x4a,0x49,0x4a,0x49,0x4a,0x49,0x4a,0x49,0x4a,0x49,0x4a,0x49,0x4a,0x49,0x4a,
  0x49,0x4a,0x49,0x4a,0x49,0x4a,0x49,0x4a,0x49,0x4a,0x49,0x4a,0x49,0x4a,0x49,0x4a,
  0x49,0x4a,0x49,0x4a,0x69,0x4a,0xe8,0x39,0x04,0x19,0xc3,0x18,0x04,0x21,0xe7,0x39,
  0x69,0x4a,0x49,0x4a,0x49,0x4a,0x49,0x4a,0x49,0x4a,0x49,0x4a,0x49,0x4a,0x49,0x4a,
  0x49,0x4a,0x49,0x4a,0x49,0x4a,0x49,0x4a,0x49,0x4a,0x49,0x4a,0x49,0x4a,0x49,0x4a,
  0x49,0x4a,0x49,0x4a,0x49,0x4a,0x49,0x4a,0x49,0x4a,0x49,0x4a,0x49,0x4a,0x49,0x4a,
  0x49,0x4a,0x49,0x4a,0x49,0x4a,0x69,0x4a,0x86,0x31,0xc3,0x10,0xe4,0x18,0xe4,0x18,
  0xe4,0x18,0xe4,0x18,0xe4,0x18,0xe4,0x18,0xe4,0x18,0xe3,0x18,0xc3,0x18,0xc3,0x10,
  0xa3,0x10,0xa2,0x10,0xa2,0x10,0x82,0x10,0x82,0x10,0x82,0x10,0xa2,0x10,0x82,0x08,
  0x45,0x21,0x49,0x4a,0x49,0x4a,0x49,0x42,0x49,0x4a,0x49,0x4a,0x49,0x4a,0x49,0x4a,
  0x49,0x4a,0x49,0x4a,0x49,0x4a,0x49,0x4a,0x49,0x4a,0x49,0x4a,0x49,0x4a,0x49,0x4a,
  0x49,0x4a,0x49,0x4a,0x49,0x4a,0x49,0x4a,0x49,0x4a,0x49,0x4a,0x49,0x4a,0x49,0x4a,
  0x49,0x4a,0x49,0x4a,0x49,0x4a,0x49,0x4a,0x49,0x4a,0x49,0x4a,0x49,0x4a,0x49,0x4a,
  0x49,0x4a,0x49,0x4a,0x49,0x4a,0x49,0x4a,0x49,0x4a,0x49,0x42,0x49,0x42,0x49,0x42,
  0x49,0x42,0x49,0x42,0x49,0x42,0x49,0x4a,0x49,0x4a,0x49,0x42,0x49,0x42,0x49,0x42,
  0x49,0x4a,0x49,0x4a,0x49,0x4a,0x49,0x4a,0x49,0x4a,0x49,0x4a,0x49,0x4a,0x49,0x4a,
  0x49,0x4a,0x49,0x4a,0x49,0x4a,0x49,0x4a,0x49,0x4a,0x49,0x4a,0x49,0x4a,0x49,0x4a,
  0x49,0x4a,0x49,0x4a,0x49,0x4a,0x49,0x4a,0x49,0x4a,0x49,0x4a,0x49,0x4a,0x49,0x4a,
  0x49,0x4a,0x49,0x4a,0x49,0x4a,0x49,0x4a,0x49,0x4a,0x49,0x4a,0x49,0x4a,0x49,0x4a,
  0x49,0x4a,0x49,0x4a,0x49,0x4a,0x49,0x4a,0x49,0x4a,0x49,0x4a,0x49,0x4a,0x49,0x4a,
  0x49,0x4a,0x49,0x4a,0x49,0x4a,0x49,0x4a,0x49,0x4a,0x49,0x4a,0x49,0x4a,0x49,0x4a,
  0x49,0x4a,0x49,0x4a,0x49,0x4a,0x49,0x4a,0x49,0x4a,0x69,0x4a,0x66,0x29,0xc3,0x18,
  0xe3,0x18,0xe3,0x18,0xe3,0x18,0xe3,0x18,0xc3,0x18,0xc3,0x18,0xc3,0x18,0xe3,0x18,
  0xe3,0x18,0x04,0x21,0x04,0x21,0x25,0x21,0x04,0x21,0x04,0x21,0x28,0x42,0x69,0x4a,
  0x49,0x4a,0x49,0x4a,0x49,0x4a,0x49,0x4a,0x49,0x4a,0x49,0x4a,0x49,0x4a,0x49,0x4a,
  0x49,0x4a,0x49,0x4a,0x49,0x4a,0x49,0x4a,0x49,0x4a,0x49,0x4a,0x49,0x4a,0x49,0x4a,
  0x49,0x4a,0x49,0x4a,0x49,0x4a,0x49,0x4a,0x49,0x4a,0x49,0x4a,0x49,0x4a,0x49,0x4a,
  0x49,0x4a,0x49,0x4a,0x69,0x4a,0xe8,0x39,0x04,0x19,0xc3,0x18,0x04,0x21,0x08,0x3a,
  0x69,0x4a,0x49,0x4a,0x49,0x4a,0x49,0x4a,0x49,0x4a,0x49,0x4a,0x49,0x4a,0x49,0x4a,
  0x49,0x4a,0x49,0x4a,0x49,0x4a,0x49,0x4a,0x49,0x4a,0x49,0x4a,0x49,0x4a,0x49,0x4a,
  0x49,0x4a,0x49,0x4a,0x49,0x4a,0x49,0x4a,0x49,0x4a,0x49,0x4a,0x49,0x4a,0x49,0x4a,
  0x49,0x4a,0x49,0x4a,0x49,0x4a,0x65,0x29,0xc3,0x10,0x04,0x19,0xe4,0x18,0xe4,0x18,
  0xe4,0x18,0xe4,0x18,0xe4,0x18,0xe3,0x18,0xe3,0x18,0xc3,0x18,0xc3,0x10,0xa3,0x10,
  0xa2,0x10,0xa2,0x10,0x82,0x10,0x82,0x10,0xa2,0x10,0x82,0x10,0x82,0x10,0x86,0x29,
  0x69,0x4a,0x49,0x4a,0x49,0x42,0x49,0x4a,0x49,0x4a,0x49,0x4a,0x49,0x4a,0x49,0x4a,
  0x49,0x4a,0x49,0x4a,0x49,0x4a,0x49,0x4a,0x49,0x4a,0x49,0x4a,0x49,0x4a,0x49,0x4a,
  0x49,0x4a,0x49,0x4a,0x49,0x4a,0x49,0x4a,0x49,0x4a,0x49,0x4a,0x49,0x4a,0x49,0x4a,
  0x49,0x4a,0x49,0x4a,0x49,0x4a,0x49,0x4a,0x49,0x4a,0x49,0x4a,0x49,0x4a,0x49,0x4a,
  0x49,0x4a,0x49,0x4a,0x49,0x4a,0x49,0x4a,0x49,0x4a,0x49,0x42,0x49,0x42,0x49,0x42,
  0x49,0x42,0x49,0x42,0x49,0x42,0x49,0x4a,0x49,0x4a,0x49,0x42,0x49,0x42,0x49,0x42,
  0x49,0x4a,0x49,0x4a,0x49,0x4a,0x49,0x4a,0x49,0x4a,0x49,0x4a,0x49,0x4a,0x49,0x4a,
  0x49,0x4a,0x49,0x4a,0x49,0x4a,0x49,0x4a,0x49,0x4a,0x49,0x4a,0x49,0x4a,0x49,0x4a,
  0x49,0x4a,0x49,0x4a,0x49,0x4a,0x49,0x4a,0x49,0x4a,0x49,0x4a,0x49,0x4a,0x49,0x4a,
  0x49,0x4a,0x49,0x4a,0x49,0x4a,0x49,0x4a,0x49,0x4a,0x49,0x4a,0x49,0x4a,0x49,0x4a,
  0x49,0x4a,0x49,0x4a,0x49,0x4a,0x49,0x4a,0x49,0x4a,0x49,0x4a,0x49,0x4a,0x49,0x4a,
  0x49,0x4a,0x49,0x4a,0x49,0x4a,0x49,0x4a,0x49,0x4a,0x49,0x4a,0x49,0x4a,0x49,0x4a,
  0x49,0x4a,0x49,0x4a,0x49,0x4a,0x49,0x4a,0x49,0x4a,0x49,0x4a,0x69,0x4a,0xa6,0x31,
  0xc3,0x18,0xe3,0x18,0xe3,0x18,0xe3,0x18,0xe3,0x18,0xe3,0x18,0xc3,0x18,0xc3,0x18,
  0xe3,0x18,0xe3,0x18,0x04,0x19,0x04,0x21,0x25,0x21,0x04,0x21,0x04,0x21,0x08,0x42,
  0x6a,0x4a,0x49,0x4a,0x49,0x4a,0x49,0x4a,0x49,0x4a,0x49,0x4a,0x49,0x4a,0x49,0x4a,
  0x49,0x4a,0x49,0x4a,0x49,0x4a,0x49,0x4a,0x49,0x4a,0x49,0x4a,0x49,0x4a,0x49,0x4a,
  0x49,0x4a,0x49,0x4a,0x49,0x4a,0x49,0x4a,0x49,0x4a,0x49,0x4a,0x49,0x4a,0x49,0x4a,
  0x49,0x4a,0x49,0x4a,0x69,0x4a,0xe8,0x39,0x04,0x21,0xc3,0x18,0x04,0x21,0x08,0x3a,
  0x69,0x4a,0x49,0x4a,0x49,0x4a,0x49,0x4a,0x49,0x4a,0x49,0x4a,0x49,0x4a,0x49,0x4a,
  0x49,0x4a,0x49,0x4a,0x49,0x4a,0x49,0x4a,0x49,0x4a,0x49,0x4a,0x49,0x4a,0x49,0x4a,
  0x49,0x4a,0x49,0x4a,0x49,0x4a,0x49,0x4a,0x49,0x4a,0x49,0x4a,0x49,0x4a,0x49,0x4a,
  0x49,0x4a,0x49,0x4a,0x45,0x29,0xc3,0x18,0x04,0x19,0xe4,0x18,0xe4,0x18,0xe4,0x18,
  0xe4,0x18,0xe4,0x18,0xe4,0x18,0xe3,0x18,0xc3,0x18,0xc3,0x10,0xa3,0x10,0xa2,0x10,
  0xa2,0x10,0x82,0x10,0x82,0x10,0xa2,0x10,0x82,0x10,0xa2,0x10,0xc7,0x39,0x69,0x4a,
  0x49,0x42,0x49,0x4a,0x49,0x4a,0x49,0x4a,0x49,0x4a,0x49,0x4a,0x49,0x4a,0x49,0x4a,
  0x49,0x4a,0x49,0x4a,0x49,0x4a,0x49,0x4a,0x49,0x4a,0x49,0x4a,0x49,0x4a,0x49,0x4a,
  0x49,0x4a,0x49,0x4a,0x49,0x4a,0x49,0x4a,0x49,0x4a,0x49,0x4a,0x49,0x4a,0x49,0x4a,
  0x49,0x4a,0x49,0x4a,0x49,0x4a,0x49,0x4a,0x49,0x4a,0x49,0x4a,0x49,0x4a,0x49,0x4a,
  0x49,0x4a,0x49,0x4a,0x49,0x4a,0x49,0x4a,0x49,0x4a,0x49,0x42,0x49,0x42,0x49,0x42,
  0x49,0x42,0x49,0x4a,0x49,0x4a,0x49,0x4a,0x49,0x4a,0x49,0x4a,0x49,0x4a,0x49,0x4a,
  0x49,0x4a,0x49,0x4a,0x49,0x4a,0x49,0x4a,0x49,0x4a,0x49,0x4a,0x49,0x4a,0x49,0x4a,
  0x49,0x4a,0x49,0x4a,0x49,0x4a,0x49,0x4a,0x49,0x4a,0x49,0x4a,0x49,0x4a,0x49,0x4a,
  0x49,0x4a,0x49,0x4a,0x49,0x4a,0x49,0x4a,0x49,0x4a,0x49,0x4a,0x49,0x4a,0x49,0x4a,
  0x49,0x4a,0x49,0x4a,0x49,0x4a,0x49,0x4a,0x49,0x4a,0x49,0x4a,0x49,0x4a,0x49,0x4a,
  0x49,0x4a,0x49,0x4a,0x49,0x4a,0x49,0x4a,0x49,0x4a,0x49,0x4a,0x49,0x4a,0x49,0x4a,
  0x49,0x4a,0x49,0x4a,0x49,0x4a,0x49,0x4a,0x49,0x4a,0x49,0x4a,0x49,0x4a,0x49,0x4a,
  0x49,0x4a,0x49,0x4a,0x49,0x4a,0x49,0x4a,0x49,0x4a,0x49,0x4a,0x49,0x4a,0x6a,0x4a,
  0xe7,0x39,0xe3,0x18,0xc3,0x18,0xe3,0x18,0xe3,0x18,0xe3,0x18,0xe3,0x18,0xe3,0x18,
  0xe3,0x18,0xc3,0x18,0xe3,0x18,0x04,0x19,0x04,0x21,0x24,0x21,0x24,0x21,0x04,0x19,
  0xe8,0x39,0x6a,0x4a,0x49,0x4a,0x49,0x4a,0x49,0x4a,0x49,0x4a,0x49,0x4a,0x49,0x4a,
  0x49,0x4a,0x49,0x4a,0x49,0x4a,0x49,0x4a,0x49,0x4a,0x49,0x4a,0x49,0x4a,0x49,0x4a,
  0x49,0x4a,0x49,0x4a,0x49,0x4a,0x49,0x4a,0x49,0x4a,0x49,0x4a,0x49,0x4a,0x49,0x4a,
  0x49,0x4a,0x49,0x4a,0x69,0x4a,0xe8,0x39,0x04,0x21,0xc3,0x18,0x04,0x21,0xe7,0x39,
  0x69,0x4a,0x49,0x4a,0x49,0x4a,0x49,0x4a,0x49,0x4a,0x49,0x4a,0x49,0x4a,0x49,0x4a,
  0x49,0x4a,0x49,0x4a,0x49,0x4a,0x49,0x4a,0x49,0x4a,0x49,0x4a,0x49,0x4a,0x49,0x4a,
  0x49,0x4a,0x49,0x4a,0x49,0x4a,0x49,0x4a,0x49,0x4a,0x49,0x4a,0x49,0x4a,0x49,0x4a,
  0x29,0x42,0x24,0x21,0xc3,0x18,0x04,0x21,0xe4,0x18,0xe4,0x18,0xe4,0x18,0xe4,0x18,
  0xe4,0x18,0xe4,0x18,0xe3,0x18,0xc3,0x18,0xc3,0x10,0xa3,0x10,0xa2,0x10,0x82,0x10,
  0x82,0x10,0x82,0x10,0xa2,0x10,0x82,0x08,0xc3,0x18,0x08,0x3a,0x69,0x4a,0x49,0x42,
  0x49,0x4a,0x49,0x4a,0x49,0x4a,0x49,0x4a,0x49,0x4a,0x49,0x4a,0x49,0x4a,0x49,0x4a,
  0x49,0x4a,0x49,0x4a,0x49,0x4a,0x49,0x4a,0x49,0x4a,0x49,0x4a,0x49,0x4a,0x49,0x4a,
  0x49,0x4a,0x49,0x4a,0x49,0x4a,0x49,0x4a,0x49,0x4a,0x49,0x4a,0x49,0x4a,0x49,0x4a,
  0x49,0x4a,0x49,0x4a,0x49,0x4a,0x49,0x4a,0x49,0x4a,0x49,0x4a,0x49,0x4a,0x49,0x4a,
  0x49,0x4a,0x49,0x4a,0x49,0x4a,0x49,0x4a,0x49,0x4a,0x49,0x42,0x49,0x42,0x49,0x42,
  0x49,0x42,0x49,0x4a,0x49,0x4a,0x49,0x4a,0x49,0x4a,0x49,0x4a,0x49,0x4a,0x49,0x4a,
  0x49,0x4a,0x49,0x4a,0x49,0x4a,0x49,0x4a,0x49,0x4a,0x49,0x4a,0x49,0x4a,0x49,0x4a,
  0x49,0x4a,0x49,0x4a,0x49,0x4a,0x49,0x4a,0x49,0x4a,0x49,0x4a,0x49,0x4a,0x49,0x4a,
  0x49,0x4a,0x49,0x4a,0x49,0x4a,0x49,0x4a,0x49,0x4a,0x49,0x4a,0x49,0x4a,0x49,0x4a,
  0x49,0x4a,0x49,0x4a,0x49,0x4a,0x49,0x4a,0x49,0x4a,0x49,0x4a,0x49,0x4a,0x49,0x4a,
  0x49,0x4a,0x49,0x4a,0x49,0x4a,0x49,0x4a,0x49,0x4a,0x49,0x4a,0x49,0x4a,0x49,0x4a,
  0x49,0x4a,0x49,0x4a,0x49,0x4a,0x49,0x4a,0x49,0x4a,0x49,0x4a,0x49,0x4a,0x49,0x4a,
  0x49,0x4a,0x49,0x4a,0x49,0x4a,0x49,0x4a,0x49,0x4a,0x49,0x4a,0x49,0x4a,0x49,0x4a,
  0x6a,0x4a,0x08,0x42,0xe4,0x18,0xc3,0x18,0xe3,0x18,0xe3,0x18,0xe3,0x18,0xe3,0x18,
  0xe3,0x18,0xe3,0x18,0xe3,0x18,0xe3,0x18,0x04,0x19,0x04,0x21,0x24,0x21,0x24,0x21,
  0xe4,0x18,0xc7,0x39,0x6a,0x4a,0x49,0x4a,0x49,0x4a,0x49,0x4a,0x49,0x4a,0x49,0x4a,
  0x49,0x4a,0x49,0x4a,0x49,0x4a,0x49,0x4a,0x49,0x4a,0x49,0x4a,0x49,0x4a,0x49,0x4a,
  0x49,0x4a,0x49,0x4a,0x49,0x4a,0x49,0x4a,0x49,0x4a,0x49,0x4a,0x49,0x4a,0x49,0x4a,
  0x49,0x4a,0x49,0x4a,0x69,0x4a,0xe7,0x39,0x04,0x21,0xc3,0x18,0x04,0x21,0xe7,0x39,
  0x69,0x4a,0x49,0x4a,0x49,0x4a,0x49,0x4a,0x49,0x4a,0x49,0x4a,0x49,0x4a,0x49,0x4a,
  0x49,0x4a,0x49,0x4a,0x49,0x4a,0x49,0x4a,0x49,0x4a,0x49,0x4a,0x49,0x4a,0x49,0x4a,
  0x49,0x4a,0x49,0x4a,0x49,0x4a,0x49,0x4a,0x49,0x4a,0x49,0x4a,0x69,0x4a,0x28,0x42,
  0x04,0x21,0xe3,0x18,0x04,0x19,0xe4,0x18,0xe4,0x18,0xe4,0x18,0xe4,0x18,0xe4,0x18,
  0xe4,0x18,0xe3,0x18,0xc3,0x18,0xa3,0x10,0xa2,0x10,0xa2,0x10,0xa2,0x10,0x82,0x10,
  0x82,0x10,0xa2,0x10,0x82,0x08,0x04,0x19,0x28,0x42,0x69,0x4a,0x49,0x42,0x49,0x4a,
  0x49,0x4a,0x49,0x4a,0x49,0x4a,0x49,0x4a,0x49,0x4a,0x49,0x4a,0x49,0x4a,0x49,0x4a,
  0x49,0x4a,0x49,0x4a,0x49,0x4a,0x49,0x4a,0x49,0x4a,0x49,0x4a,0x49,0x4a,0x49,0x4a,
  0x49,0x4a,0x49,0x4a,0x49,0x4a,0x49,0x4a,0x49,0x4a,0x49,0x4a,0x49,0x4a,0x49,0x4a,
  0x49,0x4a,0x49,0x4a,0x49,0x4a,0x49,0x4a,0x49,0x4a,0x49,0x4a,0x49,0x4a,0x49,0x4a,
  0x49,0x4a,0x49,0x4a,0x49,0x42,0x49,0x4a,0x49,0x4a,0x49,0x4a,0x49,0x4a,0x49,0x4a,
  0x49,0x4a,0x49,0x4a,0x49,0x4a,0x49,0x4a,0x49,0x4a,0x49,0x42,0x49,0x42,0x49,0x42,
  0x49,0x4a,0x49,0x4a,0x49,0x4a,0x49,0x4a,0x49,0x4a,0x49,0x4a,0x49,0x4a,0x49,0x4a,
  0x49,0x4a,0x49,0x4a,0x49,0x4a,0x49,0x4a,0x49,0x4a,0x49,0x4a,0x49,0x4a,0x49,0x4a,
  0x49,0x4a,0x49,0x4a,0x49,0x4a,0x49,0x4a,0x49,0x4a,0x49,0x4a,0x49,0x4a,0x49,0x4a,
  0x49,0x4a,0x49,0x4a,0x49,0x4a,0x49,0x4a,0x49,0x4a,0x49,0x4a,0x49,0x4a,0x49,0x4a,
  0x49,0x4a,0x49,0x4a,0x49,0x4a,0x49,0x4a,0x49,0x4a,0x49,0x4a,0x49,0x4a,0x49,0x4a,
  0x49,0x4a,0x49,0x4a,0x49,0x4a,0x49,0x4a,0x49,0x4a,0x49,0x4a,0x49,0x4a,0x49,0x4a,
  0x49,0x4a,0x49,0x4a,0x49,0x4a,0x49,0x4a,0x49,0x4a,0x49,0x4a,0x49,0x4a,0x49,0x4a,
  0x49,0x4a,0x69,0x4a,0x28,0x42,0x04,0x21,0xc3,0x18,0xe3,0x18,0xe3,0x18,0xe3,0x18,
  0xe3,0x18,0xe3,0x18,0xe3,0x18,0xe3,0x18,0xe3,0x18,0x04,0x19,0x04,0x21,0x24,0x21,
  0x24,0x21,0xe4,0x18,0xa7,0x31,0x6a,0x4a,0x49,0x4a,0x49,0x4a,0x49,0x4a,0x49,0x4a,
  0x49,0x4a,0x49,0x4a,0x49,0x4a,0x49,0x4a,0x49,0x4a,0x49,0x4a,0x49,0x4a,0x49,0x4a,
  0x49,0x4a,0x49,0x4a,0x49,0x4a,0x49,0x4a,0x49,0x4a,0x49,0x4a,0x49,0x4a,0x49,0x4a,
  0x49,0x4a,0x49,0x4a,0x69,0x4a,0xe7,0x39,0x04,0x21,0xc3,0x18,0x04,0x21,0xe8,0x39,
  0x69,0x4a,0x49,0x4a,0x49,0x4a,0x49,0x4a,0x49,0x4a,0x49,0x4a,0x49,0x4a,0x49,0x4a,
  0x49,0x4a,0x49,0x4a,0x49,0x4a,0x49,0x4a,0x49,0x4a,0x49,0x4a,0x49,0x4a,0x49,0x4a,
  0x49,0x4a,0x49,0x4a,0x49,0x4a,0x49,0x4a,0x49,0x4a,0x69,0x4a,0x08,0x3a,0xe4,0x18,
  0xe3,0x18,0x04,0x19,0xe4,0x18,0xe4,0x18,0xe4,0x18,0xe4,0x18,0xe4,0x18,0xe4,0x18,
  0xe3,0x18,0xc3,0x18,0xa3,0x10,0xa2,0x10,0xa2,0x10,0x82,0x10,0x82,0x10,0x82,0x10,
  0x82,0x10,0x82,0x08,0x45,0x21,0x49,0x4a,0x49,0x4a,0x49,0x42,0x49,0x4a,0x49,0x4a,
  0x49,0x4a,0x49,0x4a,0x49,0x4a,0x49,0x4a,0x49,0x4a,0x49,0x4a,0x49,0x4a,0x49,0x4a,
  0x49,0x4a,0x49,0x4a,0x49,0x4a,0x49,0x4a,0x49,0x4a,0x49,0x4a,0x49,0x4a,0x49,0x4a,
  0x49,0x4a,0x49,0x4a,0x49,0x4a,0x49,0x4a,0x49,0x4a,0x49,0x4a,0x49,0x4a,0x49,0x4a,
  0x49,0x4a,0x49,0x4a,0x49,0x4a,0x49,0x4a,0x49,0x4a,0x49,0x4a,0x49,0x4a,0x49,0x42,
  0x49,0x42,0x49,0x4a,0x49,0x4a,0x49,0x4a,0x49,0x4a,0x49,0x4a,0x49,0x4a,0x49,0x4a,
  0x49,0x4a,0x49,0x4a,0x49,0x4a,0x49,0x4a,0x49,0x4a,0x49,0x42,0x49,0x42,0x49,0x42,
  0x49,0x4a,0x49,0x4a,0x49,0x4a,0x49,0x4a,0x49,0x4a,0x49,0x4a,0x49,0x4a,0x49,0x4a,
  0x49,0x4a,0x49,0x4a,0x49,0x4a,0x49,0x4a,0x49,0x4a,0x49,0x4a,0x49,0x4a,0x49,0x4a,
  0x49,0x4a,0x49,0x4a,0x49,0x4a,0x49,0x4a,0x49,0x4a,0x49,0x4a,0x49,0x4a,0x49,0x4a,
  0x49,0x4a,0x49,0x4a,0x49,0x4a,0x49,0x4a,0x49,0x4a,0x49,0x4a,0x49,0x4a,0x49,0x4a,
  0x49,0x4a,0x49,0x4a,0x49,0x4a,0x49,0x4a,0x49,0x4a,0x49,0x4a,0x49,0x4a,0x49,0x4a,
  0x49,0x4a,0x49,0x4a,0x49,0x4a,0x49,0x4a,0x49,0x4a,0x49,0x4a,0x49,0x4a,0x49,0x4a,
  0x49,0x4a,0x49,0x4a,0x49,0x4a,0x49,0x4a,0x49,0x4a,0x49,0x4a,0x49,0x4a,0x49,0x4a,
  0x49,0x4a,0x49,0x4a,0x69,0x4a,0x49,0x4a,0x45,0x21,0xc3,0x18,0xe3,0x18,0xe3,0x18,
  0xe3,0x18,0xe3,0x18,0xe3,0x18,0xe3,0x18,0xe3,0x18,0xe3,0x18,0xe4,0x18,0x04,0x21,
  0x24,0x21,0x25,0x21,0xe4,0x18,0x86,0x31,0x6a,0x4a,0x49,0x4a,0x49,0x4a,0x49,0x4a,
  0x49,0x4a,0x49,0x4a,0x49,0x4a,0x49,0x4a,0x49,0x4a,0x49,0x4a,0x49,0x4a,0x49,0x4a,
  0x49,0x4a,0x49,0x4a,0x49,0x4a,0x49,0x4a,0x49,0x4a,0x49,0x4a,0x49,0x4a,0x49,0x4a,
  0x49,0x4a,0x49,0x4a,0x69,0x4a,0xe7,0x39,0x04,0x21,0xc3,0x18,0x04,0x21,0x08,0x3a,
  0x69,0x4a,0x49,0x4a,0x49,0x4a,0x49,0x4a,0x49,0x4a,0x49,0x4a,0x49,0x4a,0x49,0x4a,
  0x49,0x4a,0x49,0x4a,0x49,0x4a,0x49,0x4a,0x49,0x4a,0x49,0x4a,0x49,0x4a,0x49,0x4a,
  0x49,0x4a,0x49,0x4a,0x49,0x4a,0x49,0x4a,0x69,0x4a,0xc7,0x39,0xe3,0x18,0xe4,0x18,
  0x04,0x19,0xe4,0x18,0xe4,0x18,0xe4,0x18,0xe4,0x18,0xe4,0x18,0xe3,0x18,0xe3,0x18,
  0xc3,0x18,0xa3,0x10,0xa2,0x10,0xa2,0x10,0x82,0x10,0x82,0x10,0x82,0x10,0x82,0x10,
  0x82,0x10,0x86,0x31,0x69,0x4a,0x49,0x4a,0x49,0x4a,0x49,0x4a,0x49,0x4a,0x49,0x4a,
  0x49,0x4a,0x49,0x4a,0x49,0x4a,0x49,0x4a,0x49,0x4a,0x49,0x4a,0x49,0x4a,0x49,0x4a,
  0x49,0x4a,0x49,0x4a,0x49,0x4a,0x49,0x4a,0x49,0x4a,0x49,0x4a,0x49,0x4a,0x49,0x4a,
  0x49,0x4a,0x49,0x4a,0x49,0x4a,0x49,0x4a,0x49,0x4a,0x49,0x4a,0x49,0x4a,0x49,0x4a,
  0x49,0x4a,0x49,0x4a,0x49,0x4a,0x49,0x4a,0x49,0x4a,0x49,0x4a,0x49,0x4a,0x49,0x4a,
  0x49,0x4a,0x49,0x4a,0x49,0x4a,0x49,0x4a,0x49,0x4a,0x49,0x4a,0x49,0x4a,0x49,0x4a,
  0x49,0x4a,0x49,0x4a,0x49,0x4a,0x49,0x4a,0x49,0x4a,0x49,0x4a,0x49,0x4a,0x49,0x4a,
  0x49,0x4a,0x49,0x4a,0x49,0x4a,0x49,0x4a,0x49,0x4a,0x49,0x4a,0x49,0x4a,0x49,0x4a,
  0x49,0x4a,0x49,0x4a,0x49,0x4a,0x49,0x4a,0x49,0x4a,0x49,0x4a,0x49,0x4a,0x49,0x4a,
  0x49,0x4a,0x49,0x4a,0x49,0x4a,0x49,0x4a,0x49,0x4a,0x49,0x4a,0x49,0x4a,0x49,0x4a,
  0x49,0x4a,0x49,0x4a,0x49,0x4a,0x49,0x4a,0x49,0x4a,0x49,0x4a,0x49,0x4a,0x49,0x4a,
  0x49,0x4a,0x49,0x4a,0x49,0x4a,0x49,0x4a,0x49,0x4a,0x49,0x4a,0x49,0x4a,0x49,0x4a,
  0x49,0x4a,0x49,0x4a,0x49,0x4a,0x49,0x4a,0x49,0x4a,0x49,0x4a,0x49,0x4a,0x49,0x4a,
  0x49,0x4a,0x49,0x4a,0x49,0x4a,0x49,0x4a,0x49,0x4a,0x49,0x4a,0x49,0x4a,0x49,0x4a,
  0x49,0x4a,0x49,0x4a,0x49,0x4a,0x69,0x4a,0x69,0x4a,0x65,0x29,0xc3,0x18,0xe3,0x18,
  0xe3,0x18,0xe3,0x18,0xe3,0x18,0xe3,0x18,0xe3,0x18,0xe3,0x18,0xe3,0x18,0xe4,0x18,
  0x04,0x21,0x24,0x21,0x25,0x21,0xe4,0x18,0x86,0x29,0x69,0x4a,0x49,0x4a,0x49,0x4a,
  0x49,0x4a,0x49,0x4a,0x49,0x4a,0x49,0x4a,0x49,0x4a,0x49,0x4a,0x49,0x4a,0x49,0x4a,
  0x49,0x4a,0x49,0x4a,0x49,0x4a,0x49,0x4a,0x49,0x4a,0x49,0x4a,0x49,0x4a,0x49,0x4a,
  0x49,0x4a,0x49,0x4a,0x69,0x4a,0xe7,0x39,0x04,0x19,0xc3,0x18,0x24,0x21,0x08,0x3a,
  0x69,0x4a,0x49,0x4a,0x49,0x4a,0x49,0x4a,0x49,0x4a,0x49,0x4a,0x49,0x4a,0x49,0x4a,
  0x49,0x4a,0x49,0x4a,0x49,0x4a,0x49,0x4a,0x49,0x4a,0x49,0x4a,0x49,0x4a,0x49,0x4a,
  0x49,0x4a,0x49,0x4a,0x49,0x4a,0x69,0x4a,0xa7,0x31,0xc3,0x18,0xe4,0x18,0x04,0x19,
  0xe4,0x18,0xe4,0x18,0xe4,0x18,0xe4,0x18,0xe4,0x18,0xe3,0x18,0xe3,0x18,0xc3,0x18,
  0xa3,0x10,0xa2,0x10,0xa2,0x10,0x82,0x10,0x82,0x10,0xa2,0x10,0x82,0x10,0xa2,0x10,
  0xc7,0x31,0x69,0x4a,0x49,0x4a,0x49,0x4a,0x49,0x4a,0x49,0x4a,0x49,0x4a,0x49,0x4a,
  0x49,0x4a,0x49,0x4a,0x49,0x4a,0x49,0x4a,0x49,0x4a,0x49,0x4a,0x49,0x4a,0x49,0x4a,
  0x49,0x4a,0x49,0x4a,0x49,0x4a,0x49,0x4a,0x49,0x4a,0x49,0x4a,0x49,0x4a,0x49,0x4a,
  0x49,0x4a,0x49,0x4a,0x49,0x4a,0x49,0x4a,0x49,0x4a,0x49,0x4a,0x49,0x4a,0x49,0x4a,
  0x49,0x4a,0x49,0x4a,0x49,0x4a,0x49,0x4a,0x49,0x4a,0x49,0x4a,0x49,0x4a,0x49,0x4a,
  0x49,0x4a,0x49,0x4a,0x49,0x4a,0x49,0x4a,0x49,0x4a,0x49,0x4a,0x49,0x4a,0x49,0x4a,
  0x49,0x4a,0x49,0x4a,0x49,0x4a,0x49,0x4a,0x49,0x4a,0x49,0x4a,0x49,0x4a,0x49,0x4a,
  0x49,0x4a,0x49,0x4a,0x49,0x4a,0x49,0x4a,0x49,0x4a,0x49,0x4a,0x49,0x4a,0x49,0x4a,
  0x49,0x4a,0x49,0x4a,0x49,0x4a,0x49,0x4a,0x49,0x4a,0x49,0x4a,0x49,0x4a,0x49,0x4a,
  0x49,0x4a,0x49,0x4a,0x49,0x4a,0x49,0x4a,0x49,0x4a,0x49,0x4a,0x49,0x4a,0x49,0x4a,
  0x49,0x4a,0x49,0x4a,0x49,0x4a,0x49,0x4a,0x49,0x4a,0x49,0x4a,0x49,0x4a,0x49,0x4a,
  0x49,0x4a,0x49,0x4a,0x49,0x4a,0x49,0x4a,0x49,0x4a,0x49,0x4a,0x49,0x4a,0x49,0x4a,
  0x49,0x4a,0x49,0x4a,0x49,0x4a,0x49,0x4a,0x49,0x4a,0x49,0x4a,0x49,0x4a,0x49,0x4a,
  0x49,0x4a,0x49,0x4a,0x49,0x4a,0x49,0x4a,0x49,0x4a,0x49,0x4a,0x49,0x4a,0x49,0x4a,
  0x49,0x4a,0x49,0x4a,0x49,0x4a,0x49,0x4a,0x49,0x4a,0x69,0x4a,0x86,0x31,0xc3,0x18,
  0xe3,0x18,0xe3,0x18,0xe3,0x18,0xe3,0x18,0xe3,0x18,0xe3,0x18,0xe3,0x18,0xe3,0x18,
  0xe4,0x18,0x04,0x21,0x24,0x21,0x25,0x21,0xe4,0x18,0x65,0x29,0x69,0x4a,0x49,0x4a,
  0x49,0x4a,0x49,0x4a,0x49,0x4a,0x49,0x4a,0x49,0x4a,0x49,0x4a,0x49,0x4a,0x49,0x4a,
  0x49,0x4a,0x49,0x4a,0x49,0x4a,0x49,0x4a,0x49,0x4a,0x49,0x4a,0x49,0x4a,0x49,0x4a,
  0x49,0x4a,0x49,0x4a,0x69,0x4a,0xe7,0x39,0x04,0x19,0xc3,0x18,0x24,0x21,0x08,0x3a,
  0x69,0x4a,0x49,0x4a,0x49,0x4a,0x49,0x4a,0x49,0x4a,0x49,0x4a,0x49,0x4a,0x49,0x4a,
  0x49,0x4a,0x49,0x4a,0x49,0x4a,0x49,0x4a,0x49,0x4a,0x49,0x4a,0x49,0x4a,0x49,0x4a,
  0x49,0x4a,0x49,0x4a,0x69,0x4a,0x86,0x31,0xc3,0x18,0x04,0x19,0x04,0x19,0x04,0x19,
  0xe4,0x18,0xe4,0x18,0xe4,0x18,0xe4,0x18,0xe3,0x18,0xc3,0x18,0xc3,0x18,0xa3,0x10,
  0xa2,0x10,0xa2,0x10,0x82,0x10,0x82,0x10,0xa2,0x10,0x82,0x10,0xc3,0x18,0x08,0x3a,
  0x69,0x4a,0x49,0x42,0x49,0x4a,0x49,0x4a,0x49,0x4a,0x49,0x4a,0x49,0x4a,0x49,0x4a,
  0x49,0x4a,0x49,0x4a,0x49,0x4a,0x49,0x4a,0x49,0x4a,0x49,0x4a,0x49,0x4a,0x49,0x4a,
  0x49,0x4a,0x49,0x4a,0x49,0x4a,0x49,0x4a,0x49,0x4a,0x49,0x4a,0x49,0x4a,0x49,0x4a,
  0x49,0x4a,0x49,0x4a,0x49,0x4a,0x49,0x4a,0x49,0x4a,0x49,0x4a,0x49,0x4a,0x49,0x4a,
  0x49,0x4a,0x49,0x4a,0x49,0x4a,0x49,0x4a,0x49,0x4a,0x49,0x4a,0x49,0x4a,0x49,0x4a,
  0x49,0x4a,0x49,0x4a,0x49,0x4a,0x49,0x4a,0x49,0x4a,0x49,0x4a,0x49,0x4a,0x49,0x4a,
  0x49,0x4a,0x49,0x4a,0x49,0x4a,0x49,0x4a,0x49,0x4a,0x49,0x4a,0x49,0x4a,0x49,0x4a,
  0x49,0x4a,0x49,0x4a,0x49,0x4a,0x49,0x4a,0x49,0x4a,0x49,0x4a,0x49,0x4a,0x49,0x4a,
  0x49,0x4a,0x49,0x4a,0x49,0x4a,0x49,0x4a,0x49,0x4a,0x49,0x4a,0x49,0x4a,0x49,0x4a,
  0x49,0x4a,0x49,0x4a,0x49,0x4a,0x49,0x4a,0x49,0x4a,0x49,0x4a,0x49,0x4a,0x49,0x4a,
  0x49,0x4a,0x49,0x4a,0x49,0x4a,0x49,0x4a,0x49,0x4a,0x49,0x4a,0x49,0x4a,0x49,0x4a,
  0x49,0x4a,0x49,0x4a,0x49,0x4a,0x49,0x4a,0x49,0x4a,0x49,0x4a,0x49,0x4a,0x49,0x4a,
  0x49,0x4a,0x49,0x4a,0x49,0x4a,0x49,0x4a,0x49,0x4a,0x49,0x4a,0x49,0x4a,0x49,0x4a,
  0x49,0x4a,0x49,0x4a,0x49,0x4a,0x49,0x4a,0x49,0x4a,0x49,0x4a,0x49,0x4a,0x49,0x4a,
  0x49,0x4a,0x49,0x4a,0x49,0x4a,0x49,0x4a,0x49,0x4a,0x49,0x4a,0x6a,0x4a,0xc7,0x31,
  0xc3,0x18,0xe3,0x18,0xe3,0x18,0xe3,0x18,0xe3,0x18,0xe3,0x18,0xe3,0x18,0xe3,0x18,
  0xe3,0x18,0xe4,0x18,0x04,0x21,0x24,0x21,0x25,0x21,0x04,0x19,0x45,0x29,0x49,0x4a,
  0x69,0x4a,0x49,0x4a,0x49,0x4a,0x49,0x4a,0x49,0x4a,0x49,0x4a,0x49,0x4a,0x49,0x4a,
  0x49,0x4a,0x49,0x4a,0x49,0x4a,0x49,0x4a,0x49,0x4a,0x49,0x4a,0x49,0x4a,0x49,0x4a,
  0x49,0x4a,0x49,0x4a,0x69,0x4a,0xe7,0x39,0x04,0x21,0xc3,0x18,0x04,0x21,0xe7,0x39,
  0x69,0x4a,0x49,0x4a,0x49,0x4a,0x49,0x4a,0x49,0x4a,0x49,0x4a,0x49,0x4a,0x49,0x4a,
  0x49,0x4a,0x49,0x4a,0x49,0x4a,0x49,0x4a,0x49,0x4a,0x49,0x4a,0x49,0x4a,0x49,0x4a,
  0x49,0x4a,0x49,0x4a,0x65,0x29,0xc3,0x18,0x04,0x19,0x04,0x19,0x04,0x19,0x04,0x19,
  0xe4,0x18,0xe4,0x18,0xe4,0x18,0xe3,0x18,0xc3,0x18,0xc3,0x10,0xa3,0x10,0xa2,0x10,
  0xa2,0x10,0x82,0x10,0x82,0x10,0xa2,0x10,0x82,0x10,0x04,0x19,0x29,0x42,0x69,0x4a,
  0x49,0x4a,0x49,0x4a,0x49,0x4a,0x49,0x4a,0x49,0x4a,0x49,0x4a,0x49,0x4a,0x49,0x4a,
  0x49,0x4a,0x49,0x4a,0x49,0x4a,0x49,0x4a,0x49,0x4a,0x49,0x4a,0x49,0x4a,0x49,0x4a,
  0x49,0x4a,0x49,0x4a,0x49,0x4a,0x49,0x4a,0x49,0x4a,0x49,0x4a,0x49,0x4a,0x49,0x4a,
  0x49,0x4a,0x49,0x4a,0x49,0x4a,0x49,0x4a,0x49,0x4a,0x49,0x4a,0x49,0x4a,0x49,0x4a,
  0x49,0x4a,0x49,0x4a,0x49,0x4a,0x49,0x4a,0x49,0x4a,0x49,0x4a,0x49,0x4a,0x49,0x4a,
  0x49,0x4a,0x49,0x4a,0x49,0x4a,0x49,0x4a,0x49,0x4a,0x49,0x4a,0x49,0x4a,0x49,0x4a,
  0x49,0x4a,0x49,0x4a,0x49,0x4a,0x49,0x4a,0x49,0x4a,0x49,0x4a,0x49,0x4a,0x49,0x4a,
  0x49,0x4a,0x49,0x4a,0x49,0x4a,0x49,0x4a,0x49,0x4a,0x49,0x4a,0x49,0x4a,0x49,0x4a,
  0x49,0x4a,0x49,0x4a,0x49,0x4a,0x49,0x4a,0x49,0x4a,0x49,0x4a,0x49,0x4a,0x49,0x4a,
  0x49,0x4a,0x49,0x4a,0x49,0x4a,0x49,0x4a,0x49,0x4a,0x49,0x4a,0x49,0x4a,0x49,0x4a,
  0x49,0x4a,0x49,0x4a,0x49,0x4a,0x49,0x4a,0x49,0x4a,0x49,0x4a,0x49,0x4a,0x49,0x4a,
  0x49,0x4a,0x49,0x4a,0x49,0x4a,0x49,0x4a,0x49,0x4a,0x49,0x4a,0x49,0x4a,0x49,0x4a,
  0x49,0x4a,0x49,0x4a,0x49,0x4a,0x49,0x4a,0x49,0x4a,0x49,0x4a,0x49,0x4a,0x49,0x4a,
  0x49,0x4a,0x49,0x4a,0x49,0x4a,0x49,0x4a,0x49,0x4a,0x49,0x4a,0x49,0x4a,0x49,0x4a,
  0x49,0x4a,0x49,0x4a,0x49,0x4a,0x49,0x4a,0x49,0x4a,0x49,0x4a,0x49,0x4a,0x6a,0x4a,
  0xe7,0x39,0xe3,0x18,0xe3,0x18,0xe3,0x18,0xe3,0x18,0xe3,0x18,0xe3,0x18,0xe3,0x18,
  0xe3,0x18,0xe3,0x18,0xe4,0x18,0x04,0x21,0x24,0x21,0x25,0x21,0x04,0x21,0x25,0x21,
  0x49,0x4a,0x69,0x4a,0x49,0x4a,0x49,0x4a,0x49,0x4a,0x49,0x4a,0x49,0x4a,0x49,0x4a,
  0x49,0x4a,0x49,0x4a,0x49,0x4a,0x49,0x4a,0x49,0x4a,0x49,0x4a,0x49,0x4a,0x49,0x4a,
  0x49,0x4a,0x49,0x4a,0x69,0x4a,0xe7,0x39,0x04,0x21,0xc3,0x18,0x24,0x21,0xe8,0x39,
  0x69,0x4a,0x49,0x4a,0x49,0x4a,0x49,0x4a,0x49,0x4a,0x49,0x4a,0x49,0x4a,0x49,0x4a,
  0x49,0x4a,0x49,0x4a,0x49,0x4a,0x49,0x4a,0x49,0x4a,0x49,0x4a,0x49,0x4a,0x49,0x4a,
  0x49,0x4a,0x45,0x29,0xc3,0x18,0x04,0x21,0x04,0x19,0x04,0x19,0x04,0x19,0x04,0x19,
  0xe4,0x18,0xe4,0x18,0xe3,0x18,0xc3,0x18,0xc3,0x10,0xa3,0x10,0xa2,0x10,0xa2,0x10,
  0x82,0x10,0x82,0x10,0xa2,0x10,0x82,0x08,0x25,0x21,0x49,0x4a,0x49,0x4a,0x49,0x4a,
  0x49,0x4a,0x49,0x4a,0x49,0x4a,0x49,0x4a,0x49,0x4a,0x49,0x4a,0x49,0x4a,0x49,0x4a,
  0x49,0x4a,0x49,0x4a,0x49,0x4a,0x49,0x4a,0x49,0x4a,0x49,0x4a,0x49,0x4a,0x49,0x4a,
  0x49,0x4a,0x49,0x4a,0x49,0x4a,0x49,0x4a,0x49,0x4a,0x49,0x4a,0x49,0x4a,0x49,0x4a,
  0x49,0x4a,0x49,0x4a,0x49,0x4a,0x49,0x4a,0x49,0x4a,0x49,0x4a,0x49,0x4a,0x49,0x4a,
  0x49,0x4a,0x49,0x4a,0x49,0x4a,0x49,0x4a,0x49,0x4a,0x49,0x4a,0x49,0x4a,0x49,0x4a,
  0x49,0x4a,0x49,0x4a,0x49,0x4a,0x49,0x4a,0x49,0x4a,0x49,0x4a,0x49,0x4a,0x49,0x4a,
  0x49,0x4a,0x49,0x4a,0x49,0x4a,0x49,0x4a,0x49,0x4a,0x49,0x4a,0x49,0x4a,0x49,0x4a,
  0x49,0x4a,0x49,0x4a,0x69,0x4a,0x69,0x4a,0x49,0x4a,0x49,0x4a,0x49,0x4a,0x49,0x4a,
  0x49,0x4a,0x49,0x4a,0x49,0x4a,0x49,0x4a,0x49,0x4a,0x49,0x4a,0x49,0x4a,0x49,0x4a,
  0x49,0x4a,0x49,0x4a,0x49,0x4a,0x49,0x4a,0x49,0x4a,0x49,0x4a,0x49,0x4a,0x49,0x4a,
  0x49,0x4a,0x49,0x4a,0x49,0x4a,0x49,0x4a,0x49,0x4a,0x49,0x4a,0x49,0x4a,0x49,0x4a,
  0x49,0x4a,0x49,0x4a,0x49,0x4a,0x49,0x4a,0x49,0x4a,0x49,0x4a,0x49,0x4a,0x49,0x4a,
  0x49,0x4a,0x49,0x4a,0x49,0x4a,0x49,0x4a,0x49,0x4a,0x49,0x4a,0x49,0x4a,0x49,0x4a,
  0x49,0x4a,0x49,0x4a,0x49,0x4a,0x49,0x4a,0x49,0x4a,0x49,0x4a,0x49,0x4a,0x49,0x4a,
  0x49,0x4a,0x49,0x4a,0x49,0x4a,0x49,0x4a,0x49,0x4a,0x49,0x4a,0x49,0x4a,0x49,0x4a,
  0x6a,0x4a,0x08,0x42,0x04,0x21,0xc3,0x18,0xe3,0x18,0xe3,0x18,0xe3,0x18,0xe3,0x18,
  0xe3,0x18,0xe3,0x18,0xe3,0x18,0xe4,0x18,0x04,0x21,0x04,0x21,0x25,0x21,0x04,0x21,
  0x24,0x21,0x29,0x42,0x69,0x4a,0x49,0x4a,0x49,0x4a,0x49,0x4a,0x49,0x4a,0x49,0x4a,
  0x49,0x4a,0x49,0x4a,0x49,0x4a,0x49,0x4a,0x49,0x4a,0x49,0x4a,0x49,0x4a,0x49,0x4a,
  0x49,0x4a,0x49,0x4a,0x69,0x4a,0xe7,0x39,0x04,0x21,0xc3,0x18,0x24,0x21,0xe8,0x39,
  0x69,0x4a,0x49,0x4a,0x49,0x4a,0x49,0x4a,0x49,0x4a,0x49,0x4a,0x49,0x4a,0x49,0x4a,
  0x49,0x4a,0x49,0x4a,0x49,0x4a,0x49,0x4a,0x49,0x4a,0x49,0x4a,0x69,0x4a,0x29,0x42,
  0x24,0x21,0xc3,0x18,0x04,0x21,0x04,0x19,0x04,0x19,0x04,0x19,0x04,0x19,0xe4,0x18,
  0xe4,0x18,0xe3,0x18,0xc3,0x18,0xc3,0x10,0xa3,0x10,0xa2,0x10,0xa2,0x10,0x82,0x10,
  0xa2,0x10,0x82,0x10,0x82,0x10,0x86,0x31,0x69,0x4a,0x49,0x4a,0x49,0x4a,0x49,0x4a,
  0x49,0x4a,0x49,0x4a,0x49,0x4a,0x49,0x4a,0x49,0x4a,0x49,0x4a,0x49,0x4a,0x49,0x4a,
  0x49,0x4a,0x49,0x4a,0x49,0x4a,0x49,0x4a,0x49,0x4a,0x49,0x4a,0x49,0x4a,0x49,0x4a,
  0x49,0x4a,0x49,0x4a,0x49,0x4a,0x49,0x4a,0x49,0x4a,0x49,0x4a,0x49,0x4a,0x49,0x4a,
  0x49,0x4a,0x49,0x4a,0x49,0x4a,0x49,0x4a,0x49,0x4a,0x49,0x4a,0x49,0x4a,0x49,0x4a,
  0x49,0x4a,0x49,0x4a,0x49,0x4a,0x49,0x4a,0x49,0x4a,0x49,0x4a,0x49,0x4a,0x49,0x4a,
  0x49,0x4a,0x49,0x4a,0x49,0x4a,0x49,0x4a,0x49,0x4a,0x49,0x4a,0x49,0x4a,0x49,0x4a,
  0x49,0x4a,0x49,0x4a,0x49,0x4a,0x49,0x4a,0x49,0x4a,0x49,0x4a,0x49,0x4a,0x49,0x4a,
  0x69,0x4a,0x69,0x4a,0x49,0x4a,0x49,0x4a,0x49,0x4a,0x49,0x4a,0x49,0x4a,0x49,0x4a,
  0x49,0x4a,0x49,0x4a,0x49,0x4a,0x49,0x4a,0x49,0x4a,0x49,0x4a,0x49,0x4a,0x49,0x4a,
  0x49,0x4a,0x49,0x4a,0x49,0x4a,0x49,0x4a,0x49,0x4a,0x49,0x4a,0x49,0x4a,0x49,0x4a,
  0x49,0x4a,0x49,0x4a,0x49,0x4a,0x49,0x4a,0x49,0x4a,0x49,0x4a,0x49,0x4a,0x49,0x4a,
  0x49,0x4a,0x49,0x4a,0x49,0x4a,0x49,0x4a,0x49,0x4a,0x49,0x4a,0x49,0x4a,0x49,0x4a,
  0x49,0x4a,0x49,0x4a,0x49,0x4a,0x49,0x4a,0x49,0x4a,0x49,0x4a,0x49,0x4a,0x49,0x4a,
  0x49,0x4a,0x49,0x4a,0x49,0x4a,0x49,0x4a,0x49,0x4a,0x49,0x4a,0x49,0x4a,0x49,0x4a,
  0x49,0x4a,0x49,0x4a,0x49,0x4a,0x49,0x4a,0x49,0x4a,0x49,0x4a,0x49,0x4a,0x49,0x4a,
  0x49,0x4a,0x69,0x4a,0x29,0x42,0x24,0x21,0xc3,0x18,0xe4,0x18,0xe3,0x18,0xe3,0x18,
  0xe3,0x18,0xe3,0x18,0xe3,0x18,0xe3,0x18,0xe4,0x18,0x04,0x21,0x04,0x21,0x24,0x21,
  0x04,0x21,0x04,0x21,0x08,0x42,0x6a,0x4a,0x49,0x4a,0x49,0x4a,0x49,0x4a,0x49,0x4a,
  0x49,0x4a,0x49,0x4a,0x49,0x4a,0x49,0x4a,0x49,0x4a,0x49,0x4a,0x49,0x4a,0x49,0x4a,
  0x49,0x4a,0x49,0x4a,0x69,0x4a,0xe7,0x39,0x04,0x21,0xc3,0x18,0x24,0x21,0xe8,0x39,
  0x69,0x4a,0x49,0x4a,0x49,0x4a,0x49,0x4a,0x49,0x4a,0x49,0x4a,0x49,0x4a,0x49,0x4a,
  0x49,0x4a,0x49,0x4a,0x49,0x4a,0x49,0x4a,0x49,0x4a,0x69,0x4a,0x28,0x42,0x04,0x21,
  0xe3,0x18,0x04,0x21,0x04,0x19,0x04,0x19,0x04,0x19,0x04,0x19,0x04,0x19,0xe4,0x18,
  0xe3,0x18,0xc3,0x18,0xc3,0x10,0xa3,0x10,0xa2,0x10,0xa2,0x10,0x82,0x10,0xa2,0x10,
  0x82,0x10,0xa2,0x10,0xc7,0x39,0x69,0x4a,0x49,0x4a,0x49,0x4a,0x49,0x4a,0x49,0x4a,
  0x49,0x4a,0x49,0x4a,0x49,0x4a,0x49,0x4a,0x49,0x4a,0x49,0x4a,0x49,0x4a,0x49,0x4a,
  0x49,0x4a,0x49,0x4a,0x49,0x4a,0x49,0x4a,0x49,0x4a,0x49,0x4a,0x49,0x4a,0x49,0x4a,
  0x49,0x4a,0x49,0x4a,0x49,0x4a,0x49,0x4a,0x49,0x42,0x49,0x4a,0x49,0x4a,0x49,0x4a,
  0x49,0x4a,0x49,0x4a,0x49,0x4a,0x49,0x4a,0x49,0x4a,0x49,0x4a,0x49,0x4a,0x49,0x4a,
  0x49,0x4a,0x49,0x4a,0x49,0x4a,0x49,0x4a,0x49,0x4a,0x49,0x4a,0x49,0x4a,0x49,0x4a,
  0x49,0x4a,0x49,0x4a,0x49,0x4a,0x49,0x4a,0x49,0x4a,0x49,0x4a,0x49,0x4a,0x49,0x4a,
  0x49,0x4a,0x49,0x4a,0x49,0x4a,0x49,0x4a,0x49,0x4a,0x49,0x4a,0x49,0x4a,0x49,0x4a,
  0x69,0x4a,0x69,0x4a,0x49,0x4a,0x49,0x4a,0x49,0x4a,0x49,0x4a,0x49,0x4a,0x49,0x4a,
  0x49,0x4a,0x49,0x4a,0x49,0x4a,0x49,0x4a,0x49,0x4a,0x49,0x4a,0x49,0x4a,0x49,0x4a,
  0x49,0x4a,0x49,0x4a,0x49,0x4a,0x49,0x4a,0x49,0x4a,0x49,0x4a,0x49,0x4a,0x49,0x4a,
  0x49,0x4a,0x49,0x4a,0x49,0x4a,0x49,0x4a,0x49,0x4a,0x49,0x4a,0x49,0x4a,0x49,0x4a,
  0x49,0x4a,0x49,0x4a,0x49,0x4a,0x49,0x4a,0x49,0x4a,0x49,0x4a,0x49,0x4a,0x49,0x4a,
  0x49,0x4a,0x49,0x4a,0x49,0x4a,0x49,0x4a,0x49,0x4a,0x49,0x4a,0x49,0x4a,0x49,0x4a,
  0x49,0x4a,0x49,0x4a,0x49,0x4a,0x49,0x4a,0x49,0x4a,0x49,0x4a,0x49,0x4a,0x49,0x4a,
  0x49,0x4a,0x49,0x4a,0x49,0x4a,0x49,0x4a,0x49,0x4a,0x49,0x4a,0x49,0x4a,0x49,0x4a,
  0x49,0x4a,0x49,0x4a,0x69,0x4a,0x49,0x4a,0x45,0x29,0xc3,0x18,0xe4,0x18,0xe3,0x18,
  0xe3,0x18,0xe3,0x18,0xe3,0x18,0xe3,0x18,0xe3,0x18,0xe4,0x18,0x04,0x21,0x04,0x21,
  0x24,0x21,0x04,0x21,0x04,0x19,0x08,0x42,0x6a,0x4a,0x49,0x4a,0x49,0x4a,0x49,0x4a,
  0x49,0x4a,0x49,0x4a,0x49,0x4a,0x49,0x4a,0x49,0x4a,0x49,0x4a,0x49,0x4a,0x49,0x4a,
  0x49,0x4a,0x49,0x4a,0x8a,0x52,0xe8,0x39,0x04,0x21,0xe3,0x18,0x24,0x21,0x08,0x42,
  0x8a,0x4a,0x49,0x4a,0x49,0x4a,0x49,0x4a,0x49,0x4a,0x49,0x4a,0x49,0x4a,0x49,0x4a,
  0x49,0x4a,0x49,0x4a,0x49,0x4a,0x49,0x4a,0x69,0x4a,0x08,0x42,0xe4,0x18,0xe3,0x18,
  0x04,0x21,0x04,0x19,0x04,0x19,0x04,0x19,0x04,0x19,0x04,0x19,0xe4,0x18,0xe3,0x18,
  0xc3,0x18,0xa3,0x10,0xa2,0x10,0xa2,0x10,0xa2,0x10,0x82,0x10,0xa2,0x10,0x82,0x10,
  0xc3,0x18,0x08,0x3a,0x69,0x4a,0x49,0x4a,0x49,0x4a,0x49,0x4a,0x49,0x4a,0x49,0x4a,
  0x49,0x4a,0x49,0x4a,0x49,0x4a,0x49,0x4a,0x49,0x4a,0x49,0x4a,0x49,0x4a,0x49,0x4a,
  0x49,0x4a,0x49,0x4a,0x49,0x4a,0x49,0x4a,0x49,0x4a,0x49,0x4a,0x49,0x4a,0x49,0x4a,
  0x49,0x4a,0x49,0x4a,0x49,0x4a,0x49,0x4a,0x49,0x4a,0x49,0x4a,0x49,0x4a,0x49,0x4a,
  0x49,0x4a,0x49,0x4a,0x49,0x4a,0x49,0x4a,0x49,0x4a,0x49,0x4a,0x49,0x4a,0x49,0x4a,
  0x49,0x4a,0x49,0x4a,0x49,0x4a,0x49,0x4a,0x49,0x4a,0x49,0x4a,0x49,0x4a,0x49,0x4a,
  0x49,0x4a,0x49,0x4a,0x49,0x4a,0x49,0x4a,0x49,0x4a,0x49,0x4a,0x49,0x4a,0x49,0x4a,
  0x49,0x4a,0x49,0x4a,0x49,0x4a,0x49,0x4a,0x49,0x4a,0x49,0x4a,0x49,0x4a,0x49,0x4a,
  0x69,0x4a,0x69,0x4a,0x69,0x4a,0x69,0x4a,0x69,0x4a,0x69,0x4a,0x49,0x4a,0x49,0x4a,
  0x49,0x4a,0x49,0x4a,0x49,0x4a,0x49,0x4a,0x49,0x4a,0x49,0x4a,0x49,0x4a,0x49,0x4a,
  0x49,0x4a,0x49,0x4a,0x49,0x4a,0x49,0x4a,0x49,0x4a,0x49,0x4a,0x49,0x4a,0x49,0x4a,
  0x49,0x4a,0x49,0x4a,0x49,0x4a,0x49,0x4a,0x49,0x4a,0x49,0x4a,0x49,0x4a,0x49,0x4a,
  0x49,0x4a,0x49,0x4a,0x49,0x4a,0x49,0x4a,0x49,0x4a,0x49,0x4a,0x49,0x4a,0x49,0x4a,
  0x49,0x4a,0x49,0x4a,0x49,0x4a,0x49,0x4a,0x49,0x4a,0x49,0x4a,0x49,0x4a,0x49,0x4a,
  0x49,0x4a,0x49,0x4a,0x49,0x4a,0x49,0x4a,0x49,0x4a,0x49,0x4a,0x49,0x4a,0x49,0x4a,
  0x49,0x4a,0x49,0x4a,0x49,0x4a,0x49,0x4a,0x49,0x4a,0x49,0x4a,0x49,0x4a,0x49,0x4a,
  0x49,0x4a,0x49,0x4a,0x49,0x4a,0x69,0x4a,0x69,0x4a,0x65,0x29,0xc3,0x18,0xe4,0x18,
  0xe3,0x18,0xe3,0x18,0xe3,0x18,0xe3,0x18,0xe3,0x18,0xe3,0x18,0xe3,0x18,0x04,0x19,
  0x04,0x21,0x24,0x21,0x04,0x21,0x04,0x19,0xe7,0x39,0x6a,0x4a,0x49,0x4a,0x49,0x4a,
  0x49,0x4a,0x49,0x4a,0x49,0x4a,0x49,0x4a,0x49,0x4a,0x49,0x4a,0x49,0x4a,0x49,0x4a,
  0x69,0x4a,0x08,0x42,0xa6,0x31,0x25,0x21,0xc3,0x10,0xa3,0x10,0xc3,0x10,0x25,0x21,
  0xa7,0x31,0x29,0x42,0x69,0x4a,0x49,0x4a,0x49,0x4a,0x49,0x4a,0x49,0x4a,0x49,0x4a,
  0x49,0x4a,0x49,0x4a,0x49,0x4a,0x6a,0x4a,0xe7,0x39,0xc3,0x18,0xe4,0x18,0x04,0x19,
  0x04,0x19,0x04,0x19,0x04,0x19,0x04,0x19,0xe4,0x18,0xe4,0x18,0xe3,0x18,0xc3,0x18,
  0xa3,0x10,0xa2,0x10,0xa2,0x10,0xa2,0x10,0xa2,0x10,0xa2,0x10,0x82,0x08,0x04,0x19,
  0x29,0x42,0x69,0x4a,0x49,0x4a,0x49,0x4a,0x49,0x4a,0x49,0x4a,0x49,0x4a,0x49,0x4a,
  0x49,0x4a,0x49,0x4a,0x49,0x4a,0x49,0x4a,0x49,0x4a,0x49,0x4a,0x49,0x4a,0x49,0x4a,
  0x49,0x4a,0x49,0x4a,0x49,0x4a,0x49,0x4a,0x49,0x4a,0x49,0x4a,0x49,0x4a,0x49,0x4a,
  0x49,0x4a,0x49,0x4a,0x49,0x4a,0x49,0x4a,0x49,0x4a,0x49,0x4a,0x49,0x4a,0x49,0x4a,
  0x49,0x4a,0x49,0x4a,0x49,0x4a,0x49,0x4a,0x49,0x4a,0x49,0x4a,0x49,0x4a,0x49,0x4a,
  0x49,0x4a,0x49,0x4a,0x49,0x4a,0x49,0x4a,0x49,0x4a,0x49,0x4a,0x49,0x4a,0x49,0x4a,
  0x49,0x4a,0x49,0x4a,0x49,0x4a,0x49,0x4a,0x49,0x4a,0x49,0x4a,0x49,0x4a,0x49,0x4a,
  0x49,0x4a,0x49,0x4a,0x49,0x4a,0x49,0x4a,0x49,0x4a,0x49,0x4a,0x49,0x4a,0x49,0x4a,
  0x69,0x4a,0x69,0x4a,0x69,0x4a,0x69,0x4a,0x69,0x4a,0x69,0x4a,0x49,0x4a,0x49,0x4a,
  0x49,0x4a,0x49,0x4a,0x49,0x4a,0x49,0x4a,0x49,0x4a,0x49,0x4a,0x49,0x4a,0x49,0x4a,
  0x49,0x4a,0x49,0x4a,0x49,0x4a,0x49,0x4a,0x49,0x4a,0x49,0x4a,0x49,0x4a,0x49,0x4a,
  0x49,0x4a,0x49,0x4a,0x49,0x4a,0x49,0x4a,0x49,0x4a,0x49,0x4a,0x49,0x4a,0x49,0x4a,
  0x49,0x4a,0x49,0x4a,0x49,0x4a,0x49,0x4a,0x49,0x4a,0x49,0x4a,0x49,0x4a,0x49,0x4a,
  0x49,0x4a,0x49,0x4a,0x49,0x4a,0x49,0x4a,0x49,0x4a,0x49,0x4a,0x49,0x4a,0x49,0x4a,
  0x49,0x4a,0x49,0x4a,0x49,0x4a,0x49,0x4a,0x49,0x4a,0x49,0x4a,0x49,0x4a,0x49,0x4a,
  0x49,0x4a,0x49,0x4a,0x49,0x4a,0x49,0x4a,0x49,0x4a,0x49,0x4a,0x49,0x4a,0x49,0x4a,
  0x49,0x4a,0x49,0x4a,0x49,0x4a,0x49,0x4a,0x49,0x4a,0x69,0x4a,0xa6,0x31,0xc3,0x18,
  0xe3,0x18,0xe4,0x18,0xe3,0x18,0xe3,0x18,0xe3,0x18,0xe3,0x18,0xe3,0x18,0xe3,0x18,
  0x04,0x19,0x04,0x21,0x24,0x21,0x24,0x21,0xe3,0x18,0xc7,0x39,0x6a,0x4a,0x49,0x4a,
  0x49,0x4a,0x49,0x4a,0x49,0x4a,0x49,0x4a,0x49,0x4a,0x49,0x4a,0x49,0x4a,0x49,0x4a,
  0x65,0x29,0xa3,0x10,0xc3,0x18,0xc3,0x18,0xa2,0x10,0x82,0x10,0x82,0x10,0xa2,0x10,
  0xe3,0x18,0xe3,0x18,0xa7,0x31,0x69,0x4a,0x49,0x4a,0x49,0x4a,0x49,0x4a,0x49,0x4a,
  0x49,0x4a,0x49,0x4a,0x69,0x4a,0xa7,0x31,0xc3,0x18,0xe4,0x18,0x04,0x19,0xe4,0x18,
  0x04,0x19,0x04,0x19,0x04,0x19,0x04,0x19,0xe3,0x18,0xc3,0x18,0xc3,0x18,0xa3,0x10,
  0xa2,0x10,0xa2,0x10,0xa2,0x10,0xa2,0x10,0xa2,0x10,0x82,0x10,0x25,0x21,0x49,0x4a,
  0x69,0x4a,0x49,0x4a,0x49,0x4a,0x49,0x4a,0x49,0x4a,0x49,0x4a,0x49,0x4a,0x49,0x4a,
  0x49,0x4a,0x49,0x4a,0x49,0x4a,0x49,0x4a,0x49,0x4a,0x49,0x4a,0x49,0x4a,0x49,0x4a,
  0x49,0x4a,0x49,0x4a,0x49,0x4a,0x49,0x4a,0x49,0x4a,0x49,0x4a,0x49,0x4a,0x49,0x4a,
  0x49,0x4a,0x49,0x4a,0x49,0x4a,0x49,0x4a,0x49,0x4a,0x49,0x4a,0x49,0x4a,0x49,0x4a,
  0x49,0x4a,0x49,0x4a,0x49,0x4a,0x49,0x4a,0x49,0x4a,0x49,0x4a,0x49,0x4a,0x49,0x4a,
  0x49,0x4a,0x49,0x4a,0x49,0x4a,0x49,0x4a,0x49,0x4a,0x49,0x4a,0x49,0x4a,0x49,0x4a,
  0x49,0x4a,0x49,0x4a,0x49,0x4a,0x49,0x4a,0x49,0x4a,0x49,0x4a,0x49,0x4a,0x49,0x4a,
  0x49,0x4a,0x49,0x4a,0x49,0x4a,0x49,0x4a,0x49,0x4a,0x49,0x4a,0x49,0x4a,0x49,0x4a,
  0x49,0x4a,0x49,0x4a,0x69,0x4a,0x69,0x4a,0x69,0x4a,0x69,0x4a,0x69,0x4a,0x69,0x4a,
  0x69,0x4a,0x69,0x4a,0x69,0x4a,0x69,0x4a,0x49,0x4a,0x49,0x4a,0x49,0x4a,0x49,0x4a,
  0x49,0x4a,0x49,0x4a,0x49,0x4a,0x49,0x4a,0x49,0x4a,0x49,0x4a,0x49,0x4a,0x49,0x4a,
  0x49,0x4a,0x49,0x4a,0x49,0x4a,0x49,0x4a,0x49,0x4a,0x49,0x4a,0x49,0x4a,0x49,0x4a,
  0x49,0x4a,0x49,0x4a,0x49,0x4a,0x49,0x4a,0x49,0x4a,0x49,0x4a,0x49,0x4a,0x49,0x4a,
  0x49,0x4a,0x49,0x4a,0x49,0x4a,0x49,0x4a,0x49,0x4a,0x49,0x4a,0x49,0x4a,0x49,0x4a,
  0x49,0x4a,0x49,0x4a,0x49,0x4a,0x49,0x4a,0x49,0x4a,0x49,0x4a,0x49,0x4a,0x49,0x4a,
  0x49,0x4a,0x49,0x4a,0x49,0x4a,0x49,0x4a,0x49,0x4a,0x49,0x4a,0x49,0x4a,0x49,0x4a,
  0x49,0x4a,0x49,0x4a,0x49,0x4a,0x49,0x4a,0x49,0x4a,0x49,0x4a,0x6a,0x4a,0xc7,0x39,
  0xe3,0x18,0xe3,0x18,0xe4,0x18,0xe3,0x18,0xe3,0x18,0xe3,0x18,0xe3,0x18,0xe3,0x18,
  0xe3,0x18,0x04,0x19,0x04,0x21,0x04,0x21,0x04,0x21,0xe3,0x18,0xa6,0x31,0x6a,0x4a,
  0x49,0x4a,0x49,0x4a,0x49,0x4a,0x49,0x4a,0x49,0x4a,0x49,0x4a,0x69,0x4a,0xe7,0x39,
  0xa2,0x10,0xc3,0x18,0x04,0x21,0xe3,0x18,0xa2,0x10,0xa2,0x10,0x82,0x10,0xc3,0x10,
  0x04,0x21,0xe3,0x18,0xc3,0x18,0x08,0x42,0x69,0x4a,0x49,0x4a,0x49,0x4a,0x49,0x4a,
  0x49,0x4a,0x69,0x4a,0x86,0x31,0xc3,0x10,0xe4,0x18,0xe4,0x18,0xe4,0x18,0xe4,0x18,
  0x04,0x19,0x04,0x19,0xe4,0x18,0xe3,0x18,0xc3,0x18,0xc3,0x10,0xa3,0x10,0xa2,0x10,
  0xa2,0x10,0xa2,0x10,0xa2,0x10,0xa2,0x10,0x82,0x10,0x66,0x29,0x69,0x4a,0x49,0x4a,
  0x49,0x4a,0x49,0x4a,0x49,0x4a,0x49,0x4a,0x49,0x4a,0x49,0x4a,0x49,0x4a,0x49,0x4a,
  0x49,0x4a,0x49,0x4a,0x49,0x4a,0x49,0x4a,0x49,0x4a,0x49,0x4a,0x49,0x4a,0x49,0x4a,
  0x49,0x4a,0x49,0x4a,0x49,0x4a,0x49,0x4a,0x49,0x4a,0x49,0x4a,0x49,0x4a,0x49,0x4a,
  0x49,0x4a,0x49,0x4a,0x49,0x4a,0x49,0x4a,0x49,0x4a,0x49,0x4a,0x49,0x4a,0x49,0x4a,
  0x49,0x4a,0x49,0x4a,0x49,0x4a,0x49,0x4a,0x49,0x4a,0x49,0x4a,0x49,0x4a,0x49,0x4a,
  0x49,0x4a,0x49,0x4a,0x49,0x4a,0x49,0x4a,0x49,0x4a,0x49,0x4a,0x49,0x4a,0x49,0x4a,
  0x49,0x4a,0x49,0x4a,0x49,0x4a,0x49,0x4a,0x49,0x4a,0x49,0x4a,0x49,0x4a,0x49,0x4a,
  0x49,0x4a,0x49,0x4a,0x49,0x4a,0x49,0x4a,0x49,0x4a,0x49,0x4a,0x49,0x4a,0x69,0x4a,
  0x8a,0x4a,0x6a,0x4a,0x69,0x4a,0x69,0x4a,0x49,0x4a,0x49,0x4a,0x49,0x4a,0x49,0x4a,
  0x49,0x4a,0x49,0x4a,0x69,0x4a,0x69,0x4a,0x49,0x4a,0x49,0x4a,0x49,0x4a,0x49,0x4a,
  0x49,0x4a,0x49,0x4a,0x49,0x4a,0x49,0x4a,0x49,0x4a,0x49,0x4a,0x49,0x4a,0x49,0x4a,
  0x49,0x4a,0x49,0x4a,0x49,0x4a,0x49,0x4a,0x49,0x4a,0x49,0x4a,0x49,0x4a,0x49,0x4a,
  0x49,0x4a,0x49,0x4a,0x49,0x4a,0x49,0x4a,0x49,0x4a,0x49,0x4a,0x49,0x4a,0x49,0x4a,
  0x49,0x4a,0x49,0x4a,0x49,0x4a,0x49,0x4a,0x49,0x4a,0x49,0x4a,0x49,0x4a,0x49,0x4a,
  0x49,0x4a,0x49,0x4a,0x49,0x4a,0x49,0x4a,0x49,0x4a,0x49,0x4a,0x49,0x4a,0x49,0x4a,
  0x49,0x4a,0x49,0x4a,0x49,0x4a,0x49,0x4a,0x49,0x4a,0x49,0x4a,0x49,0x4a,0x49,0x4a,
  0x49,0x4a,0x49,0x4a,0x49,0x4a,0x49,0x4a,0x49,0x4a,0x49,0x4a,0x49,0x4a,0x6a,0x4a,
  0xe8,0x39,0xe4,0x18,0xe3,0x18,0xe4,0x18,0xe3,0x18,0xe3,0x18,0xe3,0x18,0xe3,0x18,
  0xe3,0x18,0xe3,0x18,0xe4,0x18,0x04,0x21,0x04,0x21,0x04,0x21,0xe3,0x18,0x86,0x31,
  0x69,0x4a,0x49,0x4a,0x49,0x4a,0x69,0x4a,0x6a,0x4a,0x49,0x4a,0x69,0x4a,0xc7,0x39,
  0xa3,0x10,0xc3,0x10,0xe4,0x18,0xc3,0x18,0xa2,0x10,0x82,0x10,0x82,0x10,0xa3,0x10,
  0x04,0x19,0xe3,0x18,0xc3,0x18,0xe8,0x39,0x69,0x4a,0x49,0x4a,0x69,0x4a,0x69,0x4a,
  0x69,0x4a,0x65,0x29,0xa3,0x10,0xe4,0x18,0xe4,0x18,0xe4,0x18,0xe4,0x18,0xe4,0x18,
  0xe4,0x18,0xe4,0x18,0xe3,0x18,0xc3,0x18,0xc3,0x10,0xa3,0x10,0xa2,0x10,0xa2,0x10,
  0xa2,0x10,0xa2,0x10,0x82,0x10,0xa2,0x10,0xa7,0x31,0x69,0x4a,0x49,0x4a,0x49,0x4a,
  0x49,0x4a,0x49,0x4a,0x49,0x4a,0x49,0x4a,0x49,0x4a,0x49,0x4a,0x49,0x4a,0x49,0x4a,
  0x49,0x4a,0x49,0x4a,0x49,0x4a,0x49,0x4a,0x49,0x4a,0x49,0x4a,0x49,0x4a,0x49,0x4a,
  0x49,0x4a,0x49,0x4a,0x49,0x4a,0x49,0x4a,0x49,0x4a,0x49,0x4a,0x49,0x4a,0x49,0x4a,
  0x49,0x4a,0x49,0x4a,0x49,0x4a,0x49,0x4a,0x49,0x4a,0x49,0x4a,0x49,0x4a,0x49,0x4a,
  0x49,0x4a,0x49,0x4a,0x49,0x4a,0x49,0x4a,0x49,0x4a,0x49,0x4a,0x49,0x4a,0x49,0x4a,
  0x49,0x4a,0x49,0x4a,0x49,0x4a,0x49,0x4a,0x49,0x4a,0x49,0x4a,0x49,0x4a,0x49,0x4a,
  0x49,0x4a,0x49,0x4a,0x49,0x4a,0x49,0x4a,0x49,0x4a,0x49,0x4a,0x49,0x4a,0x49,0x4a,
  0x69,0x4a,0x69,0x4a,0x69,0x4a,0x69,0x4a,0x49,0x4a,0x29,0x42,0x08,0x42,0xe7,0x39,
  0xc7,0x31,0x08,0x3a,0x29,0x42,0x49,0x4a,0x69,0x4a,0x8a,0x4a,0x8a,0x4a,0x8a,0x4a,
  0x6a,0x4a,0x69,0x4a,0x69,0x4a,0x49,0x4a,0x49,0x4a,0x49,0x4a,0x49,0x4a,0x49,0x4a,
  0x49,0x4a,0x49,0x4a,0x49,0x4a,0x49,0x4a,0x49,0x4a,0x49,0x4a,0x49,0x4a,0x69,0x4a,
  0x49,0x4a,0x49,0x4a,0x49,0x4a,0x49,0x4a,0x49,0x4a,0x49,0x4a,0x49,0x4a,0x49,0x4a,
  0x49,0x4a,0x49,0x4a,0x49,0x4a,0x49,0x4a,0x49,0x4a,0x69,0x4a,0x69,0x4a,0x49,0x4a,
  0x49,0x4a,0x49,0x4a,0x49,0x4a,0x49,0x4a,0x49,0x4a,0x49,0x4a,0x49,0x4a,0x49,0x4a,
  0x49,0x4a,0x49,0x4a,0x49,0x4a,0x49,0x4a,0x49,0x4a,0x49,0x4a,0x49,0x4a,0x49,0x4a,
  0x49,0x4a,0x49,0x4a,0x49,0x4a,0x49,0x4a,0x49,0x4a,0x49,0x4a,0x49,0x4a,0x49,0x4a,
  0x49,0x4a,0x49,0x4a,0x49,0x4a,0x49,0x4a,0x49,0x4a,0x49,0x4a,0x49,0x4a,0x49,0x4a,
  0x6a,0x4a,0x08,0x42,0x04,0x21,0xc3,0x18,0xe4,0x18,0xe3,0x18,0xe3,0x18,0xe3,0x18,
  0xe3,0x18,0xe3,0x18,0xe3,0x18,0xe4,0x18,0x04,0x21,0x04,0x21,0x04,0x21,0xe3,0x18,
  0x65,0x29,0x69,0x4a,0x69,0x4a,0xe7,0x39,0x86,0x31,0x28,0x42,0x6a,0x4a,0x86,0x31,
  0xa3,0x10,0xc3,0x18,0xc3,0x10,0xa2,0x10,0xa2,0x10,0x82,0x10,0x82,0x10,0xa2,0x10,
  0xc3,0x10,0xc3,0x18,0xc3,0x18,0xa7,0x31,0x6a,0x4a,0x49,0x4a,0xe8,0x39,0x08,0x42,
  0x45,0x29,0xa3,0x10,0xe3,0x18,0xe3,0x18,0xe3,0x18,0xe4,0x18,0xe4,0x18,0xe4,0x18,
  0xe4,0x18,0xe3,0x18,0xc3,0x18,0xc3,0x10,0xa3,0x10,0xa2,0x10,0xa2,0x10,0xa2,0x10,
  0xa2,0x10,0x82,0x10,0xc3,0x10,0xe8,0x39,0x69,0x4a,0x49,0x4a,0x49,0x4a,0x49,0x4a,
  0x49,0x4a,0x49,0x4a,0x49,0x4a,0x49,0x4a,0x49,0x4a,0x49,0x4a,0x49,0x4a,0x49,0x4a,
  0x49,0x4a,0x49,0x4a,0x49,0x4a,0x49,0x4a,0x49,0x4a,0x49,0x4a,0x49,0x4a,0x49,0x4a,
  0x49,0x4a,0x49,0x4a,0x49,0x4a,0x49,0x4a,0x49,0x4a,0x49,0x4a,0x49,0x4a,0x49,0x4a,
  0x49,0x4a,0x49,0x4a,0x49,0x4a,0x49,0x4a,0x49,0x4a,0x49,0x4a,0x49,0x4a,0x49,0x4a,
  0x49,0x4a,0x49,0x4a,0x49,0x4a,0x49,0x4a,0x49,0x4a,0x49,0x4a,0x49,0x4a,0x49,0x4a,
  0x49,0x4a,0x49,0x4a,0x49,0x4a,0x49,0x4a,0x49,0x4a,0x49,0x4a,0x49,0x4a,0x49,0x4a,
  0x49,0x4a,0x69,0x4a,0x69,0x4a,0x69,0x4a,0x69,0x4a,0x49,0x4a,0x29,0x42,0x08,0x42,
  0xe7,0x39,0xa7,0x31,0x66,0x29,0x45,0x21,0x24,0x21,0xe4,0x18,0xc3,0x18,0xc3,0x10,
  0xc3,0x18,0xc3,0x18,0xe3,0x18,0x04,0x21,0x25,0x21,0x65,0x29,0x86,0x31,0xc7,0x39,
  0x08,0x42,0x29,0x42,0x69,0x4a,0x6a,0x4a,0x8a,0x4a,0x8a,0x4a,0x6a,0x4a,0x69,0x4a,
  0x69,0x4a,0x49,0x4a,0x49,0x4a,0x49,0x4a,0x49,0x4a,0x49,0x4a,0x49,0x4a,0x49,0x4a,
  0x49,0x4a,0x49,0x4a,0x49,0x4a,0x49,0x4a,0x49,0x4a,0x49,0x4a,0x49,0x4a,0x49,0x4a,
  0x49,0x4a,0x49,0x4a,0x49,0x4a,0x69,0x4a,0x69,0x4a,0x69,0x4a,0x69,0x4a,0x49,0x4a,
  0x49,0x4a,0x49,0x4a,0x49,0x4a,0x49,0x4a,0x49,0x4a,0x69,0x4a,0x69,0x4a,0x69,0x4a,
  0x69,0x4a,0x49,0x4a,0x49,0x4a,0x49,0x4a,0x49,0x4a,0x49,0x4a,0x49,0x4a,0x49,0x4a,
  0x49,0x4a,0x49,0x4a,0x49,0x4a,0x49,0x4a,0x49,0x4a,0x49,0x4a,0x49,0x4a,0x49,0x4a,
  0x49,0x4a,0x49,0x4a,0x49,0x4a,0x49,0x4a,0x49,0x4a,0x49,0x4a,0x49,0x4a,0x49,0x4a,
  0x49,0x4a,0x6a,0x4a,0x29,0x42,0x24,0x21,0xc3,0x18,0xe4,0x18,0xe3,0x18,0xe3,0x18,
  0xe3,0x18,0xe3,0x18,0xe3,0x18,0xe3,0x18,0xe3,0x18,0x04,0x19,0x04,0x21,0x04,0x21,
  0xe3,0x18,0x45,0x29,0x25,0x21,0xa3,0x10,0x82,0x08,0xc3,0x10,0xe4,0x18,0xa3,0x10,
  0xc3,0x18,0xc3,0x10,0xa3,0x10,0xa2,0x10,0x82,0x10,0x82,0x10,0x82,0x10,0x82,0x10,
  0x82,0x10,0xa3,0x10,0xc3,0x18,0xc3,0x18,0x04,0x21,0xe3,0x18,0x82,0x10,0xc3,0x10,
  0xa3,0x10,0xe3,0x18,0xe3,0x18,0xe3,0x18,0xe3,0x18,0xe3,0x18,0xe4,0x18,0xe4,0x18,
  0xe3,0x18,0xc3,0x18,0xc3,0x10,0xa3,0x10,0xa2,0x10,0xa2,0x10,0xa2,0x10,0xa2,0x10,
  0x82,0x10,0xe4,0x18,0x28,0x42,0x69,0x4a,0x49,0x4a,0x49,0x4a,0x49,0x4a,0x49,0x4a,
  0x49,0x4a,0x49,0x4a,0x49,0x4a,0x49,0x4a,0x49,0x4a,0x49,0x4a,0x49,0x4a,0x49,0x4a,
  0x49,0x4a,0x49,0x4a,0x49,0x4a,0x49,0x4a,0x49,0x4a,0x49,0x4a,0x49,0x4a,0x49,0x4a,
  0x49,0x4a,0x49,0x4a,0x49,0x4a,0x49,0x4a,0x49,0x4a,0x49,0x4a,0x49,0x4a,0x49,0x4a,
  0x49,0x4a,0x49,0x4a,0x49,0x4a,0x49,0x4a,0x49,0x4a,0x49,0x4a,0x49,0x4a,0x49,0x4a,
  0x49,0x4a,0x49,0x4a,0x49,0x4a,0x49,0x4a,0x49,0x4a,0x49,0x4a,0x49,0x4a,0x49,0x4a,
  0x49,0x4a,0x49,0x4a,0x69,0x4a,0x69,0x4a,0x69,0x4a,0x69,0x4a,0x49,0x4a,0x29,0x42,
  0x08,0x42,0xe7,0x39,0xa6,0x31,0x86,0x29,0x45,0x21,0x04,0x21,0xe4,0x18,0xc3,0x18,
  0xc3,0x10,0xc3,0x10,0xc3,0x10,0xc3,0x18,0xc3,0x18,0xe3,0x18,0xe3,0x18,0xe4,0x18,
  0xe4,0x18,0xe4,0x18,0xe4,0x18,0xe4,0x18,0xe3,0x18,0xe3,0x18,0xc3,0x18,0xc3,0x18,
  0xe3,0x18,0xe3,0x18,0x04,0x21,0x45,0x29,0x86,0x29,0xa6,0x31,0xe7,0x39,0x08,0x42,
  0x49,0x4a,0x69,0x4a,0x6a,0x4a,0x6a,0x4a,0x6a,0x4a,0x6a,0x4a,0x69,0x4a,0x69,0x4a,
  0x49,0x4a,0x49,0x4a,0x49,0x4a,0x49,0x4a,0x49,0x4a,0x49,0x4a,0x49,0x4a,0x49,0x4a,
  0x69,0x4a,0x69,0x4a,0x69,0x4a,0x69,0x4a,0x69,0x4a,0x69,0x4a,0x69,0x4a,0x49,0x4a,
  0x49,0x4a,0x49,0x4a,0x49,0x4a,0x49,0x4a,0x49,0x4a,0x49,0x4a,0x69,0x4a,0x49,0x4a,
  0x49,0x4a,0x49,0x4a,0x49,0x4a,0x49,0x4a,0x49,0x4a,0x49,0x4a,0x49,0x4a,0x49,0x4a,
  0x49,0x4a,0x49,0x4a,0x49,0x4a,0x49,0x4a,0x49,0x4a,0x49,0x4a,0x49,0x4a,0x49,0x4a,
  0x49,0x4a,0x49,0x4a,0x49,0x4a,0x49,0x4a,0x49,0x4a,0x49,0x4a,0x49,0x4a,0x49,0x4a,
  0x49,0x4a,0x49,0x4a,0x69,0x4a,0x49,0x4a,0x45,0x29,0xc3,0x18,0xe4,0x18,0xe3,0x18,
  0xe3,0x18,0xe3,0x18,0xe3,0x18,0xe3,0x18,0xc3,0x18,0xe3,0x18,0xe4,0x18,0xe4,0x18,
  0x04,0x19,0xc3,0x18,0xa3,0x10,0xe3,0x18,0x61,0x08,0x62,0x08,0xa3,0x10,0xc3,0x18,
  0xc3,0x18,0xa3,0x10,0xa2,0x10,0x82,0x10,0x82,0x10,0x82,0x10,0x82,0x10,0x82,0x10,
  0x82,0x10,0xa2,0x10,0xa3,0x10,0xc3,0x18,0xa3,0x10,0x82,0x10,0xa3,0x10,0xc3,0x10,
  0xc3,0x18,0xc3,0x18,0xc3,0x18,0xc3,0x18,0xe3,0x18,0xe3,0x18,0xe3,0x18,0xc3,0x18,
  0xc3,0x18,0xa3,0x10,0xa3,0x10,0xa2,0x10,0xa2,0x10,0xa2,0x10,0xa2,0x10,0x82,0x10,
  0x25,0x21,0x49,0x4a,0x69,0x4a,0x49,0x4a,0x49,0x4a,0x49,0x4a,0x49,0x4a,0x49,0x4a,
  0x49,0x4a,0x49,0x4a,0x49,0x4a,0x49,0x4a,0x49,0x4a,0x49,0x4a,0x49,0x4a,0x49,0x4a,
  0x49,0x4a,0x49,0x4a,0x49,0x4a,0x49,0x4a,0x49,0x4a,0x49,0x4a,0x49,0x4a,0x49,0x4a,
  0x49,0x4a,0x49,0x4a,0x49,0x4a,0x49,0x4a,0x49,0x4a,0x49,0x4a,0x49,0x4a,0x49,0x4a,
  0x49,0x4a,0x49,0x4a,0x49,0x4a,0x49,0x4a,0x49,0x4a,0x49,0x4a,0x49,0x4a,0x49,0x4a,
  0x49,0x4a,0x49,0x4a,0x49,0x4a,0x69,0x4a,0x69,0x4a,0x69,0x4a,0x69,0x4a,0x49,0x4a,
  0x49,0x4a,0x28,0x42,0xe7,0x39,0xa7,0x31,0x86,0x31,0x45,0x29,0x04,0x21,0xe3,0x18,
  0xc3,0x18,0xc3,0x18,0xc3,0x10,0xc3,0x18,0xc3,0x18,0xc3,0x18,0xe3,0x18,0xe4,0x18,
  0xe4,0x18,0xe4,0x18,0xe4,0x18,0xe3,0x18,0xe3,0x18,0xe3,0x18,0xe3,0x18,0xe3,0x18,
  0xe3,0x18,0xe3,0x18,0xe3,0x18,0xe3,0x18,0xe3,0x18,0xe4,0x18,0xe4,0x18,0x04,0x19,
  0x04,0x19,0xe4,0x18,0xe4,0x18,0xe3,0x18,0xe3,0x18,0xc3,0x18,0xc3,0x18,0xe3,0x18,
  0xe4,0x18,0x24,0x21,0x45,0x29,0x86,0x29,0xc7,0x31,0xe8,0x39,0x28,0x42,0x49,0x4a,
  0x69,0x4a,0x6a,0x4a,0x8a,0x4a,0x6a,0x4a,0x69,0x4a,0x69,0x4a,0x69,0x4a,0x49,0x4a,
  0x49,0x4a,0x49,0x4a,0x49,0x4a,0x49,0x4a,0x49,0x4a,0x69,0x4a,0x69,0x4a,0x49,0x4a,
  0x49,0x4a,0x49,0x4a,0x49,0x4a,0x49,0x4a,0x49,0x4a,0x69,0x4a,0x49,0x4a,0x49,0x4a,
  0x49,0x4a,0x49,0x4a,0x49,0x4a,0x49,0x4a,0x49,0x4a,0x49,0x4a,0x49,0x4a,0x49,0x4a,
  0x49,0x4a,0x49,0x4a,0x49,0x4a,0x49,0x4a,0x49,0x4a,0x49,0x4a,0x49,0x4a,0x49,0x4a,
  0x49,0x4a,0x49,0x4a,0x49,0x4a,0x49,0x4a,0x49,0x4a,0x49,0x4a,0x49,0x4a,0x49,0x4a,
  0x49,0x4a,0x49,0x4a,0x49,0x4a,0x49,0x4a,0x69,0x4a,0x66,0x29,0xc3,0x18,0xe3,0x18,
  0xe3,0x18,0xe3,0x18,0xe3,0x18,0xc3,0x18,0xc3,0x18,0xc3,0x18,0xc3,0x18,0xc3,0x18,
  0xc3,0x18,0xe3,0x18,0xc3,0x18,0xa3,0x10,0x62,0x08,0xa2,0x10,0xe3,0x18,0xe3,0x18,
  0xc3,0x18,0xa3,0x10,0xa2,0x10,0x82,0x10,0x82,0x10,0x82,0x10,0x82,0x10,0x82,0x10,
  0x82,0x10,0x82,0x10,0xa3,0x10,0xc3,0x18,0xe4,0x18,0xc3,0x10,0xa3,0x10,0xc3,0x10,
  0xa3,0x10,0xc3,0x10,0xc3,0x18,0xc3,0x18,0xc3,0x18,0xc3,0x18,0xc3,0x18,0xc3,0x10,
  0xa3,0x10,0xa3,0x10,0xa2,0x10,0xa2,0x10,0xa3,0x10,0xa2,0x10,0x82,0x10,0x65,0x29,
  0x69,0x4a,0x49,0x4a,0x49,0x4a,0x49,0x4a,0x49,0x4a,0x49,0x4a,0x49,0x4a,0x49,0x4a,
  0x49,0x4a,0x49,0x4a,0x49,0x4a,0x49,0x4a,0x49,0x4a,0x49,0x4a,0x49,0x4a,0x49,0x4a,
  0x49,0x4a,0x49,0x4a,0x49,0x4a,0x49,0x4a,0x49,0x4a,0x49,0x4a,0x49,0x4a,0x49,0x4a,
  0x49,0x4a,0x49,0x4a,0x49,0x4a,0x49,0x4a,0x49,0x4a,0x49,0x4a,0x49,0x4a,0x49,0x4a,
  0x49,0x4a,0x49,0x4a,0x49,0x4a,0x49,0x4a,0x69,0x4a,0x69,0x4a,0x69,0x4a,0x69,0x4a,
  0x69,0x4a,0x49,0x4a,0x28,0x42,0x08,0x3a,0xc7,0x39,0x86,0x31,0x45,0x29,0x24,0x21,
  0x04,0x19,0xc3,0x18,0xc3,0x18,0xc3,0x18,0xc3,0x18,0xc3,0x18,0xe3,0x18,0xe3,0x18,
  0xe4,0x18,0xe4,0x18,0xe4,0x18,0xe4,0x18,0xe4,0x18,0xe3,0x18,0xe3,0x18,0xe3,0x18,
  0xe3,0x18,0xe3,0x18,0xc3,0x18,0xc3,0x18,0xc3,0x18,0xc3,0x18,0xc3,0x18,0xc3,0x10,
  0xc3,0x18,0xc3,0x18,0xe3,0x18,0xe3,0x18,0xe3,0x18,0xe3,0x18,0xe3,0x18,0xe3,0x18,
  0xe3,0x18,0xe3,0x18,0xe3,0x18,0xe3,0x18,0xe4,0x18,0x04,0x19,0x04,0x19,0x04,0x19,
  0x04,0x19,0xe4,0x18,0xe3,0x18,0xe3,0x18,0xc3,0x18,0xe3,0x18,0xe3,0x18,0x04,0x19,
  0x25,0x21,0x65,0x29,0x86,0x31,0xe7,0x39,0x08,0x42,0x49,0x42,0x69,0x4a,0x6a,0x4a,
  0x8a,0x4a,0x8a,0x4a,0x6a,0x4a,0x69,0x4a,0x69,0x4a,0x49,0x4a,0x49,0x4a,0x49,0x4a,
  0x49,0x4a,0x49,0x4a,0x49,0x4a,0x69,0x4a,0x69,0x4a,0x69,0x4a,0x69,0x4a,0x69,0x4a,
  0x69,0x4a,0x69,0x4a,0x69,0x4a,0x69,0x4a,0x49,0x4a,0x49,0x4a,0x49,0x4a,0x49,0x4a,
  0x49,0x4a,0x49,0x4a,0x49,0x4a,0x49,0x4a,0x49,0x4a,0x49,0x4a,0x49,0x4a,0x49,0x4a,
  0x69,0x4a,0x69,0x4a,0x49,0x4a,0x49,0x4a,0x49,0x4a,0x49,0x4a,0x49,0x4a,0x49,0x4a,
  0x49,0x4a,0x49,0x4a,0x49,0x4a,0x49,0x4a,0x49,0x4a,0x69,0x4a,0x86,0x31,0xc3,0x18,
  0xe3,0x18,0xe3,0x18,0xc3,0x18,0xc3,0x18,0xc3,0x18,0xc3,0x10,0xa3,0x10,0xa3,0x10,
  0xa3,0x10,0xa3,0x10,0xa3,0x10,0xa2,0x10,0x82,0x10,0xa2,0x10,0xc3,0x18,0xe3,0x18,
  0xc3,0x18,0xa3,0x10,0xa2,0x10,0x82,0x10,0x82,0x10,0x82,0x10,0x82,0x10,0x82,0x10,
  0x82,0x10,0x82,0x10,0xa3,0x10,0xc3,0x18,0xa2,0x10,0x82,0x10,0xa3,0x10,0xa3,0x10,
  0xa3,0x10,0xa3,0x10,0xa3,0x10,0xc3,0x10,0xc3,0x10,0xc3,0x10,0xa3,0x10,0xa3,0x10,
  0xa3,0x10,0xa3,0x10,0xa2,0x10,0xa3,0x10,0xa2,0x10,0xa2,0x10,0xa6,0x31,0x6a,0x4a,
  0x49,0x4a,0x49,0x4a,0x49,0x4a,0x49,0x4a,0x49,0x4a,0x49,0x4a,0x49,0x4a,0x49,0x4a,
  0x49,0x4a,0x49,0x4a,0x49,0x4a,0x49,0x4a,0x49,0x4a,0x49,0x4a,0x49,0x4a,0x49,0x4a,
  0x49,0x4a,0x49,0x4a,0x49,0x4a,0x49,0x4a,0x49,0x4a,0x49,0x4a,0x49,0x4a,0x49,0x4a,
  0x49,0x4a,0x49,0x4a,0x49,0x4a,0x49,0x4a,0x49,0x4a,0x69,0x4a,0x69,0x4a,0x69,0x4a,
  0x69,0x4a,0x49,0x4a,0x49,0x4a,0x28,0x42,0xe8,0x39,0xc7,0x39,0xa6,0x31,0x65,0x29,
  0x25,0x21,0x04,0x21,0xe3,0x18,0xc3,0x18,0xc3,0x18,0xc3,0x18,0xc3,0x18,0xe3,0x18,
  0xe3,0x18,0xe4,0x18,0xe4,0x18,0xe4,0x18,0xe4,0x18,0xe4,0x18,0xe3,0x18,0xe3,0x18,
  0xe3,0x18,0xe3,0x18,0xe3,0x18,0xe3,0x18,0xc3,0x18,0xc3,0x18,0xc3,0x18,0xc3,0x18,
  0xc3,0x10,0xc3,0x10,0xa3,0x10,0xa3,0x10,0xa3,0x10,0xa2,0x10,0xa2,0x10,0xa2,0x10,
  0x24,0x21,0xe3,0x18,0xc3,0x18,0xc3,0x18,0xc3,0x10,0xc3,0x18,0xc3,0x18,0xc3,0x18,
  0xe3,0x18,0xe3,0x18,0xe3,0x18,0xe3,0x18,0xe3,0x18,0xe3,0x18,0xe3,0x18,0xe3,0x18,
  0xe3,0x18,0xe3,0x18,0xe4,0x18,0xe4,0x18,0x04,0x19,0x04,0x19,0x04,0x19,0x04,0x19,
  0xe4,0x18,0xe3,0x18,0xe3,0x18,0xc3,0x18,0xe3,0x18,0xe4,0x18,0x24,0x21,0x45,0x29,
  0x86,0x29,0xa6,0x31,0xe8,0x39,0x28,0x42,0x49,0x4a,0x69,0x4a,0x6a,0x4a,0x8a,0x4a,
  0x6a,0x4a,0x69,0x4a,0x69,0x4a,0x69,0x4a,0x49,0x4a,0x49,0x4a,0x49,0x4a,0x49,0x4a,
  0x49,0x4a,0x69,0x4a,0x69,0x4a,0x69,0x4a,0x49,0x4a,0x49,0x4a,0x49,0x4a,0x49,0x4a,
  0x49,0x4a,0x49,0x4a,0x49,0x4a,0x49,0x4a,0x49,0x4a,0x49,0x4a,0x49,0x4a,0x49,0x4a,
  0x69,0x4a,0x69,0x4a,0x49,0x4a,0x49,0x4a,0x49,0x4a,0x49,0x4a,0x49,0x4a,0x49,0x4a,
  0x49,0x4a,0x49,0x4a,0x49,0x4a,0x49,0x4a,0x49,0x4a,0x49,0x4a,0x6a,0x4a,0xc7,0x39,
  0xc3,0x18,0xe3,0x18,0xe3,0x18,0xc3,0x18,0xc3,0x10,0xa3,0x10,0xa2,0x10,0x82,0x10,
  0x82,0x10,0x82,0x10,0x82,0x10,0x82,0x10,0x82,0x08,0x82,0x10,0xc3,0x18,0xc3,0x18,
  0xc3,0x10,0xa2,0x10,0x82,0x10,0x82,0x10,0x82,0x10,0x82,0x10,0x82,0x10,0x82,0x10,
  0x82,0x10,0x82,0x10,0xa3,0x10,0x82,0x10,0x82,0x10,0x82,0x10,0xa2,0x10,0xa2,0x10,
  0xa2,0x10,0xa2,0x10,0xa2,0x10,0xa2,0x10,0xa2,0x10,0xa3,0x10,0xa3,0x10,0xa3,0x10,
  0xa3,0x10,0xa2,0x10,0xa3,0x10,0x82,0x10,0xc3,0x10,0xe7,0x39,0x6a,0x4a,0x49,0x4a,
  0x49,0x4a,0x49,0x4a,0x49,0x4a,0x49,0x4a,0x49,0x4a,0x49,0x4a,0x49,0x4a,0x49,0x4a,
  0x49,0x4a,0x49,0x4a,0x49,0x4a,0x49,0x4a,0x49,0x4a,0x49,0x4a,0x49,0x4a,0x49,0x4a,
  0x49,0x4a,0x49,0x4a,0x49,0x4a,0x49,0x4a,0x49,0x4a,0x49,0x4a,0x69,0x4a,0x69,0x4a,
  0x69,0x4a,0x69,0x4a,0x49,0x4a,0x49,0x4a,0x29,0x42,0x08,0x42,0xc7,0x39,0xa6,0x31,
  0x65,0x29,0x25,0x21,0x04,0x21,0xe3,0x18,0xc3,0x18,0xc3,0x18,0xc3,0x18,0xc3,0x18,
  0xe3,0x18,0xe4,0x18,0xe4,0x18,0xe4,0x18,0xe4,0x18,0xe4,0x18,0xe4,0x18,0xe4,0x18,
  0xe3,0x18,0xe3,0x18,0xe3,0x18,0xe3,0x18,0xe3,0x18,0xc3,0x18,0xc3,0x18,0xc3,0x18,
  0xc3,0x18,0xc3,0x10,0xc3,0x10,0xa3,0x10,0xa3,0x10,0xa3,0x10,0xa2,0x10,0xa2,0x10,
  0xa2,0x10,0xa2,0x10,0xa2,0x10,0xa2,0x10,0xa2,0x10,0xa2,0x10,0xa2,0x10,0xa2,0x10,
  0x69,0x4a,0x49,0x42,0x08,0x42,0xe7,0x39,0xa6,0x31,0x65,0x29,0x45,0x21,0x04,0x21,
  0xe3,0x18,0xc3,0x18,0xc3,0x18,0xc3,0x18,0xc3,0x18,0xc3,0x18,0xe3,0x18,0xe3,0x18,
  0xe3,0x18,0xe3,0x18,0xe3,0x18,0xe3,0x18,0xe3,0x18,0xe3,0x18,0xe3,0x18,0xe3,0x18,
  0xe4,0x18,0xe4,0x18,0x04,0x19,0x04,0x21,0x04,0x21,0x04,0x19,0x04,0x19,0xe3,0x18,
  0xe3,0x18,0xe3,0x18,0xe3,0x18,0xe3,0x18,0x04,0x19,0x24,0x21,0x65,0x29,0x86,0x31,
  0xc7,0x39,0x08,0x42,0x49,0x42,0x69,0x4a,0x6a,0x4a,0x8a,0x4a,0x6a,0x4a,0x6a,0x4a,
  0x69,0x4a,0x69,0x4a,0x49,0x4a,0x49,0x4a,0x49,0x4a,0x49,0x4a,0x49,0x4a,0x49,0x4a,
  0x49,0x4a,0x49,0x4a,0x49,0x4a,0x69,0x4a,0x69,0x4a,0x69,0x4a,0x69,0x4a,0x69,0x4a,
  0x69,0x4a,0x69,0x4a,0x49,0x4a,0x49,0x4a,0x49,0x4a,0x49,0x4a,0x49,0x4a,0x49,0x4a,
  0x49,0x4a,0x49,0x4a,0x49,0x4a,0x49,0x4a,0x49,0x4a,0x49,0x4a,0x49,0x4a,0x6a,0x4a,
  0xe7,0x39,0xe3,0x18,0xc3,0x18,0xc3,0x18,0xa3,0x10,0xa2,0x10,0x82,0x10,0x82,0x10,
  0x82,0x08,0x62,0x08,0x62,0x08,0x62,0x08,0x62,0x08,0x61,0x08,0x82,0x10,0xa3,0x10,
  0xa2,0x10,0x82,0x10,0x82,0x10,0x82,0x10,0x82,0x08,0x82,0x08,0x82,0x08,0x82,0x08,
  0x82,0x10,0x82,0x10,0x82,0x08,0x62,0x08,0x82,0x10,0x82,0x10,0x82,0x10,0x82,0x10,
  0x82,0x10,0x82,0x10,0x82,0x10,0x82,0x10,0xa2,0x10,0xa2,0x10,0xa3,0x10,0xa3,0x10,
  0xa3,0x10,0xa3,0x10,0x82,0x10,0xe3,0x18,0x28,0x42,0x6a,0x4a,0x49,0x4a,0x49,0x4a,
  0x49,0x4a,0x49,0x4a,0x49,0x4a,0x49,0x4a,0x49,0x4a,0x49,0x4a,0x49,0x4a,0x49,0x4a,
  0x49,0x4a,0x49,0x4a,0x49,0x4a,0x49,0x4a,0x49,0x4a,0x49,0x4a,0x49,0x4a,0x69,0x4a,
  0x69,0x4a,0x69,0x4a,0x69,0x4a,0x69,0x4a,0x49,0x4a,0x29,0x42,0x08,0x42,0xe7,0x39,
  0xa7,0x31,0x65,0x29,0x45,0x29,0x24,0x21,0xe4,0x18,0xe3,0x18,0xc3,0x18,0xc3,0x18,
  0xc3,0x18,0xe3,0x18,0xe3,0x18,0xe4,0x18,0x04,0x19,0x04,0x19,0xe4,0x18,0xe4,0x18,
  0xe4,0x18,0xe4,0x18,0xe3,0x18,0xe3,0x18,0xe3,0x18,0xe3,0x18,0xe3,0x18,0xc3,0x18,
  0xc3,0x18,0xc3,0x18,0xc3,0x10,0xc3,0x10,0xa3,0x10,0xa3,0x10,0xa2,0x10,0xa2,0x10,
  0xa2,0x10,0xa2,0x10,0xa2,0x10,0xa2,0x10,0xa2,0x10,0xa2,0x10,0xa2,0x10,0xa2,0x10,
  0xa2,0x10,0xa2,0x10,0xa2,0x10,0xa3,0x10,0xa3,0x10,0xa3,0x10,0xc3,0x10,0xc3,0x10,
  0x69,0x4a,0x69,0x4a,0x6a,0x4a,0x6a,0x4a,0x8a,0x4a,0x6a,0x4a,0x69,0x4a,0x49,0x4a,
  0x29,0x42,0x08,0x3a,0xe7,0x39,0x86,0x31,0x45,0x29,0x25,0x21,0x04,0x21,0xe3,0x18,
  0xc3,0x18,0xc3,0x18,0xc3,0x18,0xc3,0x18,0xc3,0x18,0xe3,0x18,0xe3,0x18,0xe3,0x18,
  0xe3,0x18,0xe3,0x18,0xe3,0x18,0xe3,0x18,0xe3,0x18,0xe4,0x18,0xe4,0x18,0xe4,0x18,
  0x04,0x19,0x04,0x21,0x04,0x21,0x04,0x19,0x04,0x19,0xe4,0x18,0xe3,0x18,0xe3,0x18,
  0xe3,0x18,0xe3,0x18,0x04,0x19,0x04,0x21,0x45,0x29,0x86,0x31,0xa7,0x31,0xe8,0x39,
  0x29,0x42,0x49,0x4a,0x69,0x4a,0x6a,0x4a,0x6a,0x4a,0x6a,0x4a,0x69,0x4a,0x69,0x4a,
  0x49,0x4a,0x49,0x4a,0x49,0x4a,0x49,0x4a,0x49,0x4a,0x49,0x4a,0x69,0x4a,0x69,0x4a,
  0x69,0x4a,0x69,0x4a,0x49,0x4a,0x49,0x4a,0x49,0x4a,0x49,0x4a,0x49,0x4a,0x49,0x4a,
  0x49,0x4a,0x49,0x4a,0x49,0x4a,0x49,0x4a,0x49,0x4a,0x49,0x4a,0x49,0x4a,0x49,0x4a,
  0x6a,0x4a,0x08,0x42,0xe3,0x18,0xa2,0x10,0xa3,0x10,0x82,0x10,0x82,0x10,0x62,0x08,
  0x62,0x08,0x61,0x08,0x61,0x08,0x61,0x08,0x61,0x08,0x61,0x08,0x61,0x08,0x82,0x10,
  0x82,0x10,0x61,0x08,0x61,0x08,0x61,0x08,0x61,0x08,0x61,0x08,0x61,0x08,0x61,0x08,
  0x62,0x08,0x62,0x08,0x61,0x08,0x62,0x08,0x62,0x08,0x82,0x08,0x82,0x08,0x82,0x10,
  0x82,0x08,0x82,0x08,0x82,0x10,0x82,0x10,0x82,0x10,0xa2,0x10,0xa2,0x10,0xa3,0x10,
  0xa3,0x10,0x82,0x10,0x24,0x21,0x49,0x4a,0x69,0x4a,0x49,0x4a,0x49,0x4a,0x49,0x4a,
  0x49,0x4a,0x49,0x4a,0x49,0x4a,0x49,0x4a,0x49,0x4a,0x49,0x4a,0x49,0x4a,0x49,0x4a,
  0x69,0x4a,0x69,0x4a,0x69,0x4a,0x69,0x4a,0x69,0x4a,0x49,0x4a,0x49,0x4a,0x08,0x42,
  0xc7,0x39,0xa7,0x31,0x86,0x31,0x45,0x29,0x24,0x21,0x04,0x19,0xe3,0x18,0xe3,0x18,
  0xc3,0x18,0xe3,0x18,0xe3,0x18,0xe3,0x18,0xe4,0x18,0x04,0x19,0x04,0x19,0xe4,0x18,
  0xe4,0x18,0xe4,0x18,0xe3,0x18,0xe3,0x18,0xe3,0x18,0xe3,0x18,0xe3,0x18,0xe3,0x18,
  0xc3,0x18,0xc3,0x18,0xc3,0x18,0xc3,0x18,0xc3,0x10,0xc3,0x10,0xa3,0x10,0xa3,0x10,
  0xa2,0x10,0xa2,0x10,0xa2,0x10,0x82,0x10,0xa2,0x10,0xa2,0x10,0x82,0x10,0xa2,0x10,
  0xa2,0x10,0xa2,0x10,0xa2,0x10,0xa2,0x10,0xa2,0x10,0xa3,0x10,0xa3,0x10,0xa3,0x10,
  0xa3,0x10,0xc3,0x10,0xa3,0x10,0xa3,0x10,0xa2,0x10,0xa2,0x10,0x82,0x10,0x82,0x10,
  0x69,0x4a,0x69,0x4a,0x49,0x4a,0x49,0x4a,0x49,0x4a,0x49,0x4a,0x69,0x4a,0x69,0x4a,
  0x69,0x4a,0x6a,0x4a,0x6a,0x4a,0x8a,0x4a,0x6a,0x4a,0x69,0x4a,0x49,0x4a,0x28,0x42,
  0xe8,0x39,0xc7,0x39,0x86,0x31,0x65,0x29,0x24,0x21,0x04,0x19,0xe3,0x18,0xc3,0x18,
  0xc3,0x18,0xc3,0x18,0xc3,0x18,0xe3,0x18,0xe3,0x18,0xe3,0x18,0xe4,0x18,0xe4,0x18,
  0xe4,0x18,0xe4,0x18,0xe3,0x18,0xe4,0x18,0xe4,0x18,0xe4,0x18,0x04,0x19,0x04,0x19,
  0x04,0x21,0x04,0x21,0x04,0x19,0x04,0x19,0xe4,0x18,0xe3,0x18,0xc3,0x18,0xe3,0x18,
  0x04,0x19,0x04,0x21,0x24,0x21,0x65,0x29,0xa6,0x31,0xc7,0x39,0x08,0x42,0x49,0x4a,
  0x69,0x4a,0x6a,0x4a,0x6a,0x4a,0x6a,0x4a,0x6a,0x4a,0x69,0x4a,0x69,0x4a,0x49,0x4a,
  0x49,0x4a,0x49,0x4a,0x49,0x4a,0x49,0x4a,0x49,0x4a,0x49,0x4a,0x49,0x4a,0x49,0x4a,
  0x49,0x4a,0x49,0x4a,0x49,0x4a,0x49,0x4a,0x49,0x4a,0x49,0x4a,0x49,0x4a,0x49,0x4a,
  0x49,0x4a,0x69,0x4a,0x29,0x42,0xe3,0x18,0x62,0x08,0x82,0x10,0x62,0x08,0x61,0x08,
  0x61,0x08,0x61,0x08,0x61,0x08,0x61,0x08,0x61,0x08,0x61,0x08,0x61,0x08,0x62,0x08,
  0x82,0x08,0x82,0x10,0x82,0x10,0x82,0x10,0x82,0x10,0x82,0x10,0x82,0x10,0x82,0x08,
  0x61,0x08,0x41,0x08,0x61,0x08,0x61,0x08,0x62,0x08,0x62,0x08,0x82,0x08,0x82,0x08,
  0x62,0x08,0x82,0x08,0x82,0x08,0x82,0x10,0x82,0x10,0xa2,0x10,0xa2,0x10,0xa3,0x10,
  0x82,0x10,0x45,0x29,0x69,0x4a,0x49,0x4a,0x49,0x4a,0x49,0x4a,0x49,0x4a,0x49,0x4a,
  0x69,0x4a,0x69,0x4a,0x69,0x4a,0x69,0x4a,0x69,0x4a,0x69,0x4a,0x49,0x4a,0x49,0x4a,
  0x28,0x42,0xe8,0x39,0xc7,0x39,0x86,0x29,0x45,0x29,0x24,0x21,0x04,0x19,0xe3,0x18,
  0xc3,0x18,0xe3,0x18,0xc3,0x18,0xe3,0x18,0xe3,0x18,0xe4,0x18,0xe4,0x18,0xe4,0x18,
  0x04,0x19,0xe4,0x18,0xe4,0x18,0xe4,0x18,0xe3,0x18,0xe3,0x18,0xe3,0x18,0xe3,0x18,
  0xe3,0x18,0xe3,0x18,0xc3,0x18,0xc3,0x18,0xc3,0x18,0xc3,0x10,0xc3,0x10,0xa3,0x10,
  0xa3,0x10,0xa2,0x10,0xa2,0x10,0xa2,0x10,0xa2,0x10,0xa2,0x10,0x82,0x10,0x82,0x10,
  0x82,0x10,0x82,0x10,0x82,0x10,0xa2,0x10,0xa2,0x10,0xa2,0x10,0xa2,0x10,0xa3,0x10,
  0xa3,0x10,0xa3,0x10,0xa3,0x10,0xa3,0x10,0xa2,0x10,0xa2,0x10,0x82,0x10,0x82,0x10,
  0x82,0x10,0x82,0x10,0x82,0x10,0xc3,0x10,0xe4,0x18,0x04,0x21,0x45,0x21,0x86,0x29,
  0x69,0x4a,0x69,0x4a,0x69,0x4a,0x69,0x4a,0x69,0x4a,0x69,0x4a,0x69,0x4a,0x69,0x4a,
  0x69,0x4a,0x49,0x4a,0x49,0x4a,0x49,0x4a,0x49,0x4a,0x69,0x4a,0x69,0x4a,0x69,0x4a,
  0x6a,0x4a,0x6a,0x4a,0x8a,0x4a,0x6a,0x4a,0x69,0x4a,0x49,0x4a,0x28,0x42,0xe8,0x39,
  0xa7,0x31,0x86,0x29,0x45,0x29,0x24,0x21,0xe4,0x18,0xe3,0x18,0xc3,0x18,0xc3,0x18,
  0xc3,0x18,0xc3,0x18,0xe3,0x18,0xe3,0x18,0xe4,0x18,0xe4,0x18,0xe4,0x18,0xe4,0x18,
  0xe4,0x18,0xe4,0x18,0xe4,0x18,0xe4,0x18,0x04,0x19,0x04,0x19,0x04,0x21,0x04,0x21,
  0x04,0x19,0x04,0x19,0xe4,0x18,0xe3,0x18,0xe3,0x18,0xe3,0x18,0xe3,0x18,0x04,0x19,
  0x24,0x21,0x45,0x21,0x86,0x31,0xc7,0x39,0xe8,0x39,0x28,0x42,0x49,0x4a,0x69,0x4a,
  0x6a,0x4a,0x6a,0x4a,0x6a,0x4a,0x69,0x4a,0x69,0x4a,0x49,0x4a,0x49,0x4a,0x49,0x4a,
  0x49,0x4a,0x49,0x4a,0x49,0x4a,0x49,0x4a,0x49,0x4a,0x49,0x4a,0x49,0x4a,0x49,0x4a,
  0x49,0x4a,0x49,0x4a,0x69,0x4a,0x49,0x4a,0x04,0x21,0x61,0x08,0x61,0x08,0x61,0x08,
  0x61,0x08,0x61,0x08,0x61,0x08,0x61,0x08,0x61,0x08,0x61,0x08,0x62,0x08,0x62,0x08,
  0x09,0x3a,0x09,0x3a,0x09,0x3a,0x09,0x3a,0x09,0x3a,0x09,0x3a,0x09,0x3a,0x09,0x3a,
  0x09,0x3a,0x41,0x08,0x61,0x08,0x61,0x08,0x62,0x08,0x62,0x08,0x62,0x08,0x62,0x08,
  0x62,0x08,0x62,0x08,0x62,0x08,0x82,0x08,0x82,0x10,0x82,0x10,0x82,0x10,0x82,0x10,
  0x86,0x31,0x69,0x4a,0x49,0x4a,0x69,0x4a,0x69,0x4a,0x69,0x4a,0x69,0x4a,0x69,0x4a,
  0x49,0x4a,0x28,0x42,0xe8,0x39,0xc7,0x39,0x86,0x31,0x45,0x29,0x25,0x21,0x04,0x21,
  0xe4,0x18,0xe3,0x18,0xe3,0x18,0xe3,0x18,0xe3,0x18,0xe3,0x18,0xe4,0x18,0x04,0x19,
  0x04,0x19,0x04,0x19,0xe4,0x18,0xe4,0x18,0xe4,0x18,0xe3,0x18,0xe3,0x18,0xe3,0x18,
  0xe3,0x18,0xe3,0x18,0xe3,0x18,0xc3,0x18,0xc3,0x18,0xc3,0x18,0xc3,0x10,0xc3,0x10,
  0xa3,0x10,0xa3,0x10,0xa2,0x10,0xa2,0x10,0xa2,0x10,0xa2,0x10,0x82,0x10,0x82,0x10,
  0x82,0x10,0x82,0x10,0x82,0x10,0xa2,0x10,0xa2,0x10,0xa2,0x10,0xa2,0x10,0xa2,0x10,
  0xa2,0x10,0xa2,0x10,0xa3,0x10,0xa3,0x10,0xa2,0x10,0xa2,0x10,0x82,0x10,0x82,0x10,
  0x82,0x10,0x82,0x10,0x82,0x10,0xa2,0x10,0xa3,0x10,0xc3,0x18,0x04,0x21,0x65,0x29,
  0x86,0x31,0xa7,0x31,0xe7,0x39,0x29,0x42,0x49,0x4a,0x49,0x4a,0x69,0x4a,0x69,0x4a,
  0x69,0x4a,0x69,0x4a,0x69,0x4a,0x69,0x4a,0x69,0x4a,0x69,0x4a,0x69,0x4a,0x69,0x4a,
  0x69,0x4a,0x69,0x4a,0x69,0x4a,0x69,0x4a,0x69,0x4a,0x69,0x4a,0x69,0x4a,0x69,0x4a,
  0x49,0x4a,0x49,0x4a,0x49,0x4a,0x49,0x4a,0x69,0x4a,0x69,0x4a,0x69,0x4a,0x6a,0x4a,
  0x8a,0x4a,0x8a,0x4a,0x6a,0x4a,0x49,0x4a,0x29,0x42,0x08,0x42,0xe7,0x39,0xa6,0x31,
  0x66,0x29,0x45,0x21,0x04,0x21,0xe3,0x18,0xe3,0x18,0xc3,0x18,0xc3,0x18,0xc3,0x18,
  0xe3,0x18,0xe3,0x18,0xe3,0x18,0xe4,0x18,0xe4,0x18,0xe4,0x18,0xe4,0x18,0xe4,0x18,
  0xe4,0x18,0xe4,0x18,0xe4,0x18,0x04,0x19,0x04,0x21,0x04,0x21,0x04,0x21,0x04,0x21,
  0x04,0x19,0xe4,0x18,0xe4,0x18,0xe3,0x18,0xe3,0x18,0xe4,0x18,0x04,0x21,0x25,0x21,
  0x65,0x29,0xa7,0x31,0xe7,0x39,0x08,0x42,0x49,0x4a,0x69,0x4a,0x6a,0x4a,0x6a,0x4a,
  0x6a,0x4a,0x69,0x4a,0x69,0x4a,0x49,0x4a,0x49,0x4a,0x49,0x4a,0x49,0x4a,0x49,0x4a,
  0x49,0x4a,0x49,0x4a,0x49,0x4a,0x6a,0x4a,0xc7,0x39,0x61,0x08,0x41,0x08,0x61,0x08,
  0x61,0x08,0x61,0x08,0x61,0x08,0x61,0x08,0x61,0x08,0x09,0x3a,0x09,0x3a,0x09,0x3a,
  0x09,0x3a,0x09,0x3a,0x09,0x3a,0x09,0x3a,0x09,0x3a,0x09,0x3a,0x09,0x3a,0x09,0x3a,
  0x09,0x3a,0x09,0x3a,0x09,0x3a,0x09,0x3a,0x61,0x08,0x61,0x08,0x62,0x08,0x61,0x08,
  0x61,0x08,0x61,0x08,0x61,0x08,0x62,0x08,0x82,0x08,0x82,0x08,0xa3,0x10,0xe7,0x39,
  0x8a,0x4a,0x49,0x4a,0x29,0x42,0xe8,0x39,0xc7,0x39,0xa6,0x31,0x65,0x29,0x45,0x21,
  0x04,0x21,0xe4,0x18,0xe3,0x18,0xe3,0x18,0xc3,0x18,0xe3,0x18,0xe3,0x18,0xe3,0x18,
  0xe4,0x18,0x04,0x19,0xe4,0x18,0x04,0x19,0xe4,0x18,0xe4,0x18,0xe4,0x18,0xe3,0x18,
  0xe3,0x18,0xe3,0x18,0xe3,0x18,0xe3,0x18,0xc3,0x18,0xc3,0x18,0xc3,0x18,0xc3,0x10,
  0xc3,0x10,0xa3,0x10,0xa3,0x10,0xa2,0x10,0xa2,0x10,0xa2,0x10,0x82,0x10,0x82,0x10,
  0x82,0x10,0x82,0x10,0x82,0x10,0x82,0x10,0x82,0x10,0xa2,0x10,0xa2,0x10,0xa2,0x10,
  0xa2,0x10,0xa2,0x10,0xa2,0x10,0xa3,0x10,0xa2,0x10,0xa2,0x10,0x82,0x10,0x82,0x10,
  0x82,0x10,0x82,0x10,0x82,0x08,0x82,0x10,0xa2,0x10,0xc3,0x18,0xe3,0x18,0x04,0x21,
  0x45,0x29,0xa6,0x31,0xc7,0x39,0x08,0x3a,0x28,0x42,0x49,0x4a,0x69,0x4a,0x69,0x4a,
  0x69,0x4a,0x69,0x4a,0x69,0x4a,0x49,0x4a,0x49,0x4a,0x49,0x4a,0x49,0x4a,0x49,0x4a,
  0x69,0x4a,0x69,0x4a,0x69,0x4a,0x69,0x4a,0x69,0x4a,0x69,0x4a,0x69,0x4a,0x69,0x4a,
  0x69,0x4a,0x69,0x4a,0x69,0x4a,0x69,0x4a,0x69,0x4a,0x69,0x4a,0x69,0x4a,0x69,0x4a,
  0x69,0x4a,0x69,0x4a,0x69,0x4a,0x69,0x4a,0x69,0x4a,0x69,0x4a,0x69,0x4a,0x49,0x4a,
  0x49,0x4a,0x49,0x4a,0x69,0x4a,0x69,0x4a,0x69,0x4a,0x6a,0x4a,0x6a,0x4a,0x6a,0x4a,
  0x6a,0x4a,0x69,0x4a,0x49,0x4a,0x29,0x42,0x08,0x3a,0xe7,0x39,0xa6,0x31,0x45,0x29,
  0x25,0x21,0x04,0x21,0xe3,0x18,0xe3,0x18,0xc3,0x18,0xc3,0x18,0xc3,0x18,0xe3,0x18,
  0xe3,0x18,0xe4,0x18,0xe4,0x18,0xe4,0x18,0xe4,0x18,0xe4,0x18,0xe4,0x18,0xe4,0x18,
  0x04,0x19,0x04,0x19,0x04,0x21,0x04,0x21,0x04,0x21,0x04,0x21,0x04,0x19,0xe4,0x18,
  0xe4,0x18,0xe3,0x18,0xe3,0x18,0xe3,0x18,0x04,0x19,0x24,0x21,0x45,0x29,0x86,0x31,
  0xc7,0x39,0x08,0x3a,0x29,0x42,0x49,0x4a,0x69,0x4a,0x8a,0x4a,0x6a,0x4a,0x69,0x4a,
  0x69,0x4a,0x49,0x4a,0x49,0x4a,0x49,0x42,0xe3,0x18,0x82,0x10,0x82,0x10,0x41,0x08,
  0x41,0x08,0x41,0x08,0x41,0x08,0x09,0x3a,0x09,0x3a,0x09,0x3a,0x09,0x3a,0x09,0x3a,
  0x09,0x3a,0x09,0x3a,0x09,0x3a,0x09,0x3a,0x09,0x3a,0x09,0x3a,0x09,0x3a,0x09,0x3a,
  0x09,0x3a,0x09,0x3a,0x09,0x3a,0x09,0x3a,0x09,0x3a,0x09,0x3a,0x61,0x08,0x61,0x08,
  0x61,0x08,0x61,0x08,0x61,0x08,0x61,0x08,0x62,0x08,0x82,0x08,0x04,0x21,0x86,0x31,
  0x25,0x21,0x24,0x21,0xe4,0x18,0xc3,0x18,0xe3,0x18,0xe3,0x18,0xc3,0x18,0xe3,0x18,
  0xe4,0x18,0x04,0x19,0x04,0x19,0x04,0x19,0x04,0x19,0xe4,0x18,0xe4,0x18,0xe4,0x18,
  0xe3,0x18,0xe3,0x18,0xe3,0x18,0xe3,0x18,0xe3,0x18,0xc3,0x18,0xc3,0x18,0xc3,0x18,
  0xc3,0x10,0xc3,0x10,0xa3,0x10,0xa3,0x10,0xa2,0x10,0xa2,0x10,0xa2,0x10,0x82,0x10,
  0x82,0x10,0x82,0x10,0x82,0x10,0x82,0x10,0x82,0x10,0x82,0x10,0x82,0x10,0x82,0x10,
  0xa2,0x10,0xa2,0x10,0xa2,0x10,0xa2,0x10,0xa2,0x10,0xa2,0x10,0xa2,0x10,0x82,0x10,
  0x82,0x10,0x82,0x08,0x82,0x08,0x82,0x08,0x82,0x10,0xa2,0x10,0xc3,0x18,0xe4,0x18,
  0x24,0x21,0x65,0x29,0x86,0x31,0xc7,0x39,0x08,0x42,0x29,0x42,0x49,0x4a,0x69,0x4a,
  0x69,0x4a,0x69,0x4a,0x69,0x4a,0x69,0x4a,0x49,0x4a,0x49,0x4a,0x49,0x4a,0x49,0x4a,
  0x49,0x4a,0x49,0x4a,0x49,0x4a,0x49,0x4a,0x49,0x4a,0x49,0x4a,0x49,0x4a,0x49,0x4a,
  0x69,0x4a,0x69,0x4a,0x69,0x4a,0x69,0x4a,0x69,0x4a,0x69,0x4a,0x69,0x4a,0x69,0x4a,
  0x69,0x4a,0x69,0x4a,0x69,0x4a,0x69,0x4a,0x69,0x4a,0x69,0x4a,0x69,0x4a,0x69,0x4a,
  0x69,0x4a,0x69,0x4a,0x69,0x4a,0x69,0x4a,0x69,0x4a,0x69,0x4a,0x69,0x4a,0x69,0x4a,
  0x69,0x4a,0x69,0x4a,0x69,0x4a,0x69,0x4a,0x69,0x4a,0x49,0x4a,0x49,0x4a,0x49,0x4a,
  0x49,0x4a,0x49,0x4a,0x69,0x4a,0x69,0x4a,0x6a,0x4a,0x6a,0x4a,0x8a,0x4a,0x6a,0x4a,
  0x69,0x4a,0x49,0x4a,0x28,0x42,0xe7,0x39,0xc7,0x39,0x86,0x31,0x45,0x29,0x24,0x21,
  0x04,0x21,0xe3,0x18,0xc3,0x18,0xc3,0x18,0xc3,0x18,0xe3,0x18,0xe3,0x18,0xe3,0x18,
  0xe4,0x18,0xe4,0x18,0xe4,0x18,0xe4,0x18,0xe4,0x18,0xe4,0x18,0x04,0x19,0x04,0x19,
  0x04,0x21,0x04,0x21,0x04,0x21,0x04,0x21,0x04,0x21,0x04,0x19,0xe4,0x18,0xe3,0x18,
  0xe3,0x18,0xe3,0x18,0xe4,0x18,0x04,0x21,0x45,0x21,0x86,0x29,0xa7,0x31,0xe8,0x39,
  0x28,0x42,0x49,0x4a,0x8a,0x4a,0x08,0x3a,0xa3,0x10,0xe4,0x18,0xc3,0x18,0x82,0x10,
  0x82,0x10,0x09,0x3a,0x09,0x3a,0x09,0x3a,0x09,0x3a,0x09,0x3a,0x09,0x3a,0x09,0x3a,
  0x09,0x3a,0x09,0x3a,0x09,0x3a,0x09,0x3a,0x09,0x3a,0x09,0x3a,0x09,0x3a,0x09,0x3a,
  0x09,0x3a,0x09,0x3a,0x09,0x3a,0x09,0x3a,0x09,0x3a,0x09,0x3a,0x09,0x3a,0x09,0x3a,
  0x61,0x08,0x61,0x08,0x61,0x08,0x61,0x08,0x61,0x08,0x82,0x10,0x82,0x10,0x82,0x10,
  0xc3,0x18,0xe3,0x18,0xe3,0x18,0xe4,0x18,0x04,0x19,0xe4,0x18,0xe4,0x18,0xe4,0x18,
  0xe4,0x18,0xe4,0x18,0xe3,0x18,0xe3,0x18,0xe3,0x18,0xe3,0x18,0xc3,0x18,0xc3,0x18,
  0xc3,0x18,0xc3,0x18,0xc3,0x10,0xa3,0x10,0xa3,0x10,0xa2,0x10,0xa2,0x10,0xa2,0x10,
  0x82,0x10,0x82,0x10,0x82,0x10,0x82,0x10,0x82,0x10,0x82,0x10,0x82,0x10,0x82,0x10,
  0x82,0x10,0x82,0x10,0xa2,0x10,0xa2,0x10,0xa2,0x10,0xa2,0x10,0xa2,0x10,0x82,0x10,
  0x82,0x10,0x82,0x10,0x82,0x08,0x62,0x08,0x82,0x08,0x82,0x10,0xa2,0x10,0xc3,0x10,
  0xe3,0x18,0x25,0x21,0x66,0x29,0xa6,0x31,0xc7,0x39,0x08,0x42,0x49,0x42,0x49,0x4a,
  0x69,0x4a,0x69,0x4a,0x69,0x4a,0x69,0x4a,0x69,0x4a,0x49,0x4a,0x49,0x4a,0x49,0x4a,
  0x49,0x4a,0x49,0x4a,0x49,0x4a,0x49,0x4a,0x49,0x4a,0x49,0x4a,0x49,0x4a,0x49,0x4a,
  0x49,0x4a,0x49,0x4a,0x49,0x4a,0x49,0x4a,0x49,0x4a,0x49,0x4a,0x49,0x4a,0x49,0x4a,
  0x69,0x4a,0x69,0x4a,0x69,0x4a,0x69,0x4a,0x69,0x4a,0x69,0x4a,0x69,0x4a,0x69,0x4a,
  0x69,0x4a,0x69,0x4a,0x69,0x4a,0x69,0x4a,0x69,0x4a,0x69,0x4a,0x69,0x4a,0x69,0x4a,
  0x69,0x4a,0x69,0x4a,0x69,0x4a,0x69,0x4a,0x69,0x4a,0x69,0x4a,0x69,0x4a,0x69,0x4a,
  0x69,0x4a,0x69,0x4a,0x69,0x4a,0x69,0x4a,0x69,0x4a,0x69,0x4a,0x69,0x4a,0x69,0x4a,
  0x69,0x4a,0x69,0x4a,0x49,0x4a,0x49,0x4a,0x49,0x4a,0x49,0x4a,0x49,0x4a,0x49,0x4a,
  0x69,0x4a,0x69,0x4a,0x69,0x4a,0x6a,0x4a,0x6a,0x4a,0x6a,0x4a,0x6a,0x4a,0x49,0x4a,
  0x49,0x4a,0x08,0x42,0xc7,0x39,0xa7,0x31,0x66,0x29,0x25,0x21,0x04,0x21,0x04,0x21,
  0xe3,0x18,0xc3,0x18,0xc3,0x18,0xc3,0x18,0xe3,0x18,0xe3,0x18,0xe4,0x18,0xe4,0x18,
  0xe4,0x18,0xe4,0x18,0xe4,0x18,0xe4,0x18,0x04,0x19,0x04,0x19,0x04,0x19,0x04,0x21,
  0x04,0x21,0x04,0x21,0x04,0x19,0xe4,0x18,0xe3,0x18,0xc3,0x18,0xc3,0x18,0xc3,0x18,
  0xc3,0x18,0xe4,0x18,0x25,0x21,0x24,0x21,0xe4,0x18,0xc3,0x18,0x82,0x10,0x82,0x10,
  0x09,0x3a,0x09,0x3a,0x09,0x3a,0x09,0x3a,0x09,0x3a,0x09,0x3a,0x09,0x3a,0x09,0x3a,
  0x09,0x3a,0x09,0x3a,0x09,0x3a,0x09,0x3a,0x09,0x3a,0x09,0x3a,0x09,0x3a,0x09,0x3a,
  0x09,0x3a,0x09,0x3a,0x09,0x3a,0x09,0x3a,0x09,0x3a,0x09,0x3a,0x09,0x3a,0x09,0x3a,
  0x09,0x3a,0x41,0x08,0x61,0x08,0x61,0x08,0x61,0x08,0x61,0x08,0x82,0x08,0xa3,0x10,
  0xe3,0x18,0xe3,0x18,0xe3,0x18,0xe3,0x18,0xe3,0x18,0xe3,0x18,0xe3,0x18,0xe3,0x18,
  0xc3,0x18,0xc3,0x18,0xc3,0x18,0xc3,0x10,0xa3,0x10,0xa3,0x10,0xa2,0x10,0xa2,0x10,
  0xa2,0x10,0x82,0x10,0x82,0x10,0x82,0x10,0x82,0x10,0x82,0x10,0x82,0x10,0x82,0x10,
  0x82,0x10,0x82,0x10,0x82,0x10,0x82,0x10,0x82,0x10,0xa2,0x10,0xa2,0x10,0x82,0x10,
  0x82,0x10,0x82,0x10,0x82,0x10,0x82,0x08,0x82,0x08,0x82,0x08,0x82,0x10,0xa2,0x10,
  0xe3,0x18,0x04,0x21,0x24,0x21,0x66,0x29,0xc7,0x39,0xe8,0x39,0x08,0x42,0x29,0x42,
  0x49,0x4a,0x69,0x4a,0x69,0x4a,0x69,0x4a,0x69,0x4a,0x69,0x4a,0x49,0x4a,0x49,0x4a,
  0x49,0x4a,0x49,0x4a,0x49,0x4a,0x49,0x4a,0x49,0x4a,0x49,0x4a,0x49,0x4a,0x49,0x4a,
  0x49,0x4a,0x49,0x4a,0x49,0x4a,0x49,0x4a,0x49,0x4a,0x49,0x4a,0x49,0x4a,0x49,0x4a,
  0x49,0x4a,0x49,0x4a,0x49,0x4a,0x49,0x4a,0x49,0x4a,0x49,0x4a,0x49,0x4a,0x49,0x4a,
  0x69,0x4a,0x69,0x4a,0x69,0x4a,0x69,0x4a,0x69,0x4a,0x69,0x4a,0x69,0x4a,0x69,0x4a,
  0x69,0x4a,0x69,0x4a,0x69,0x4a,0x69,0x4a,0x69,0x4a,0x69,0x4a,0x69,0x4a,0x69,0x4a,
  0x69,0x4a,0x69,0x4a,0x69,0x4a,0x69,0x4a,0x69,0x4a,0x69,0x4a,0x69,0x4a,0x69,0x4a,
  0x69,0x4a,0x69,0x4a,0x69,0x4a,0x69,0x4a,0x69,0x4a,0x69,0x4a,0x69,0x4a,0x69,0x4a,
  0x69,0x4a,0x69,0x4a,0x69,0x4a,0x69,0x4a,0x69,0x4a,0x69,0x4a,0x69,0x4a,0x69,0x4a,
  0x69,0x4a,0x69,0x4a,0x49,0x4a,0x49,0x4a,0x49,0x4a,0x49,0x4a,0x49,0x4a,0x69,0x4a,
  0x69,0x4a,0x6a,0x4a,0x6a,0x4a,0x6a,0x4a,0x6a,0x4a,0x69,0x4a,0x49,0x4a,0x29,0x42,
  0x08,0x42,0xc7,0x31,0xa6,0x31,0x65,0x29,0x24,0x21,0x04,0x21,0xe4,0x18,0xc3,0x18,
  0xc3,0x18,0xc3,0x18,0xe3,0x18,0xe3,0x18,0xe3,0x18,0xe4,0x18,0xe4,0x18,0xe4,0x18,
  0xe4,0x18,0xe4,0x18,0xe4,0x18,0xe4,0x18,0xe4,0x18,0xe4,0x18,0xe4,0x18,0xe4,0x18,
  0xe3,0x18,0xc3,0x18,0xa3,0x10,0x82,0x10,0x62,0x08,0x61,0x08,0x62,0x08,0x09,0x3a,
  0x09,0x3a,0x09,0x3a,0x09,0x3a,0x09,0x3a,0x09,0x3a,0x09,0x3a,0x09,0x3a,0x09,0x3a,
  0x09,0x3a,0x09,0x3a,0x09,0x3a,0x09,0x3a,0x09,0x3a,0x09,0x3a,0x09,0x3a,0x09,0x3a,
  0x09,0x3a,0x09,0x3a,0x09,0x3a,0x09,0x3a,0x09,0x3a,0x09,0x3a,0x09,0x3a,0x09,0x3a,
  0x09,0x3a,0x09,0x3a,0x82,0x08,0x61,0x08,0x61,0x08,0x61,0x08,0x62,0x08,0xa2,0x10,
  0xc3,0x18,0xc3,0x18,0xc3,0x18,0xc3,0x18,0xc3,0x10,0xa3,0x10,0xa3,0x10,0xa2,0x10,
  0xa2,0x10,0xa2,0x10,0x82,0x10,0x82,0x10,0x82,0x10,0x82,0x10,0x82,0x10,0x82,0x10,
  0x82,0x10,0x82,0x10,0x82,0x10,0x82,0x10,0x82,0x10,0x82,0x10,0x82,0x10,0x82,0x10,
  0x82,0x10,0x82,0x10,0x82,0x10,0x82,0x08,0x62,0x08,0x62,0x08,0x82,0x08,0x82,0x10,
  0xa2,0x10,0xc3,0x18,0x04,0x21,0x45,0x29,0x86,0x31,0xa7,0x31,0xe7,0x39,0x28,0x42,
  0x49,0x4a,0x69,0x4a,0x69,0x4a,0x6a,0x4a,0x69,0x4a,0x69,0x4a,0x69,0x4a,0x49,0x4a,
  0x49,0x4a,0x49,0x4a,0x49,0x4a,0x49,0x4a,0x49,0x4a,0x49,0x4a,0x49,0x4a,0x49,0x4a,
  0x49,0x4a,0x49,0x4a,0x49,0x4a,0x49,0x4a,0x49,0x4a,0x49,0x4a,0x49,0x4a,0x49,0x4a,
  0x49,0x4a,0x49,0x4a,0x49,0x4a,0x49,0x4a,0x49,0x4a,0x49,0x4a,0x49,0x4a,0x49,0x4a,
  0x49,0x4a,0x49,0x4a,0x49,0x4a,0x49,0x4a,0x49,0x4a,0x49,0x4a,0x49,0x4a,0x49,0x4a,
  0x69,0x4a,0x69,0x4a,0x69,0x4a,0x69,0x4a,0x69,0x4a,0x69,0x4a,0x69,0x4a,0x69,0x4a,
  0x69,0x4a,0x69,0x4a,0x69,0x4a,0x69,0x4a,0x69,0x4a,0x69,0x4a,0x69,0x4a,0x69,0x4a,
  0x69,0x4a,0x69,0x4a,0x69,0x4a,0x69,0x4a,0x69,0x4a,0x69,0x4a,0x69,0x4a,0x69,0x4a,
  0x69,0x4a,0x69,0x4a,0x69,0x4a,0x69,0x4a,0x69,0x4a,0x69,0x4a,0x69,0x4a,0x69,0x4a,
  0x69,0x4a,0x69,0x4a,0x69,0x4a,0x69,0x4a,0x69,0x4a,0x69,0x4a,0x69,0x4a,0x69,0x4a,
  0x69,0x4a,0x69,0x4a,0x69,0x4a,0x69,0x4a,0x69,0x4a,0x69,0x4a,0x69,0x4a,0x69,0x4a,
  0x49,0x4a,0x49,0x4a,0x49,0x4a,0x49,0x4a,0x49,0x4a,0x49,0x4a,0x69,0x4a,0x69,0x4a,
  0x69,0x4a,0x6a,0x4a,0x6a,0x4a,0x6a,0x4a,0x49,0x4a,0x49,0x42,0x28,0x42,0xe7,0x39,
  0xa6,0x31,0x86,0x31,0x45,0x21,0x04,0x21,0x04,0x19,0xe3,0x18,0xc3,0x18,0xc3,0x18,
  0xc3,0x18,0xe3,0x18,0xe3,0x18,0xe3,0x18,0xe3,0x18,0xe3,0x18,0xe3,0x18,0xc3,0x18,
  0xc3,0x18,0xc3,0x18,0xc3,0x10,0x82,0x10,0x61,0x08,0x61,0x08,0x09,0x3a,0x09,0x3a,
  0x09,0x3a,0x09,0x3a,0x09,0x3a,0x09,0x3a,0x09,0x3a,0x09,0x3a,0x09,0x3a,0x09,0x3a,
  0x09,0x3a,0x09,0x3a,0x09,0x3a,0x09,0x3a,0x09,0x3a,0x09,0x3a,0x09,0x3a,0x09,0x3a,
  0x09,0x3a,0x09,0x3a,0x09,0x3a,0x09,0x3a,0x09,0x3a,0x09,0x3a,0x09,0x3a,0x09,0x3a,
  0x09,0x3a,0x09,0x3a,0x09,0x3a,0x61,0x08,0x61,0x08,0x61,0x08,0x61,0x08,0x82,0x08,
  0x82,0x10,0xa2,0x10,0xa2,0x10,0x82,0x10,0x82,0x10,0x82,0x10,0x82,0x10,0x82,0x10,
  0x82,0x10,0x82,0x10,0x82,0x10,0x82,0x10,0x82,0x10,0x82,0x10,0x82,0x10,0x82,0x10,
  0x82,0x10,0x82,0x10,0x82,0x10,0x82,0x08,0x82,0x08,0x62,0x08,0x62,0x08,0x82,0x08,
  0x82,0x10,0xa3,0x10,0xc3,0x18,0x04,0x19,0x45,0x21,0x86,0x31,0xc7,0x31,0xe8,0x39,
  0x28,0x42,0x49,0x4a,0x69,0x4a,0x69,0x4a,0x69,0x4a,0x69,0x4a,0x69,0x4a,0x69,0x4a,
  0x49,0x4a,0x49,0x4a,0x49,0x4a,0x49,0x4a,0x49,0x4a,0x49,0x4a,0x49,0x4a,0x49,0x4a,
  0x49,0x4a,0x49,0x4a,0x49,0x4a,0x49,0x4a,0x49,0x4a,0x49,0x4a,0x49,0x4a,0x49,0x4a,
  0x49,0x4a,0x49,0x4a,0x49,0x4a,0x49,0x4a,0x49,0x4a,0x49,0x4a,0x49,0x4a,0x49,0x4a,
  0x49,0x4a,0x49,0x4a,0x49,0x4a,0x49,0x4a,0x49,0x4a,0x49,0x4a,0x49,0x4a,0x49,0x4a,
  0x49,0x4a,0x49,0x4a,0x49,0x4a,0x49,0x4a,0x49,0x4a,0x49,0x4a,0x49,0x4a,0x49,0x4a,
  0x69,0x4a,0x69,0x4a,0x69,0x4a,0x69,0x4a,0x69,0x4a,0x69,0x4a,0x69,0x4a,0x69,0x4a,
  0x69,0x4a,0x69,0x4a,0x69,0x4a,0x69,0x4a,0x69,0x4a,0x69,0x4a,0x69,0x4a,0x69,0x4a,
  0x69,0x4a,0x69,0x4a,0x69,0x4a,0x69,0x4a,0x69,0x4a,0x69,0x4a,0x69,0x4a,0x69,0x4a,
  0x69,0x4a,0x69,0x4a,0x69,0x4a,0x69,0x4a,0x69,0x4a,0x69,0x4a,0x69,0x4a,0x69,0x4a,
  0x69,0x4a,0x69,0x4a,0x69,0x4a,0x69,0x4a,0x69,0x4a,0x69,0x4a,0x69,0x4a,0x69,0x4a,
  0x69,0x4a,0x69,0x4a,0x69,0x4a,0x69,0x4a,0x69,0x4a,0x69,0x4a,0x69,0x4a,0x69,0x4a,
  0x69,0x4a,0x69,0x4a,0x69,0x4a,0x69,0x4a,0x69,0x4a,0x69,0x4a,0x69,0x4a,0x49,0x4a,
  0x49,0x4a,0x49,0x4a,0x49,0x4a,0x49,0x4a,0x69,0x4a,0x69,0x4a,0x69,0x4a,0x6a,0x4a,
  0x6a,0x4a,0x6a,0x4a,0x69,0x4a,0x49,0x4a,0x29,0x42,0x08,0x42,0xa7,0x31,0x86,0x31,
  0x65,0x29,0x24,0x21,0xe4,0x18,0xc3,0x18,0xc3,0x10,0xc3,0x10,0xa3,0x10,0xa3,0x10,
  0xc3,0x10,0xa3,0x10,0xa3,0x10,0xa2,0x10,0x82,0x08,0x09,0x3a,0x09,0x3a,0x09,0x3a,
  0x09,0x3a,0x09,0x3a,0x09,0x3a,0x09,0x3a,0x09,0x3a,0x09,0x3a,0x09,0x3a,0x09,0x3a,
  0x09,0x3a,0x09,0x3a,0x09,0x3a,0x09,0x3a,0x09,0x3a,0x09,0x3a,0x09,0x3a,0x09,0x3a,
  0x09,0x3a,0x09,0x3a,0x09,0x3a,0x09,0x3a,0x09,0x3a,0x09,0x3a,0x09,0x3a,0x09,0x3a,
  0x09,0x3a,0x09,0x3a,0x09,0x3a,0x09,0x3a,0x61,0x08,0x61,0x08,0x61,0x08,0x61,0x08,
  0x62,0x08,0x82,0x08,0x82,0x10,0x82,0x10,0x82,0x10,0x82,0x10,0x82,0x10,0x82,0x10,
  0x82,0x10,0x82,0x10,0x82,0x10,0x82,0x10,0x82,0x08,0x62,0x08,0x62,0x08,0x62,0x08,
  0x62,0x08,0x82,0x08,0xa3,0x10,0xe3,0x18,0x04,0x21,0x45,0x21,0x86,0x31,0xc7,0x39,
  0x08,0x42,0x28,0x42,0x49,0x4a,0x69,0x4a,0x6a,0x4a,0x6a,0x4a,0x69,0x4a,0x69,0x4a,
  0x69,0x4a,0x49,0x4a,0x49,0x4a,0x49,0x4a,0x49,0x4a,0x49,0x4a,0x49,0x4a,0x49,0x4a,
  0x49,0x4a,0x49,0x4a,0x49,0x4a,0x49,0x4a,0x49,0x4a,0x49,0x4a,0x49,0x4a,0x49,0x4a,
  0x49,0x4a,0x49,0x4a,0x49,0x4a,0x49,0x4a,0x49,0x4a,0x49,0x4a,0x49,0x4a,0x49,0x4a,
  0x49,0x4a,0x49,0x4a,0x49,0x4a,0x49,0x4a,0x49,0x4a,0x49,0x4a,0x49,0x4a,0x49,0x4a,
  0x49,0x4a,0x49,0x4a,0x49,0x4a,0x49,0x4a,0x49,0x4a,0x49,0x4a,0x49,0x4a,0x49,0x4a,
  0x49,0x4a,0x49,0x4a,0x49,0x4a,0x49,0x4a,0x49,0x4a,0x49,0x4a,0x49,0x4a,0x49,0x4a,
  0x69,0x4a,0x69,0x4a,0x69,0x4a,0x69,0x4a,0x69,0x4a,0x69,0x4a,0x69,0x4a,0x69,0x4a,
  0x69,0x4a,0x69,0x4a,0x69,0x4a,0x69,0x4a,0x69,0x4a,0x69,0x4a,0x69,0x4a,0x69,0x4a,
  0x69,0x4a,0x69,0x4a,0x69,0x4a,0x69,0x4a,0x69,0x4a,0x69,0x4a,0x69,0x4a,0x69,0x4a,
  0x69,0x4a,0x69,0x4a,0x69,0x4a,0x69,0x4a,0x69,0x4a,0x69,0x4a,0x69,0x4a,0x69,0x4a,
  0x69,0x4a,0x69,0x4a,0x69,0x4a,0x69,0x4a,0x69,0x4a,0x69,0x4a,0x69,0x4a,0x69,0x4a,
  0x69,0x4a,0x69,0x4a,0x69,0x4a,0x69,0x4a,0x69,0x4a,0x69,0x4a,0x69,0x4a,0x69,0x4a,
  0x69,0x4a,0x69,0x4a,0x69,0x4a,0x69,0x4a,0x69,0x4a,0x69,0x4a,0x69,0x4a,0x69,0x4a,
  0x69,0x4a,0x69,0x4a,0x69,0x4a,0x69,0x4a,0x49,0x4a,0x49,0x4a,0x49,0x4a,0x49,0x4a,
  0x49,0x4a,0x49,0x4a,0x49,0x4a,0x69,0x4a,0x69,0x4a,0x6a,0x4a,0x6a,0x4a,0x6a,0x4a,
  0x6a,0x4a,0x69,0x4a,0x29,0x42,0x08,0x42,0xe7,0x39,0x86,0x31,0x45,0x29,0x04,0x21,
  0xc3,0x18,0xa2,0x10,0x62,0x08,0x61,0x08,0x09,0x3a,0x09,0x3a,0x09,0x3a,0x09,0x3a,
  0x09,0x3a,0x09,0x3a,0x09,0x3a,0x09,0x3a,0x09,0x3a,0x09,0x3a,0x09,0x3a,0x09,0x3a,
  0x09,0x3a,0x09,0x3a,0x09,0x3a,0x09,0x3a,0x09,0x3a,0x09,0x3a,0x09,0x3a,0x09,0x3a,
  0x09,0x3a,0x09,0x3a,0x09,0x3a,0x09,0x3a,0x09,0x3a,0x09,0x3a,0x09,0x3a,0x09,0x3a,
  0x09,0x3a,0x09,0x3a,0x09,0x3a,0x09,0x3a,0x09,0x3a,0x61,0x08,0x61,0x08,0x61,0x08,
  0x62,0x08,0x82,0x08,0x82,0x10,0x82,0x10,0x82,0x10,0x82,0x10,0x82,0x10,0x82,0x08,
  0x62,0x08,0x62,0x08,0x82,0x10,0xa2,0x10,0xc3,0x10,0x04,0x19,0x45,0x29,0x86,0x31,
  0xa7,0x31,0xe8,0x39,0x29,0x42,0x49,0x4a,0x69,0x4a,0x6a,0x4a,0x6a,0x4a,0x69,0x4a,
  0x69,0x4a,0x69,0x4a,0x49,0x4a,0x49,0x4a,0x49,0x4a,0x49,0x4a,0x49,0x4a,0x49,0x4a,
  0x49,0x4a,0x49,0x4a,0x49,0x4a,0x49,0x4a,0x49,0x4a,0x49,0x4a,0x49,0x4a,0x49,0x4a,
  0x49,0x4a,0x49,0x4a,0x49,0x4a,0x49,0x4a,0x49,0x4a,0x49,0x4a,0x49,0x4a,0x49,0x4a,
  0x49,0x4a,0x49,0x4a,0x49,0x4a,0x49,0x4a,0x49,0x4a,0x49,0x4a,0x49,0x4a,0x49,0x4a,
  0x49,0x4a,0x49,0x4a,0x49,0x4a,0x49,0x4a,0x49,0x4a,0x49,0x4a,0x49,0x4a,0x49,0x4a,
  0x49,0x4a,0x49,0x4a,0x49,0x4a,0x49,0x4a,0x49,0x4a,0x49,0x4a,0x49,0x4a,0x49,0x4a,
  0x49,0x4a,0x49,0x4a,0x49,0x4a,0x49,0x4a,0x49,0x4a,0x49,0x4a,0x49,0x4a,0x49,0x4a,
  0x69,0x4a,0x69,0x4a,0x69,0x4a,0x69,0x4a,0x69,0x4a,0x69,0x4a,0x69,0x4a,0x69,0x4a,
  0x69,0x4a,0x69,0x4a,0x69,0x4a,0x69,0x4a,0x69,0x4a,0x69,0x4a,0x69,0x4a,0x69,0x4a,
  0x69,0x4a,0x69,0x4a,0x69,0x4a,0x69,0x4a,0x69,0x4a,0x69,0x4a,0x69,0x4a,0x69,0x4a,
  0x69,0x4a,0x69,0x4a,0x69,0x4a,0x69,0x4a,0x69,0x4a,0x69,0x4a,0x69,0x4a,0x69,0x4a,
  0x69,0x4a,0x69,0x4a,0x69,0x4a,0x69,0x4a,0x69,0x4a,0x69,0x4a,0x69,0x4a,0x69,0x4a,
  0x69,0x4a,0x69,0x4a,0x69,0x4a,0x69,0x4a,0x69,0x4a,0x69,0x4a,0x69,0x4a,0x69,0x4a,
  0x69,0x4a,0x69,0x4a,0x69,0x4a,0x69,0x4a,0x69,0x4a,0x69,0x4a,0x69,0x4a,0x69,0x4a,
  0x69,0x4a,0x69,0x4a,0x69,0x4a,0x69,0x4a,0x69,0x4a,0x69,0x4a,0x49,0x4a,0x49,0x4a,
  0x49,0x4a,0x49,0x4a,0x49,0x4a,0x49,0x4a,0x49,0x4a,0x49,0x4a,0x49,0x4a,0x49,0x4a,
  0x49,0x4a,0x49,0x4a,0x69,0x4a,0x69,0x4a,0x69,0x4a,0x6a,0x4a,0x6a,0x4a,0x6a,0x4a,
  0x69,0x4a,0x29,0x42,0x08,0x42,0x09,0x3a,0x09,0x3a,0x09,0x3a,0x09,0x3a,0x09,0x3a,
  0x09,0x3a,0x09,0x3a,0x09,0x3a,0x09,0x3a,0x09,0x3a,0x09,0x3a,0x09,0x3a,0x09,0x3a,
  0x09,0x3a,0x09,0x3a,0x09,0x3a,0x09,0x3a,0x09,0x3a,0x09,0x3a,0x09,0x3a,0x09,0x3a,
  0x09,0x3a,0x09,0x3a,0x09,0x3a,0x09,0x3a,0x09,0x3a,0x09,0x3a,0x09,0x3a,0x09,0x3a,
  0x09,0x3a,0x09,0x3a,0x09,0x3a,0x09,0x3a,0x09,0x3a,0x09,0x3a,0x62,0x08,0x61,0x08,
  0x61,0x08,0x62,0x08,0x82,0x08,0x82,0x10,0x82,0x10,0xa2,0x10,0xa2,0x10,0xe4,0x18,
  0x65,0x29,0xc7,0x39,0x08,0x42,0x49,0x42,0x69,0x4a,0x6a,0x4a,0x6a,0x4a,0x6a,0x4a,
  0x69,0x4a,0x69,0x4a,0x69,0x4a,0x49,0x4a,0x49,0x4a,0x49,0x4a,0x49,0x4a,0x49,0x4a,
  0x49,0x4a,0x49,0x4a,0x49,0x4a,0x49,0x4a,0x49,0x4a,0x49,0x4a,0x49,0x4a,0x49,0x4a,
  0x49,0x4a,0x49,0x4a,0x49,0x4a,0x49,0x4a,0x49,0x4a,0x49,0x4a,0x49,0x4a,0x49,0x4a,
  0x49,0x4a,0x49,0x4a,0x49,0x4a,0x49,0x4a,0x49,0x4a,0x49,0x4a,0x49,0x4a,0x49,0x4a,
  0x49,0x4a,0x49,0x4a,0x49,0x4a,0x49,0x4a,0x49,0x4a,0x49,0x4a,0x49,0x4a,0x49,0x4a,
  0x49,0x4a,0x49,0x4a,0x49,0x4a,0x49,0x4a,0x49,0x4a,0x49,0x4a,0x49,0x4a,0x49,0x4a,
  0x49,0x4a,0x49,0x4a,0x49,0x4a,0x49,0x4a,0x49,0x4a,0x49,0x4a,0x49,0x4a,0x49,0x4a,
  0x49,0x4a,0x49,0x4a,0x49,0x4a,0x49,0x4a,0x49,0x4a,0x49,0x4a,0x49,0x4a,0x49,0x4a,
  0x69,0x4a,0x69,0x4a,0x69,0x4a,0x69,0x4a,0x69,0x4a,0x69,0x4a,0x69,0x4a,0x69,0x4a,
  0x69,0x4a,0x69,0x4a,0x69,0x4a,0x69,0x4a,0x69,0x4a,0x69,0x4a,0x69,0x4a,0x69,0x4a,
  0x69,0x4a,0x69,0x4a,0x69,0x4a,0x69,0x4a,0x69,0x4a,0x69,0x4a,0x69,0x4a,0x69,0x4a,
  0x69,0x4a,0x69,0x4a,0x69,0x4a,0x69,0x4a,0x69,0x4a,0x69,0x4a,0x69,0x4a,0x69,0x4a,
  0x69,0x4a,0x69,0x4a,0x69,0x4a,0x69,0x4a,0x69,0x4a,0x69,0x4a,0x69,0x4a,0x69,0x4a,
  0x69,0x4a,0x69,0x4a,0x69,0x4a,0x69,0x4a,0x69,0x4a,0x69,0x4a,0x69,0x4a,0x69,0x4a,
  0x69,0x4a,0x69,0x4a,0x69,0x4a,0x69,0x4a,0x69,0x4a,0x69,0x4a,0x69,0x4a,0x69,0x4a,
  0x69,0x4a,0x69,0x4a,0x69,0x4a,0x69,0x4a,0x69,0x4a,0x69,0x4a,0x69,0x4a,0x69,0x4a,
  0x69,0x4a,0x69,0x4a,0x69,0x4a,0x69,0x4a,0x49,0x4a,0x49,0x4a,0x49,0x4a,0x49,0x4a,
  0x49,0x4a,0x49,0x4a,0x69,0x4a,0x69,0x4a,0x6a,0x4a,0x69,0x4a,0x49,0x4a,0x29,0x42,
  0x08,0x42,0xe7,0x39,0x86,0x31,0x09,0x3a,0x09,0x3a,0x09,0x3a,0x09,0x3a,0x09,0x3a,
  0x09,0x3a,0x09,0x3a,0x09,0x3a,0x09,0x3a,0x09,0x3a,0x09,0x3a,0x09,0x3a,0x09,0x3a,
  0x09,0x3a,0x09,0x3a,0x09,0x3a,0x09,0x3a,0x09,0x3a,0x09,0x3a,0x09,0x3a,0x09,0x3a,
  0x09,0x3a,0x09,0x3a,0x09,0x3a,0x09,0x3a,0x09,0x3a,0x09,0x3a,0x09,0x3a,0x09,0x3a,
  0x09,0x3a,0x09,0x3a,0x09,0x3a,0x09,0x3a,0x09,0x3a,0x09,0x3a,0x82,0x10,0x82,0x08,
  0xa2,0x10,0xa3,0x10,0xc3,0x18,0xe4,0x18,0xe4,0x18,0x04,0x19,0x04,0x19,0x24,0x21,
  0x45,0x21,0x65,0x29,0x86,0x31,0xc7,0x31,0xe8,0x39,0x08,0x42,0x49,0x42,0x49,0x4a,
  0x69,0x4a,0x69,0x4a,0x69,0x4a,0x49,0x4a,0x49,0x4a,0x49,0x4a,0x49,0x4a,0x49,0x4a,
  0x49,0x4a,0x49,0x4a,0x49,0x4a,0x49,0x4a,0x49,0x4a,0x49,0x4a,0x49,0x4a,0x49,0x4a,
  0x49,0x4a,0x49,0x4a,0x49,0x4a,0x49,0x4a,0x49,0x4a,0x49,0x4a,0x49,0x4a,0x49,0x4a,
  0x49,0x4a,0x49,0x4a,0x49,0x4a,0x49,0x4a,0x49,0x4a,0x49,0x4a,0x49,0x4a,0x49,0x4a,
  0x49,0x4a,0x49,0x4a,0x49,0x4a,0x49,0x4a,0x49,0x4a,0x49,0x4a,0x49,0x4a,0x49,0x4a,
  0x49,0x4a,0x49,0x4a,0x49,0x4a,0x49,0x4a,0x49,0x4a,0x49,0x4a,0x49,0x4a,0x49,0x4a,
  0x49,0x4a,0x49,0x4a,0x49,0x4a,0x49,0x4a,0x49,0x4a,0x49,0x4a,0x49,0x4a,0x49,0x4a,
  0x49,0x4a,0x49,0x4a,0x49,0x4a,0x49,0x4a,0x49,0x4a,0x49,0x4a,0x49,0x4a,0x49,0x4a,
  0x69,0x4a,0x69,0x4a,0x69,0x4a,0x69,0x4a,0x69,0x4a,0x69,0x4a,0x69,0x4a,0x69,0x4a,
  0x69,0x4a,0x69,0x4a,0x69,0x4a,0x69,0x4a,0x69,0x4a,0x69,0x4a,0x69,0x4a,0x69,0x4a,
  0x69,0x4a,0x69,0x4a,0x69,0x4a,0x69,0x4a,0x69,0x4a,0x69,0x4a,0x69,0x4a,0x69,0x4a,
  0x69,0x4a,0x69,0x4a,0x69,0x4a,0x69,0x4a,0x69,0x4a,0x69,0x4a,0x69,0x4a,0x69,0x4a,
  0x69,0x4a,0x69,0x4a,0x69,0x4a,0x69,0x4a,0x69,0x4a,0x69,0x4a,0x69,0x4a,0x69,0x4a,
  0x69,0x4a,0x69,0x4a,0x69,0x4a,0x69,0x4a,0x69,0x4a,0x69,0x4a,0x69,0x4a,0x69,0x4a,
  0x69,0x4a,0x69,0x4a,0x69,0x4a,0x69,0x4a,0x69,0x4a,0x69,0x4a,0x69,0x4a,0x69,0x4a,
  0x69,0x4a,0x69,0x4a,0x69,0x4a,0x69,0x4a,0x69,0x4a,0x69,0x4a,0x49,0x4a,0x49,0x4a,
  0x49,0x4a,0x49,0x4a,0x49,0x4a,0x69,0x4a,0x69,0x4a,0x6a,0x4a,0x6a,0x4a,0x6a,0x4a,
  0x69,0x4a,0x49,0x4a,0x08,0x42,0xc7,0x39,0xa6,0x31,0x65,0x29,0x24,0x21,0x04,0x19,
  0xe4,0x18,0xe4,0x18,0x09,0x3a,0x09,0x3a,0x09,0x3a,0x09,0x3a,0x09,0x3a,0x09,0x3a,
  0x09,0x3a,0x09,0x3a,0x09,0x3a,0x09,0x3a,0x09,0x3a,0x09,0x3a,0x09,0x3a,0x09,0x3a,
  0x09,0x3a,0x09,0x3a,0x09,0x3a,0x09,0x3a,0x09,0x3a,0x09,0x3a,0x09,0x3a,0x09,0x3a,
  0x09,0x3a,0x09,0x3a,0x09,0x3a,0x09,0x3a,0x09,0x3a,0x09,0x3a,0x09,0x3a,0x09,0x3a,
  0x09,0x3a,0x09,0x3a,0x09,0x3a,0x09,0x3a,0x09,0x3a,0x09,0x3a,0x09,0x3a,0xc3,0x10,
  0xe4,0x18,0xe4,0x18,0x04,0x19,0xe4,0x18,0xe4,0x18,0x04,0x19,0x04,0x19,0xe4,0x18,
  0xe4,0x18,0xe3,0x18,0xe3,0x18,0xe3,0x18,0xe4,0x18,0x04,0x21,0x25,0x21,0x66,0x29,
  0x86,0x31,0xe7,0x39,0x08,0x42,0x29,0x42,0x49,0x4a,0x69,0x4a,0x69,0x4a,0x69,0x4a,
  0x69,0x4a,0x49,0x4a,0x49,0x4a,0x49,0x4a,0x49,0x4a,0x49,0x4a,0x49,0x4a,0x49,0x4a,
  0x49,0x4a,0x49,0x4a,0x49,0x4a,0x49,0x4a,0x49,0x4a,0x49,0x4a,0x49,0x4a,0x49,0x4a,
  0x49,0x4a,0x49,0x4a,0x49,0x4a,0x49,0x4a,0x49,0x4a,0x49,0x4a,0x49,0x4a,0x49,0x4a,
  0x49,0x4a,0x49,0x4a,0x49,0x4a,0x49,0x4a,0x49,0x4a,0x49,0x4a,0x49,0x4a,0x49,0x4a,
  0x49,0x4a,0x49,0x4a,0x49,0x4a,0x49,0x4a,0x49,0x4a,0x49,0x4a,0x49,0x4a,0x49,0x4a,
  0x49,0x4a,0x49,0x4a,0x49,0x4a,0x49,0x4a,0x49,0x4a,0x49,0x4a,0x49,0x4a,0x49,0x4a,
  0x49,0x4a,0x49,0x4a,0x49,0x4a,0x49,0x4a,0x49,0x4a,0x49,0x4a,0x49,0x4a,0x49,0x4a,
  0x69,0x4a,0x69,0x4a,0x69,0x4a,0x69,0x4a,0x69,0x4a,0x69,0x4a,0x69,0x4a,0x69,0x4a,
  0x69,0x4a,0x69,0x4a,0x69,0x4a,0x69,0x4a,0x69,0x4a,0x69,0x4a,0x69,0x4a,0x69,0x4a,
  0x69,0x4a,0x69,0x4a,0x69,0x4a,0x69,0x4a,0x69,0x4a,0x69,0x4a,0x69,0x4a,0x69,0x4a,
  0x69,0x4a,0x69,0x4a,0x69,0x4a,0x69,0x4a,0x69,0x4a,0x69,0x4a,0x69,0x4a,0x69,0x4a,
  0x69,0x4a,0x69,0x4a,0x69,0x4a,0x69,0x4a,0x69,0x4a,0x69,0x4a,0x69,0x4a,0x69,0x4a,
  0x69,0x4a,0x69,0x4a,0x69,0x4a,0x69,0x4a,0x69,0x4a,0x69,0x4a,0x69,0x4a,0x69,0x4a,
  0x69,0x4a,0x69,0x4a,0x69,0x4a,0x69,0x4a,0x69,0x4a,0x69,0x4a,0x69,0x4a,0x69,0x4a,
  0x69,0x4a,0x49,0x4a,0x49,0x4a,0x49,0x4a,0x49,0x4a,0x69,0x4a,0x69,0x4a,0x69,0x4a,
  0x6a,0x4a,0x6a,0x4a,0x6a,0x4a,0x49,0x4a,0x29,0x42,0xe8,0x39,0xa7,0x31,0x86,0x29,
  0x45,0x29,0x04,0x21,0x04,0x21,0xe4,0x18,0xe4,0x18,0x04,0x21,0x04,0x21,0x04,0x21,
  0x24,0x21,0x04,0x21,0x09,0x3a,0x09,0x3a,0x09,0x3a,0x09,0x3a,0x09,0x3a,0x09,0x3a,
  0x09,0x3a,0x09,0x3a,0x09,0x3a,0x09,0x3a,0x09,0x3a,0x09,0x3a,0x09,0x3a,0x09,0x3a,
  0x09,0x3a,0x09,0x3a,0x09,0x3a,0x09,0x3a,0x09,0x3a,0x09,0x3a,0x09,0x3a,0x09,0x3a,
  0x09,0x3a,0x09,0x3a,0x09,0x3a,0x09,0x3a,0x09,0x3a,0x09,0x3a,0x09,0x3a,0x09,0x3a,
  0x09,0x3a,0x09,0x3a,0x09,0x3a,0x09,0x3a,0x09,0x3a,0x09,0x3a,0x09,0x3a,0xc3,0x18,
  0xa3,0x10,0xc3,0x18,0xc3,0x18,0xe3,0x18,0xe3,0x18,0xe3,0x18,0xe3,0x18,0xe3,0x18,
  0xe4,0x18,0x04,0x19,0x04,0x19,0x04,0x19,0x04,0x19,0x04,0x19,0xe4,0x18,0xe4,0x18,
  0xe4,0x18,0xe4,0x18,0x04,0x21,0x24,0x21,0x65,0x29,0x86,0x31,0xc7,0x39,0x08,0x42,
  0x28,0x42,0x49,0x4a,0x69,0x4a,0x69,0x4a,0x69,0x4a,0x69,0x4a,0x49,0x4a,0x49,0x4a,
  0x49,0x4a,0x49,0x4a,0x49,0x4a,0x49,0x4a,0x49,0x4a,0x49,0x4a,0x49,0x4a,0x49,0x4a,
  0x49,0x4a,0x49,0x4a,0x49,0x4a,0x49,0x4a,0x49,0x4a,0x49,0x4a,0x49,0x4a,0x49,0x4a,
  0x49,0x4a,0x49,0x4a,0x49,0x4a,0x49,0x4a,0x49,0x4a,0x49,0x4a,0x49,0x4a,0x49,0x4a,
  0x49,0x4a,0x49,0x4a,0x49,0x4a,0x49,0x4a,0x49,0x4a,0x49,0x4a,0x49,0x4a,0x49,0x4a,
  0x49,0x4a,0x49,0x4a,0x49,0x4a,0x49,0x4a,0x49,0x4a,0x49,0x4a,0x49,0x4a,0x49,0x4a,
  0x49,0x4a,0x49,0x4a,0x49,0x4a,0x49,0x4a,0x49,0x4a,0x49,0x4a,0x49,0x4a,0x49,0x4a,
  0x69,0x4a,0x69,0x4a,0x69,0x4a,0x69,0x4a,0x69,0x4a,0x69,0x4a,0x69,0x4a,0x69,0x4a,
  0x69,0x4a,0x69,0x4a,0x69,0x4a,0x69,0x4a,0x69,0x4a,0x69,0x4a,0x69,0x4a,0x69,0x4a,
  0x69,0x4a,0x69,0x4a,0x69,0x4a,0x69,0x4a,0x69,0x4a,0x69,0x4a,0x69,0x4a,0x69,0x4a,
  0x69,0x4a,0x69,0x4a,0x69,0x4a,0x69,0x4a,0x69,0x4a,0x69,0x4a,0x69,0x4a,0x69,0x4a,
  0x69,0x4a,0x69,0x4a,0x69,0x4a,0x69,0x4a,0x69,0x4a,0x69,0x4a,0x69,0x4a,0x69,0x4a,
  0x69,0x4a,0x69,0x4a,0x69,0x4a,0x69,0x4a,0x69,0x4a,0x69,0x4a,0x69,0x4a,0x69,0x4a,
  0x69,0x4a,0x69,0x4a,0x69,0x4a,0x49,0x4a,0x49,0x4a,0x49,0x4a,0x49,0x4a,0x49,0x4a,
  0x69,0x4a,0x69,0x4a,0x6a,0x4a,0x8a,0x4a,0x6a,0x4a,0x69,0x4a,0x49,0x42,0x08,0x42,
  0xe7,0x39,0x86,0x31,0x45,0x29,0x25,0x21,0x04,0x21,0x04,0x19,0x04,0x19,0x04,0x21,
  0x04,0x21,0x24,0x21,0x24,0x21,0x24,0x21,0x24,0x21,0x04,0x21,0x04,0x21,0x04,0x21,
  0x04,0x21,0x09,0x3a,0x09,0x3a,0x09,0x3a,0x09,0x3a,0x09,0x3a,0x09,0x3a,0x09,0x3a,
  0x09,0x3a,0x09,0x3a,0x09,0x3a,0x09,0x3a,0x09,0x3a,0x09,0x3a,0x09,0x3a,0x09,0x3a,
  0x09,0x3a,0x09,0x3a,0x09,0x3a,0x09,0x3a,0x09,0x3a,0x09,0x3a,0x09,0x3a,0x09,0x3a,
  0x09,0x3a,0x09,0x3a,0x09,0x3a,0x09,0x3a,0x09,0x3a,0x09,0x3a,0x09,0x3a,0x09,0x3a,
  0x09,0x3a,0x09,0x3a,0x09,0x3a,0x09,0x3a,0x09,0x3a,0x09,0x3a,0x09,0x3a,0x09,0x3a,
  0x82,0x10,0x82,0x10,0xa2,0x10,0xa2,0x10,0xa3,0x10,0xa3,0x10,0xc3,0x10,0xc3,0x18,
  0xc3,0x18,0xe3,0x18,0xe3,0x18,0xe3,0x18,0xe4,0x18,0xe4,0x18,0xe4,0x18,0x04,0x19,
  0x04,0x19,0x04,0x19,0x04,0x19,0x04,0x19,0xe4,0x18,0xe3,0x18,0xe4,0x18,0x04,0x21,
  0x24,0x21,0x45,0x29,0x86,0x31,0xc7,0x39,0xe7,0x39,0x28,0x42,0x49,0x4a,0x49,0x4a,
  0x69,0x4a,0x69,0x4a,0x69,0x4a,0x49,0x4a,0x49,0x4a,0x49,0x4a,0x49,0x4a,0x49,0x4a,
  0x49,0x4a,0x49,0x4a,0x49,0x4a,0x49,0x4a,0x49,0x4a,0x49,0x4a,0x49,0x4a,0x49,0x4a,
  0x49,0x4a,0x49,0x4a,0x49,0x4a,0x49,0x4a,0x49,0x4a,0x49,0x4a,0x49,0x4a,0x49,0x4a,
  0x49,0x4a,0x49,0x4a,0x49,0x4a,0x49,0x4a,0x49,0x4a,0x49,0x4a,0x49,0x4a,0x49,0x4a,
  0x49,0x4a,0x49,0x4a,0x49,0x4a,0x49,0x4a,0x49,0x4a,0x49,0x4a,0x49,0x4a,0x49,0x4a,
  0x49,0x4a,0x49,0x4a,0x49,0x4a,0x49,0x4a,0x49,0x4a,0x49,0x4a,0x49,0x4a,0x49,0x4a,
  0x69,0x4a,0x69,0x4a,0x69,0x4a,0x69,0x4a,0x69,0x4a,0x69,0x4a,0x69,0x4a,0x69,0x4a,
  0x69,0x4a,0x69,0x4a,0x69,0x4a,0x69,0x4a,0x69,0x4a,0x69,0x4a,0x69,0x4a,0x69,0x4a,
  0x69,0x4a,0x69,0x4a,0x69,0x4a,0x69,0x4a,0x69,0x4a,0x69,0x4a,0x69,0x4a,0x69,0x4a,
  0x69,0x4a,0x69,0x4a,0x69,0x4a,0x69,0x4a,0x69,0x4a,0x69,0x4a,0x69,0x4a,0x69,0x4a,
  0x69,0x4a,0x69,0x4a,0x69,0x4a,0x69,0x4a,0x69,0x4a,0x69,0x4a,0x69,0x4a,0x69,0x4a,
  0x69,0x4a,0x69,0x4a,0x69,0x4a,0x69,0x4a,0x69,0x4a,0x49,0x4a,0x49,0x4a,0x49,0x4a,
  0x49,0x4a,0x49,0x4a,0x69,0x4a,0x69,0x4a,0x6a,0x4a,0x6a,0x4a,0x6a,0x4a,0x69,0x4a,
  0x49,0x4a,0x28,0x42,0xe7,0x39,0xa6,0x31,0x66,0x29,0x45,0x21,0x04,0x21,0x04,0x21,
  0x04,0x21,0x04,0x21,0x04,0x21,0x04,0x21,0x24,0x21,0x24,0x21,0x24,0x21,0x24,0x21,
  0x04,0x21,0x04,0x21,0x04,0x21,0x04,0x21,0x04,0x21,0x04,0x21,0x04,0x19,0x04,0x19,
  0x04,0x19,0x09,0x3a,0x09,0x3a,0x09,0x3a,0x09,0x3a,0x09,0x3a,0x09,0x3a,0x09,0x3a,
  0x09,0x3a,0x09,0x3a,0x09,0x3a,0x09,0x3a,0x09,0x3a,0x09,0x3a,0x09,0x3a,0x09,0x3a,
  0x09,0x3a,0x09,0x3a,0x09,0x3a,0x09,0x3a,0x09,0x3a,0x09,0x3a,0x09,0x3a,0x09,0x3a,
  0x09,0x3a,0x09,0x3a,0x09,0x3a,0x09,0x3a,0x09,0x3a,0x09,0x3a,0x09,0x3a,0x09,0x3a,
  0x09,0x3a,0x09,0x3a,0x09,0x3a,0x09,0x3a,0x09,0x3a,0x09,0x3a,0x09,0x3a,0x09,0x3a,
  0xa2,0x10,0xa2,0x10,0x82,0x10,0x82,0x10,0x82,0x10,0x82,0x10,0x82,0x10,0xa2,0x10,
  0xa2,0x10,0xa2,0x10,0xa3,0x10,0xc3,0x10,0xc3,0x18,0xc3,0x18,0xe3,0x18,0xe3,0x18,
  0xe3,0x18,0xe4,0x18,0xe4,0x18,0x04,0x19,0x04,0x19,0x04,0x19,0x04,0x19,0x04,0x19,
  0x04,0x19,0x04,0x19,0xe4,0x18,0x04,0x19,0x04,0x19,0x04,0x21,0x45,0x29,0x65,0x29,
  0xa7,0x31,0xe7,0x39,0x08,0x3a,0x49,0x42,0x49,0x4a,0x69,0x4a,0x69,0x4a,0x69,0x4a,
  0x49,0x4a,0x49,0x4a,0x49,0x4a,0x49,0x4a,0x49,0x4a,0x49,0x4a,0x49,0x4a,0x49,0x4a,
  0x49,0x4a,0x49,0x4a,0x49,0x4a,0x49,0x4a,0x49,0x4a,0x49,0x4a,0x49,0x4a,0x49,0x4a,
  0x49,0x4a,0x49,0x4a,0x49,0x4a,0x49,0x4a,0x49,0x4a,0x49,0x4a,0x49,0x4a,0x49,0x4a,
  0x49,0x4a,0x49,0x4a,0x49,0x4a,0x49,0x4a,0x49,0x4a,0x49,0x4a,0x49,0x4a,0x49,0x4a,
  0x49,0x4a,0x49,0x4a,0x49,0x4a,0x49,0x4a,0x49,0x4a,0x49,0x4a,0x49,0x4a,0x49,0x4a,
  0x69,0x4a,0x69,0x4a,0x69,0x4a,0x69,0x4a,0x69,0x4a,0x69,0x4a,0x69,0x4a,0x69,0x4a,
  0x69,0x4a,0x69,0x4a,0x69,0x4a,0x69,0x4a,0x69,0x4a,0x69,0x4a,0x69,0x4a,0x69,0x4a,
  0x69,0x4a,0x69,0x4a,0x69,0x4a,0x69,0x4a,0x69,0x4a,0x69,0x4a,0x69,0x4a,0x69,0x4a,
  0x69,0x4a,0x69,0x4a,0x69,0x4a,0x69,0x4a,0x69,0x4a,0x69,0x4a,0x69,0x4a,0x69,0x4a,
  0x69,0x4a,0x69,0x4a,0x69,0x4a,0x69,0x4a,0x69,0x4a,0x69,0x4a,0x69,0x4a,0x69,0x4a,
  0x69,0x4a,0x49,0x4a,0x49,0x4a,0x49,0x4a,0x49,0x4a,0x69,0x4a,0x69,0x4a,0x6a,0x4a,
  0x6a,0x4a,0x6a,0x4a,0x69,0x4a,0x29,0x42,0x08,0x3a,0xc7,0x39,0x86,0x31,0x45,0x29,
  0x24,0x21,0x04,0x21,0x04,0x21,0x04,0x19,0x04,0x21,0x04,0x21,0x24,0x21,0x24,0x21,
  0x24,0x21,0x24,0x21,0x04,0x21,0x04,0x21,0x04,0x21,0x04,0x21,0x04,0x21,0x04,0x21,
  0x04,0x21,0x04,0x21,0x04,0x19,0xe4,0x18,0xe4,0x18,0xe3,0x18,0xe3,0x18,0xe3,0x18,
  0xe4,0x18,0x09,0x3a,0x09,0x3a,0x09,0x3a,0x09,0x3a,0x09,0x3a,0x09,0x3a,0x09,0x3a,
  0x09,0x3a,0x09,0x3a,0x09,0x3a,0x09,0x3a,0x09,0x3a,0x09,0x3a,0x09,0x3a,0x09,0x3a,
  0x09,0x3a,0x09,0x3a,0x09,0x3a,0x09,0x3a,0x09,0x3a,0x09,0x3a,0x09,0x3a,0x09,0x3a,
  0x09,0x3a,0x09,0x3a,0x09,0x3a,0x09,0x3a,0x09,0x3a,0x09,0x3a,0x09,0x3a,0x09,0x3a,
  0x09,0x3a,0x09,0x3a,0x09,0x3a,0x09,0x3a,0x09,0x3a,0x09,0x3a,0x09,0x3a,0x09,0x3a,
  0xa2,0x10,0xa3,0x10,0xa3,0x10,0xa3,0x10,0xa3,0x10,0xa2,0x10,0xa2,0x10,0x82,0x10,
  0x82,0x10,0x82,0x10,0x82,0x10,0x82,0x10,0xa2,0x10,0xa2,0x10,0xa2,0x10,0xa3,0x10,
  0xc3,0x10,0xc3,0x18,0xc3,0x18,0xe3,0x18,0xe3,0x18,0xe3,0x18,0xe4,0x18,0xe4,0x18,
  0xe4,0x18,0x04,0x19,0x04,0x19,0x04,0x21,0x04,0x19,0x04,0x19,0xe4,0x18,0xe4,0x18,
  0xe4,0x18,0x04,0x21,0x04,0x21,0x45,0x21,0x65,0x29,0x86,0x31,0xe7,0x39,0x08,0x3a,
  0x28,0x42,0x49,0x4a,0x49,0x4a,0x69,0x4a,0x69,0x4a,0x49,0x4a,0x49,0x4a,0x49,0x4a,
  0x49,0x4a,0x49,0x4a,0x49,0x4a,0x49,0x4a,0x49,0x4a,0x49,0x4a,0x49,0x4a,0x49,0x4a,
  0x49,0x4a,0x49,0x4a,0x49,0x4a,0x49,0x4a,0x49,0x4a,0x49,0x4a,0x49,0x4a,0x49,0x4a,
  0x49,0x4a,0x49,0x4a,0x49,0x4a,0x49,0x4a,0x49,0x4a,0x49,0x4a,0x49,0x4a,0x49,0x4a,
  0x49,0x4a,0x49,0x4a,0x49,0x4a,0x49,0x4a,0x49,0x4a,0x49,0x4a,0x49,0x4a,0x49,0x4a,
  0x69,0x4a,0x69,0x4a,0x69,0x4a,0x69,0x4a,0x69,0x4a,0x69,0x4a,0x69,0x4a,0x69,0x4a,
  0x69,0x4a,0x69,0x4a,0x69,0x4a,0x69,0x4a,0x69,0x4a,0x69,0x4a,0x69,0x4a,0x69,0x4a,
  0x69,0x4a,0x69,0x4a,0x69,0x4a,0x69,0x4a,0x69,0x4a,0x69,0x4a,0x69,0x4a,0x69,0x4a,
  0x69,0x4a,0x69,0x4a,0x69,0x4a,0x69,0x4a,0x69,0x4a,0x69,0x4a,0x69,0x4a,0x69,0x4a,
  0x69,0x4a,0x69,0x4a,0x69,0x4a,0x69,0x4a,0x49,0x4a,0x49,0x4a,0x49,0x4a,0x69,0x4a,
  0x69,0x4a,0x6a,0x4a,0x8a,0x4a,0x6a,0x4a,0x69,0x4a,0x49,0x4a,0x28,0x42,0xe8,0x39,
  0xa6,0x31,0x65,0x29,0x45,0x21,0x04,0x21,0x04,0x19,0xe4,0x18,0x04,0x21,0x04,0x21,
  0x04,0x21,0x24,0x21,0x24,0x21,0x24,0x21,0x24,0x21,0x04,0x21,0x04,0x21,0x04,0x21,
  0x04,0x21,0x04,0x21,0x04,0x21,0x04,0x21,0x04,0x21,0x04,0x19,0xe4,0x18,0xe4,0x18,
  0xe3,0x18,0xe3,0x18,0xe4,0x18,0x04,0x21,0x25,0x21,0x65,0x29,0x86,0x31,0xe7,0x39,
  0x09,0x3a,0x09,0x3a,0x09,0x3a,0x09,0x3a,0x09,0x3a,0x09,0x3a,0x09,0x3a,0x09,0x3a,
  0x09,0x3a,0x09,0x3a,0x09,0x3a,0x09,0x3a,0x09,0x3a,0x09,0x3a,0x09,0x3a,0x09,0x3a,
  0x09,0x3a,0x09,0x3a,0x09,0x3a,0x09,0x3a,0x09,0x3a,0x09,0x3a,0x09,0x3a,0x09,0x3a,
  0x09,0x3a,0x09,0x3a,0x09,0x3a,0x09,0x3a,0x09,0x3a,0x09,0x3a,0x09,0x3a,0x09,0x3a,
  0x09,0x3a,0x09,0x3a,0x09,0x3a,0x09,0x3a,0x09,0x3a,0x09,0x3a,0x09,0x3a,0x09,0x3a,
  0x09,0x3a,0xe3,0x18,0xc3,0x18,0xa2,0x10,0x82,0x10,0xa2,0x10,0xa2,0x10,0xa3,0x10,
  0xa3,0x10,0xa3,0x10,0xa2,0x10,0xa2,0x10,0xa2,0x10,0x82,0x10,0x82,0x10,0x82,0x10,
  0x82,0x10,0xa2,0x10,0xa2,0x10,0xa2,0x10,0xa3,0x10,0xa3,0x10,0xc3,0x10,0xc3,0x18,
  0xc3,0x18,0xe3,0x18,0xe3,0x18,0xe4,0x18,0xe4,0x18,0x04,0x19,0x04,0x19,0x04,0x19,
  0x04,0x19,0x04,0x21,0x04,0x21,0xe4,0x18,0xe4,0x18,0xe4,0x18,0x04,0x19,0x04,0x21,
  0x24,0x21,0x45,0x29,0x86,0x31,0xa6,0x31,0x08,0x3a,0x28,0x42,0x49,0x42,0x49,0x4a,
  0x69,0x4a,0x69,0x4a,0x49,0x4a,0x49,0x4a,0x49,0x4a,0x49,0x4a,0x49,0x4a,0x49,0x4a,
  0x49,0x4a,0x49,0x4a,0x49,0x4a,0x49,0x4a,0x49,0x4a,0x49,0x4a,0x49,0x4a,0x49,0x4a,
  0x49,0x4a,0x49,0x4a,0x49,0x4a,0x49,0x4a,0x49,0x4a,0x49,0x4a,0x49,0x4a,0x49,0x4a,
  0x49,0x4a,0x49,0x4a,0x49,0x4a,0x49,0x4a,0x49,0x4a,0x49,0x4a,0x49,0x4a,0x49,0x4a,
  0x69,0x4a,0x69,0x4a,0x69,0x4a,0x69,0x4a,0x69,0x4a,0x69,0x4a,0x69,0x4a,0x69,0x4a,
  0x69,0x4a,0x69,0x4a,0x69,0x4a,0x69,0x4a,0x69,0x4a,0x69,0x4a,0x69,0x4a,0x69,0x4a,
  0x69,0x4a,0x69,0x4a,0x69,0x4a,0x69,0x4a,0x69,0x4a,0x69,0x4a,0x69,0x4a,0x69,0x4a,
  0x69,0x4a,0x69,0x4a,0x69,0x4a,0x69,0x4a,0x69,0x4a,0x69,0x4a,0x69,0x4a,0x49,0x4a,
  0x49,0x4a,0x69,0x4a,0x69,0x4a,0x69,0x4a,0x6a,0x4a,0x8a,0x4a,0x6a,0x4a,0x69,0x4a,
  0x29,0x42,0x08,0x3a,0xc7,0x39,0x86,0x31,0x45,0x29,0x04,0x21,0x04,0x21,0x04,0x21,
  0x04,0x19,0x04,0x21,0x04,0x21,0x24,0x21,0x24,0x21,0x24,0x21,0x24,0x21,0x04,0x21,
  0x04,0x21,0x04,0x21,0x04,0x21,0x04,0x21,0x04,0x21,0x04,0x21,0x04,0x21,0x04,0x19,
  0x04,0x19,0xe4,0x18,0xe3,0x18,0xe3,0x18,0xe4,0x18,0x04,0x21,0x24,0x21,0x65,0x29,
  0x86,0x31,0xc7,0x39,0x08,0x42,0x49,0x42,0x49,0x4a,0x69,0x4a,0x6a,0x4a,0x6a,0x4a,
  0x09,0x3a,0x09,0x3a,0x09,0x3a,0x09,0x3a,0x09,0x3a,0x09,0x3a,0x09,0x3a,0x09,0x3a,
  0x09,0x3a,0x09,0x3a,0x09,0x3a,0x09,0x3a,0x09,0x3a,0x09,0x3a,0x09,0x3a,0x09,0x3a,
  0x09,0x3a,0x09,0x3a,0x09,0x3a,0x09,0x3a,0x09,0x3a,0x09,0x3a,0x09,0x3a,0x09,0x3a,
  0x09,0x3a,0x09,0x3a,0x09,0x3a,0x09,0x3a,0x09,0x3a,0x09,0x3a,0x09,0x3a,0x09,0x3a,
  0x09,0x3a,0x09,0x3a,0x09,0x3a,0x09,0x3a,0x09,0x3a,0x09,0x3a,0x09,0x3a,0x09,0x3a,
  0x09,0x3a,0x49,0x4a,0x28,0x42,0xe7,0x39,0x86,0x31,0x45,0x29,0x04,0x21,0xc3,0x18,
  0xa3,0x10,0xa2,0x10,0x82,0x10,0x82,0x10,0xa2,0x10,0xa3,0x10,0xa3,0x10,0xa2,0x10,
  0xa2,0x10,0xa2,0x10,0x82,0x10,0x82,0x10,0x82,0x10,0x82,0x10,0x82,0x10,0xa2,0x10,
  0xa2,0x10,0xa3,0x10,0xa3,0x10,0xc3,0x10,0xc3,0x18,0xc3,0x18,0xe3,0x18,0xe3,0x18,
  0xe3,0x18,0xe4,0x18,0xe4,0x18,0x04,0x19,0x04,0x19,0x04,0x19,0x04,0x19,0x04,0x19,
  0x04,0x19,0xe4,0x18,0x04,0x19,0xe4,0x18,0x04,0x21,0x24,0x21,0x24,0x21,0x86,0x31,
  0xa6,0x31,0xc7,0x39,0x28,0x42,0x28,0x42,0x49,0x4a,0x69,0x4a,0x69,0x4a,0x69,0x4a,
  0x49,0x4a,0x49,0x4a,0x49,0x4a,0x49,0x4a,0x49,0x4a,0x49,0x4a,0x49,0x4a,0x49,0x4a,
  0x49,0x4a,0x49,0x4a,0x49,0x4a,0x49,0x4a,0x49,0x4a,0x49,0x4a,0x49,0x4a,0x49,0x4a,
  0x49,0x4a,0x49,0x4a,0x49,0x4a,0x49,0x4a,0x49,0x4a,0x49,0x4a,0x49,0x4a,0x49,0x4a,
  0x69,0x4a,0x69,0x4a,0x69,0x4a,0x69,0x4a,0x69,0x4a,0x69,0x4a,0x69,0x4a,0x69,0x4a,
  0x69,0x4a,0x69,0x4a,0x69,0x4a,0x69,0x4a,0x69,0x4a,0x69,0x4a,0x69,0x4a,0x69,0x4a,
  0x69,0x4a,0x69,0x4a,0x69,0x4a,0x69,0x4a,0x69,0x4a,0x69,0x4a,0x69,0x4a,0x69,0x4a,
  0x69,0x4a,0x69,0x4a,0x69,0x4a,0x69,0x4a,0x69,0x4a,0x69,0x4a,0x6a,0x4a,0x6a,0x4a,
  0x8a,0x4a,0x6a,0x4a,0x49,0x4a,0x28,0x42,0xe7,0x39,0xa7,0x31,0x66,0x29,0x25,0x21,
  0x04,0x21,0x04,0x21,0x04,0x19,0x04,0x21,0x04,0x21,0x24,0x21,0x24,0x21,0x24,0x21,
  0x24,0x21,0x24,0x21,0x04,0x21,0x04,0x21,0x04,0x21,0x04,0x21,0x04,0x21,0x04,0x21,
  0x04,0x21,0x04,0x21,0xe4,0x18,0xe4,0x18,0xe4,0x18,0xe3,0x18,0xe3,0x18,0x04,0x19,
  0x04,0x21,0x45,0x29,0x86,0x31,0xa7,0x31,0xe8,0x39,0x29,0x42,0x49,0x4a,0x69,0x4a,
  0x6a,0x4a,0x6a,0x4a,0x69,0x4a,0x69,0x4a,0x69,0x4a,0x49,0x4a,0x49,0x4a,0x49,0x4a,
  0x09,0x3a,0x09,0x3a,0x09,0x3a,0x09,0x3a,0x09,0x3a,0x09,0x3a,0x09,0x3a,0x09,0x3a,
  0x09,0x3a,0x09,0x3a,0x09,0x3a,0x09,0x3a,0x09,0x3a,0x09,0x3a,0x09,0x3a,0x09,0x3a,
  0x09,0x3a,0x09,0x3a,0x09,0x3a,0x09,0x3a,0x09,0x3a,0x09,0x3a,0x09,0x3a,0x09,0x3a,
  0x09,0x3a,0x09,0x3a,0x09,0x3a,0x09,0x3a,0x09,0x3a,0x09,0x3a,0x09,0x3a,0x09,0x3a,
  0x09,0x3a,0x09,0x3a,0x09,0x3a,0x09,0x3a,0x09,0x3a,0x09,0x3a,0x09,0x3a,0x09,0x3a,
  0x09,0x3a,0x49,0x4a,0x69,0x4a,0x69,0x4a,0x69,0x4a,0x69,0x4a,0x69,0x4a,0x29,0x42,
  0x08,0x42,0xc7,0x39,0x65,0x29,0x25,0x21,0xe4,0x18,0xa3,0x10,0xa2,0x10,0x82,0x10,
  0x82,0x10,0xa2,0x10,0xa2,0x10,0xa2,0x10,0xa3,0x10,0xa2,0x10,0xa2,0x10,0x82,0x10,
  0x82,0x10,0x82,0x10,0x82,0x10,0x82,0x10,0x82,0x10,0xa2,0x10,0xa2,0x10,0xa3,0x10,
  0xa3,0x10,0xc3,0x18,0xc3,0x18,0xe3,0x18,0xe3,0x18,0xe3,0x18,0xe4,0x18,0xe4,0x18,
  0x04,0x19,0x04,0x19,0x04,0x21,0x04,0x21,0x04,0x21,0x04,0x19,0x04,0x19,0xe4,0x18,
  0x04,0x19,0xe4,0x18,0x24,0x21,0x25,0x21,0x65,0x29,0xa6,0x31,0xa7,0x31,0x08,0x42,
  0x29,0x42,0x49,0x4a,0x69,0x4a,0x69,0x4a,0x69,0x4a,0x49,0x4a,0x49,0x4a,0x49,0x4a,
  0x49,0x4a,0x49,0x4a,0x49,0x4a,0x49,0x4a,0x49,0x4a,0x49,0x4a,0x49,0x4a,0x49,0x4a,
  0x49,0x4a,0x49,0x4a,0x49,0x4a,0x49,0x4a,0x49,0x4a,0x49,0x4a,0x49,0x4a,0x49,0x4a,
  0x69,0x4a,0x69,0x4a,0x69,0x4a,0x69,0x4a,0x69,0x4a,0x69,0x4a,0x69,0x4a,0x69,0x4a,
  0x69,0x4a,0x69,0x4a,0x69,0x4a,0x69,0x4a,0x69,0x4a,0x69,0x4a,0x69,0x4a,0x69,0x4a,
  0x69,0x4a,0x69,0x4a,0x69,0x4a,0x69,0x4a,0x69,0x4a,0x69,0x4a,0x69,0x4a,0x69,0x4a,
  0x69,0x4a,0x6a,0x4a,0x8a,0x4a,0x8a,0x4a,0x69,0x4a,0x49,0x42,0x08,0x42,0xe7,0x39,
  0x86,0x31,0x45,0x29,0x25,0x21,0x24,0x21,0x04,0x19,0x04,0x21,0x04,0x21,0x24,0x21,
  0x24,0x21,0x24,0x21,0x24,0x21,0x24,0x21,0x04,0x21,0x04,0x21,0x04,0x21,0x04,0x21,
  0x04,0x21,0x04,0x21,0x04,0x21,0x04,0x21,0x04,0x19,0xe4,0x18,0xe3,0x18,0xe3,0x18,
  0xe3,0x18,0xe4,0x18,0x04,0x21,0x45,0x21,0x65,0x29,0x86,0x31,0xe7,0x39,0x28,0x42,
  0x49,0x42,0x69,0x4a,0x6a,0x4a,0x6a,0x4a,0x6a,0x4a,0x69,0x4a,0x69,0x4a,0x49,0x4a,
  0x49,0x4a,0x49,0x4a,0x49,0x4a,0x49,0x4a,0x69,0x4a,0x69,0x4a,0x49,0x4a,0x49,0x4a,
  0x09,0x3a,0x09,0x3a,0x09,0x3a,0x09,0x3a,0x09,0x3a,0x09,0x3a,0x09,0x3a,0x09,0x3a,
  0x09,0x3a,0x09,0x3a,0x09,0x3a,0x09,0x3a,0x09,0x3a,0x09,0x3a,0x09,0x3a,0x09,0x3a,
  0x09,0x3a,0x09,0x3a,0x09,0x3a,0x09,0x3a,0x09,0x3a,0x09,0x3a,0x09,0x3a,0x09,0x3a,
  0x09,0x3a,0x09,0x3a,0x09,0x3a,0x09,0x3a,0x09,0x3a,0x09,0x3a,0x09,0x3a,0x09,0x3a,
  0x09,0x3a,0x09,0x3a,0x09,0x3a,0x09,0x3a,0x09,0x3a,0x09,0x3a,0x09,0x3a,0x09,0x3a,
  0x09,0x3a,0x69,0x4a,0x49,0x4a,0x49,0x4a,0x49,0x4a,0x49,0x4a,0x49,0x4a,0x49,0x4a,
  0x69,0x4a,0x6a,0x4a,0x6a,0x4a,0x69,0x4a,0x49,0x4a,0x28,0x42,0xe7,0x39,0xa7,0x31,
  0x65,0x29,0x04,0x21,0xe3,0x18,0xa3,0x10,0x82,0x10,0x82,0x10,0x82,0x10,0x82,0x10,
  0xa2,0x10,0xa2,0x10,0xa2,0x10,0xa2,0x10,0x82,0x10,0x82,0x10,0x82,0x10,0x82,0x10,
  0x82,0x10,0x82,0x10,0x82,0x10,0xa2,0x10,0xa3,0x10,0xa3,0x10,0xc3,0x10,0xc3,0x18,
  0xc3,0x18,0xe3,0x18,0xe3,0x18,0xe3,0x18,0xe4,0x18,0xe4,0x18,0x04,0x19,0x04,0x19,
  0x04,0x19,0x04,0x21,0x04,0x19,0x04,0x19,0xe4,0x18,0x04,0x19,0x04,0x19,0x04,0x19,
  0x25,0x21,0x45,0x29,0x86,0x29,0xc7,0x39,0xe7,0x39,0x28,0x42,0x49,0x42,0x49,0x4a,
  0x69,0x4a,0x69,0x4a,0x69,0x4a,0x49,0x4a,0x49,0x4a,0x49,0x4a,0x49,0x4a,0x49,0x4a,
  0x49,0x4a,0x49,0x4a,0x49,0x4a,0x49,0x4a,0x49,0x4a,0x49,0x4a,0x49,0x4a,0x49,0x4a,
  0x69,0x4a,0x69,0x4a,0x69,0x4a,0x69,0x4a,0x69,0x4a,0x69,0x4a,0x69,0x4a,0x69,0x4a,
  0x69,0x4a,0x69,0x4a,0x69,0x4a,0x69,0x4a,0x69,0x4a,0x69,0x4a,0x69,0x4a,0x69,0x4a,
  0x69,0x4a,0x69,0x4a,0x69,0x4a,0x6a,0x4a,0x8a,0x4a,0x8a,0x4a,0x6a,0x4a,0x69,0x4a,
  0x49,0x42,0xe8,0x39,0xa7,0x31,0x86,0x31,0x45,0x29,0x04,0x21,0x04,0x21,0x04,0x21,
  0x04,0x21,0x04,0x21,0x04,0x21,0x24,0x21,0x24,0x21,0x24,0x21,0x04,0x21,0x04,0x21,
  0x04,0x21,0x04,0x21,0x04,0x21,0x04,0x21,0x04,0x21,0x04,0x21,0x04,0x21,0x04,0x19,
  0xe4,0x18,0xe3,0x18,0xe3,0x18,0xe3,0x18,0x04,0x19,0x04,0x21,0x45,0x29,0x86,0x31,
  0xc7,0x39,0xe8,0x39,0x49,0x42,0x69,0x4a,0x69,0x4a,0x6a,0x4a,0x6a,0x4a,0x69,0x4a,
  0x69,0x4a,0x69,0x4a,0x49,0x4a,0x49,0x4a,0x49,0x4a,0x49,0x4a,0x69,0x4a,0x69,0x4a,
  0x69,0x4a,0x69,0x4a,0x69,0x4a,0x69,0x4a,0x69,0x4a,0x69,0x4a,0x69,0x4a,0x69,0x4a,
  0x09,0x3a,0x09,0x3a,0x09,0x3a,0x09,0x3a,0x09,0x3a,0x09,0x3a,0x09,0x3a,0x09,0x3a,
  0x09,0x3a,0x09,0x3a,0x09,0x3a,0x09,0x3a,0x09,0x3a,0x09,0x3a,0x09,0x3a,0x09,0x3a,
  0x09,0x3a,0x09,0x3a,0x09,0x3a,0x09,0x3a,0x09,0x3a,0x09,0x3a,0x09,0x3a,0x09,0x3a,
  0x09,0x3a,0x09,0x3a,0x09,0x3a,0x09,0x3a,0x09,0x3a,0x09,0x3a,0x09,0x3a,0x09,0x3a,
  0x09,0x3a,0x09,0x3a,0x09,0x3a,0x09,0x3a,0x09,0x3a,0x09,0x3a,0x09,0x3a,0x09,0x3a,
  0x09,0x3a,0x49,0x4a,0x69,0x4a,0x49,0x4a,0x49,0x4a,0x49,0x4a,0x49,0x4a,0x49,0x4a,
  0x49,0x4a,0x49,0x4a,0x49,0x4a,0x49,0x4a,0x49,0x4a,0x69,0x4a,0x69,0x4a,0x6a,0x4a,
  0x6a,0x4a,0x69,0x4a,0x49,0x4a,0x08,0x42,0xc7,0x39,0x86,0x31,0x25,0x21,0x04,0x19,
  0xc3,0x18,0xa2,0x10,0x82,0x10,0x82,0x10,0x82,0x10,0x82,0x10,0xa2,0x10,0xa2,0x10,
  0xa2,0x10,0xa2,0x10,0x82,0x10,0x82,0x10,0x82,0x10,0x82,0x10,0x82,0x10,0x82,0x10,
  0xa2,0x10,0xa2,0x10,0xa3,0x10,0xc3,0x10,0xc3,0x18,0xc3,0x18,0xe3,0x18,0xe3,0x18,
  0xe3,0x18,0xe4,0x18,0xe4,0x18,0x04,0x19,0x04,0x19,0x04,0x19,0x04,0x21,0x04,0x19,
  0x04,0x19,0x04,0x19,0xe4,0x18,0x04,0x19,0x04,0x19,0x24,0x21,0x45,0x29,0x65,0x29,
  0xa7,0x31,0xe7,0x39,0x08,0x42,0x49,0x4a,0x49,0x4a,0x69,0x4a,0x69,0x4a,0x69,0x4a,
  0x49,0x4a,0x49,0x4a,0x49,0x4a,0x49,0x4a,0x49,0x4a,0x49,0x4a,0x49,0x4a,0x49,0x4a,
  0x69,0x4a,0x69,0x4a,0x69,0x4a,0x69,0x4a,0x69,0x4a,0x69,0x4a,0x69,0x4a,0x69,0x4a,
  0x69,0x4a,0x69,0x4a,0x69,0x4a,0x69,0x4a,0x69,0x4a,0x69,0x4a,0x6a,0x4a,0x8a,0x4a,
  0x8a,0x4a,0x6a,0x4a,0x69,0x4a,0x28,0x42,0xe7,0x39,0xa6,0x31,0x65,0x29,0x25,0x21,
  0x04,0x21,0x04,0x19,0xe4,0x18,0x04,0x21,0x04,0x21,0x24,0x21,0x24,0x21,0x24,0x21,
  0x04,0x21,0x04,0x21,0x04,0x21,0x04,0x21,0x04,0x21,0x04,0x21,0x04,0x21,0x04,0x21,
  0x04,0x21,0x04,0x21,0xe4,0x18,0xe3,0x18,0xe3,0x18,0xe3,0x18,0xe4,0x18,0x04,0x21,
  0x25,0x21,0x66,0x29,0xa6,0x31,0xe7,0x39,0x28,0x42,0x49,0x4a,0x69,0x4a,0x6a,0x4a,
  0x6a,0x4a,0x6a,0x4a,0x69,0x4a,0x69,0x4a,0x49,0x4a,0x49,0x4a,0x49,0x4a,0x49,0x4a,
  0x69,0x4a,0x69,0x4a,0x69,0x4a,0x69,0x4a,0x69,0x4a,0x69,0x4a,0x69,0x4a,0x69,0x4a,
  0x69,0x4a,0x69,0x4a,0x69,0x4a,0x69,0x4a,0x69,0x4a,0x69,0x4a,0x69,0x4a,0x49,0x4a,
  0x09,0x3a,0x09,0x3a,0x09,0x3a,0x09,0x3a,0x09,0x3a,0x09,0x3a,0x09,0x3a,0x09,0x3a,
  0x09,0x3a,0x09,0x3a,0x09,0x3a,0x09,0x3a,0x09,0x3a,0x09,0x3a,0x09,0x3a,0x09,0x3a,
  0x09,0x3a,0x09,0x3a,0x09,0x3a,0x09,0x3a,0x09,0x3a,0x09,0x3a,0x09,0x3a,0x09,0x3a,
  0x09,0x3a,0x09,0x3a,0x09,0x3a,0x09,0x3a,0x09,0x3a,0x09,0x3a,0x09,0x3a,0x09,0x3a,
  0x09,0x3a,0x09,0x3a,0x09,0x3a,0x09,0x3a,0x09,0x3a,0x09,0x3a,0x09,0x3a,0x09,0x3a,
  0x09,0x3a,0x24,0x21,0x49,0x42,0x69,0x4a,0x49,0x4a,0x49,0x4a,0x49,0x4a,0x49,0x4a,
  0x49,0x4a,0x49,0x4a,0x49,0x4a,0x49,0x4a,0x49,0x4a,0x49,0x4a,0x49,0x4a,0x49,0x4a,
  0x49,0x4a,0x49,0x4a,0x49,0x4a,0x69,0x4a,0x69,0x4a,0x6a,0x4a,0x69,0x4a,0x49,0x4a,
  0x29,0x42,0xe8,0x39,0xa7,0x31,0x66,0x29,0x04,0x21,0xe3,0x18,0xa3,0x10,0x82,0x10,
  0x82,0x10,0x82,0x10,0x82,0x10,0x82,0x10,0xa2,0x10,0xa2,0x10,0xa2,0x10,0x82,0x10,
  0x82,0x10,0x82,0x10,0x82,0x10,0x82,0x10,0x82,0x10,0xa2,0x10,0xa2,0x10,0xa3,0x10,
  0xa3,0x10,0xc3,0x10,0xc3,0x18,0xc3,0x18,0xe3,0x18,0xe3,0x18,0xe4,0x18,0xe4,0x18,
  0x04,0x19,0x04,0x19,0x04,0x21,0x04,0x19,0x04,0x21,0x04,0x19,0x04,0x19,0xe4,0x18,
  0xe4,0x18,0x04,0x21,0x04,0x21,0x45,0x21,0x65,0x29,0x86,0x31,0xc7,0x39,0x08,0x3a,
  0x28,0x42,0x49,0x4a,0x69,0x4a,0x69,0x4a,0x69,0x4a,0x49,0x4a,0x49,0x4a,0x49,0x4a,
  0x69,0x4a,0x69,0x4a,0x69,0x4a,0x69,0x4a,0x69,0x4a,0x69,0x4a,0x69,0x4a,0x69,0x4a,
  0x69,0x4a,0x8a,0x4a,0x8a,0x52,0x8a,0x4a,0x6a,0x4a,0x49,0x4a,0x08,0x42,0xe7,0x39,
  0x86,0x31,0x45,0x29,0x24,0x21,0x04,0x21,0x04,0x19,0x04,0x19,0x04,0x21,0x04,0x21,
  0x24,0x21,0x24,0x21,0x24,0x21,0x04,0x21,0x04,0x21,0x04,0x21,0x04,0x21,0x04,0x21,
  0x04,0x21,0x04,0x21,0x04,0x21,0x04,0x19,0x04,0x19,0xe4,0x18,0xe3,0x18,0xe3,0x18,
  0xe3,0x18,0x04,0x19,0x24,0x21,0x65,0x29,0x86,0x31,0xc7,0x39,0x08,0x42,0x49,0x42,
  0x69,0x4a,0x6a,0x4a,0x6a,0x4a,0x6a,0x4a,0x69,0x4a,0x69,0x4a,0x69,0x4a,0x49,0x4a,
  0x49,0x4a,0x49,0x4a,0x69,0x4a,0x69,0x4a,0x69,0x4a,0x69,0x4a,0x69,0x4a,0x69,0x4a,
  0x69,0x4a,0x69,0x4a,0x69,0x4a,0x69,0x4a,0x69,0x4a,0x69,0x4a,0x69,0x4a,0x69,0x4a,
  0x69,0x4a,0x69,0x4a,0x69,0x4a,0x69,0x4a,0x69,0x4a,0x69,0x4a,0x69,0x4a,0x69,0x4a,
  0x09,0x3a,0x09,0x3a,0x09,0x3a,0x09,0x3a,0x09,0x3a,0x09,0x3a,0x09,0x3a,0x09,0x3a,
  0x09,0x3a,0x09,0x3a,0x09,0x3a,0x09,0x3a,0x09,0x3a,0x09,0x3a,0x09,0x3a,0x09,0x3a,
  0x09,0x3a,0x09,0x3a,0x09,0x3a,0x09,0x3a,0x09,0x3a,0x09,0x3a,0x09,0x3a,0x09,0x3a,
  0x09,0x3a,0x09,0x3a,0x09,0x3a,0x09,0x3a,0x09,0x3a,0x09,0x3a,0x09,0x3a,0x09,0x3a,
  0x09,0x3a,0x09,0x3a,0x09,0x3a,0x09,0x3a,0x09,0x3a,0x09,0x3a,0x09,0x3a,0x09,0x3a,
  0x09,0x3a,0xe3,0x18,0x04,0x21,0x49,0x42,0x69,0x4a,0x49,0x4a,0x49,0x4a,0x49,0x4a,
  0x49,0x4a,0x49,0x4a,0x49,0x4a,0x49,0x4a,0x49,0x4a,0x49,0x4a,0x49,0x4a,0x49,0x4a,
  0x49,0x4a,0x49,0x4a,0x49,0x4a,0x49,0x4a,0x49,0x4a,0x49,0x4a,0x49,0x4a,0x49,0x4a,
  0x49,0x4a,0x69,0x4a,0x69,0x4a,0x69,0x4a,0x69,0x4a,0x49,0x4a,0x28,0x42,0xe7,0x39,
  0x86,0x31,0x45,0x29,0x04,0x21,0xc3,0x18,0xa2,0x10,0x82,0x10,0x82,0x10,0x82,0x10,
  0x82,0x10,0x82,0x10,0xa2,0x10,0xa2,0x10,0x82,0x10,0x82,0x10,0x82,0x10,0x82,0x10,
  0x82,0x10,0x82,0x10,0xa2,0x10,0xa2,0x10,0xa2,0x10,0xa3,0x10,0xc3,0x10,0xc3,0x18,
  0xc3,0x18,0xe3,0x18,0xe3,0x18,0xe4,0x18,0xe4,0x18,0x04,0x19,0x04,0x19,0x04,0x19,
  0x04,0x21,0x04,0x21,0x04,0x19,0xe4,0x18,0x04,0x19,0xe4,0x18,0xe4,0x18,0x04,0x21,
  0x24,0x21,0x45,0x29,0x86,0x31,0xc7,0x31,0x08,0x3a,0x28,0x42,0x49,0x4a,0x69,0x4a,
  0x69,0x4a,0x69,0x4a,0x69,0x4a,0x6a,0x4a,0x8a,0x4a,0x8a,0x52,0x8a,0x4a,0x69,0x4a,
  0x49,0x4a,0x08,0x42,0xc7,0x31,0x86,0x29,0x45,0x29,0x04,0x21,0x04,0x19,0x04,0x19,
  0x04,0x19,0x04,0x21,0x04,0x21,0x04,0x21,0x24,0x21,0x04,0x21,0x04,0x21,0x04,0x21,
  0x04,0x21,0x04,0x21,0x04,0x21,0x04,0x21,0x04,0x21,0x04,0x19,0x04,0x19,0xe4,0x18,
  0xe3,0x18,0xe3,0x18,0xe3,0x18,0xe4,0x18,0x04,0x21,0x25,0x21,0x65,0x29,0xa7,0x31,
  0xe8,0x39,0x28,0x42,0x49,0x4a,0x69,0x4a,0x6a,0x4a,0x8a,0x4a,0x6a,0x4a,0x69,0x4a,
  0x69,0x4a,0x49,0x4a,0x49,0x4a,0x49,0x4a,0x69,0x4a,0x69,0x4a,0x69,0x4a,0x69,0x4a,
  0x69,0x4a,0x69,0x4a,0x69,0x4a,0x69,0x4a,0x69,0x4a,0x69,0x4a,0x69,0x4a,0x69,0x4a,
  0x69,0x4a,0x69,0x4a,0x69,0x4a,0x69,0x4a,0x69,0x4a,0x69,0x4a,0x69,0x4a,0x69,0x4a,
  0x69,0x4a,0x69,0x4a,0x69,0x4a,0x69,0x4a,0x69,0x4a,0x69,0x4a,0x69,0x4a,0x6a,0x4a,
  0x09,0x3a,0x09,0x3a,0x09,0x3a,0x09,0x3a,0x09,0x3a,0x09,0x3a,0x09,0x3a,0x09,0x3a,
  0x09,0x3a,0x09,0x3a,0x09,0x3a,0x09,0x3a,0x09,0x3a,0x09,0x3a,0x09,0x3a,0x09,0x3a,
  0x09,0x3a,0x09,0x3a,0x09,0x3a,0x09,0x3a,0x09,0x3a,0x09,0x3a,0x09,0x3a,0x09,0x3a,
  0x09,0x3a,0x09,0x3a,0x09,0x3a,0x09,0x3a,0x09,0x3a,0x09,0x3a,0x09,0x3a,0x09,0x3a,
  0x09,0x3a,0x09,0x3a,0x09,0x3a,0x09,0x3a,0x09,0x3a,0x09,0x3a,0x09,0x3a,0x09,0x3a,
  0x09,0x3a,0x04,0x19,0xe3,0x18,0x04,0x21,0x29,0x42,0x69,0x4a,0x49,0x4a,0x49,0x4a,
  0x49,0x4a,0x49,0x4a,0x49,0x4a,0x49,0x4a,0x49,0x4a,0x49,0x4a,0x49,0x4a,0x49,0x4a,
  0x49,0x4a,0x49,0x4a,0x49,0x4a,0x49,0x4a,0x49,0x4a,0x49,0x4a,0x49,0x4a,0x49,0x4a,
  0x49,0x4a,0x49,0x4a,0x49,0x4a,0x49,0x4a,0x49,0x4a,0x49,0x4a,0x69,0x4a,0x69,0x4a,
  0x69,0x4a,0x69,0x4a,0x69,0x4a,0x29,0x42,0x08,0x42,0xc7,0x31,0x66,0x29,0x24,0x21,
  0xe3,0x18,0xa3,0x10,0x82,0x10,0x82,0x08,0x82,0x08,0x82,0x10,0x82,0x10,0x82,0x10,
  0x82,0x10,0x82,0x10,0x82,0x10,0x82,0x10,0x82,0x10,0x82,0x10,0x82,0x10,0xa2,0x10,
  0xa2,0x10,0xa2,0x10,0xa3,0x10,0xc3,0x10,0xc3,0x18,0xc3,0x18,0xe3,0x18,0xe3,0x18,
  0xe3,0x18,0xe4,0x18,0xe4,0x18,0x04,0x19,0x04,0x19,0x04,0x19,0x04,0x21,0x04,0x19,
  0x04,0x19,0xe4,0x18,0xe4,0x18,0xe3,0x18,0x04,0x21,0x04,0x21,0x25,0x21,0x66,0x29,
  0x8a,0x4a,0x8a,0x4a,0x69,0x4a,0x29,0x42,0xe8,0x39,0xa7,0x31,0x66,0x29,0x25,0x21,
  0x04,0x21,0x04,0x21,0x04,0x19,0x04,0x19,0x04,0x21,0x04,0x21,0x04,0x21,0x04,0x21,
  0x04,0x21,0x04,0x21,0x04,0x21,0x04,0x21,0x04,0x21,0x04,0x21,0x04,0x21,0x04,0x21,
  0x04,0x19,0xe4,0x18,0xe4,0x18,0xe3,0x18,0xe3,0x18,0xe3,0x18,0xe4,0x18,0x04,0x21,
  0x45,0x29,0x86,0x31,0xa7,0x31,0x08,0x42,0x49,0x4a,0x69,0x4a,0x6a,0x4a,0x8a,0x4a,
  0x8a,0x4a,0x6a,0x4a,0x69,0x4a,0x69,0x4a,0x69,0x4a,0x69,0x4a,0x69,0x4a,0x69,0x4a,
  0x69,0x4a,0x69,0x4a,0x69,0x4a,0x69,0x4a,0x69,0x4a,0x69,0x4a,0x69,0x4a,0x69,0x4a,
  0x69,0x4a,0x69,0x4a,0x69,0x4a,0x69,0x4a,0x69,0x4a,0x69,0x4a,0x69,0x4a,0x69,0x4a,
  0x69,0x4a,0x69,0x4a,0x69,0x4a,0x69,0x4a,0x69,0x4a,0x69,0x4a,0x69,0x4a,0x69,0x4a,
  0x69,0x4a,0x69,0x4a,0x69,0x4a,0x69,0x4a,0x69,0x4a,0x69,0x4a,0x6a,0x4a,0x86,0x31,
  0x09,0x3a,0x09,0x3a,0x09,0x3a,0x09,0x3a,0x09,0x3a,0x09,0x3a,0x09,0x3a,0x09,0x3a,
  0x09,0x3a,0x09,0x3a,0x09,0x3a,0x09,0x3a,0x09,0x3a,0x09,0x3a,0x09,0x3a,0x09,0x3a,
  0x09,0x3a,0x09,0x3a,0x09,0x3a,0x09,0x3a,0x09,0x3a,0x09,0x3a,0x09,0x3a,0x09,0x3a,
  0x09,0x3a,0x09,0x3a,0x09,0x3a,0x09,0x3a,0x09,0x3a,0x09,0x3a,0x09,0x3a,0x09,0x3a,
  0x09,0x3a,0x09,0x3a,0x09,0x3a,0x09,0x3a,0x09,0x3a,0x09,0x3a,0x09,0x3a,0x09,0x3a,
  0x09,0x3a,0xe4,0x18,0x04,0x19,0xe3,0x18,0x04,0x21,0x29,0x42,0x69,0x4a,0x49,0x4a,
  0x49,0x4a,0x49,0x4a,0x49,0x4a,0x49,0x4a,0x49,0x4a,0x49,0x4a,0x49,0x4a,0x49,0x4a,
  0x49,0x4a,0x49,0x4a,0x49,0x4a,0x49,0x4a,0x49,0x4a,0x49,0x4a,0x49,0x4a,0x49,0x4a,
  0x49,0x4a,0x49,0x4a,0x49,0x4a,0x49,0x4a,0x49,0x4a,0x49,0x4a,0x49,0x4a,0x49,0x4a,
  0x49,0x4a,0x49,0x4a,0x49,0x4a,0x49,0x4a,0x69,0x4a,0x69,0x4a,0x6a,0x4a,0x69,0x4a,
  0x49,0x4a,0x28,0x42,0xe7,0x39,0x86,0x31,0x45,0x29,0x04,0x19,0xc3,0x18,0xa2,0x10,
  0x82,0x08,0x82,0x08,0x82,0x08,0x82,0x10,0x82,0x10,0x82,0x10,0xa2,0x10,0x82,0x10,
  0x82,0x10,0x82,0x10,0x82,0x10,0x82,0x10,0x82,0x10,0xa2,0x10,0xa2,0x10,0xa3,0x10,
  0xa3,0x10,0xc3,0x10,0xc3,0x18,0xc3,0x18,0xe3,0x18,0xe3,0x18,0xe3,0x18,0xe4,0x18,
  0x04,0x19,0x04,0x19,0x04,0x19,0x04,0x21,0x04,0x19,0x04,0x19,0xe4,0x18,0xe4,0x18,
  0xa6,0x31,0x45,0x29,0x25,0x21,0x04,0x21,0xe4,0x18,0xe4,0x18,0x04,0x21,0x04,0x21,
  0x04,0x21,0x04,0x21,0x04,0x21,0x04,0x21,0x04,0x21,0x04,0x21,0x04,0x21,0x04,0x21,
  0x04,0x19,0x04,0x19,0x04,0x19,0x04,0x19,0xe4,0x18,0xe3,0x18,0xe3,0x18,0xe3,0x18,
  0xe3,0x18,0x04,0x21,0x25,0x21,0x65,0x29,0x86,0x31,0xe7,0x39,0x28,0x42,0x49,0x4a,
  0x69,0x4a,0x6a,0x4a,0x8a,0x4a,0x6a,0x4a,0x69,0x4a,0x69,0x4a,0x69,0x4a,0x69,0x4a,
  0x69,0x4a,0x69,0x4a,0x69,0x4a,0x69,0x4a,0x69,0x4a,0x69,0x4a,0x69,0x4a,0x69,0x4a,
  0x69,0x4a,0x69,0x4a,0x69,0x4a,0x69,0x4a,0x69,0x4a,0x69,0x4a,0x69,0x4a,0x69,0x4a,
  0x69,0x4a,0x69,0x4a,0x69,0x4a,0x69,0x4a,0x69,0x4a,0x69,0x4a,0x69,0x4a,0x69,0x4a,
  0x69,0x4a,0x69,0x4a,0x69,0x4a,0x69,0x4a,0x69,0x4a,0x69,0x4a,0x69,0x4a,0x69,0x4a,
  0x69,0x4a,0x69,0x4a,0x69,0x4a,0x69,0x4a,0x69,0x4a,0x6a,0x4a,0x86,0x29,0x04,0x21,
  0x25,0x21,0x09,0x3a,0x09,0x3a,0x09,0x3a,0x09,0x3a,0x09,0x3a,0x09,0x3a,0x09,0x3a,
  0x09,0x3a,0x09,0x3a,0x09,0x3a,0x09,0x3a,0x09,0x3a,0x09,0x3a,0x09,0x3a,0x09,0x3a,
  0x09,0x3a,0x09,0x3a,0x09,0x3a,0x09,0x3a,0x09,0x3a,0x09,0x3a,0x09,0x3a,0x09,0x3a,
  0x09,0x3a,0x09,0x3a,0x09,0x3a,0x09,0x3a,0x09,0x3a,0x09,0x3a,0x09,0x3a,0x09,0x3a,
  0x09,0x3a,0x09,0x3a,0x09,0x3a,0x09,0x3a,0x09,0x3a,0x09,0x3a,0x09,0x3a,0x09,0x3a,
  0xe3,0x18,0xe4,0x18,0xe4,0x18,0x04,0x19,0xe3,0x18,0x04,0x21,0x29,0x42,0x69,0x4a,
  0x49,0x4a,0x49,0x4a,0x49,0x4a,0x49,0x4a,0x49,0x4a,0x49,0x4a,0x49,0x4a,0x49,0x4a,
  0x49,0x4a,0x49,0x4a,0x49,0x4a,0x49,0x4a,0x49,0x4a,0x49,0x4a,0x49,0x4a,0x49,0x4a,
  0x49,0x4a,0x49,0x4a,0x49,0x4a,0x49,0x4a,0x49,0x4a,0x49,0x4a,0x49,0x4a,0x49,0x4a,
  0x49,0x4a,0x49,0x4a,0x49,0x4a,0x49,0x4a,0x49,0x4a,0x49,0x4a,0x49,0x4a,0x49,0x4a,
  0x49,0x4a,0x69,0x4a,0x69,0x4a,0x6a,0x4a,0x6a,0x4a,0x69,0x4a,0x49,0x4a,0x08,0x42,
  0xc7,0x31,0x86,0x29,0x25,0x21,0xe3,0x18,0xa3,0x10,0x82,0x10,0x62,0x08,0x82,0x08,
  0x82,0x08,0x82,0x10,0x82,0x10,0x82,0x10,0x82,0x10,0x82,0x10,0x82,0x10,0x82,0x10,
  0x82,0x10,0x82,0x10,0xa2,0x10,0xa2,0x10,0xa2,0x10,0xa3,0x10,0xa3,0x10,0xc3,0x18,
  0xc3,0x18,0xc3,0x18,0xe3,0x18,0xe3,0x18,0xe4,0x18,0xe4,0x18,0xe4,0x18,0x04,0x19,
  0xe4,0x18,0x04,0x19,0x04,0x21,0x04,0x21,0x04,0x21,0x04,0x21,0x04,0x21,0x04,0x21,
  0x04,0x21,0x04,0x21,0x04,0x21,0x04,0x21,0x04,0x19,0x04,0x19,0xe4,0x18,0xe4,0x18,
  0xe3,0x18,0xe3,0x18,0xe3,0x18,0xe4,0x18,0x04,0x21,0x45,0x21,0x86,0x29,0xc7,0x31,
  0x08,0x3a,0x49,0x42,0x69,0x4a,0x6a,0x4a,0x8a,0x4a,0x8a,0x4a,0x6a,0x4a,0x69,0x4a,
  0x69,0x4a,0x69,0x4a,0x69,0x4a,0x69,0x4a,0x69,0x4a,0x69,0x4a,0x69,0x4a,0x69,0x4a,
  0x69,0x4a,0x69,0x4a,0x69,0x4a,0x69,0x4a,0x69,0x4a,0x69,0x4a,0x69,0x4a,0x69,0x4a,
  0x69,0x4a,0x69,0x4a,0x69,0x4a,0x69,0x4a,0x69,0x4a,0x69,0x4a,0x69,0x4a,0x69,0x4a,
  0x69,0x4a,0x69,0x4a,0x69,0x4a,0x69,0x4a,0x69,0x4a,0x69,0x4a,0x69,0x4a,0x69,0x4a,
  0x69,0x4a,0x69,0x4a,0x69,0x4a,0x69,0x4a,0x69,0x4a,0x69,0x4a,0x69,0x4a,0x69,0x4a,
  0x69,0x4a,0x69,0x4a,0x49,0x4a,0x69,0x4a,0x6a,0x4a,0x86,0x29,0x04,0x21,0x25,0x21,
  0x04,0x21,0x09,0x3a,0x09,0x3a,0x09,0x3a,0x09,0x3a,0x09,0x3a,0x09,0x3a,0x09,0x3a,
  0x09,0x3a,0x09,0x3a,0x09,0x3a,0x09,0x3a,0x09,0x3a,0x09,0x3a,0x09,0x3a,0x09,0x3a,
  0x09,0x3a,0x09,0x3a,0x09,0x3a,0x09,0x3a,0x09,0x3a,0x09,0x3a,0x09,0x3a,0x09,0x3a,
  0x09,0x3a,0x09,0x3a,0x09,0x3a,0x09,0x3a,0x09,0x3a,0x09,0x3a,0x09,0x3a,0x09,0x3a,
  0x09,0x3a,0x09,0x3a,0x09,0x3a,0x09,0x3a,0x09,0x3a,0x09,0x3a,0x09,0x3a,0x09,0x3a,
  0xe3,0x18,0xe4,0x18,0xe4,0x18,0xe4,0x18,0x04,0x19,0xe3,0x18,0x04,0x21,0x49,0x42,
  0x69,0x4a,0x49,0x4a,0x49,0x4a,0x49,0x4a,0x49,0x4a,0x49,0x4a,0x49,0x4a,0x49,0x4a,
  0x49,0x4a,0x49,0x4a,0x49,0x4a,0x49,0x4a,0x49,0x4a,0x49,0x4a,0x49,0x4a,0x49,0x4a,
  0x49,0x4a,0x49,0x4a,0x49,0x4a,0x49,0x4a,0x49,0x4a,0x49,0x4a,0x49,0x4a,0x49,0x4a,
  0x49,0x4a,0x49,0x4a,0x49,0x4a,0x49,0x4a,0x49,0x4a,0x49,0x4a,0x49,0x4a,0x49,0x4a,
  0x49,0x4a,0x49,0x4a,0x49,0x4a,0x49,0x4a,0x49,0x4a,0x49,0x4a,0x69,0x4a,0x69,0x4a,
  0x6a,0x4a,0x6a,0x4a,0x69,0x4a,0x49,0x4a,0x28,0x42,0xe7,0x39,0x86,0x31,0x45,0x29,
  0x04,0x19,0xc3,0x10,0xa2,0x10,0x82,0x08,0x62,0x08,0x82,0x08,0x82,0x10,0x82,0x10,
  0x82,0x10,0xa2,0x10,0x82,0x10,0x82,0x10,0x82,0x10,0x82,0x10,0x82,0x10,0x82,0x10,
  0xa2,0x10,0xa2,0x10,0xa3,0x10,0xa3,0x10,0xc3,0x10,0xc3,0x18,0xc3,0x18,0xe3,0x18,
  0x04,0x21,0x04,0x21,0x04,0x21,0x04,0x21,0x04,0x21,0x04,0x21,0x04,0x21,0x04,0x19,
  0x04,0x19,0xe4,0x18,0xe3,0x18,0xe3,0x18,0xe3,0x18,0xe3,0x18,0x04,0x19,0x04,0x21,
  0x45,0x29,0x86,0x31,0xc7,0x39,0x08,0x42,0x49,0x4a,0x69,0x4a,0x6a,0x4a,0x8a,0x4a,
  0x8a,0x4a,0x6a,0x4a,0x69,0x4a,0x69,0x4a,0x69,0x4a,0x69,0x4a,0x69,0x4a,0x69,0x4a,
  0x69,0x4a,0x69,0x4a,0x69,0x4a,0x69,0x4a,0x69,0x4a,0x69,0x4a,0x69,0x4a,0x69,0x4a,
  0x69,0x4a,0x69,0x4a,0x69,0x4a,0x69,0x4a,0x69,0x4a,0x69,0x4a,0x69,0x4a,0x69,0x4a,
  0x69,0x4a,0x69,0x4a,0x69,0x4a,0x69,0x4a,0x69,0x4a,0x69,0x4a,0x69,0x4a,0x69,0x4a,
  0x69,0x4a,0x69,0x4a,0x69,0x4a,0x69,0x4a,0x69,0x4a,0x69,0x4a,0x69,0x4a,0x69,0x4a,
  0x69,0x4a,0x69,0x4a,0x69,0x4a,0x69,0x4a,0x69,0x4a,0x69,0x4a,0x69,0x4a,0x69,0x4a,
  0x69,0x4a,0x69,0x4a,0x69,0x4a,0x69,0x4a,0x66,0x29,0x04,0x21,0x25,0x21,0x04,0x21,
  0xe4,0x18,0x09,0x3a,0x09,0x3a,0x09,0x3a,0x09,0x3a,0x09,0x3a,0x09,0x3a,0x09,0x3a,
  0x09,0x3a,0x09,0x3a,0x09,0x3a,0x09,0x3a,0x09,0x3a,0x09,0x3a,0x09,0x3a,0x09,0x3a,
  0x09,0x3a,0x09,0x3a,0x09,0x3a,0x09,0x3a,0x09,0x3a,0x09,0x3a,0x09,0x3a,0x09,0x3a,
  0x09,0x3a,0x09,0x3a,0x09,0x3a,0x09,0x3a,0x09,0x3a,0x09,0x3a,0x09,0x3a,0x09,0x3a,
  0x09,0x3a,0x09,0x3a,0x09,0x3a,0x09,0x3a,0x09,0x3a,0x09,0x3a,0x09,0x3a,0x09,0x3a,
  0xc3,0x18,0xe3,0x18,0xe3,0x18,0xe4,0x18,0xe4,0x18,0x04,0x19,0xe3,0x18,0x24,0x21,
  0x29,0x42,0x69,0x4a,0x49,0x4a,0x49,0x4a,0x49,0x4a,0x49,0x4a,0x49,0x4a,0x49,0x4a,
  0x49,0x4a,0x49,0x4a,0x49,0x4a,0x49,0x4a,0x49,0x4a,0x49,0x4a,0x49,0x4a,0x49,0x4a,
  0x49,0x4a,0x49,0x4a,0x49,0x4a,0x49,0x4a,0x49,0x4a,0x49,0x4a,0x49,0x4a,0x49,0x4a,
  0x49,0x4a,0x49,0x4a,0x49,0x4a,0x49,0x4a,0x49,0x4a,0x49,0x4a,0x49,0x4a,0x49,0x4a,
  0x49,0x4a,0x49,0x4a,0x49,0x4a,0x49,0x4a,0x49,0x4a,0x49,0x4a,0x49,0x4a,0x49,0x4a,
  0x49,0x4a,0x49,0x4a,0x49,0x4a,0x49,0x4a,0x69,0x4a,0x69,0x4a,0x6a,0x4a,0x69,0x4a,
  0x69,0x4a,0x49,0x4a,0x08,0x42,0xc7,0x39,0x66,0x29,0x25,0x21,0xe4,0x18,0xa2,0x10,
  0x82,0x10,0x82,0x08,0x62,0x08,0x82,0x08,0x82,0x10,0x82,0x10,0x82,0x10,0x82,0x10,
  0x82,0x10,0x82,0x10,0x82,0x10,0x82,0x10,0x82,0x10,0xa2,0x10,0xa2,0x10,0xa2,0x10,
  0x04,0x21,0x04,0x19,0x04,0x19,0xe4,0x18,0xe4,0x18,0xe3,0x18,0xe3,0x18,0xe3,0x18,
  0xe3,0x18,0x04,0x19,0x25,0x21,0x65,0x29,0x86,0x31,0xe7,0x39,0x29,0x42,0x49,0x4a,
  0x6a,0x4a,0x8a,0x4a,0x8a,0x4a,0x6a,0x4a,0x69,0x4a,0x69,0x4a,0x69,0x4a,0x69,0x4a,
  0x69,0x4a,0x69,0x4a,0x69,0x4a,0x69,0x4a,0x69,0x4a,0x69,0x4a,0x69,0x4a,0x69,0x4a,
  0x69,0x4a,0x69,0x4a,0x69,0x4a,0x69,0x4a,0x69,0x4a,0x69,0x4a,0x69,0x4a,0x69,0x4a,
  0x69,0x4a,0x69,0x4a,0x69,0x4a,0x69,0x4a,0x69,0x4a,0x69,0x4a,0x69,0x4a,0x69,0x4a,
  0x69,0x4a,0x69,0x4a,0x69,0x4a,0x69,0x4a,0x69,0x4a,0x69,0x4a,0x69,0x4a,0x69,0x4a,
  0x69,0x4a,0x69,0x4a,0x69,0x4a,0x69,0x4a,0x69,0x4a,0x69,0x4a,0x69,0x4a,0x69,0x4a,
  0x69,0x4a,0x69,0x4a,0x69,0x4a,0x69,0x4a,0x69,0x4a,0x69,0x4a,0x69,0x4a,0x69,0x4a,
  0x69,0x4a,0x69,0x4a,0x69,0x4a,0x65,0x29,0x04,0x21,0x25,0x21,0x04,0x21,0xe4,0x18,
  0xe3,0x18,0xc3,0x18,0x09,0x3a,0x09,0x3a,0x09,0x3a,0x09,0x3a,0x09,0x3a,0x09,0x3a,
  0x09,0x3a,0x09,0x3a,0x09,0x3a,0x09,0x3a,0x09,0x3a,0x09,0x3a,0x09,0x3a,0x09,0x3a,
  0x09,0x3a,0x09,0x3a,0x09,0x3a,0x09,0x3a,0x09,0x3a,0x09,0x3a,0x09,0x3a,0x09,0x3a,
  0x09,0x3a,0x09,0x3a,0x09,0x3a,0x09,0x3a,0x09,0x3a,0x09,0x3a,0x09,0x3a,0x09,0x3a,
  0x09,0x3a,0x09,0x3a,0x09,0x3a,0x09,0x3a,0x09,0x3a,0x09,0x3a,0x09,0x3a,0xc3,0x10,
  0xc3,0x18,0xc3,0x18,0xe3,0x18,0xe4,0x18,0xe4,0x18,0xe4,0x18,0x04,0x19,0xe3,0x18,
  0x24,0x21,0x29,0x42,0x69,0x4a,0x49,0x4a,0x49,0x4a,0x49,0x4a,0x49,0x4a,0x49,0x4a,
  0x49,0x4a,0x49,0x4a,0x49,0x4a,0x49,0x4a,0x49,0x4a,0x49,0x4a,0x49,0x4a,0x49,0x4a,
  0x49,0x4a,0x49,0x4a,0x49,0x4a,0x49,0x4a,0x49,0x4a,0x49,0x4a,0x49,0x4a,0x49,0x4a,
  0x49,0x4a,0x49,0x4a,0x49,0x4a,0x49,0x4a,0x49,0x4a,0x49,0x4a,0x49,0x4a,0x49,0x4a,
  0x49,0x4a,0x49,0x4a,0x49,0x4a,0x49,0x4a,0x49,0x4a,0x49,0x4a,0x49,0x4a,0x49,0x4a,
  0x49,0x4a,0x49,0x4a,0x49,0x4a,0x49,0x4a,0x49,0x4a,0x49,0x4a,0x49,0x4a,0x49,0x4a,
  0x49,0x4a,0x49,0x4a,0x69,0x4a,0x69,0x4a,0x6a,0x4a,0x69,0x4a,0x49,0x4a,0x28,0x42,
  0xe8,0x39,0xa6,0x31,0x45,0x21,0x04,0x21,0xc3,0x10,0x82,0x10,0x82,0x08,0x62,0x08,
  0x82,0x08,0x82,0x08,0x82,0x10,0x82,0x10,0x82,0x10,0x82,0x10,0x82,0x10,0x82,0x10,
  0xe3,0x18,0xe3,0x18,0xe3,0x18,0xe4,0x18,0x04,0x21,0x25,0x21,0x86,0x29,0xc7,0x39,
  0xe8,0x39,0x49,0x42,0x69,0x4a,0x6a,0x4a,0x8a,0x4a,0x8a,0x4a,0x6a,0x4a,0x69,0x4a,
  0x69,0x4a,0x69,0x4a,0x69,0x4a,0x69,0x4a,0x69,0x4a,0x69,0x4a,0x69,0x4a,0x69,0x4a,
  0x69,0x4a,0x69,0x4a,0x69,0x4a,0x69,0x4a,0x69,0x4a,0x69,0x4a,0x69,0x4a,0x69,0x4a,
  0x69,0x4a,0x69,0x4a,0x69,0x4a,0x69,0x4a,0x69,0x4a,0x69,0x4a,0x69,0x4a,0x69,0x4a,
  0x69,0x4a,0x69,0x4a,0x69,0x4a,0x69,0x4a,0x69,0x4a,0x69,0x4a,0x69,0x4a,0x69,0x4a,
  0x69,0x4a,0x69,0x4a,0x69,0x4a,0x69,0x4a,0x69,0x4a,0x69,0x4a,0x69,0x4a,0x69,0x4a,
  0x69,0x4a,0x69,0x4a,0x69,0x4a,0x69,0x4a,0x69,0x4a,0x69,0x4a,0x69,0x4a,0x69,0x4a,
  0x69,0x4a,0x69,0x4a,0x69,0x4a,0x69,0x4a,0x69,0x4a,0x69,0x4a,0x69,0x4a,0x69,0x4a,
  0x69,0x4a,0x69,0x4a,0x65,0x29,0x04,0x21,0x25,0x21,0x04,0x21,0xe4,0x18,0xe3,0x18,
  0xe3,0x18,0xc3,0x18,0x09,0x3a,0x09,0x3a,0x09,0x3a,0x09,0x3a,0x09,0x3a,0x09,0x3a,
  0x09,0x3a,0x09,0x3a,0x09,0x3a,0x09,0x3a,0x09,0x3a,0x09,0x3a,0x09,0x3a,0x09,0x3a,
  0x09,0x3a,0x09,0x3a,0x09,0x3a,0x09,0x3a,0x09,0x3a,0x09,0x3a,0x09,0x3a,0x09,0x3a,
  0x09,0x3a,0x09,0x3a,0x09,0x3a,0x09,0x3a,0x09,0x3a,0x09,0x3a,0x09,0x3a,0x09,0x3a,
  0x09,0x3a,0x09,0x3a,0x09,0x3a,0x09,0x3a,0x09,0x3a,0x09,0x3a,0x09,0x3a,0xa3,0x10,
  0xc3,0x10,0xc3,0x18,0xc3,0x18,0xe3,0x18,0xe4,0x18,0xe4,0x18,0xe4,0x18,0x04,0x19,
  0xe3,0x18,0x24,0x21,0x49,0x42,0x69,0x4a,0x49,0x4a,0x49,0x4a,0x49,0x4a,0x49,0x4a,
  0x49,0x4a,0x49,0x4a,0x49,0x4a,0x49,0x4a,0x49,0x4a,0x49,0x4a,0x49,0x4a,0x49,0x4a,
  0x49,0x4a,0x49,0x4a,0x49,0x4a,0x49,0x4a,0x49,0x4a,0x49,0x4a,0x49,0x4a,0x49,0x4a,
  0x49,0x4a,0x49,0x4a,0x49,0x4a,0x49,0x4a,0x49,0x4a,0x49,0x4a,0x49,0x4a,0x49,0x4a,
  0x49,0x4a,0x49,0x4a,0x49,0x4a,0x49,0x4a,0x49,0x4a,0x49,0x4a,0x49,0x4a,0x49,0x4a,
  0x49,0x4a,0x49,0x4a,0x49,0x4a,0x49,0x4a,0x49,0x4a,0x49,0x4a,0x49,0x4a,0x49,0x4a,
  0x49,0x4a,0x49,0x4a,0x49,0x4a,0x49,0x4a,0x49,0x4a,0x49,0x4a,0x49,0x4a,0x69,0x4a,
  0x69,0x4a,0x6a,0x4a,0x69,0x4a,0x69,0x4a,0x49,0x42,0x08,0x3a,0xc7,0x39,0x66,0x29,
  0x04,0x21,0xe3,0x18,0xa2,0x10,0x82,0x08,0x62,0x08,0x62,0x08,0x82,0x08,0x82,0x10,
  0x45,0x29,0x86,0x31,0xc7,0x39,0x28,0x42,0x49,0x4a,0x69,0x4a,0x8a,0x4a,0x8a,0x4a,
  0x8a,0x4a,0x6a,0x4a,0x69,0x4a,0x69,0x4a,0x69,0x4a,0x69,0x4a,0x69,0x4a,0x69,0x4a,
  0x69,0x4a,0x69,0x4a,0x69,0x4a,0x69,0x4a,0x69,0x4a,0x69,0x4a,0x69,0x4a,0x69,0x4a,
  0x69,0x4a,0x69,0x4a,0x69,0x4a,0x69,0x4a,0x69,0x4a,0x69,0x4a,0x69,0x4a,0x69,0x4a,
  0x69,0x4a,0x69,0x4a,0x69,0x4a,0x69,0x4a,0x69,0x4a,0x69,0x4a,0x69,0x4a,0x69,0x4a,
  0x69,0x4a,0x69,0x4a,0x69,0x4a,0x69,0x4a,0x69,0x4a,0x69,0x4a,0x69,0x4a,0x69,0x4a,
  0x69,0x4a,0x69,0x4a,0x69,0x4a,0x69,0x4a,0x69,0x4a,0x69,0x4a,0x69,0x4a,0x69,0x4a,
  0x69,0x4a,0x69,0x4a,0x69,0x4a,0x69,0x4a,0x69,0x4a,0x69,0x4a,0x69,0x4a,0x69,0x4a,
  0x69,0x4a,0x69,0x4a,0x69,0x4a,0x69,0x4a,0x69,0x4a,0x69,0x4a,0x69,0x4a,0x69,0x4a,
  0x69,0x4a,0x65,0x29,0x04,0x21,0x25,0x21,0x04,0x21,0xe4,0x18,0xe3,0x18,0xe3,0x18,
  0xe3,0x18,0xe3,0x18,0xc3,0x18,0x09,0x3a,0x09,0x3a,0x09,0x3a,0x09,0x3a,0x09,0x3a,
  0x09,0x3a,0x09,0x3a,0x09,0x3a,0x09,0x3a,0x09,0x3a,0x09,0x3a,0x09,0x3a,0x09,0x3a,
  0x09,0x3a,0x09,0x3a,0x09,0x3a,0x09,0x3a,0x09,0x3a,0x09,0x3a,0x09,0x3a,0x09,0x3a,
  0x09,0x3a,0x09,0x3a,0x09,0x3a,0x09,0x3a,0x09,0x3a,0x09,0x3a,0x09,0x3a,0x09,0x3a,
  0x09,0x3a,0x09,0x3a,0x09,0x3a,0x09,0x3a,0x09,0x3a,0x09,0x3a,0xa2,0x10,0xa3,0x10,
  0xa3,0x10,0xc3,0x10,0xc3,0x18,0xc3,0x18,0xe3,0x18,0xe4,0x18,0xe4,0x18,0xe4,0x18,
  0x04,0x19,0xe3,0x18,0x24,0x21,0x49,0x42,0x69,0x4a,0x49,0x4a,0x49,0x4a,0x49,0x4a,
  0x49,0x4a,0x49,0x4a,0x49,0x4a,0x49,0x4a,0x49,0x4a,0x49,0x4a,0x49,0x4a,0x49,0x4a,
  0x49,0x4a,0x49,0x4a,0x49,0x4a,0x49,0x4a,0x49,0x4a,0x49,0x4a,0x49,0x4a,0x49,0x4a,
  0x49,0x4a,0x49,0x4a,0x49,0x4a,0x49,0x4a,0x49,0x4a,0x49,0x4a,0x49,0x4a,0x49,0x4a,
  0x49,0x4a,0x49,0x4a,0x49,0x4a,0x49,0x4a,0x49,0x4a,0x49,0x4a,0x49,0x4a,0x49,0x4a,
  0x49,0x4a,0x49,0x4a,0x49,0x4a,0x49,0x4a,0x49,0x4a,0x49,0x4a,0x49,0x4a,0x49,0x4a,
  0x49,0x4a,0x49,0x4a,0x49,0x4a,0x49,0x4a,0x49,0x4a,0x49,0x4a,0x49,0x4a,0x49,0x4a,
  0x49,0x4a,0x49,0x4a,0x49,0x4a,0x49,0x4a,0x49,0x4a,0x69,0x4a,0x69,0x4a,0x6a,0x4a,
  0x69,0x4a,0x49,0x4a,0x28,0x42,0xe7,0x39,0xa6,0x31,0x45,0x29,0xe3,0x18,0xc3,0x18,
  0x6a,0x4a,0x8a,0x4a,0x8a,0x4a,0x6a,0x4a,0x6a,0x4a,0x69,0x4a,0x69,0x4a,0x69,0x4a,
  0x69,0x4a,0x69,0x4a,0x69,0x4a,0x69,0x4a,0x69,0x4a,0x69,0x4a,0x69,0x4a,0x69,0x4a,
  0x69,0x4a,0x69,0x4a,0x69,0x4a,0x69,0x4a,0x69,0x4a,0x69,0x4a,0x69,0x4a,0x69,0x4a,
  0x69,0x4a,0x69,0x4a,0x69,0x4a,0x69,0x4a,0x69,0x4a,0x69,0x4a,0x69,0x4a,0x69,0x4a,
  0x69,0x4a,0x69,0x4a,0x69,0x4a,0x69,0x4a,0x69,0x4a,0x69,0x4a,0x69,0x4a,0x69,0x4a,
  0x69,0x4a,0x69,0x4a,0x69,0x4a,0x69,0x4a,0x69,0x4a,0x69,0x4a,0x69,0x4a,0x69,0x4a,
  0x69,0x4a,0x69,0x4a,0x69,0x4a,0x69,0x4a,0x69,0x4a,0x69,0x4a,0x69,0x4a,0x69,0x4a,
  0x69,0x4a,0x69,0x4a,0x69,0x4a,0x69,0x4a,0x69,0x4a,0x69,0x4a,0x69,0x4a,0x69,0x4a,
  0x69,0x4a,0x69,0x4a,0x69,0x4a,0x69,0x4a,0x69,0x4a,0x69,0x4a,0x69,0x4a,0x69,0x4a,
  0x45,0x29,0x04,0x21,0x25,0x21,0x04,0x21,0xe4,0x18,0xe3,0x18,0xe3,0x18,0xe3,0x18,
  0xe3,0x18,0xe3,0x18,0xe3,0x18,0x09,0x3a,0x09,0x3a,0x09,0x3a,0x09,0x3a,0x09,0x3a,
  0x09,0x3a,0x09,0x3a,0x09,0x3a,0x09,0x3a,0x09,0x3a,0x09,0x3a,0x09,0x3a,0x09,0x3a,
  0x09,0x3a,0x09,0x3a,0x09,0x3a,0x09,0x3a,0x09,0x3a,0x09,0x3a,0x09,0x3a,0x09,0x3a,
  0x09,0x3a,0x09,0x3a,0x09,0x3a,0x09,0x3a,0x09,0x3a,0x09,0x3a,0x09,0x3a,0x09,0x3a,
  0x09,0x3a,0x09,0x3a,0x09,0x3a,0x09,0x3a,0x09,0x3a,0x09,0x3a,0xa2,0x10,0xa2,0x10,
  0xa3,0x10,0xa3,0x10,0xc3,0x10,0xc3,0x18,0xc3,0x18,0xe3,0x18,0xe4,0x18,0x04,0x19,
  0x04,0x19,0x04,0x19,0xe3,0x18,0x24,0x21,0x49,0x4a,0x69,0x4a,0x49,0x4a,0x49,0x4a,
  0x49,0x4a,0x49,0x4a,0x49,0x4a,0x49,0x4a,0x49,0x4a,0x49,0x4a,0x49,0x4a,0x49,0x4a,
  0x49,0x4a,0x49,0x4a,0x49,0x4a,0x49,0x4a,0x49,0x4a,0x49,0x4a,0x49,0x4a,0x49,0x4a,
  0x49,0x4a,0x49,0x4a,0x49,0x4a,0x49,0x4a,0x49,0x4a,0x49,0x4a,0x49,0x4a,0x49,0x4a,
  0x49,0x4a,0x49,0x4a,0x49,0x4a,0x49,0x4a,0x49,0x4a,0x49,0x4a,0x49,0x4a,0x49,0x4a,
  0x49,0x4a,0x49,0x4a,0x49,0x4a,0x49,0x4a,0x49,0x4a,0x49,0x4a,0x49,0x4a,0x49,0x4a,
  0x49,0x4a,0x49,0x4a,0x49,0x4a,0x49,0x4a,0x49,0x4a,0x49,0x4a,0x49,0x4a,0x49,0x4a,
  0x49,0x4a,0x49,0x4a,0x49,0x4a,0x49,0x4a,0x49,0x4a,0x49,0x4a,0x49,0x4a,0x49,0x4a,
  0x49,0x4a,0x49,0x4a,0x69,0x4a,0x69,0x4a,0x69,0x4a,0x6a,0x4a,0x69,0x4a,0x49,0x4a,
  0x69,0x4a,0x69,0x4a,0x69,0x4a,0x69,0x4a,0x69,0x4a,0x69,0x4a,0x69,0x4a,0x69,0x4a,
  0x69,0x4a,0x69,0x4a,0x69,0x4a,0x69,0x4a,0x69,0x4a,0x69,0x4a,0x69,0x4a,0x69,0x4a,
  0x69,0x4a,0x69,0x4a,0x69,0x4a,0x69,0x4a,0x69,0x4a,0x69,0x4a,0x69,0x4a,0x69,0x4a,
  0x69,0x4a,0x69,0x4a,0x69,0x4a,0x69,0x4a,0x69,0x4a,0x69,0x4a,0x69,0x4a,0x69,0x4a,
  0x69,0x4a,0x69,0x4a,0x69,0x4a,0x69,0x4a,0x69,0x4a,0x69,0x4a,0x69,0x4a,0x69,0x4a,
  0x69,0x4a,0x69,0x4a,0x69,0x4a,0x69,0x4a,0x69,0x4a,0x69,0x4a,0x69,0x4a,0x69,0x4a,
  0x69,0x4a,0x69,0x4a,0x69,0x4a,0x69,0x4a,0x69,0x4a,0x69,0x4a,0x69,0x4a,0x69,0x4a,
  0x69,0x4a,0x69,0x4a,0x69,0x4a,0x69,0x4a,0x69,0x4a,0x69,0x4a,0x69,0x4a,0x69,0x4a,
  0x69,0x4a,0x69,0x4a,0x69,0x4a,0x69,0x4a,0x69,0x4a,0x69,0x4a,0x69,0x4a,0x45,0x29,
  0x04,0x21,0x25,0x21,0x04,0x21,0xe4,0x18,0xe3,0x18,0xe3,0x18,0xe3,0x18,0xe3,0x18,
  0xe3,0x18,0xe3,0x18,0xc3,0x18,0x04,0x21,0x09,0x3a,0x09,0x3a,0x09,0x3a,0x09,0x3a,
  0x09,0x3a,0x09,0x3a,0x09,0x3a,0x09,0x3a,0x09,0x3a,0x09,0x3a,0x09,0x3a,0x09,0x3a,
  0x09,0x3a,0x09,0x3a,0x09,0x3a,0x09,0x3a,0x09,0x3a,0x09,0x3a,0x09,0x3a,0x09,0x3a,
  0x09,0x3a,0x09,0x3a,0x09,0x3a,0x09,0x3a,0x09,0x3a,0x09,0x3a,0x09,0x3a,0x09,0x3a,
  0x09,0x3a,0x09,0x3a,0x09,0x3a,0x09,0x3a,0x09,0x3a,0xa7,0x31,0x82,0x10,0xa2,0x10,
  0xa3,0x10,0xa3,0x10,0xa3,0x10,0xc3,0x10,0xc3,0x18,0xc3,0x18,0xe3,0x18,0xe4,0x18,
  0x04,0x19,0x04,0x19,0x04,0x21,0xe3,0x18,0x24,0x21,0x49,0x42,0x69,0x4a,0x49,0x4a,
  0x49,0x4a,0x49,0x4a,0x49,0x4a,0x49,0x4a,0x49,0x4a,0x49,0x4a,0x49,0x4a,0x49,0x4a,
  0x49,0x4a,0x49,0x4a,0x49,0x4a,0x49,0x4a,0x49,0x4a,0x49,0x4a,0x49,0x4a,0x49,0x4a,
  0x49,0x4a,0x49,0x4a,0x49,0x4a,0x49,0x4a,0x49,0x4a,0x49,0x4a,0x49,0x4a,0x49,0x4a,
  0x49,0x4a,0x49,0x4a,0x49,0x4a,0x49,0x4a,0x49,0x4a,0x49,0x4a,0x49,0x4a,0x49,0x4a,
  0x49,0x4a,0x49,0x4a,0x49,0x4a,0x49,0x4a,0x49,0x4a,0x49,0x4a,0x49,0x4a,0x49,0x4a,
  0x49,0x4a,0x49,0x4a,0x49,0x4a,0x49,0x4a,0x49,0x4a,0x49,0x4a,0x49,0x4a,0x49,0x4a,
  0x49,0x4a,0x49,0x4a,0x49,0x4a,0x49,0x4a,0x49,0x4a,0x49,0x4a,0x49,0x4a,0x49,0x4a,
  0x49,0x4a,0x49,0x4a,0x49,0x4a,0x49,0x4a,0x49,0x4a,0x49,0x4a,0x49,0x4a,0x49,0x4a,
  0x69,0x4a,0x69,0x4a,0x69,0x4a,0x69,0x4a,0x69,0x4a,0x69,0x4a,0x69,0x4a,0x69,0x4a,
  0x69,0x4a,0x69,0x4a,0x69,0x4a,0x69,0x4a,0x69,0x4a,0x69,0x4a,0x69,0x4a,0x69,0x4a,
  0x69,0x4a,0x69,0x4a,0x69,0x4a,0x69,0x4a,0x69,0x4a,0x69,0x4a,0x69,0x4a,0x69,0x4a,
  0x69,0x4a,0x69,0x4a,0x69,0x4a,0x69,0x4a,0x69,0x4a,0x69,0x4a,0x69,0x4a,0x69,0x4a,
  0x69,0x4a,0x69,0x4a,0x69,0x4a,0x69,0x4a,0x69,0x4a,0x69,0x4a,0x69,0x4a,0x69,0x4a,
  0x69,0x4a,0x69,0x4a,0x69,0x4a,0x69,0x4a,0x69,0x4a,0x69,0x4a,0x69,0x4a,0x69,0x4a,
  0x69,0x4a,0x69,0x4a,0x69,0x4a,0x69,0x4a,0x69,0x4a,0x69,0x4a,0x69,0x4a,0x69,0x4a,
  0x69,0x4a,0x69,0x4a,0x69,0x4a,0x69,0x4a,0x69,0x4a,0x69,0x4a,0x69,0x4a,0x69,0x4a,
  0x69,0x4a,0x69,0x4a,0x69,0x4a,0x69,0x4a,0x6a,0x4a,0x49,0x4a,0x45,0x29,0x24,0x21,
  0x25,0x21,0x04,0x21,0xe4,0x18,0xe3,0x18,0xe3,0x18,0xe3,0x18,0xe3,0x18,0xe3,0x18,
  0xe3,0x18,0xc3,0x18,0x04,0x21,0x49,0x42,0x6a,0x4a,0x09,0x3a,0x09,0x3a,0x09,0x3a,
  0x09,0x3a,0x09,0x3a,0x09,0x3a,0x09,0x3a,0x09,0x3a,0x09,0x3a,0x09,0x3a,0x09,0x3a,
  0x09,0x3a,0x09,0x3a,0x09,0x3a,0x09,0x3a,0x09,0x3a,0x09,0x3a,0x09,0x3a,0x09,0x3a,
  0x09,0x3a,0x09,0x3a,0x09,0x3a,0x09,0x3a,0x09,0x3a,0x09,0x3a,0x09,0x3a,0x09,0x3a,
  0x09,0x3a,0x09,0x3a,0x09,0x3a,0x09,0x3a,0x49,0x4a,0x8a,0x4a,0xc7,0x39,0x82,0x10,
  0xa2,0x10,0xa3,0x10,0xa3,0x10,0xa3,0x10,0xc3,0x10,0xc3,0x18,0xc3,0x18,0xe3,0x18,
  0xe4,0x18,0x04,0x19,0x04,0x19,0x04,0x21,0xe3,0x18,0x24,0x21,0x49,0x42,0x69,0x4a,
  0x49,0x4a,0x49,0x4a,0x49,0x4a,0x49,0x4a,0x49,0x4a,0x49,0x4a,0x49,0x4a,0x49,0x4a,
  0x49,0x4a,0x49,0x4a,0x49,0x4a,0x49,0x4a,0x49,0x4a,0x49,0x4a,0x49,0x4a,0x49,0x4a,
  0x49,0x4a,0x49,0x4a,0x49,0x4a,0x49,0x4a,0x49,0x4a,0x49,0x4a,0x49,0x4a,0x49,0x4a,
  0x49,0x4a,0x49,0x4a,0x49,0x4a,0x49,0x4a,0x49,0x4a,0x49,0x4a,0x49,0x4a,0x49,0x4a,
  0x49,0x4a,0x49,0x4a,0x49,0x4a,0x49,0x4a,0x49,0x4a,0x49,0x4a,0x49,0x4a,0x49,0x4a,
  0x49,0x4a,0x49,0x4a,0x49,0x4a,0x49,0x4a,0x49,0x4a,0x49,0x4a,0x49,0x4a,0x49,0x4a,
  0x49,0x4a,0x49,0x4a,0x49,0x4a,0x49,0x4a,0x49,0x4a,0x49,0x4a,0x49,0x4a,0x49,0x4a,
  0x49,0x4a,0x49,0x4a,0x49,0x4a,0x49,0x4a,0x49,0x4a,0x49,0x4a,0x49,0x4a,0x49,0x4a,
  0x69,0x4a,0x69,0x4a,0x69,0x4a,0x69,0x4a,0x69,0x4a,0x69,0x4a,0x69,0x4a,0x69,0x4a,
  0x69,0x4a,0x69,0x4a,0x69,0x4a,0x69,0x4a,0x69,0x4a,0x69,0x4a,0x69,0x4a,0x69,0x4a,
  0x69,0x4a,0x69,0x4a,0x69,0x4a,0x69,0x4a,0x69,0x4a,0x69,0x4a,0x69,0x4a,0x69,0x4a,
  0x69,0x4a,0x69,0x4a,0x69,0x4a,0x69,0x4a,0x69,0x4a,0x69,0x4a,0x69,0x4a,0x69,0x4a,
  0x69,0x4a,0x69,0x4a,0x69,0x4a,0x69,0x4a,0x69,0x4a,0x69,0x4a,0x69,0x4a,0x69,0x4a,
  0x69,0x4a,0x69,0x4a,0x69,0x4a,0x69,0x4a,0x69,0x4a,0x69,0x4a,0x69,0x4a,0x69,0x4a,
  0x69,0x4a,0x69,0x4a,0x69,0x4a,0x69,0x4a,0x69,0x4a,0x69,0x4a,0x69,0x4a,0x69,0x4a,
  0x69,0x4a,0x69,0x4a,0x69,0x4a,0x69,0x4a,0x69,0x4a,0x69,0x4a,0x69,0x4a,0x69,0x4a,
  0x69,0x4a,0x69,0x4a,0x69,0x4a,0x6a,0x4a,0x49,0x4a,0x45,0x29,0x24,0x21,0x25,0x21,
  0x04,0x21,0xe4,0x18,0xe3,0x18,0xe3,0x18,0xe3,0x18,0xe3,0x18,0xe3,0x18,0xe3,0x18,
  0xc3,0x18,0x24,0x21,0x49,0x4a,0x6a,0x4a,0x69,0x4a,0x69,0x4a,0x09,0x3a,0x09,0x3a,
  0x09,0x3a,0x09,0x3a,0x09,0x3a,0x09,0x3a,0x09,0x3a,0x09,0x3a,0x09,0x3a,0x09,0x3a,
  0x09,0x3a,0x09,0x3a,0x09,0x3a,0x09,0x3a,0x09,0x3a,0x09,0x3a,0x09,0x3a,0x09,0x3a,
  0x09,0x3a,0x09,0x3a,0x09,0x3a,0x09,0x3a,0x09,0x3a,0x09,0x3a,0x09,0x3a,0x09,0x3a,
  0x09,0x3a,0x09,0x3a,0x09,0x3a,0x69,0x4a,0x69,0x4a,0x49,0x4a,0x8a,0x4a,0xe7,0x39,
  0xa2,0x10,0xa2,0x10,0xa3,0x10,0xa3,0x10,0xa3,0x10,0xc3,0x10,0xc3,0x18,0xc3,0x18,
  0xe3,0x18,0xe4,0x18,0x04,0x19,0x04,0x19,0x04,0x21,0xe3,0x18,0x24,0x21,0x49,0x4a,
  0x69,0x4a,0x49,0x4a,0x49,0x4a,0x49,0x4a,0x49,0x4a,0x49,0x4a,0x49,0x4a,0x49,0x4a,
  0x49,0x4a,0x49,0x4a,0x49,0x4a,0x49,0x4a,0x49,0x4a,0x49,0x4a,0x49,0x4a,0x49,0x4a,
  0x49,0x4a,0x49,0x4a,0x49,0x4a,0x49,0x4a,0x49,0x4a,0x49,0x4a,0x49,0x4a,0x49,0x4a,
  0x49,0x4a,0x49,0x4a,0x49,0x4a,0x49,0x4a,0x49,0x4a,0x49,0x4a,0x49,0x4a,0x49,0x4a,
  0x49,0x4a,0x49,0x4a,0x49,0x4a,0x49,0x4a,0x49,0x4a,0x49,0x4a,0x49,0x4a,0x49,0x4a,
  0x49,0x4a,0x49,0x4a,0x49,0x4a,0x49,0x4a,0x49,0x4a,0x49,0x4a,0x49,0x4a,0x49,0x4a,
  0x49,0x4a,0x49,0x4a,0x49,0x4a,0x49,0x4a,0x49,0x4a,0x49,0x4a,0x49,0x4a,0x49,0x4a,
  0x49,0x4a,0x49,0x4a,0x49,0x4a,0x49,0x4a,0x49,0x4a,0x49,0x4a,0x49,0x4a,0x49,0x4a,
  0x69,0x4a,0x69,0x4a,0x69,0x4a,0x69,0x4a,0x69,0x4a,0x69,0x4a,0x69,0x4a,0x69,0x4a,
  0x69,0x4a,0x69,0x4a,0x69,0x4a,0x69,0x4a,0x69,0x4a,0x69,0x4a,0x69,0x4a,0x69,0x4a,
  0x69,0x4a,0x69,0x4a,0x69,0x4a,0x69,0x4a,0x69,0x4a,0x69,0x4a,0x69,0x4a,0x69,0x4a,
  0x69,0x4a,0x69,0x4a,0x69,0x4a,0x69,0x4a,0x69,0x4a,0x69,0x4a,0x69,0x4a,0x69,0x4a,
  0x69,0x4a,0x69,0x4a,0x69,0x4a,0x69,0x4a,0x69,0x4a,0x69,0x4a,0x69,0x4a,0x69,0x4a,
  0x69,0x4a,0x69,0x4a,0x69,0x4a,0x69,0x4a,0x69,0x4a,0x69,0x4a,0x69,0x4a,0x69,0x4a,
  0x69,0x4a,0x69,0x4a,0x69,0x4a,0x69,0x4a,0x69,0x4a,0x69,0x4a,0x69,0x4a,0x69,0x4a,
  0x69,0x4a,0x69,0x4a,0x69,0x4a,0x69,0x4a,0x69,0x4a,0x69,0x4a,0x69,0x4a,0x69,0x4a,
  0x69,0x4a,0x69,0x4a,0x6a,0x4a,0x49,0x4a,0x45,0x21,0x24,0x21,0x25,0x21,0x04,0x21,
  0xe4,0x18,0xe3,0x18,0xe3,0x18,0xe3,0x18,0xe3,0x18,0xe3,0x18,0xe3,0x18,0xc3,0x18,
  0x25,0x21,0x49,0x4a,0x6a,0x4a,0x69,0x4a,0x69,0x4a,0x69,0x4a,0x69,0x4a,0x09,0x3a,
  0x09,0x3a,0x09,0x3a,0x09,0x3a,0x09,0x3a,0x09,0x3a,0x09,0x3a,0x09,0x3a,0x09,0x3a,
  0x09,0x3a,0x09,0x3a,0x09,0x3a,0x09,0x3a,0x09,0x3a,0x09,0x3a,0x09,0x3a,0x09,0x3a,
  0x09,0x3a,0x09,0x3a,0x09,0x3a,0x09,0x3a,0x09,0x3a,0x09,0x3a,0x09,0x3a,0x09,0x3a,
  0x09,0x3a,0x09,0x3a,0x69,0x4a,0x69,0x4a,0x69,0x4a,0x69,0x4a,0x49,0x4a,0x8a,0x4a,
  0xe8,0x39,0xa3,0x10,0x82,0x10,0xa3,0x10,0xa3,0x10,0xa3,0x10,0xc3,0x18,0xc3,0x18,
  0xc3,0x18,0xe3,0x18,0xe4,0x18,0x04,0x19,0x04,0x19,0x04,0x21,0xe3,0x18,0x24,0x21,
  0x49,0x4a,0x69,0x4a,0x49,0x4a,0x49,0x4a,0x49,0x4a,0x49,0x4a,0x49,0x4a,0x49,0x4a,
  0x49,0x4a,0x49,0x4a,0x49,0x4a,0x49,0x4a,0x49,0x4a,0x49,0x4a,0x49,0x4a,0x49,0x4a,
  0x49,0x4a,0x49,0x4a,0x49,0x4a,0x49,0x4a,0x49,0x4a,0x49,0x4a,0x49,0x4a,0x49,0x4a,
  0x49,0x4a,0x49,0x4a,0x49,0x4a,0x49,0x4a,0x49,0x4a,0x49,0x4a,0x49,0x4a,0x49,0x4a,
  0x49,0x4a,0x49,0x4a,0x49,0x4a,0x49,0x4a,0x49,0x4a,0x49,0x4a,0x49,0x4a,0x49,0x4a,
  0x49,0x4a,0x49,0x4a,0x49,0x4a,0x49,0x4a,0x49,0x4a,0x49,0x4a,0x49,0x4a,0x49,0x4a,
  0x49,0x4a,0x49,0x4a,0x49,0x4a,0x49,0x4a,0x49,0x4a,0x49,0x4a,0x49,0x4a,0x49,0x4a,
  0x49,0x4a,0x49,0x4a,0x49,0x4a,0x49,0x4a,0x49,0x4a,0x49,0x4a,0x49,0x4a,0x49,0x4a,
  0x69,0x4a,0x69,0x4a,0x69,0x4a,0x69,0x4a,0x69,0x4a,0x69,0x4a,0x69,0x4a,0x69,0x4a,
  0x69,0x4a,0x69,0x4a,0x69,0x4a,0x69,0x4a,0x69,0x4a,0x69,0x4a,0x69,0x4a,0x69,0x4a,
  0x69,0x4a,0x69,0x4a,0x69,0x4a,0x69,0x4a,0x69,0x4a,0x69,0x4a,0x69,0x4a,0x69,0x4a,
  0x69,0x4a,0x69,0x4a,0x69,0x4a,0x69,0x4a,0x69,0x4a,0x69,0x4a,0x69,0x4a,0x69,0x4a,
  0x69,0x4a,0x69,0x4a,0x69,0x4a,0x69,0x4a,0x69,0x4a,0x69,0x4a,0x69,0x4a,0x69,0x4a,
  0x69,0x4a,0x69,0x4a,0x69,0x4a,0x69,0x4a,0x69,0x4a,0x69,0x4a,0x69,0x4a,0x69,0x4a,
  0x69,0x4a,0x69,0x4a,0x69,0x4a,0x69,0x4a,0x69,0x4a,0x69,0x4a,0x69,0x4a,0x69,0x4a,
  0x69,0x4a,0x69,0x4a,0x69,0x4a,0x69,0x4a,0x69,0x4a,0x69,0x4a,0x69,0x4a,0x69,0x4a,
  0x69,0x4a,0x6a,0x4a,0x49,0x4a,0x45,0x21,0x24,0x21,0x25,0x21,0x04,0x21,0xe4,0x18,
  0xe3,0x18,0xe3,0x18,0xe3,0x18,0xe3,0x18,0xe3,0x18,0xe3,0x18,0xc3,0x10,0x45,0x21,
  0x69,0x4a,0x6a,0x4a,0x69,0x4a,0x69,0x4a,0x69,0x4a,0x69,0x4a,0x69,0x4a,0x69,0x4a,
  0x09,0x3a,0x09,0x3a,0x09,0x3a,0x09,0x3a,0x09,0x3a,0x09,0x3a,0x09,0x3a,0x09,0x3a,
  0x09,0x3a,0x09,0x3a,0x09,0x3a,0x09,0x3a,0x09,0x3a,0x09,0x3a,0x09,0x3a,0x09,0x3a,
  0x09,0x3a,0x09,0x3a,0x09,0x3a,0x09,0x3a,0x09,0x3a,0x09,0x3a,0x09,0x3a,0x09,0x3a,
  0x09,0x3a,0x49,0x4a,0x49,0x4a,0x69,0x4a,0x69,0x4a,0x69,0x4a,0x69,0x4a,0x49,0x4a,
  0x6a,0x4a,0x08,0x42,0xa3,0x10,0x82,0x10,0xa3,0x10,0xa3,0x10,0xc3,0x10,0xc3,0x18,
  0xc3,0x18,0xe3,0x18,0xe3,0x18,0xe4,0x18,0x04,0x19,0x04,0x19,0x04,0x21,0xe3,0x18,
  0x24,0x21,0x49,0x4a,0x69,0x4a,0x49,0x4a,0x49,0x4a,0x49,0x4a,0x49,0x4a,0x49,0x4a,
  0x49,0x4a,0x49,0x4a,0x49,0x4a,0x49,0x4a,0x49,0x4a,0x49,0x4a,0x49,0x4a,0x49,0x4a,
  0x49,0x4a,0x49,0x4a,0x49,0x4a,0x49,0x4a,0x49,0x4a,0x49,0x4a,0x49,0x4a,0x49,0x4a,
  0x49,0x4a,0x49,0x4a,0x49,0x4a,0x49,0x4a,0x49,0x4a,0x49,0x4a,0x49,0x4a,0x49,0x4a,
  0x49,0x4a,0x49,0x4a,0x49,0x4a,0x49,0x4a,0x49,0x4a,0x49,0x4a,0x49,0x4a,0x49,0x4a,
  0x49,0x4a,0x49,0x4a,0x49,0x4a,0x49,0x4a,0x49,0x4a,0x49,0x4a,0x49,0x4a,0x49,0x4a,
  0x49,0x4a,0x49,0x4a,0x49,0x4a,0x49,0x4a,0x49,0x4a,0x49,0x4a,0x49,0x4a,0x49,0x4a,
  0x49,0x4a,0x49,0x4a,0x49,0x4a,0x49,0x4a,0x49,0x4a,0x49,0x4a,0x49,0x4a,0x49,0x4a,
  0x69,0x4a,0x69,0x4a,0x69,0x4a,0x69,0x4a,0x69,0x4a,0x69,0x4a,0x69,0x4a,0x69,0x4a,
  0x69,0x4a,0x69,0x4a,0x69,0x4a,0x69,0x4a,0x69,0x4a,0x69,0x4a,0x69,0x4a,0x69,0x4a,
  0x69,0x4a,0x69,0x4a,0x69,0x4a,0x69,0x4a,0x69,0x4a,0x69,0x4a,0x69,0x4a,0x69,0x4a,
  0x69,0x4a,0x69,0x4a,0x69,0x4a,0x69,0x4a,0x69,0x4a,0x69,0x4a,0x69,0x4a,0x69,0x4a,
  0x69,0x4a,0x69,0x4a,0x69,0x4a,0x69,0x4a,0x69,0x4a,0x69,0x4a,0x69,0x4a,0x69,0x4a,
  0x69,0x4a,0x69,0x4a,0x69,0x4a,0x69,0x4a,0x69,0x4a,0x69,0x4a,0x69,0x4a,0x69,0x4a,
  0x69,0x4a,0x69,0x4a,0x69,0x4a,0x69,0x4a,0x69,0x4a,0x69,0x4a,0x69,0x4a,0x69,0x4a,
  0x69,0x4a,0x69,0x4a,0x69,0x4a,0x69,0x4a,0x69,0x4a,0x69,0x4a,0x69,0x4a,0x69,0x4a,
  0x6a,0x4a,0x49,0x4a,0x45,0x21,0x24,0x21,0x25,0x21,0x04,0x21,0xe4,0x18,0xe3,0x18,
  0xe3,0x18,0xe3,0x18,0xe3,0x18,0xe3,0x18,0xe3,0x18,0xc3,0x18,0x45,0x29,0x69,0x4a,
  0x69,0x4a,0x69,0x4a,0x69,0x4a,0x69,0x4a,0x69,0x4a,0x69,0x4a,0x69,0x4a,0x69,0x4a,
  0x69,0x4a,0x09,0x3a,0x09,0x3a,0x09,0x3a,0x09,0x3a,0x09,0x3a,0x09,0x3a,0x09,0x3a,
  0x09,0x3a,0x09,0x3a,0x09,0x3a,0x09,0x3a,0x09,0x3a,0x09,0x3a,0x09,0x3a,0x09,0x3a,
  0x09,0x3a,0x09,0x3a,0x09,0x3a,0x09,0x3a,0x09,0x3a,0x09,0x3a,0x09,0x3a,0x09,0x3a,
  0x49,0x4a,0x49,0x4a,0x49,0x4a,0x69,0x4a,0x69,0x4a,0x69,0x4a,0x69,0x4a,0x49,0x4a,
  0x49,0x4a,0x6a,0x4a,0x28,0x42,0xc3,0x18,0x82,0x10,0xa3,0x10,0xa3,0x10,0xc3,0x10,
  0xc3,0x18,0xc3,0x18,0xe3,0x18,0xe3,0x18,0xe4,0x18,0x04,0x19,0x04,0x19,0x04,0x21,
  0xe3,0x18,0x24,0x21,0x49,0x4a,0x69,0x4a,0x49,0x4a,0x49,0x4a,0x49,0x4a,0x49,0x4a,
  0x49,0x4a,0x49,0x4a,0x49,0x4a,0x49,0x4a,0x49,0x4a,0x49,0x4a,0x49,0x4a,0x49,0x4a,
  0x49,0x4a,0x49,0x4a,0x49,0x4a,0x49,0x4a,0x49,0x4a,0x49,0x4a,0x49,0x4a,0x49,0x4a,
  0x69,0x4a,0x69,0x4a,0x49,0x4a,0x49,0x4a,0x49,0x4a,0x49,0x4a,0x49,0x4a,0x49,0x4a,
  0x49,0x4a,0x49,0x4a,0x49,0x4a,0x49,0x4a,0x49,0x4a,0x49,0x4a,0x49,0x4a,0x49,0x4a,
  0x49,0x4a,0x49,0x4a,0x49,0x4a,0x49,0x4a,0x49,0x4a,0x49,0x4a,0x49,0x4a,0x49,0x4a,
  0x49,0x4a,0x49,0x4a,0x49,0x4a,0x49,0x4a,0x49,0x4a,0x49,0x4a,0x49,0x4a,0x49,0x4a,
  0x49,0x4a,0x49,0x4a,0x49,0x4a,0x49,0x4a,0x49,0x4a,0x49,0x4a,0x49,0x4a,0x49,0x4a,
  0x69,0x4a,0x69,0x4a,0x69,0x4a,0x69,0x4a,0x69,0x4a,0x69,0x4a,0x69,0x4a,0x69,0x4a,
  0x69,0x4a,0x69,0x4a,0x69,0x4a,0x69,0x4a,0x69,0x4a,0x69,0x4a,0x69,0x4a,0x69,0x4a,
  0x69,0x4a,0x69,0x4a,0x69,0x4a,0x69,0x4a,0x69,0x4a,0x69,0x4a,0x69,0x4a,0x69,0x4a,
  0x69,0x4a,0x69,0x4a,0x69,0x4a,0x69,0x4a,0x69,0x4a,0x69,0x4a,0x69,0x4a,0x69,0x4a,
  0x69,0x4a,0x69,0x4a,0x69,0x4a,0x69,0x4a,0x69,0x4a,0x69,0x4a,0x69,0x4a,0x69,0x4a,
  0x69,0x4a,0x69,0x4a,0x69,0x4a,0x69,0x4a,0x69,0x4a,0x69,0x4a,0x69,0x4a,0x69,0x4a,
  0x69,0x4a,0x69,0x4a,0x69,0x4a,0x69,0x4a,0x69,0x4a,0x69,0x4a,0x69,0x4a,0x69,0x4a,
  0x69,0x4a,0x69,0x4a,0x69,0x4a,0x69,0x4a,0x69,0x4a,0x69,0x4a,0x69,0x4a,0x6a,0x4a,
  0x49,0x42,0x25,0x21,0x24,0x21,0x25,0x21,0x04,0x21,0xe4,0x18,0xe3,0x18,0xe3,0x18,
  0xe3,0x18,0xe3,0x18,0xe3,0x18,0xe3,0x18,0xc3,0x10,0x65,0x29,0x6a,0x4a,0x69,0x4a,
  0x69,0x4a,0x69,0x4a,0x69,0x4a,0x69,0x4a,0x69,0x4a,0x69,0x4a,0x69,0x4a,0x69,0x4a,
  0x69,0x4a,0x69,0x4a,0x69,0x4a,0x09,0x3a,0x09,0x3a,0x09,0x3a,0x09,0x3a,0x09,0x3a,
  0x09,0x3a,0x09,0x3a,0x09,0x3a,0x09,0x3a,0x09,0x3a,0x09,0x3a,0x09,0x3a,0x09,0x3a,
  0x09,0x3a,0x09,0x3a,0x09,0x3a,0x09,0x3a,0x09,0x3a,0x09,0x3a,0x49,0x4a,0x49,0x4a,
  0x49,0x4a,0x49,0x4a,0x49,0x4a,0x49,0x4a,0x49,0x4a,0x49,0x4a,0x49,0x4a,0x49,0x4a,
  0x49,0x4a,0x49,0x4a,0x6a,0x4a,0x28,0x42,0xc3,0x18,0x82,0x10,0xa3,0x10,0xa3,0x10,
  0xc3,0x10,0xc3,0x18,0xc3,0x18,0xe3,0x18,0xe3,0x18,0xe4,0x18,0x04,0x19,0x04,0x19,
  0x04,0x21,0xe3,0x18,0x25,0x21,0x49,0x4a,0x69,0x4a,0x49,0x4a,0x49,0x4a,0x49,0x4a,
  0x49,0x4a,0x49,0x4a,0x49,0x4a,0x49,0x4a,0x49,0x4a,0x49,0x4a,0x49,0x4a,0x49,0x4a,
  0x49,0x4a,0x49,0x4a,0x49,0x4a,0x49,0x4a,0x69,0x4a,0x69,0x4a,0x69,0x4a,0x49,0x4a,
  0x49,0x4a,0x69,0x4a,0x69,0x4a,0x69,0x4a,0x69,0x4a,0x69,0x4a,0x69,0x4a,0x69,0x4a,
  0x49,0x4a,0x49,0x4a,0x69,0x4a,0x49,0x4a,0x49,0x4a,0x49,0x4a,0x49,0x4a,0x49,0x4a,
  0x49,0x4a,0x49,0x4a,0x49,0x4a,0x49,0x4a,0x49,0x4a,0x49,0x4a,0x49,0x4a,0x49,0x4a,
  0x49,0x4a,0x49,0x4a,0x49,0x4a,0x49,0x4a,0x49,0x4a,0x49,0x4a,0x49,0x4a,0x49,0x4a,
  0x49,0x4a,0x49,0x4a,0x49,0x4a,0x49,0x4a,0x49,0x4a,0x49,0x4a,0x49,0x4a,0x49,0x4a,
  0x69,0x4a,0x69,0x4a,0x69,0x4a,0x69,0x4a,0x69,0x4a,0x69,0x4a,0x69,0x4a,0x69,0x4a,
  0x69,0x4a,0x69,0x4a,0x69,0x4a,0x69,0x4a,0x69,0x4a,0x69,0x4a,0x69,0x4a,0x69,0x4a,
  0x69,0x4a,0x69,0x4a,0x69,0x4a,0x69,0x4a,0x69,0x4a,0x69,0x4a,0x69,0x4a,0x69,0x4a,
  0x69,0x4a,0x69,0x4a,0x69,0x4a,0x69,0x4a,0x69,0x4a,0x69,0x4a,0x69,0x4a,0x69,0x4a,
  0x69,0x4a,0x69,0x4a,0x69,0x4a,0x69,0x4a,0x69,0x4a,0x69,0x4a,0x69,0x4a,0x69,0x4a,
  0x69,0x4a,0x69,0x4a,0x69,0x4a,0x69,0x4a,0x69,0x4a,0x69,0x4a,0x69,0x4a,0x69,0x4a,
  0x69,0x4a,0x69,0x4a,0x69,0x4a,0x69,0x4a,0x69,0x4a,0x69,0x4a,0x69,0x4a,0x69,0x4a,
  0x69,0x4a,0x69,0x4a,0x69,0x4a,0x69,0x4a,0x69,0x4a,0x69,0x4a,0x6a,0x4a,0x49,0x4a,
  0x25,0x21,0x24,0x21,0x24,0x21,0x04,0x21,0xe4,0x18,0xe3,0x18,0xe3,0x18,0xe3,0x18,
  0xe3,0x18,0xe3,0x18,0xe3,0x18,0xc3,0x18,0x66,0x29,0x6a,0x4a,0x69,0x4a,0x69,0x4a,
  0x69,0x4a,0x69,0x4a,0x69,0x4a,0x69,0x4a,0x69,0x4a,0x69,0x4a,0x69,0x4a,0x69,0x4a,
  0x69,0x4a,0x69,0x4a,0x69,0x4a,0x69,0x4a,0x69,0x4a,0x09,0x3a,0x09,0x3a,0x09,0x3a,
  0x09,0x3a,0x09,0x3a,0x09,0x3a,0x09,0x3a,0x09,0x3a,0x09,0x3a,0x09,0x3a,0x09,0x3a,
  0x09,0x3a,0x09,0x3a,0x09,0x3a,0x09,0x3a,0x49,0x4a,0x49,0x4a,0x49,0x4a,0x49,0x4a,
  0x49,0x4a,0x49,0x4a,0x49,0x4a,0x49,0x4a,0x49,0x4a,0x49,0x4a,0x49,0x4a,0x49,0x4a,
  0x49,0x4a,0x49,0x4a,0x49,0x4a,0x6a,0x4a,0x29,0x42,0xe3,0x18,0x82,0x10,0xa3,0x10,
  0xa3,0x10,0xc3,0x10,0xc3,0x18,0xc3,0x18,0xe3,0x18,0xe3,0x18,0xe4,0x18,0x04,0x19,
  0x04,0x19,0x04,0x21,0xe3,0x18,0x25,0x21,0x49,0x4a,0x69,0x4a,0x49,0x4a,0x49,0x4a,
  0x49,0x4a,0x49,0x4a,0x49,0x4a,0x49,0x4a,0x49,0x4a,0x49,0x4a,0x69,0x4a,0x69,0x4a,
  0x69,0x4a,0x69,0x4a,0x49,0x4a,0x49,0x4a,0x69,0x4a,0x69,0x4a,0x69,0x4a,0x49,0x4a,
  0x49,0x4a,0x69,0x4a,0x69,0x4a,0x69,0x4a,0x69,0x4a,0x69,0x4a,0x69,0x4a,0x69,0x4a,
  0x69,0x4a,0x69,0x4a,0x69,0x4a,0x69,0x4a,0x49,0x4a,0x49,0x4a,0x49,0x4a,0x49,0x4a,
  0x49,0x4a,0x49,0x4a,0x49,0x4a,0x49,0x4a,0x49,0x4a,0x49,0x4a,0x49,0x4a,0x49,0x4a,
  0x49,0x4a,0x49,0x4a,0x49,0x4a,0x49,0x4a,0x49,0x4a,0x49,0x4a,0x49,0x4a,0x49,0x4a,
  0x49,0x4a,0x49,0x4a,0x49,0x4a,0x49,0x4a,0x49,0x4a,0x49,0x4a,0x49,0x4a,0x49,0x4a,
  0x69,0x4a,0x69,0x4a,0x69,0x4a,0x69,0x4a,0x69,0x4a,0x69,0x4a,0x69,0x4a,0x69,0x4a,
  0x69,0x4a,0x69,0x4a,0x69,0x4a,0x69,0x4a,0x69,0x4a,0x69,0x4a,0x69,0x4a,0x69,0x4a,
  0x69,0x4a,0x69,0x4a,0x69,0x4a,0x69,0x4a,0x69,0x4a,0x69,0x4a,0x69,0x4a,0x69,0x4a,
  0x69,0x4a,0x69,0x4a,0x69,0x4a,0x69,0x4a,0x69,0x4a,0x69,0x4a,0x69,0x4a,0x69,0x4a,
  0x69,0x4a,0x69,0x4a,0x69,0x4a,0x69,0x4a,0x69,0x4a,0x69,0x4a,0x69,0x4a,0x69,0x4a,
  0x69,0x4a,0x69,0x4a,0x69,0x4a,0x69,0x4a,0x69,0x4a,0x69,0x4a,0x69,0x4a,0x69,0x4a,
  0x69,0x4a,0x69,0x4a,0x69,0x4a,0x69,0x4a,0x69,0x4a,0x69,0x4a,0x69,0x4a,0x69,0x4a,
  0x69,0x4a,0x69,0x4a,0x69,0x4a,0x69,0x4a,0x69,0x4a,0x6a,0x4a,0x49,0x42,0x25,0x21,
  0x24,0x21,0x24,0x21,0x04,0x21,0xe4,0x18,0xe3,0x18,0xe3,0x18,0xe3,0x18,0xe3,0x18,
  0xe3,0x18,0xe3,0x18,0xc3,0x18,0x86,0x31,0x6a,0x4a,0x69,0x4a,0x69,0x4a,0x69,0x4a,
  0x69,0x4a,0x69,0x4a,0x69,0x4a,0x69,0x4a,0x69,0x4a,0x69,0x4a,0x69,0x4a,0x69,0x4a,
  0x69,0x4a,0x69,0x4a,0x69,0x4a,0x69,0x4a,0x69,0x4a,0x69,0x4a,0x69,0x4a,0x69,0x4a,
  0x09,0x3a,0x09,0x3a,0x09,0x3a,0x09,0x3a,0x09,0x3a,0x09,0x3a,0x09,0x3a,0x09,0x3a,
  0x09,0x3a,0x69,0x4a,0x69,0x4a,0x49,0x4a,0x49,0x4a,0x49,0x4a,0x49,0x4a,0x49,0x4a,
  0x49,0x4a,0x49,0x4a,0x49,0x4a,0x49,0x4a,0x49,0x4a,0x49,0x4a,0x49,0x4a,0x49,0x4a,
  0x49,0x4a,0x49,0x4a,0x49,0x4a,0x49,0x4a,0x69,0x4a,0x49,0x4a,0x04,0x21,0x82,0x10,
  0xc3,0x10,0xa3,0x10,0xc3,0x10,0xc3,0x18,0xc3,0x18,0xe3,0x18,0xe3,0x18,0xe4,0x18,
  0x04,0x19,0x04,0x19,0x04,0x21,0xe3,0x18,0x24,0x21,0x49,0x4a,0x69,0x4a,0x49,0x4a,
  0x49,0x4a,0x49,0x4a,0x69,0x4a,0x69,0x4a,0x49,0x4a,0x49,0x4a,0x69,0x4a,0x69,0x4a,
  0x69,0x4a,0x69,0x4a,0x69,0x4a,0x69,0x4a,0x69,0x4a,0x69,0x4a,0x69,0x4a,0x49,0x4a,
  0x69,0x4a,0x69,0x4a,0x69,0x4a,0x69,0x4a,0x69,0x4a,0x69,0x4a,0x69,0x4a,0x69,0x4a,
  0x69,0x4a,0x69,0x4a,0x69,0x4a,0x69,0x4a,0x49,0x4a,0x49,0x4a,0x49,0x4a,0x49,0x4a,
  0x49,0x4a,0x49,0x4a,0x49,0x4a,0x49,0x4a,0x49,0x4a,0x49,0x4a,0x49,0x4a,0x49,0x4a,
  0x49,0x4a,0x49,0x4a,0x49,0x4a,0x49,0x4a,0x49,0x4a,0x49,0x4a,0x49,0x4a,0x49,0x4a,
  0x49,0x4a,0x49,0x4a,0x49,0x4a,0x49,0x4a,0x49,0x4a,0x49,0x4a,0x49,0x4a,0x49,0x4a,
  0x69,0x4a,0x69,0x4a,0x69,0x4a,0x69,0x4a,0x69,0x4a,0x69,0x4a,0x69,0x4a,0x69,0x4a,
  0x69,0x4a,0x69,0x4a,0x69,0x4a,0x69,0x4a,0x69,0x4a,0x69,0x4a,0x69,0x4a,0x69,0x4a,
  0x69,0x4a,0x69,0x4a,0x69,0x4a,0x69,0x4a,0x69,0x4a,0x69,0x4a,0x69,0x4a,0x69,0x4a,
  0x69,0x4a,0x69,0x4a,0x69,0x4a,0x69,0x4a,0x69,0x4a,0x69,0x4a,0x69,0x4a,0x69,0x4a,
  0x69,0x4a,0x69,0x4a,0x69,0x4a,0x69,0x4a,0x69,0x4a,0x69,0x4a,0x69,0x4a,0x69,0x4a,
  0x69,0x4a,0x69,0x4a,0x69,0x4a,0x69,0x4a,0x69,0x4a,0x69,0x4a,0x69,0x4a,0x69,0x4a,
  0x69,0x4a,0x69,0x4a,0x69,0x4a,0x69,0x4a,0x69,0x4a,0x69,0x4a,0x69,0x4a,0x69,0x4a,
  0x69,0x4a,0x69,0x4a,0x69,0x4a,0x69,0x4a,0x6a,0x4a,0x29,0x42,0x25,0x21,0x24,0x21,
  0x24,0x21,0x04,0x21,0xe3,0x18,0xe3,0x18,0xe3,0x18,0xe3,0x18,0xe3,0x18,0xe3,0x18,
  0xe3,0x18,0xc3,0x18,0x86,0x31,0x8a,0x4a,0x69,0x4a,0x69,0x4a,0x69,0x4a,0x69,0x4a,
  0x69,0x4a,0x69,0x4a,0x69,0x4a,0x69,0x4a,0x69,0x4a,0x69,0x4a,0x69,0x4a,0x69,0x4a,
  0x69,0x4a,0x69,0x4a,0x69,0x4a,0x69,0x4a,0x69,0x4a,0x69,0x4a,0x69,0x4a,0x69,0x4a,
  0x69,0x4a,0x69,0x4a,0x69,0x4a,0x69,0x4a,0x69,0x4a,0x69,0x4a,0x69,0x4a,0x69,0x4a,
  0x69,0x4a,0x69,0x4a,0x69,0x4a,0x69,0x4a,0x69,0x4a,0x69,0x4a,0x69,0x4a,0x49,0x4a,
  0x49,0x4a,0x49,0x4a,0x49,0x4a,0x49,0x4a,0x49,0x4a,0x49,0x4a,0x49,0x4a,0x49,0x4a,
  0x49,0x4a,0x49,0x4a,0x49,0x4a,0x49,0x4a,0x49,0x4a,0x69,0x4a,0x49,0x4a,0x04,0x21,
  0x82,0x10,0xc3,0x10,0xc3,0x10,0xc3,0x10,0xc3,0x18,0xc3,0x18,0xe3,0x18,0xe3,0x18,
  0xe4,0x18,0x04,0x19,0x04,0x19,0x04,0x21,0xe3,0x18,0x45,0x21,0x49,0x4a,0x69,0x4a,
  0x49,0x4a,0x69,0x4a,0x69,0x4a,0x69,0x4a,0x69,0x4a,0x69,0x4a,0x69,0x4a,0x69,0x4a,
  0x69,0x4a,0x69,0x4a,0x69,0x4a,0x69,0x4a,0x69,0x4a,0x69,0x4a,0x69,0x4a,0x69,0x4a,
  0x69,0x4a,0x69,0x4a,0x69,0x4a,0x69,0x4a,0x69,0x4a,0x69,0x4a,0x49,0x4a,0x49,0x4a,
  0x49,0x4a,0x49,0x4a,0x49,0x4a,0x49,0x4a,0x49,0x4a,0x49,0x4a,0x49,0x4a,0x49,0x4a,
  0x49,0x4a,0x49,0x4a,0x49,0x4a,0x49,0x4a,0x49,0x4a,0x49,0x4a,0x49,0x4a,0x49,0x4a,
  0x49,0x4a,0x49,0x4a,0x49,0x4a,0x49,0x4a,0x49,0x4a,0x49,0x4a,0x49,0x4a,0x49,0x4a,
  0x49,0x4a,0x49,0x4a,0x49,0x4a,0x49,0x4a,0x49,0x4a,0x49,0x4a,0x49,0x4a,0x49,0x4a,
  0x69,0x4a,0x69,0x4a,0x69,0x4a,0x69,0x4a,0x69,0x4a,0x69,0x4a,0x69,0x4a,0x69,0x4a,
  0x69,0x4a,0x69,0x4a,0x69,0x4a,0x69,0x4a,0x69,0x4a,0x69,0x4a,0x69,0x4a,0x69,0x4a,
  0x69,0x4a,0x69,0x4a,0x69,0x4a,0x69,0x4a,0x69,0x4a,0x69,0x4a,0x69,0x4a,0x69,0x4a,
  0x69,0x4a,0x69,0x4a,0x69,0x4a,0x69,0x4a,0x69,0x4a,0x69,0x4a,0x69,0x4a,0x69,0x4a,
  0x69,0x4a,0x69,0x4a,0x69,0x4a,0x69,0x4a,0x69,0x4a,0x69,0x4a,0x69,0x4a,0x69,0x4a,
  0x69,0x4a,0x69,0x4a,0x69,0x4a,0x69,0x4a,0x69,0x4a,0x69,0x4a,0x69,0x4a,0x69,0x4a,
  0x69,0x4a,0x69,0x4a,0x69,0x4a,0x69,0x4a,0x69,0x4a,0x69,0x4a,0x69,0x4a,0x69,0x4a,
  0x69,0x4a,0x69,0x4a,0x69,0x4a,0x6a,0x4a,0x29,0x42,0x25,0x21,0x24,0x21,0x24,0x21,
  0x04,0x21,0xe3,0x18,0xe3,0x18,0xe3,0x18,0xe3,0x18,0xe3,0x18,0xe3,0x18,0xe3,0x18,
  0xc3,0x18,0xa6,0x31,0x8a,0x4a,0x69,0x4a,0x69,0x4a,0x69,0x4a,0x69,0x4a,0x69,0x4a,
  0x69,0x4a,0x69,0x4a,0x69,0x4a,0x69,0x4a,0x69,0x4a,0x69,0x4a,0x69,0x4a,0x69,0x4a,
  0x69,0x4a,0x69,0x4a,0x69,0x4a,0x69,0x4a,0x69,0x4a,0x69,0x4a,0x69,0x4a,0x69,0x4a,
  0x69,0x4a,0x69,0x4a,0x69,0x4a,0x69,0x4a,0x69,0x4a,0x69,0x4a,0x69,0x4a,0x69,0x4a,
  0x69,0x4a,0x69,0x4a,0x69,0x4a,0x69,0x4a,0x69,0x4a,0x69,0x4a,0x69,0x4a,0x49,0x4a,
  0x49,0x4a,0x49,0x4a,0x49,0x4a,0x49,0x4a,0x49,0x4a,0x49,0x4a,0x49,0x4a,0x49,0x4a,
  0x49,0x4a,0x49,0x4a,0x49,0x4a,0x49,0x4a,0x49,0x4a,0x49,0x4a,0x69,0x4a,0x69,0x4a,
  0x24,0x21,0x82,0x10,0xc3,0x10,0xc3,0x10,0xc3,0x10,0xc3,0x18,0xc3,0x18,0xe3,0x18,
  0xe3,0x18,0xe4,0x18,0x04,0x19,0x04,0x19,0x04,0x21,0xe3,0x18,0x45,0x21,0x49,0x4a,
  0x69,0x4a,0x49,0x4a,0x69,0x4a,0x69,0x4a,0x69,0x4a,0x69,0x4a,0x69,0x4a,0x69,0x4a,
  0x69,0x4a,0x69,0x4a,0x69,0x4a,0x69,0x4a,0x69,0x4a,0x69,0x4a,0x69,0x4a,0x69,0x4a,
  0x69,0x4a,0x69,0x4a,0x69,0x4a,0x69,0x4a,0x69,0x4a,0x69,0x4a,0x49,0x4a,0x49,0x4a,
  0x49,0x4a,0x49,0x4a,0x49,0x4a,0x49,0x4a,0x49,0x4a,0x49,0x4a,0x49,0x4a,0x49,0x4a,
  0x49,0x4a,0x49,0x4a,0x49,0x4a,0x49,0x4a,0x49,0x4a,0x49,0x4a,0x49,0x4a,0x49,0x4a,
  0x49,0x4a,0x49,0x4a,0x49,0x4a,0x49,0x4a,0x49,0x4a,0x49,0x4a,0x49,0x4a,0x49,0x4a,
  0x49,0x4a,0x49,0x4a,0x49,0x4a,0x49,0x4a,0x49,0x4a,0x49,0x4a,0x49,0x4a,0x49,0x4a,
  0x69,0x4a,0x69,0x4a,0x69,0x4a,0x69,0x4a,0x69,0x4a,0x69,0x4a,0x69,0x4a,0x69,0x4a,
  0x69,0x4a,0x69,0x4a,0x69,0x4a,0x69,0x4a,0x69,0x4a,0x69,0x4a,0x69,0x4a,0x69,0x4a,
  0x69,0x4a,0x69,0x4a,0x69,0x4a,0x69,0x4a,0x69,0x4a,0x69,0x4a,0x69,0x4a,0x69,0x4a,
  0x69,0x4a,0x69,0x4a,0x69,0x4a,0x69,0x4a,0x69,0x4a,0x69,0x4a,0x69,0x4a,0x69,0x4a,
  0x69,0x4a,0x69,0x4a,0x69,0x4a,0x69,0x4a,0x69,0x4a,0x69,0x4a,0x69,0x4a,0x69,0x4a,
  0x69,0x4a,0x69,0x4a,0x69,0x4a,0x69,0x4a,0x69,0x4a,0x69,0x4a,0x69,0x4a,0x69,0x4a,
  0x69,0x4a,0x69,0x4a,0x69,0x4a,0x69,0x4a,0x69,0x4a,0x69,0x4a,0x69,0x4a,0x69,0x4a,
  0x69,0x4a,0x69,0x4a,0x8a,0x4a,0x29,0x42,0x25,0x21,0x24,0x21,0x24,0x21,0x04,0x21,
  0xe4,0x18,0xe3,0x18,0xe3,0x18,0xe3,0x18,0xe3,0x18,0xe3,0x18,0xe3,0x18,0xc3,0x18,
  0xa7,0x31,0x8a,0x4a,0x69,0x4a,0x69,0x4a,0x69,0x4a,0x69,0x4a,0x69,0x4a,0x69,0x4a,
  0x69,0x4a,0x69,0x4a,0x69,0x4a,0x69,0x4a,0x69,0x4a,0x69,0x4a,0x69,0x4a,0x69,0x4a,
  0x69,0x4a,0x69,0x4a,0x69,0x4a,0x69,0x4a,0x69,0x4a,0x69,0x4a,0x69,0x4a,0x69,0x4a,
  0x69,0x4a,0x69,0x4a,0x69,0x4a,0x69,0x4a,0x69,0x4a,0x69,0x4a,0x69,0x4a,0x69,0x4a,
  0x69,0x4a,0x69,0x4a,0x69,0x4a,0x69,0x4a,0x69,0x4a,0x69,0x4a,0x69,0x4a,0x49,0x4a,
  0x49,0x4a,0x49,0x4a,0x49,0x4a,0x49,0x4a,0x49,0x4a,0x49,0x4a,0x49,0x4a,0x49,0x4a,
  0x49,0x4a,0x49,0x4a,0x49,0x4a,0x49,0x4a,0x49,0x4a,0x49,0x4a,0x49,0x4a,0x69,0x4a,
  0x69,0x4a,0x45,0x21,0x82,0x10,0xc3,0x10,0xc3,0x10,0xc3,0x18,0xc3,0x18,0xc3,0x18,
  0xe3,0x18,0xe3,0x18,0xe4,0x18,0x04,0x19,0x04,0x19,0x04,0x21,0xe4,0x18,0x45,0x21,
  0x49,0x4a,0x69,0x4a,0x49,0x4a,0x69,0x4a,0x69,0x4a,0x69,0x4a,0x69,0x4a,0x69,0x4a,
  0x69,0x4a,0x69,0x4a,0x69,0x4a,0x69,0x4a,0x69,0x4a,0x69,0x4a,0x69,0x4a,0x69,0x4a,
  0x69,0x4a,0x69,0x4a,0x69,0x4a,0x69,0x4a,0x49,0x4a,0x49,0x4a,0x49,0x4a,0x49,0x4a,
  0x49,0x4a,0x49,0x4a,0x49,0x4a,0x49,0x4a,0x49,0x4a,0x49,0x4a,0x49,0x4a,0x49,0x4a,
  0x49,0x4a,0x49,0x4a,0x49,0x4a,0x49,0x4a,0x49,0x4a,0x49,0x4a,0x49,0x4a,0x49,0x4a,
  0x49,0x4a,0x49,0x4a,0x49,0x4a,0x49,0x4a,0x49,0x4a,0x49,0x4a,0x49,0x4a,0x49,0x4a,
  0x49,0x4a,0x49,0x4a,0x49,0x4a,0x49,0x4a,0x49,0x4a,0x49,0x4a,0x49,0x4a,0x49,0x4a,
  0x69,0x4a,0x69,0x4a,0x69,0x4a,0x69,0x4a,0x69,0x4a,0x69,0x4a,0x69,0x4a,0x69,0x4a,
  0x69,0x4a,0x69,0x4a,0x69,0x4a,0x69,0x4a,0x69,0x4a,0x69,0x4a,0x69,0x4a,0x69,0x4a,
  0x69,0x4a,0x69,0x4a,0x69,0x4a,0x69,0x4a,0x69,0x4a,0x69,0x4a,0x69,0x4a,0x69,0x4a,
  0x69,0x4a,0x69,0x4a,0x69,0x4a,0x69,0x4a,0x69,0x4a,0x69,0x4a,0x69,0x4a,0x69,0x4a,
  0x69,0x4a,0x69,0x4a,0x69,0x4a,0x69,0x4a,0x69,0x4a,0x69,0x4a,0x69,0x4a,0x69,0x4a,
  0x69,0x4a,0x69,0x4a,0x69,0x4a,0x69,0x4a,0x69,0x4a,0x69,0x4a,0x69,0x4a,0x69,0x4a,
  0x69,0x4a,0x69,0x4a,0x69,0x4a,0x69,0x4a,0x69,0x4a,0x69,0x4a,0x69,0x4a,0x69,0x4a,
  0x69,0x4a,0x8a,0x4a,0x28,0x42,0x24,0x21,0x24,0x21,0x24,0x21,0x04,0x21,0xe4,0x18,
  0xe3,0x18,0xe3,0x18,0xe3,0x18,0xe3,0x18,0xe3,0x18,0xe3,0x18,0xc3,0x18,0xc7,0x39,
  0x8a,0x52,0x69,0x4a,0x69,0x4a,0x69,0x4a,0x69,0x4a,0x69,0x4a,0x69,0x4a,0x69,0x4a,
  0x69,0x4a,0x69,0x4a,0x69,0x4a,0x69,0x4a,0x69,0x4a,0x69,0x4a,0x69,0x4a,0x69,0x4a,
  0x69,0x4a,0x69,0x4a,0x69,0x4a,0x69,0x4a,0x69,0x4a,0x69,0x4a,0x69,0x4a,0x69,0x4a,
  0x69,0x4a,0x69,0x4a,0x69,0x4a,0x69,0x4a,0x69,0x4a,0x69,0x4a,0x69,0x4a,0x69,0x4a,
  0x69,0x4a,0x69,0x4a,0x69,0x4a,0x69,0x4a,0x69,0x4a,0x69,0x4a,0x69,0x4a,0x49,0x4a,
  0x49,0x4a,0x49,0x4a,0x49,0x4a,0x49,0x4a,0x49,0x4a,0x49,0x4a,0x49,0x4a,0x49,0x4a,
  0x49,0x4a,0x49,0x4a,0x49,0x4a,0x49,0x4a,0x49,0x4a,0x49,0x4a,0x49,0x4a,0x49,0x4a,
  0x69,0x4a,0x6a,0x4a,0x45,0x29,0x82,0x10,0xc3,0x10,0xc3,0x10,0xc3,0x10,0xc3,0x18,
  0xc3,0x18,0xe3,0x18,0xe3,0x18,0xe4,0x18,0x04,0x19,0x04,0x19,0x04,0x21,0xe3,0x18,
  0x45,0x29,0x69,0x4a,0x69,0x4a,0x49,0x4a,0x69,0x4a,0x69,0x4a,0x69,0x4a,0x69,0x4a,
  0x69,0x4a,0x69,0x4a,0x69,0x4a,0x69,0x4a,0x69,0x4a,0x69,0x4a,0x69,0x4a,0x69,0x4a,
  0x69,0x4a,0x69,0x4a,0x69,0x4a,0x69,0x4a,0x49,0x4a,0x49,0x4a,0x49,0x4a,0x49,0x4a,
  0x49,0x4a,0x49,0x4a,0x49,0x4a,0x49,0x4a,0x49,0x4a,0x49,0x4a,0x49,0x4a,0x49,0x4a,
  0x49,0x4a,0x49,0x4a,0x49,0x4a,0x49,0x4a,0x49,0x4a,0x49,0x4a,0x49,0x4a,0x49,0x4a,
  0x49,0x4a,0x49,0x4a,0x49,0x4a,0x49,0x4a,0x49,0x4a,0x49,0x4a,0x49,0x4a,0x49,0x4a,
  0x49,0x4a,0x49,0x4a,0x49,0x4a,0x49,0x4a,0x49,0x4a,0x49,0x4a,0x49,0x4a,0x49,0x4a,
  0x69,0x4a,0x69,0x4a,0x69,0x4a,0x69,0x4a,0x69,0x4a,0x69,0x4a,0x69,0x4a,0x69,0x4a,
  0x69,0x4a,0x69,0x4a,0x69,0x4a,0x69,0x4a,0x69,0x4a,0x69,0x4a,0x69,0x4a,0x69,0x4a,
  0x69,0x4a,0x69,0x4a,0x69,0x4a,0x69,0x4a,0x69,0x4a,0x69,0x4a,0x69,0x4a,0x69,0x4a,
  0x69,0x4a,0x69,0x4a,0x69,0x4a,0x69,0x4a,0x69,0x4a,0x69,0x4a,0x69,0x4a,0x69,0x4a,
  0x69,0x4a,0x69,0x4a,0x69,0x4a,0x69,0x4a,0x69,0x4a,0x69,0x4a,0x69,0x4a,0x69,0x4a,
  0x69,0x4a,0x69,0x4a,0x69,0x4a,0x69,0x4a,0x69,0x4a,0x69,0x4a,0x69,0x4a,0x69,0x4a,
  0x69,0x4a,0x69,0x4a,0x69,0x4a,0x69,0x4a,0x69,0x4a,0x69,0x4a,0x69,0x4a,0x69,0x4a,
  0x8a,0x4a,0x29,0x42,0x24,0x21,0x25,0x21,0x24,0x21,0x04,0x21,0xe4,0x18,0xe3,0x18,
  0xe3,0x18,0xe3,0x18,0xe3,0x18,0xe3,0x18,0xe3,0x18,0xc3,0x18,0xc7,0x39,0x8a,0x52,
  0x69,0x4a,0x69,0x4a,0x69,0x4a,0x69,0x4a,0x69,0x4a,0x69,0x4a,0x69,0x4a,0x69,0x4a,
  0x69,0x4a,0x69,0x4a,0x69,0x4a,0x69,0x4a,0x69,0x4a,0x69,0x4a,0x69,0x4a,0x69,0x4a,
  0x69,0x4a,0x69,0x4a,0x69,0x4a,0x69,0x4a,0x69,0x4a,0x69,0x4a,0x69,0x4a,0x69,0x4a,
  0x69,0x4a,0x69,0x4a,0x69,0x4a,0x69,0x4a,0x69,0x4a,0x69,0x4a,0x69,0x4a,0x69,0x4a,
  0x69,0x4a,0x69,0x4a,0x69,0x4a,0x69,0x4a,0x69,0x4a,0x69,0x4a,0x69,0x4a,0x69,0x4a,
  0x69,0x4a,0x69,0x4a,0x69,0x4a,0x49,0x4a,0x49,0x4a,0x49,0x4a,0x49,0x4a,0x49,0x4a,
  0x49,0x4a,0x49,0x4a,0x49,0x4a,0x49,0x4a,0x49,0x4a,0x49,0x4a,0x49,0x4a,0x49,0x4a,
  0x49,0x4a,0x49,0x4a,0x6a,0x4a,0x65,0x29,0x82,0x10,0xc3,0x10,0xc3,0x10,0xc3,0x18,
  0xc3,0x18,0xc3,0x18,0xe3,0x18,0xe3,0x18,0xe4,0x18,0x04,0x19,0x04,0x21,0x04,0x21,
  0xe3,0x18,0x45,0x29,0x49,0x4a,0x69,0x4a,0x49,0x4a,0x69,0x4a,0x69,0x4a,0x69,0x4a,
  0x69,0x4a,0x69,0x4a,0x69,0x4a,0x69,0x4a,0x49,0x4a,0x49,0x4a,0x49,0x4a,0x49,0x4a,
  0x49,0x4a,0x49,0x4a,0x49,0x4a,0x49,0x4a,0x49,0x4a,0x49,0x4a,0x49,0x4a,0x49,0x4a,
  0x49,0x4a,0x49,0x4a,0x49,0x4a,0x49,0x4a,0x49,0x4a,0x49,0x4a,0x49,0x4a,0x49,0x4a,
  0x49,0x4a,0x49,0x4a,0x49,0x4a,0x49,0x4a,0x49,0x4a,0x49,0x4a,0x49,0x4a,0x49,0x4a,
  0x49,0x4a,0x49,0x4a,0x49,0x4a,0x49,0x4a,0x49,0x4a,0x49,0x4a,0x49,0x4a,0x49,0x4a,
  0x49,0x4a,0x49,0x4a,0x49,0x4a,0x49,0x4a,0x49,0x4a,0x49,0x4a,0x49,0x4a,0x49,0x4a,
  0x69,0x4a,0x69,0x4a,0x69,0x4a,0x69,0x4a,0x69,0x4a,0x69,0x4a,0x69,0x4a,0x69,0x4a,
  0x69,0x4a,0x69,0x4a,0x69,0x4a,0x69,0x4a,0x69,0x4a,0x69,0x4a,0x69,0x4a,0x69,0x4a,
  0x69,0x4a,0x69,0x4a,0x69,0x4a,0x69,0x4a,0x69,0x4a,0x69,0x4a,0x69,0x4a,0x69,0x4a,
  0x69,0x4a,0x69,0x4a,0x69,0x4a,0x69,0x4a,0x69,0x4a,0x69,0x4a,0x69,0x4a,0x69,0x4a,
  0x69,0x4a,0x69,0x4a,0x69,0x4a,0x69,0x4a,0x69,0x4a,0x69,0x4a,0x69,0x4a,0x69,0x4a,
  0x69,0x4a,0x69,0x4a,0x69,0x4a,0x69,0x4a,0x69,0x4a,0x69,0x4a,0x69,0x4a,0x69,0x4a,
  0x69,0x4a,0x69,0x4a,0x69,0x4a,0x69,0x4a,0x69,0x4a,0x69,0x4a,0x69,0x4a,0x8a,0x4a,
  0x28,0x42,0x24,0x21,0x25,0x21,0x24,0x21,0x04,0x21,0xe4,0x18,0xe3,0x18,0xe3,0x18,
  0xe3,0x18,0xe3,0x18,0xe3,0x18,0xe3,0x18,0xe3,0x18,0xe7,0x39,0x8a,0x52,0x69,0x4a,
  0x69,0x4a,0x69,0x4a,0x69,0x4a,0x69,0x4a,0x69,0x4a,0x69,0x4a,0x69,0x4a,0x69,0x4a,
  0x69,0x4a,0x69,0x4a,0x69,0x4a,0x69,0x4a,0x69,0x4a,0x69,0x4a,0x69,0x4a,0x69,0x4a,
  0x69,0x4a,0x69,0x4a,0x69,0x4a,0x69,0x4a,0x69,0x4a,0x69,0x4a,0x69,0x4a,0x69,0x4a,
  0x69,0x4a,0x69,0x4a,0x69,0x4a,0x69,0x4a,0x69,0x4a,0x69,0x4a,0x69,0x4a,0x69,0x4a,
  0x69,0x4a,0x69,0x4a,0x69,0x4a,0x69,0x4a,0x69,0x4a,0x69,0x4a,0x69,0x4a,0x69,0x4a,
  0x69,0x4a,0x69,0x4a,0x69,0x4a,0x49,0x4a,0x49,0x4a,0x49,0x4a,0x49,0x4a,0x49,0x4a,
  0x49,0x4a,0x49,0x4a,0x49,0x4a,0x49,0x4a,0x49,0x4a,0x49,0x4a,0x49,0x4a,0x49,0x4a,
  0x49,0x4a,0x49,0x4a,0x49,0x4a,0x6a,0x4a,0x66,0x29,0x82,0x10,0xc3,0x10,0xc3,0x10,
  0xc3,0x18,0xc3,0x18,0xc3,0x18,0xe3,0x18,0xe4,0x18,0x04,0x19,0x04,0x21,0x04,0x21,
  0x04,0x21,0xe3,0x18,0x45,0x29,0x69,0x4a,0x69,0x4a,0x49,0x4a,0x69,0x4a,0x69,0x4a,
  0x69,0x4a,0x69,0x4a,0x69,0x4a,0x69,0x4a,0x49,0x4a,0x49,0x4a,0x49,0x4a,0x49,0x4a,
  0x49,0x4a,0x49,0x4a,0x49,0x4a,0x49,0x4a,0x49,0x4a,0x49,0x4a,0x49,0x4a,0x49,0x4a,
  0x49,0x4a,0x49,0x4a,0x49,0x4a,0x49,0x4a,0x49,0x4a,0x49,0x4a,0x49,0x4a,0x49,0x4a,
  0x49,0x4a,0x49,0x4a,0x49,0x4a,0x49,0x4a,0x49,0x4a,0x49,0x4a,0x49,0x4a,0x49,0x4a,
  0x49,0x4a,0x49,0x4a,0x49,0x4a,0x49,0x4a,0x49,0x4a,0x49,0x4a,0x49,0x4a,0x49,0x4a,
  0x49,0x4a,0x49,0x4a,0x49,0x4a,0x49,0x4a,0x49,0x4a,0x49,0x4a,0x49,0x4a,0x49,0x4a,
  0x69,0x4a,0x69,0x4a,0x69,0x4a,0x69,0x4a,0x69,0x4a,0x69,0x4a,0x69,0x4a,0x69,0x4a,
  0x69,0x4a,0x69,0x4a,0x69,0x4a,0x69,0x4a,0x69,0x4a,0x69,0x4a,0x69,0x4a,0x69,0x4a,
  0x69,0x4a,0x69,0x4a,0x69,0x4a,0x69,0x4a,0x69,0x4a,0x69,0x4a,0x69,0x4a,0x69,0x4a,
  0x69,0x4a,0x69,0x4a,0x69,0x4a,0x69,0x4a,0x69,0x4a,0x69,0x4a,0x69,0x4a,0x69,0x4a,
  0x69,0x4a,0x69,0x4a,0x69,0x4a,0x69,0x4a,0x69,0x4a,0x6a,0x4a,0x6a,0x4a,0x6a,0x4a,
  0x6a,0x4a,0x69,0x4a,0x69,0x4a,0x69,0x4a,0x69,0x4a,0x69,0x4a,0x69,0x4a,0x69,0x4a,
  0x69,0x4a,0x69,0x4a,0x69,0x4a,0x69,0x4a,0x69,0x4a,0x69,0x4a,0x8a,0x4a,0x28,0x42,
  0x24,0x21,0x25,0x21,0x24,0x21,0x04,0x21,0xe4,0x18,0xe3,0x18,0xe3,0x18,0xe3,0x18,
  0xe3,0x18,0xe3,0x18,0xe3,0x18,0xe3,0x18,0xe8,0x39,0x8a,0x52,0x69,0x4a,0x69,0x4a,
  0x69,0x4a,0x69,0x4a,0x69,0x4a,0x69,0x4a,0x69,0x4a,0x69,0x4a,0x69,0x4a,0x69,0x4a,
  0x69,0x4a,0x69,0x4a,0x69,0x4a,0x69,0x4a,0x69,0x4a,0x69,0x4a,0x69,0x4a,0x69,0x4a,
  0x69,0x4a,0x69,0x4a,0x69,0x4a,0x69,0x4a,0x69,0x4a,0x69,0x4a,0x69,0x4a,0x69,0x4a,
  0x69,0x4a,0x69,0x4a,0x69,0x4a,0x69,0x4a,0x69,0x4a,0x69,0x4a,0x69,0x4a,0x69,0x4a,
  0x69,0x4a,0x69,0x4a,0x69,0x4a,0x69,0x4a,0x69,0x4a,0x69,0x4a,0x69,0x4a,0x69,0x4a,
  0x69,0x4a,0x69,0x4a,0x69,0x4a,0x69,0x4a,0x69,0x4a,0x69,0x4a,0x69,0x4a,0x69,0x4a,
  0x69,0x4a,0x69,0x4a,0x69,0x4a,0x69,0x4a,0x69,0x4a,0x69,0x4a,0x69,0x4a,0x49,0x4a,
  0x49,0x4a,0x49,0x4a,0x49,0x4a,0x49,0x4a,0x6a,0x4a,0x86,0x31,0x82,0x10,0xc3,0x10,
  0xc3,0x10,0xc3,0x18,0xc3,0x18,0xc3,0x18,0xe3,0x18,0xe4,0x18,0x04,0x19,0x04,0x21,
  0x04,0x21,0x04,0x21,0xe4,0x18,0x45,0x29,0x69,0x4a,0x69,0x4a,0x49,0x4a,0x69,0x4a,
  0x69,0x4a,0x69,0x4a,0x69,0x4a,0x69,0x4a,0x69,0x4a,0x69,0x4a,0x49,0x4a,0x49,0x4a,
  0x49,0x4a,0x49,0x4a,0x49,0x4a,0x49,0x4a,0x49,0x4a,0x49,0x4a,0x49,0x4a,0x49,0x4a,
  0x49,0x4a,0x49,0x4a,0x49,0x4a,0x49,0x4a,0x49,0x4a,0x49,0x4a,0x49,0x4a,0x49,0x4a,
  0x49,0x4a,0x49,0x4a,0x49,0x4a,0x49,0x4a,0x49,0x4a,0x49,0x4a,0x49,0x4a,0x49,0x4a,
  0x49,0x4a,0x49,0x4a,0x49,0x4a,0x49,0x4a,0x49,0x4a,0x49,0x4a,0x49,0x4a,0x49,0x4a,
  0x49,0x4a,0x49,0x4a,0x49,0x4a,0x49,0x4a,0x49,0x4a,0x49,0x4a,0x49,0x4a,0x49,0x4a,
  0x69,0x4a,0x69,0x4a,0x69,0x4a,0x69,0x4a,0x69,0x4a,0x69,0x4a,0x69,0x4a,0x69,0x4a,
  0x69,0x4a,0x69,0x4a,0x69,0x4a,0x69,0x4a,0x69,0x4a,0x69,0x4a,0x69,0x4a,0x69,0x4a,
  0x69,0x4a,0x69,0x4a,0x69,0x4a,0x69,0x4a,0x69,0x4a,0x69,0x4a,0x69,0x4a,0x69,0x4a,
  0x69,0x4a,0x69,0x4a,0x69,0x4a,0x69,0x4a,0x69,0x4a,0x69,0x4a,0x69,0x4a,0x69,0x4a,
  0x69,0x4a,0x69,0x4a,0x69,0x4a,0x69,0x4a,0x69,0x4a,0x69,0x4a,0x69,0x4a,0x69,0x4a,
  0x69,0x4a,0x69,0x4a,0x69,0x4a,0x69,0x4a,0x69,0x4a,0x69,0x4a,0x69,0x4a,0x69,0x4a,
  0x69,0x4a,0x69,0x4a,0x69,0x4a,0x69,0x4a,0x69,0x4a,0x8a,0x4a,0x28,0x42,0x24,0x21,
  0x25,0x21,0x24,0x21,0x04,0x21,0xe3,0x18,0xe3,0x18,0xe3,0x18,0xe3,0x18,0xe3,0x18,
  0xe3,0x18,0xe3,0x18,0xe4,0x18,0x08,0x42,0x8a,0x52,0x69,0x4a,0x69,0x4a,0x69,0x4a,
  0x69,0x4a,0x69,0x4a,0x69,0x4a,0x69,0x4a,0x69,0x4a,0x69,0x4a,0x69,0x4a,0x69,0x4a,
  0x69,0x4a,0x69,0x4a,0x69,0x4a,0x69,0x4a,0x69,0x4a,0x69,0x4a,0x69,0x4a,0x69,0x4a,
  0x69,0x4a,0x69,0x4a,0x69,0x4a,0x69,0x4a,0x69,0x4a,0x69,0x4a,0x69,0x4a,0x69,0x4a,
  0x69,0x4a,0x69,0x4a,0x69,0x4a,0x69,0x4a,0x69,0x4a,0x69,0x4a,0x69,0x4a,0x69,0x4a,
  0x69,0x4a,0x69,0x4a,0x69,0x4a,0x69,0x4a,0x69,0x4a,0x69,0x4a,0x69,0x4a,0x69,0x4a,
  0x69,0x4a,0x69,0x4a,0x69,0x4a,0x69,0x4a,0x69,0x4a,0x69,0x4a,0x69,0x4a,0x69,0x4a,
  0x69,0x4a,0x69,0x4a,0x69,0x4a,0x69,0x4a,0x69,0x4a,0x69,0x4a,0x69,0x4a,0x49,0x4a,
  0x49,0x4a,0x49,0x4a,0x49,0x4a,0x49,0x4a,0x49,0x4a,0x6a,0x4a,0x86,0x31,0xa2,0x10,
  0xc3,0x10,0xc3,0x18,0xc3,0x18,0xc3,0x18,0xc3,0x18,0xe3,0x18,0xe4,0x18,0x04,0x19,
  0x04,0x21,0x04,0x21,0x04,0x21,0xe4,0x18,0x45,0x29,0x69,0x4a,0x69,0x4a,0x49,0x4a,
  0x69,0x4a,0x69,0x4a,0x69,0x4a,0x69,0x4a,0x69,0x4a,0x69,0x4a,0x69,0x4a,0x69,0x4a,
  0x49,0x4a,0x49,0x4a,0x49,0x4a,0x49,0x4a,0x49,0x4a,0x49,0x4a,0x49,0x4a,0x49,0x4a,
  0x49,0x4a,0x49,0x4a,0x49,0x4a,0x69,0x4a,0x69,0x4a,0x49,0x4a,0x49,0x4a,0x49,0x4a,
  0x49,0x4a,0x49,0x4a,0x49,0x4a,0x49,0x4a,0x49,0x4a,0x49,0x4a,0x49,0x4a,0x49,0x4a,
  0x49,0x4a,0x49,0x4a,0x49,0x4a,0x49,0x4a,0x49,0x4a,0x49,0x4a,0x49,0x4a,0x49,0x4a,
  0x49,0x4a,0x49,0x4a,0x49,0x4a,0x49,0x4a,0x49,0x4a,0x49,0x4a,0x49,0x4a,0x49,0x4a,
  0x69,0x4a,0x69,0x4a,0x69,0x4a,0x69,0x4a,0x69,0x4a,0x69,0x4a,0x69,0x4a,0x69,0x4a,
  0x69,0x4a,0x69,0x4a,0x69,0x4a,0x69,0x4a,0x69,0x4a,0x69,0x4a,0x69,0x4a,0x69,0x4a,
  0x69,0x4a,0x69,0x4a,0x69,0x4a,0x69,0x4a,0x69,0x4a,0x69,0x4a,0x69,0x4a,0x69,0x4a,
  0x69,0x4a,0x69,0x4a,0x69,0x4a,0x69,0x4a,0x69,0x4a,0x69,0x4a,0x69,0x4a,0x69,0x4a,
  0x69,0x4a,0x69,0x4a,0x69,0x4a,0x69,0x4a,0x69,0x4a,0x69,0x4a,0x69,0x4a,0x69,0x4a,
  0x69,0x4a,0x69,0x4a,0x69,0x4a,0x69,0x4a,0x69,0x4a,0x69,0x4a,0x69,0x4a,0x69,0x4a,
  0x69,0x4a,0x69,0x4a,0x69,0x4a,0x69,0x4a,0x8a,0x52,0x28,0x42,0x24,0x21,0x25,0x21,
  0x24,0x21,0x04,0x21,0xe4,0x18,0xe3,0x18,0xe3,0x18,0xe3,0x18,0xe3,0x18,0xe3,0x18,
  0xe3,0x18,0x04,0x19,0x08,0x42,0x8a,0x4a,0x69,0x4a,0x69,0x4a,0x69,0x4a,0x69,0x4a,
  0x69,0x4a,0x69,0x4a,0x69,0x4a,0x69,0x4a,0x69,0x4a,0x69,0x4a,0x69,0x4a,0x69,0x4a,
  0x69,0x4a,0x69,0x4a,0x69,0x4a,0x69,0x4a,0x69,0x4a,0x69,0x4a,0x69,0x4a,0x69,0x4a,
  0x69,0x4a,0x69,0x4a,0x69,0x4a,0x69,0x4a,0x69,0x4a,0x69,0x4a,0x69,0x4a,0x69,0x4a,
  0x69,0x4a,0x69,0x4a,0x69,0x4a,0x69,0x4a,0x69,0x4a,0x69,0x4a,0x69,0x4a,0x69,0x4a,
  0x69,0x4a,0x69,0x4a,0x69,0x4a,0x69,0x4a,0x69,0x4a,0x69,0x4a,0x69,0x4a,0x69,0x4a,
  0x69,0x4a,0x69,0x4a,0x69,0x4a,0x69,0x4a,0x69,0x4a,0x69,0x4a,0x69,0x4a,0x69,0x4a,
  0x69,0x4a,0x69,0x4a,0x69,0x4a,0x69,0x4a,0x69,0x4a,0x69,0x4a,0x69,0x4a,0x69,0x4a,
  0x69,0x4a,0x69,0x4a,0x69,0x4a,0x69,0x4a,0x69,0x4a,0x49,0x4a,0x8a,0x4a,0xa7,0x31,
  0xa2,0x10,0xc3,0x10,0xc3,0x18,0xc3,0x18,0xc3,0x18,0xc3,0x18,0xe3,0x18,0xe4,0x18,
  0xe4,0x18,0x04,0x19,0x04,0x21,0x04,0x21,0xe4,0x18,0x65,0x29,0x69,0x4a,0x69,0x4a,
  0x69,0x4a,0x69,0x4a,0x69,0x4a,0x69,0x4a,0x69,0x4a,0x69,0x4a,0x69,0x4a,0x69,0x4a,
  0x69,0x4a,0x69,0x4a,0x69,0x4a,0x69,0x4a,0x69,0x4a,0x69,0x4a,0x69,0x4a,0x69,0x4a,
  0x69,0x4a,0x69,0x4a,0x69,0x4a,0x69,0x4a,0x69,0x4a,0x69,0x4a,0x69,0x4a,0x69,0x4a,
  0x69,0x4a,0x49,0x4a,0x49,0x4a,0x49,0x4a,0x49,0x4a,0x49,0x4a,0x49,0x4a,0x49,0x4a,
  0x49,0x4a,0x49,0x4a,0x49,0x4a,0x49,0x4a,0x49,0x4a,0x49,0x4a,0x49,0x4a,0x49,0x4a,
  0x49,0x4a,0x49,0x4a,0x49,0x4a,0x49,0x4a,0x49,0x4a,0x49,0x4a,0x49,0x4a,0x49,0x4a,
  0x69,0x4a,0x69,0x4a,0x69,0x4a,0x69,0x4a,0x69,0x4a,0x69,0x4a,0x69,0x4a,0x69,0x4a,
  0x69,0x4a,0x69,0x4a,0x69,0x4a,0x69,0x4a,0x69,0x4a,0x69,0x4a,0x69,0x4a,0x69,0x4a,
  0x69,0x4a,0x69,0x4a,0x69,0x4a,0x69,0x4a,0x69,0x4a,0x69,0x4a,0x69,0x4a,0x69,0x4a,
  0x69,0x4a,0x69,0x4a,0x69,0x4a,0x69,0x4a,0x69,0x4a,0x69,0x4a,0x69,0x4a,0x69,0x4a,
  0x69,0x4a,0x69,0x4a,0x69,0x4a,0x69,0x4a,0x69,0x4a,0x69,0x4a,0x69,0x4a,0x69,0x4a,
  0x69,0x4a,0x69,0x4a,0x69,0x4a,0x69,0x4a,0x69,0x4a,0x69,0x4a,0x69,0x4a,0x69,0x4a,
  0x69,0x4a,0x69,0x4a,0x69,0x4a,0x8a,0x4a,0x28,0x42,0x24,0x21,0x25,0x21,0x24,0x21,
  0x04,0x21,0xe4,0x18,0xe3,0x18,0xe3,0x18,0xe3,0x18,0xe3,0x18,0xe4,0x18,0xe3,0x18,
  0x04,0x19,0x28,0x42,0x8a,0x4a,0x69,0x4a,0x69,0x4a,0x69,0x4a,0x69,0x4a,0x69,0x4a,
  0x69,0x4a,0x69,0x4a,0x69,0x4a,0x69,0x4a,0x69,0x4a,0x69,0x4a,0x69,0x4a,0x69,0x4a,
  0x69,0x4a,0x69,0x4a,0x69,0x4a,0x69,0x4a,0x69,0x4a,0x69,0x4a,0x69,0x4a,0x69,0x4a,
  0x69,0x4a,0x69,0x4a,0x69,0x4a,0x69,0x4a,0x69,0x4a,0x69,0x4a,0x69,0x4a,0x69,0x4a,
  0x69,0x4a,0x69,0x4a,0x69,0x4a,0x69,0x4a,0x69,0x4a,0x69,0x4a,0x69,0x4a,0x69,0x4a,
  0x69,0x4a,0x69,0x4a,0x69,0x4a,0x69,0x4a,0x69,0x4a,0x69,0x4a,0x69,0x4a,0x69,0x4a,
  0x69,0x4a,0x69,0x4a,0x69,0x4a,0x69,0x4a,0x69,0x4a,0x69,0x4a,0x69,0x4a,0x69,0x4a,
  0x69,0x4a,0x69,0x4a,0x69,0x4a,0x69,0x4a,0x69,0x4a,0x69,0x4a,0x69,0x4a,0x69,0x4a,
  0x69,0x4a,0x69,0x4a,0x69,0x4a,0x69,0x4a,0x69,0x4a,0x49,0x4a,0x49,0x4a,0x8a,0x4a,
  0xc7,0x39,0xa2,0x10,0xa3,0x10,0xc3,0x18,0xc3,0x18,0xc3,0x18,0xc3,0x18,0xe3,0x18,
  0xe4,0x18,0xe4,0x18,0x04,0x21,0x04,0x21,0x04,0x21,0xe4,0x18,0x65,0x29,0x69,0x4a,
  0x69,0x4a,0x49,0x4a,0x69,0x4a,0x69,0x4a,0x69,0x4a,0x69,0x4a,0x69,0x4a,0x69,0x4a,
  0x69,0x4a,0x69,0x4a,0x69,0x4a,0x69,0x4a,0x69,0x4a,0x69,0x4a,0x69,0x4a,0x69,0x4a,
  0x69,0x4a,0x69,0x4a,0x69,0x4a,0x69,0x4a,0x69,0x4a,0x69,0x4a,0x69,0x4a,0x69,0x4a,
  0x69,0x4a,0x49,0x4a,0x49,0x4a,0x49,0x4a,0x49,0x4a,0x49,0x4a,0x49,0x4a,0x49,0x4a,
  0x49,0x4a,0x49,0x4a,0x49,0x4a,0x49,0x4a,0x49,0x4a,0x49,0x4a,0x49,0x4a,0x49,0x4a,
  0x49,0x4a,0x49,0x4a,0x49,0x4a,0x49,0x4a,0x49,0x4a,0x49,0x4a,0x49,0x4a,0x49,0x4a,
  0x69,0x4a,0x69,0x4a,0x69,0x4a,0x69,0x4a,0x69,0x4a,0x69,0x4a,0x69,0x4a,0x69,0x4a,
  0x69,0x4a,0x69,0x4a,0x69,0x4a,0x69,0x4a,0x69,0x4a,0x69,0x4a,0x69,0x4a,0x69,0x4a,
  0x69,0x4a,0x69,0x4a,0x69,0x4a,0x69,0x4a,0x69,0x4a,0x69,0x4a,0x69,0x4a,0x69,0x4a,
  0x69,0x4a,0x69,0x4a,0x69,0x4a,0x69,0x4a,0x69,0x4a,0x69,0x4a,0x69,0x4a,0x69,0x4a,
  0x69,0x4a,0x69,0x4a,0x69,0x4a,0x69,0x4a,0x69,0x4a,0x69,0x4a,0x69,0x4a,0x69,0x4a,
  0x69,0x4a,0x69,0x4a,0x69,0x4a,0x69,0x4a,0x69,0x4a,0x69,0x4a,0x69,0x4a,0x69,0x4a,
  0x69,0x4a,0x69,0x4a,0x8a,0x52,0x08,0x42,0x24,0x21,0x25,0x21,0x24,0x21,0x04,0x21,
  0xe4,0x18,0xe3,0x18,0xe3,0x18,0xe3,0x18,0xe3,0x18,0xe4,0x18,0xc3,0x18,0x04,0x21,
  0x29,0x42,0x8a,0x4a,0x69,0x4a,0x69,0x4a,0x69,0x4a,0x69,0x4a,0x69,0x4a,0x69,0x4a,
  0x69,0x4a,0x69,0x4a,0x69,0x4a,0x69,0x4a,0x69,0x4a,0x69,0x4a,0x69,0x4a,0x69,0x4a,
  0x69,0x4a,0x69,0x4a,0x69,0x4a,0x69,0x4a,0x69,0x4a,0x69,0x4a,0x69,0x4a,0x69,0x4a,
  0x69,0x4a,0x69,0x4a,0x69,0x4a,0x69,0x4a,0x69,0x4a,0x69,0x4a,0x69,0x4a,0x69,0x4a,
  0x69,0x4a,0x69,0x4a,0x69,0x4a,0x69,0x4a,0x69,0x4a,0x69,0x4a,0x69,0x4a,0x69,0x4a,
  0x69,0x4a,0x69,0x4a,0x69,0x4a,0x69,0x4a,0x69,0x4a,0x69,0x4a,0x69,0x4a,0x69,0x4a,
  0x69,0x4a,0x69,0x4a,0x69,0x4a,0x69,0x4a,0x69,0x4a,0x69,0x4a,0x69,0x4a,0x69,0x4a,
  0x69,0x4a,0x69,0x4a,0x69,0x4a,0x69,0x4a,0x69,0x4a,0x69,0x4a,0x69,0x4a,0x69,0x4a,
  0x69,0x4a,0x69,0x4a,0x69,0x4a,0x69,0x4a,0x69,0x4a,0x69,0x4a,0x69,0x4a,0x49,0x4a,
  0x8a,0x4a,0xc7,0x39,0xa3,0x10,0xa3,0x10,0xc3,0x18,0xc3,0x18,0xc3,0x18,0xc3,0x18,
  0xe3,0x18,0xe4,0x18,0x04,0x19,0x04,0x21,0x04,0x21,0x04,0x21,0xe4,0x18,0x65,0x29,
  0x69,0x4a,0x69,0x4a,0x49,0x4a,0x69,0x4a,0x69,0x4a,0x69,0x4a,0x69,0x4a,0x69,0x4a,
  0x69,0x4a,0x69,0x4a,0x69,0x4a,0x69,0x4a,0x69,0x4a,0x69,0x4a,0x69,0x4a,0x69,0x4a,
  0x69,0x4a,0x69,0x4a,0x69,0x4a,0x69,0x4a,0x69,0x4a,0x69,0x4a,0x69,0x4a,0x69,0x4a,
  0x69,0x4a,0x69,0x4a,0x69,0x4a,0x49,0x4a,0x49,0x4a,0x49,0x4a,0x49,0x4a,0x49,0x4a,
  0x49,0x4a,0x49,0x4a,0x49,0x4a,0x49,0x4a,0x49,0x4a,0x49,0x4a,0x49,0x4a,0x49,0x4a,
  0x49,0x4a,0x49,0x4a,0x49,0x4a,0x49,0x4a,0x49,0x4a,0x49,0x4a,0x49,0x4a,0x49,0x4a,
  0x69,0x4a,0x69,0x4a,0x69,0x4a,0x69,0x4a,0x69,0x4a,0x69,0x4a,0x69,0x4a,0x69,0x4a,
  0x69,0x4a,0x69,0x4a,0x69,0x4a,0x69,0x4a,0x69,0x4a,0x69,0x4a,0x69,0x4a,0x69,0x4a,
  0x69,0x4a,0x69,0x4a,0x69,0x4a,0x69,0x4a,0x69,0x4a,0x69,0x4a,0x69,0x4a,0x69,0x4a,
  0x69,0x4a,0x69,0x4a,0x69,0x4a,0x69,0x4a,0x69,0x4a,0x69,0x4a,0x69,0x4a,0x69,0x4a,
  0x69,0x4a,0x69,0x4a,0x69,0x4a,0x69,0x4a,0x69,0x4a,0x69,0x4a,0x69,0x4a,0x69,0x4a,
  0x69,0x4a,0x69,0x4a,0x69,0x4a,0x69,0x4a,0x69,0x4a,0x69,0x4a,0x69,0x4a,0x69,0x4a,
  0x69,0x4a,0x8a,0x52,0x08,0x42,0x24,0x21,0x25,0x21,0x24,0x21,0x04,0x21,0xe4,0x18,
  0xe3,0x18,0xe3,0x18,0xe3,0x18,0xe3,0x18,0xe4,0x18,0xc3,0x18,0x04,0x21,0x49,0x4a,
  0x8a,0x4a,0x69,0x4a,0x69,0x4a,0x69,0x4a,0x69,0x4a,0x69,0x4a,0x69,0x4a,0x69,0x4a,
  0x69,0x4a,0x69,0x4a,0x69,0x4a,0x69,0x4a,0x69,0x4a,0x69,0x4a,0x69,0x4a,0x69,0x4a,
  0x69,0x4a,0x69,0x4a,0x69,0x4a,0x69,0x4a,0x69,0x4a,0x69,0x4a,0x69,0x4a,0x69,0x4a,
  0x69,0x4a,0x69,0x4a,0x69,0x4a,0x69,0x4a,0x69,0x4a,0x69,0x4a,0x69,0x4a,0x69,0x4a,
  0x69,0x4a,0x69,0x4a,0x69,0x4a,0x69,0x4a,0x69,0x4a,0x69,0x4a,0x69,0x4a,0x69,0x4a,
  0x69,0x4a,0x69,0x4a,0x69,0x4a,0x69,0x4a,0x69,0x4a,0x69,0x4a,0x69,0x4a,0x69,0x4a,
  0x69,0x4a,0x69,0x4a,0x69,0x4a,0x69,0x4a,0x69,0x4a,0x69,0x4a,0x69,0x4a,0x69,0x4a,
  0x69,0x4a,0x69,0x4a,0x69,0x4a,0x69,0x4a,0x69,0x4a,0x69,0x4a,0x69,0x4a,0x69,0x4a,
  0x69,0x4a,0x69,0x4a,0x69,0x4a,0x69,0x4a,0x69,0x4a,0x69,0x4a,0x69,0x4a,0x69,0x4a,
  0x49,0x4a,0x8a,0x4a,0xe7,0x39,0xa3,0x10,0xa3,0x10,0xc3,0x18,0xc3,0x18,0xc3,0x18,
  0xc3,0x18,0xe3,0x18,0xe4,0x18,0x04,0x19,0x04,0x21,0x04,0x21,0x04,0x21,0xe4,0x18,
  0x65,0x29,0x69,0x4a,0x69,0x4a,0x49,0x4a,0x69,0x4a,0x69,0x4a,0x69,0x4a,0x69,0x4a,
  0x69,0x4a,0x69,0x4a,0x69,0x4a,0x69,0x4a,0x69,0x4a,0x69,0x4a,0x69,0x4a,0x69,0x4a,
  0x69,0x4a,0x69,0x4a,0x69,0x4a,0x69,0x4a,0x69,0x4a,0x69,0x4a,0x69,0x4a,0x69,0x4a,
  0x69,0x4a,0x69,0x4a,0x69,0x4a,0x69,0x4a,0x69,0x4a,0x49,0x4a,0x49,0x4a,0x49,0x4a,
  0x49,0x4a,0x49,0x4a,0x49,0x4a,0x49,0x4a,0x49,0x4a,0x49,0x4a,0x49,0x4a,0x49,0x4a,
  0x49,0x4a,0x49,0x4a,0x49,0x4a,0x49,0x4a,0x49,0x4a,0x49,0x4a,0x49,0x4a,0x49,0x4a,
  0x69,0x4a,0x69,0x4a,0x69,0x4a,0x69,0x4a,0x69,0x4a,0x69,0x4a,0x69,0x4a,0x69,0x4a,
  0x69,0x4a,0x69,0x4a,0x69,0x4a,0x69,0x4a,0x69,0x4a,0x69,0x4a,0x69,0x4a,0x69,0x4a,
  0x69,0x4a,0x69,0x4a,0x69,0x4a,0x69,0x4a,0x69,0x4a,0x69,0x4a,0x69,0x4a,0x69,0x4a,
  0x69,0x4a,0x69,0x4a,0x69,0x4a,0x69,0x4a,0x69,0x4a,0x69,0x4a,0x69,0x4a,0x69,0x4a,
  0x69,0x4a,0x69,0x4a,0x69,0x4a,0x69,0x4a,0x69,0x4a,0x69,0x4a,0x69,0x4a,0x69,0x4a,
  0x69,0x4a,0x69,0x4a,0x69,0x4a,0x69,0x4a,0x69,0x4a,0x69,0x4a,0x6a,0x4a,0x69,0x4a,
  0x8a,0x52,0x08,0x42,0x24,0x21,0x25,0x21,0x24,0x21,0x04,0x21,0xe4,0x18,0xe3,0x18,
  0xe3,0x18,0xe3,0x18,0xe3,0x18,0xe4,0x18,0xc3,0x18,0x24,0x21,0x49,0x4a,0x6a,0x4a,
  0x69,0x4a,0x69,0x4a,0x69,0x4a,0x69,0x4a,0x69,0x4a,0x69,0x4a,0x69,0x4a,0x69,0x4a,
  0x69,0x4a,0x69,0x4a,0x69,0x4a,0x69,0x4a,0x69,0x4a,0x69,0x4a,0x69,0x4a,0x69,0x4a,
  0x69,0x4a,0x69,0x4a,0x69,0x4a,0x69,0x4a,0x69,0x4a,0x69,0x4a,0x69,0x4a,0x69,0x4a,
  0x69,0x4a,0x69,0x4a,0x69,0x4a,0x69,0x4a,0x69,0x4a,0x69,0x4a,0x69,0x4a,0x69,0x4a,
  0x69,0x4a,0x69,0x4a,0x69,0x4a,0x69,0x4a,0x69,0x4a,0x69,0x4a,0x69,0x4a,0x69,0x4a,
  0x69,0x4a,0x69,0x4a,0x69,0x4a,0x69,0x4a,0x69,0x4a,0x69,0x4a,0x69,0x4a,0x69,0x4a,
  0x69,0x4a,0x69,0x4a,0x69,0x4a,0x69,0x4a,0x69,0x4a,0x69,0x4a,0x69,0x4a,0x69,0x4a,
  0x69,0x4a,0x69,0x4a,0x69,0x4a,0x69,0x4a,0x69,0x4a,0x69,0x4a,0x69,0x4a,0x69,0x4a,
  0x69,0x4a,0x69,0x4a,0x69,0x4a,0x69,0x4a,0x69,0x4a,0x69,0x4a,0x69,0x4a,0x69,0x4a,
  0x69,0x4a,0x49,0x4a,0x6a,0x4a,0xe8,0x39,0xc3,0x10,0xa3,0x10,0xc3,0x18,0xc3,0x18,
  0xc3,0x18,0xc3,0x18,0xe3,0x18,0xe4,0x18,0x04,0x19,0x04,0x21,0x04,0x21,0x04,0x21,
  0xe4,0x18,0x66,0x29,0x6a,0x4a,0x49,0x4a,0x49,0x4a,0x69,0x4a,0x69,0x4a,0x69,0x4a,
  0x69,0x4a,0x69,0x4a,0x69,0x4a,0x69,0x4a,0x69,0x4a,0x69,0x4a,0x69,0x4a,0x69,0x4a,
  0x69,0x4a,0x69,0x4a,0x69,0x4a,0x69,0x4a,0x69,0x4a,0x69,0x4a,0x69,0x4a,0x69,0x4a,
  0x69,0x4a,0x69,0x4a,0x69,0x4a,0x69,0x4a,0x69,0x4a,0x69,0x4a,0x69,0x4a,0x69,0x4a,
  0x69,0x4a,0x49,0x4a,0x49,0x4a,0x49,0x4a,0x49,0x4a,0x49,0x4a,0x49,0x4a,0x49,0x4a,
  0x49,0x4a,0x49,0x4a,0x49,0x4a,0x49,0x4a,0x49,0x4a,0x49,0x4a,0x49,0x4a,0x49,0x4a,
  0x69,0x4a,0x69,0x4a,0x69,0x4a,0x69,0x4a,0x69,0x4a,0x69,0x4a,0x69,0x4a,0x69,0x4a,
  0x69,0x4a,0x69,0x4a,0x69,0x4a,0x69,0x4a,0x69,0x4a,0x69,0x4a,0x69,0x4a,0x69,0x4a,
  0x69,0x4a,0x69,0x4a,0x69,0x4a,0x69,0x4a,0x69,0x4a,0x69,0x4a,0x69,0x4a,0x69,0x4a,
  0x69,0x4a,0x69,0x4a,0x69,0x4a,0x69,0x4a,0x69,0x4a,0x69,0x4a,0x69,0x4a,0x69,0x4a,
  0x69,0x4a,0x69,0x4a,0x69,0x4a,0x69,0x4a,0x69,0x4a,0x69,0x4a,0x69,0x4a,0x69,0x4a,
  0x69,0x4a,0x69,0x4a,0x69,0x4a,0x69,0x4a,0x69,0x4a,0x69,0x4a,0x69,0x4a,0x8a,0x52,
  0x08,0x42,0x24,0x21,0x25,0x21,0x24,0x21,0x04,0x21,0xe4,0x18,0xe3,0x18,0xe3,0x18,
  0xe3,0x18,0xe3,0x18,0xe4,0x18,0xc3,0x18,0x25,0x21,0x49,0x4a,0x6a,0x4a,0x69,0x4a,
  0x69,0x4a,0x69,0x4a,0x69,0x4a,0x69,0x4a,0x69,0x4a,0x69,0x4a,0x69,0x4a,0x69,0x4a,
  0x69,0x4a,0x69,0x4a,0x69,0x4a,0x69,0x4a,0x69,0x4a,0x69,0x4a,0x69,0x4a,0x69,0x4a,
  0x69,0x4a,0x69,0x4a,0x69,0x4a,0x69,0x4a,0x69,0x4a,0x69,0x4a,0x69,0x4a,0x69,0x4a,
  0x69,0x4a,0x69,0x4a,0x69,0x4a,0x69,0x4a,0x69,0x4a,0x69,0x4a,0x69,0x4a,0x69,0x4a,
  0x69,0x4a,0x69,0x4a,0x69,0x4a,0x69,0x4a,0x69,0x4a,0x69,0x4a,0x69,0x4a,0x69,0x4a,
  0x69,0x4a,0x69,0x4a,0x69,0x4a,0x69,0x4a,0x69,0x4a,0x69,0x4a,0x69,0x4a,0x69,0x4a,
  0x69,0x4a,0x69,0x4a,0x69,0x4a,0x69,0x4a,0x69,0x4a,0x69,0x4a,0x69,0x4a,0x69,0x4a,
  0x69,0x4a,0x69,0x4a,0x69,0x4a,0x69,0x4a,0x69,0x4a,0x69,0x4a,0x69,0x4a,0x69,0x4a,
  0x69,0x4a,0x69,0x4a,0x69,0x4a,0x69,0x4a,0x69,0x4a,0x69,0x4a,0x69,0x4a,0x69,0x4a,
  0x69,0x4a,0x69,0x4a,0x49,0x4a,0x6a,0x4a,0x08,0x42,0xc3,0x18,0xa3,0x10,0xc3,0x18,
  0xc3,0x18,0xc3,0x18,0xc3,0x18,0xe3,0x18,0xe4,0x18,0x04,0x19,0x04,0x21,0x04,0x21,
  0x04,0x21,0xe4,0x18,0x66,0x29,0x69,0x4a,0x69,0x4a,0x49,0x4a,0x69,0x4a,0x69,0x4a,
  0x69,0x4a,0x69,0x4a,0x69,0x4a,0x69,0x4a,0x69,0x4a,0x69,0x4a,0x69,0x4a,0x69,0x4a,
  0x69,0x4a,0x69,0x4a,0x69,0x4a,0x69,0x4a,0x69,0x4a,0x69,0x4a,0x69,0x4a,0x69,0x4a,
  0x69,0x4a,0x69,0x4a,0x69,0x4a,0x69,0x4a,0x69,0x4a,0x69,0x4a,0x69,0x4a,0x69,0x4a,
  0x69,0x4a,0x49,0x4a,0x49,0x4a,0x49,0x4a,0x49,0x4a,0x49,0x4a,0x49,0x4a,0x49,0x4a,
  0x49,0x4a,0x49,0x4a,0x49,0x4a,0x49,0x4a,0x49,0x4a,0x49,0x4a,0x49,0x4a,0x49,0x4a,
  0x69,0x4a,0x69,0x4a,0x69,0x4a,0x69,0x4a,0x69,0x4a,0x69,0x4a,0x69,0x4a,0x69,0x4a,
  0x69,0x4a,0x69,0x4a,0x69,0x4a,0x69,0x4a,0x69,0x4a,0x69,0x4a,0x69,0x4a,0x69,0x4a,
  0x69,0x4a,0x69,0x4a,0x69,0x4a,0x69,0x4a,0x69,0x4a,0x69,0x4a,0x69,0x4a,0x69,0x4a,
  0x69,0x4a,0x69,0x4a,0x69,0x4a,0x69,0x4a,0x69,0x4a,0x69,0x4a,0x69,0x4a,0x69,0x4a,
  0x69,0x4a,0x69,0x4a,0x69,0x4a,0x69,0x4a,0x69,0x4a,0x69,0x4a,0x69,0x4a,0x69,0x4a,
  0x69,0x4a,0x69,0x4a,0x69,0x4a,0x69,0x4a,0x69,0x4a,0x69,0x4a,0x8a,0x4a,0x08,0x42,
  0x24,0x21,0x25,0x21,0x24,0x21,0x04,0x21,0xe4,0x18,0xe3,0x18,0xe3,0x18,0xe3,0x18,
  0xe3,0x18,0xe4,0x18,0xc3,0x18,0x45,0x21,0x69,0x4a,0x6a,0x4a,0x69,0x4a,0x69,0x4a,
  0x69,0x4a,0x69,0x4a,0x69,0x4a,0x69,0x4a,0x69,0x4a,0x69,0x4a,0x69,0x4a,0x69,0x4a,
  0x69,0x4a,0x69,0x4a,0x69,0x4a,0x69,0x4a,0x69,0x4a,0x69,0x4a,0x69,0x4a,0x69,0x4a,
  0x69,0x4a,0x69,0x4a,0x69,0x4a,0x69,0x4a,0x69,0x4a,0x69,0x4a,0x69,0x4a,0x69,0x4a,
  0x69,0x4a,0x69,0x4a,0x69,0x4a,0x69,0x4a,0x69,0x4a,0x69,0x4a,0x69,0x4a,0x69,0x4a,
  0x69,0x4a,0x69,0x4a,0x69,0x4a,0x69,0x4a,0x69,0x4a,0x69,0x4a,0x69,0x4a,0x69,0x4a,
  0x69,0x4a,0x69,0x4a,0x69,0x4a,0x69,0x4a,0x69,0x4a,0x69,0x4a,0x69,0x4a,0x69,0x4a,
  0x69,0x4a,0x69,0x4a,0x69,0x4a,0x69,0x4a,0x69,0x4a,0x69,0x4a,0x69,0x4a,0x69,0x4a,
  0x69,0x4a,0x69,0x4a,0x69,0x4a,0x69,0x4a,0x69,0x4a,0x69,0x4a,0x69,0x4a,0x69,0x4a,
  0x69,0x4a,0x69,0x4a,0x69,0x4a,0x69,0x4a,0x69,0x4a,0x69,0x4a,0x69,0x4a,0x69,0x4a,
  0x69,0x4a,0x69,0x4a,0x69,0x4a,0x49,0x4a,0x6a,0x4a,0x28,0x42,0xc3,0x18,0xa3,0x10,
  0xc3,0x18,0xc3,0x18,0xc3,0x18,0xe3,0x18,0xe3,0x18,0xe4,0x18,0x04,0x19,0x04,0x21,
  0x04,0x21,0x04,0x21,0xe4,0x18,0x86,0x29,0x6a,0x4a,0x69,0x4a,0x49,0x4a,0x69,0x4a,
  0x69,0x4a,0x69,0x4a,0x69,0x4a,0x69,0x4a,0x69,0x4a,0x69,0x4a,0x69,0x4a,0x69,0x4a,
  0x69,0x4a,0x69,0x4a,0x69,0x4a,0x69,0x4a,0x69,0x4a,0x69,0x4a,0x69,0x4a,0x69,0x4a,
  0x69,0x4a,0x69,0x4a,0x69,0x4a,0x69,0x4a,0x69,0x4a,0x69,0x4a,0x69,0x4a,0x69,0x4a,
  0x69,0x4a,0x69,0x4a,0x69,0x4a,0x69,0x4a,0x69,0x4a,0x69,0x4a,0x69,0x4a,0x69,0x4a,
  0x69,0x4a,0x49,0x4a,0x49,0x4a,0x49,0x4a,0x49,0x4a,0x49,0x4a,0x49,0x4a,0x49,0x4a,
  0x69,0x4a,0x69,0x4a,0x69,0x4a,0x69,0x4a,0x69,0x4a,0x69,0x4a,0x69,0x4a,0x69,0x4a,
  0x69,0x4a,0x69,0x4a,0x69,0x4a,0x69,0x4a,0x69,0x4a,0x69,0x4a,0x69,0x4a,0x69,0x4a,
  0x69,0x4a,0x69,0x4a,0x69,0x4a,0x69,0x4a,0x69,0x4a,0x69,0x4a,0x69,0x4a,0x69,0x4a,
  0x69,0x4a,0x69,0x4a,0x69,0x4a,0x69,0x4a,0x69,0x4a,0x69,0x4a,0x69,0x4a,0x69,0x4a,
  0x69,0x4a,0x69,0x4a,0x69,0x4a,0x69,0x4a,0x69,0x4a,0x69,0x4a,0x69,0x4a,0x69,0x4a,
  0x69,0x4a,0x69,0x4a,0x69,0x4a,0x69,0x4a,0x69,0x4a,0x8a,0x52,0x08,0x42,0x24,0x21,
  0x25,0x21,0x24,0x21,0x04,0x19,0xe4,0x18,0xe3,0x18,0xe3,0x18,0xe3,0x18,0xe3,0x18,
  0xe4,0x18,0xc3,0x18,0x45,0x29,0x69,0x4a,0x6a,0x4a,0x69,0x4a,0x69,0x4a,0x69,0x4a,
  0x69,0x4a,0x69,0x4a,0x69,0x4a,0x69,0x4a,0x69,0x4a,0x69,0x4a,0x69,0x4a,0x69,0x4a,
  0x69,0x4a,0x69,0x4a,0x69,0x4a,0x69,0x4a,0x69,0x4a,0x69,0x4a,0x69,0x4a,0x69,0x4a,
  0x69,0x4a,0x69,0x4a,0x69,0x4a,0x69,0x4a,0x69,0x4a,0x69,0x4a,0x69,0x4a,0x69,0x4a,
  0x69,0x4a,0x69,0x4a,0x69,0x4a,0x69,0x4a,0x69,0x4a,0x69,0x4a,0x69,0x4a,0x69,0x4a,
  0x69,0x4a,0x69,0x4a,0x69,0x4a,0x69,0x4a,0x69,0x4a,0x69,0x4a,0x69,0x4a,0x69,0x4a,
  0x69,0x4a,0x69,0x4a,0x69,0x4a,0x69,0x4a,0x69,0x4a,0x69,0x4a,0x69,0x4a,0x69,0x4a,
  0x69,0x4a,0x69,0x4a,0x69,0x4a,0x69,0x4a,0x69,0x4a,0x69,0x4a,0x69,0x4a,0x69,0x4a,
  0x69,0x4a,0x69,0x4a,0x69,0x4a,0x69,0x4a,0x69,0x4a,0x69,0x4a,0x69,0x4a,0x69,0x4a,
  0x69,0x4a,0x69,0x4a,0x69,0x4a,0x69,0x4a,0x69,0x4a,0x69,0x4a,0x69,0x4a,0x69,0x4a,
  0x69,0x4a,0x69,0x4a,0x69,0x4a,0x69,0x4a,0x49,0x4a,0x6a,0x4a,0x28,0x42,0xe3,0x18,
  0xa3,0x10,0xc3,0x18,0xc3,0x18,0xc3,0x18,0xe3,0x18,0xe3,0x18,0xe4,0x18,0x04,0x19,
  0x04,0x21,0x04,0x21,0x04,0x21,0xe4,0x18,0x86,0x31,0x6a,0x4a,0x49,0x4a,0x49,0x4a,
  0x69,0x4a,0x69,0x4a,0x69,0x4a,0x69,0x4a,0x69,0x4a,0x69,0x4a,0x69,0x4a,0x69,0x4a,
  0x69,0x4a,0x69,0x4a,0x69,0x4a,0x69,0x4a,0x69,0x4a,0x69,0x4a,0x69,0x4a,0x69,0x4a,
  0x69,0x4a,0x69,0x4a,0x69,0x4a,0x69,0x4a,0x69,0x4a,0x69,0x4a,0x69,0x4a,0x69,0x4a,
  0x69,0x4a,0x69,0x4a,0x69,0x4a,0x69,0x4a,0x69,0x4a,0x69,0x4a,0x69,0x4a,0x69,0x4a,
  0x69,0x4a,0x49,0x4a,0x49,0x4a,0x49,0x4a,0x49,0x4a,0x49,0x4a,0x49,0x4a,0x49,0x4a,
  0x69,0x4a,0x69,0x4a,0x69,0x4a,0x69,0x4a,0x69,0x4a,0x69,0x4a,0x69,0x4a,0x69,0x4a,
  0x69,0x4a,0x69,0x4a,0x69,0x4a,0x69,0x4a,0x69,0x4a,0x69,0x4a,0x69,0x4a,0x69,0x4a,
  0x69,0x4a,0x69,0x4a,0x69,0x4a,0x69,0x4a,0x69,0x4a,0x69,0x4a,0x69,0x4a,0x69,0x4a,
  0x69,0x4a,0x69,0x4a,0x69,0x4a,0x69,0x4a,0x69,0x4a,0x6a,0x4a,0x6a,0x4a,0x6a,0x4a,
  0x6a,0x4a,0x69,0x4a,0x69,0x4a,0x69,0x4a,0x69,0x4a,0x69,0x4a,0x69,0x4a,0x69,0x4a,
  0x69,0x4a,0x69,0x4a,0x69,0x4a,0x69,0x4a,0x8a,0x52,0x28,0x42,0x45,0x21,0x45,0x21,
  0x24,0x21,0x04,0x21,0x04,0x19,0xe4,0x18,0xe3,0x18,0xe3,0x18,0xe3,0x18,0xe4,0x18,
  0xc3,0x18,0x45,0x29,0x69,0x4a,0x6a,0x4a,0x69,0x4a,0x69,0x4a,0x69,0x4a,0x69,0x4a,
  0x69,0x4a,0x69,0x4a,0x69,0x4a,0x69,0x4a,0x69,0x4a,0x69,0x4a,0x69,0x4a,0x69,0x4a,
  0x69,0x4a,0x69,0x4a,0x69,0x4a,0x69,0x4a,0x69,0x4a,0x69,0x4a,0x69,0x4a,0x69,0x4a,
  0x69,0x4a,0x69,0x4a,0x69,0x4a,0x69,0x4a,0x69,0x4a,0x69,0x4a,0x69,0x4a,0x69,0x4a,
  0x69,0x4a,0x69,0x4a,0x69,0x4a,0x69,0x4a,0x69,0x4a,0x69,0x4a,0x69,0x4a,0x69,0x4a,
  0x69,0x4a,0x69,0x4a,0x69,0x4a,0x69,0x4a,0x69,0x4a,0x69,0x4a,0x69,0x4a,0x69,0x4a,
  0x69,0x4a,0x69,0x4a,0x69,0x4a,0x69,0x4a,0x69,0x4a,0x69,0x4a,0x69,0x4a,0x69,0x4a,
  0x69,0x4a,0x69,0x4a,0x69,0x4a,0x69,0x4a,0x69,0x4a,0x69,0x4a,0x69,0x4a,0x69,0x4a,
  0x69,0x4a,0x69,0x4a,0x69,0x4a,0x69,0x4a,0x69,0x4a,0x69,0x4a,0x69,0x4a,0x69,0x4a,
  0x69,0x4a,0x69,0x4a,0x69,0x4a,0x69,0x4a,0x69,0x4a,0x69,0x4a,0x69,0x4a,0x69,0x4a,
  0x69,0x4a,0x69,0x4a,0x69,0x4a,0x69,0x4a,0x69,0x4a,0x49,0x4a,0x69,0x4a,0x29,0x42,
  0x04,0x19,0xa3,0x10,0xc3,0x18,0xc3,0x18,0xc3,0x18,0xe3,0x18,0xe3,0x18,0xe4,0x18,
  0x04,0x19,0x04,0x21,0x04,0x21,0x04,0x21,0xe4,0x18,0x86,0x31,0x6a,0x4a,0x69,0x4a,
  0x49,0x4a,0x69,0x4a,0x69,0x4a,0x69,0x4a,0x69,0x4a,0x69,0x4a,0x69,0x4a,0x69,0x4a,
  0x69,0x4a,0x69,0x4a,0x69,0x4a,0x69,0x4a,0x69,0x4a,0x69,0x4a,0x69,0x4a,0x69,0x4a,
  0x69,0x4a,0x69,0x4a,0x69,0x4a,0x69,0x4a,0x69,0x4a,0x69,0x4a,0x69,0x4a,0x69,0x4a,
  0x69,0x4a,0x69,0x4a,0x69,0x4a,0x69,0x4a,0x69,0x4a,0x69,0x4a,0x69,0x4a,0x69,0x4a,
  0x69,0x4a,0x69,0x4a,0x69,0x4a,0x49,0x4a,0x49,0x4a,0x49,0x4a,0x49,0x4a,0x49,0x4a,
  0x69,0x4a,0x69,0x4a,0x69,0x4a,0x69,0x4a,0x69,0x4a,0x69,0x4a,0x69,0x4a,0x69,0x4a,
  0x69,0x4a,0x69,0x4a,0x69,0x4a,0x69,0x4a,0x69,0x4a,0x69,0x4a,0x69,0x4a,0x69,0x4a,
  0x69,0x4a,0x69,0x4a,0x69,0x4a,0x69,0x4a,0x69,0x4a,0x69,0x4a,0x69,0x4a,0x69,0x4a,
  0x69,0x4a,0x69,0x4a,0x69,0x4a,0x69,0x4a,0x69,0x4a,0x6a,0x4a,0x6a,0x4a,0x6a,0x4a,
  0x6a,0x4a,0x69,0x4a,0x69,0x4a,0x69,0x4a,0x69,0x4a,0x69,0x4a,0x69,0x4a,0x69,0x4a,
  0x69,0x4a,0x69,0x4a,0x69,0x4a,0x8a,0x52,0x08,0x42,0x04,0x21,0xe3,0x18,0xc3,0x18,
  0xa3,0x10,0xc3,0x10,0xc3,0x18,0xc3,0x18,0xe3,0x18,0xe4,0x18,0xe4,0x18,0xc3,0x18,
  0x65,0x29,0x6a,0x4a,0x6a,0x4a,0x69,0x4a,0x69,0x4a,0x69,0x4a,0x69,0x4a,0x69,0x4a,
  0x69,0x4a,0x69,0x4a,0x69,0x4a,0x69,0x4a,0x69,0x4a,0x69,0x4a,0x69,0x4a,0x69,0x4a,
  0x69,0x4a,0x69,0x4a,0x69,0x4a,0x69,0x4a,0x69,0x4a,0x69,0x4a,0x69,0x4a,0x69,0x4a,
  0x69,0x4a,0x69,0x4a,0x69,0x4a,0x69,0x4a,0x69,0x4a,0x69,0x4a,0x69,0x4a,0x69,0x4a,
  0x69,0x4a,0x69,0x4a,0x69,0x4a,0x69,0x4a,0x69,0x4a,0x69,0x4a,0x69,0x4a,0x69,0x4a,
  0x69,0x4a,0x69,0x4a,0x69,0x4a,0x69,0x4a,0x69,0x4a,0x69,0x4a,0x69,0x4a,0x69,0x4a,
  0x69,0x4a,0x69,0x4a,0x69,0x4a,0x69,0x4a,0x69,0x4a,0x69,0x4a,0x69,0x4a,0x69,0x4a,
  0x69,0x4a,0x69,0x4a,0x69,0x4a,0x69,0x4a,0x69,0x4a,0x69,0x4a,0x69,0x4a,0x69,0x4a,
  0x69,0x4a,0x69,0x4a,0x69,0x4a,0x69,0x4a,0x69,0x4a,0x69,0x4a,0x69,0x4a,0x69,0x4a,
  0x69,0x4a,0x69,0x4a,0x69,0x4a,0x69,0x4a,0x69,0x4a,0x69,0x4a,0x69,0x4a,0x69,0x4a,
  0x69,0x4a,0x69,0x4a,0x69,0x4a,0x69,0x4a,0x69,0x4a,0x69,0x4a,0x49,0x4a,0x69,0x4a,
  0x49,0x4a,0x04,0x19,0xa2,0x10,0xc3,0x18,0xc3,0x18,0xc3,0x18,0xe3,0x18,0xe3,0x18,
  0x04,0x19,0x04,0x21,0x04,0x21,0x04,0x21,0x04,0x21,0xe4,0x18,0x45,0x29,0x29,0x42,
  0x69,0x4a,0x49,0x4a,0x69,0x4a,0x69,0x4a,0x69,0x4a,0x69,0x4a,0x69,0x4a,0x69,0x4a,
  0x69,0x4a,0x69,0x4a,0x69,0x4a,0x69,0x4a,0x69,0x4a,0x69,0x4a,0x69,0x4a,0x69,0x4a,
  0x69,0x4a,0x69,0x4a,0x69,0x4a,0x69,0x4a,0x69,0x4a,0x69,0x4a,0x69,0x4a,0x69,0x4a,
  0x69,0x4a,0x69,0x4a,0x69,0x4a,0x69,0x4a,0x69,0x4a,0x69,0x4a,0x69,0x4a,0x69,0x4a,
  0x69,0x4a,0x69,0x4a,0x69,0x4a,0x69,0x4a,0x69,0x4a,0x49,0x4a,0x49,0x4a,0x49,0x4a,
  0x69,0x4a,0x69,0x4a,0x69,0x4a,0x69,0x4a,0x69,0x4a,0x69,0x4a,0x69,0x4a,0x69,0x4a,
  0x69,0x4a,0x69,0x4a,0x69,0x4a,0x69,0x4a,0x69,0x4a,0x69,0x4a,0x69,0x4a,0x69,0x4a,
  0x69,0x4a,0x69,0x4a,0x69,0x4a,0x69,0x4a,0x69,0x4a,0x69,0x4a,0x69,0x4a,0x69,0x4a,
  0x69,0x4a,0x69,0x4a,0x69,0x4a,0x69,0x4a,0x69,0x4a,0x69,0x4a,0x69,0x4a,0x69,0x4a,
  0x69,0x4a,0x69,0x4a,0x69,0x4a,0x69,0x4a,0x69,0x4a,0x69,0x4a,0x69,0x4a,0x69,0x4a,
  0x69,0x4a,0x69,0x4a,0x6a,0x4a,0x86,0x31,0xe4,0x18,0x45,0x29,0x86,0x29,0x86,0x29,
  0x45,0x29,0x04,0x21,0xe3,0x18,0xc3,0x10,0xa2,0x10,0xa2,0x10,0x82,0x10,0x24,0x21,
  0x8a,0x4a,0x6a,0x4a,0x69,0x4a,0x69,0x4a,0x69,0x4a,0x69,0x4a,0x69,0x4a,0x69,0x4a,
  0x69,0x4a,0x69,0x4a,0x69,0x4a,0x69,0x4a,0x69,0x4a,0x69,0x4a,0x69,0x4a,0x69,0x4a,
  0x69,0x4a,0x69,0x4a,0x69,0x4a,0x69,0x4a,0x69,0x4a,0x69,0x4a,0x69,0x4a,0x69,0x4a,
  0x69,0x4a,0x69,0x4a,0x69,0x4a,0x69,0x4a,0x69,0x4a,0x69,0x4a,0x69,0x4a,0x69,0x4a,
  0x69,0x4a,0x69,0x4a,0x69,0x4a,0x69,0x4a,0x69,0x4a,0x69,0x4a,0x69,0x4a,0x69,0x4a,
  0x69,0x4a,0x69,0x4a,0x69,0x4a,0x69,0x4a,0x69,0x4a,0x69,0x4a,0x69,0x4a,0x69,0x4a,
  0x69,0x4a,0x69,0x4a,0x69,0x4a,0x69,0x4a,0x69,0x4a,0x69,0x4a,0x69,0x4a,0x69,0x4a,
  0x69,0x4a,0x69,0x4a,0x69,0x4a,0x69,0x4a,0x69,0x4a,0x69,0x4a,0x69,0x4a,0x69,0x4a,
  0x69,0x4a,0x69,0x4a,0x69,0x4a,0x69,0x4a,0x69,0x4a,0x69,0x4a,0x69,0x4a,0x69,0x4a,
  0x69,0x4a,0x69,0x4a,0x69,0x4a,0x69,0x4a,0x69,0x4a,0x69,0x4a,0x69,0x4a,0x69,0x4a,
  0x69,0x4a,0x69,0x4a,0x69,0x4a,0x69,0x4a,0x69,0x4a,0x69,0x4a,0x69,0x4a,0x49,0x4a,
  0x69,0x4a,0x49,0x4a,0x04,0x21,0xa2,0x10,0xc3,0x18,0xc3,0x18,0xe3,0x18,0xe3,0x18,
  0xc3,0x18,0xc3,0x10,0xa3,0x10,0xa3,0x10,0xa3,0x10,0xc3,0x18,0xa3,0x10,0x66,0x29,
  0x6a,0x4a,0x49,0x4a,0x69,0x4a,0x69,0x4a,0x69,0x4a,0x69,0x4a,0x69,0x4a,0x69,0x4a,
  0x69,0x4a,0x69,0x4a,0x69,0x4a,0x69,0x4a,0x69,0x4a,0x69,0x4a,0x69,0x4a,0x69,0x4a,
  0x69,0x4a,0x69,0x4a,0x69,0x4a,0x49,0x4a,0x49,0x4a,0x69,0x4a,0x69,0x4a,0x69,0x4a,
  0x69,0x4a,0x69,0x4a,0x69,0x4a,0x69,0x4a,0x69,0x4a,0x69,0x4a,0x69,0x4a,0x69,0x4a,
  0x69,0x4a,0x69,0x4a,0x69,0x4a,0x69,0x4a,0x69,0x4a,0x69,0x4a,0x69,0x4a,0x69,0x4a,
  0x69,0x4a,0x69,0x4a,0x69,0x4a,0x69,0x4a,0x69,0x4a,0x69,0x4a,0x69,0x4a,0x69,0x4a,
  0x69,0x4a,0x69,0x4a,0x69,0x4a,0x69,0x4a,0x69,0x4a,0x69,0x4a,0x69,0x4a,0x69,0x4a,
  0x69,0x4a,0x69,0x4a,0x69,0x4a,0x69,0x4a,0x69,0x4a,0x69,0x4a,0x69,0x4a,0x69,0x4a,
  0x69,0x4a,0x69,0x4a,0x69,0x4a,0x69,0x4a,0x69,0x4a,0x69,0x4a,0x69,0x4a,0x69,0x4a,
  0x69,0x4a,0x69,0x4a,0x69,0x4a,0x69,0x4a,0x69,0x4a,0x69,0x4a,0x69,0x4a,0x69,0x4a,
  0x69,0x4a,0x6a,0x4a,0x49,0x4a,0xa6,0x31,0x49,0x4a,0x8a,0x4a,0x8a,0x52,0x8a,0x52,
  0x8a,0x52,0x69,0x4a,0x49,0x4a,0x28,0x42,0xc7,0x39,0x86,0x31,0x65,0x29,0x29,0x42,
  0x6a,0x4a,0x69,0x4a,0x69,0x4a,0x69,0x4a,0x69,0x4a,0x69,0x4a,0x69,0x4a,0x69,0x4a,
  0x69,0x4a,0x69,0x4a,0x69,0x4a,0x69,0x4a,0x69,0x4a,0x69,0x4a,0x69,0x4a,0x69,0x4a,
  0x69,0x4a,0x69,0x4a,0x69,0x4a,0x69,0x4a,0x69,0x4a,0x69,0x4a,0x69,0x4a,0x69,0x4a,
  0x69,0x4a,0x69,0x4a,0x69,0x4a,0x69,0x4a,0x69,0x4a,0x69,0x4a,0x69,0x4a,0x69,0x4a,
  0x69,0x4a,0x69,0x4a,0x69,0x4a,0x69,0x4a,0x69,0x4a,0x69,0x4a,0x69,0x4a,0x69,0x4a,
  0x69,0x4a,0x69,0x4a,0x69,0x4a,0x69,0x4a,0x69,0x4a,0x69,0x4a,0x69,0x4a,0x69,0x4a,
  0x69,0x4a,0x69,0x4a,0x69,0x4a,0x69,0x4a,0x69,0x4a,0x69,0x4a,0x69,0x4a,0x69,0x4a,
  0x69,0x4a,0x69,0x4a,0x69,0x4a,0x69,0x4a,0x69,0x4a,0x69,0x4a,0x69,0x4a,0x69,0x4a,
  0x69,0x4a,0x69,0x4a,0x69,0x4a,0x69,0x4a,0x69,0x4a,0x69,0x4a,0x69,0x4a,0x69,0x4a,
  0x69,0x4a,0x69,0x4a,0x69,0x4a,0x69,0x4a,0x69,0x4a,0x69,0x4a,0x69,0x4a,0x69,0x4a,
  0x69,0x4a,0x69,0x4a,0x69,0x4a,0x69,0x4a,0x69,0x4a,0x69,0x4a,0x69,0x4a,0x69,0x4a,
  0x49,0x4a,0x69,0x4a,0x69,0x4a,0x24,0x21,0xa3,0x10,0xc3,0x18,0xa3,0x10,0x82,0x10,
  0xa2,0x10,0xe4,0x18,0x45,0x29,0x86,0x31,0xa7,0x31,0xe8,0x39,0x28,0x42,0x49,0x4a,
  0x69,0x4a,0x69,0x4a,0x69,0x4a,0x69,0x4a,0x69,0x4a,0x69,0x4a,0x69,0x4a,0x69,0x4a,
  0x69,0x4a,0x69,0x4a,0x69,0x4a,0x69,0x4a,0x69,0x4a,0x69,0x4a,0x69,0x4a,0x69,0x4a,
  0x69,0x4a,0x69,0x4a,0x69,0x4a,0x49,0x4a,0x49,0x4a,0x69,0x4a,0x69,0x4a,0x69,0x4a,
  0x69,0x4a,0x69,0x4a,0x69,0x4a,0x69,0x4a,0x69,0x4a,0x69,0x4a,0x69,0x4a,0x69,0x4a,
  0x69,0x4a,0x69,0x4a,0x69,0x4a,0x69,0x4a,0x69,0x4a,0x69,0x4a,0x69,0x4a,0x69,0x4a,
  0x69,0x4a,0x69,0x4a,0x69,0x4a,0x69,0x4a,0x69,0x4a,0x69,0x4a,0x69,0x4a,0x69,0x4a,
  0x69,0x4a,0x69,0x4a,0x69,0x4a,0x69,0x4a,0x69,0x4a,0x69,0x4a,0x69,0x4a,0x69,0x4a,
  0x69,0x4a,0x69,0x4a,0x69,0x4a,0x69,0x4a,0x69,0x4a,0x69,0x4a,0x69,0x4a,0x69,0x4a,
  0x69,0x4a,0x69,0x4a,0x69,0x4a,0x69,0x4a,0x69,0x4a,0x69,0x4a,0x69,0x4a,0x69,0x4a,
  0x69,0x4a,0x69,0x4a,0x69,0x4a,0x69,0x4a,0x69,0x4a,0x69,0x4a,0x69,0x4a,0x69,0x4a,
  0x69,0x4a,0x69,0x4a,0x6a,0x4a,0x8a,0x52,0x6a,0x4a,0x69,0x4a,0x69,0x4a,0x69,0x4a,
  0x69,0x4a,0x69,0x4a,0x6a,0x4a,0x8a,0x4a,0x8a,0x52,0x8a,0x52,0x8a,0x52,0x6a,0x4a,
  0x69,0x4a,0x69,0x4a,0x69,0x4a,0x69,0x4a,0x69,0x4a,0x69,0x4a,0x69,0x4a,0x69,0x4a,
  0x69,0x4a,0x69,0x4a,0x69,0x4a,0x69,0x4a,0x69,0x4a,0x69,0x4a,0x69,0x4a,0x69,0x4a,
  0x69,0x4a,0x69,0x4a,0x69,0x4a,0x69,0x4a,0x69,0x4a,0x69,0x4a,0x69,0x4a,0x69,0x4a,
  0x69,0x4a,0x69,0x4a,0x69,0x4a,0x69,0x4a,0x69,0x4a,0x69,0x4a,0x69,0x4a,0x69,0x4a,
  0x69,0x4a,0x69,0x4a,0x69,0x4a,0x69,0x4a,0x69,0x4a,0x69,0x4a,0x69,0x4a,0x69,0x4a,
  0x69,0x4a,0x69,0x4a,0x69,0x4a,0x69,0x4a,0x69,0x4a,0x69,0x4a,0x69,0x4a,0x69,0x4a,
  0x69,0x4a,0x69,0x4a,0x69,0x4a,0x69,0x4a,0x69,0x4a,0x69,0x4a,0x69,0x4a,0x69,0x4a,
  0x69,0x4a,0x69,0x4a,0x69,0x4a,0x69,0x4a,0x69,0x4a,0x69,0x4a,0x69,0x4a,0x69,0x4a,
  0x69,0x4a,0x69,0x4a,0x69,0x4a,0x69,0x4a,0x69,0x4a,0x69,0x4a,0x69,0x4a,0x69,0x4a,
  0x69,0x4a,0x69,0x4a,0x69,0x4a,0x69,0x4a,0x69,0x4a,0x69,0x4a,0x69,0x4a,0x69,0x4a,
  0x69,0x4a,0x69,0x4a,0x69,0x4a,0x69,0x4a,0x69,0x4a,0x69,0x4a,0x69,0x4a,0x69,0x4a,
  0x69,0x4a,0x69,0x4a,0x69,0x4a,0x69,0x4a,0x24,0x21,0x82,0x08,0xa2,0x10,0x24,0x21,
  0xe7,0x39,0x49,0x4a,0x69,0x4a,0x6a,0x4a,0x6a,0x4a,0x6a,0x4a,0x69,0x4a,0x69,0x4a,
  0x69,0x4a,0x69,0x4a,0x69,0x4a,0x69,0x4a,0x69,0x4a,0x69,0x4a,0x69,0x4a,0x69,0x4a,
  0x69,0x4a,0x69,0x4a,0x69,0x4a,0x69,0x4a,0x69,0x4a,0x69,0x4a,0x69,0x4a,0x69,0x4a,
  0x69,0x4a,0x69,0x4a,0x69,0x4a,0x69,0x4a,0x69,0x4a,0x69,0x4a,0x69,0x4a,0x69,0x4a,
  0x69,0x4a,0x69,0x4a,0x69,0x4a,0x69,0x4a,0x69,0x4a,0x69,0x4a,0x69,0x4a,0x69,0x4a,
  0x69,0x4a,0x69,0x4a,0x69,0x4a,0x69,0x4a,0x69,0x4a,0x69,0x4a,0x69,0x4a,0x69,0x4a,
  0x69,0x4a,0x69,0x4a,0x69,0x4a,0x69,0x4a,0x69,0x4a,0x69,0x4a,0x69,0x4a,0x69,0x4a,
  0x69,0x4a,0x69,0x4a,0x69,0x4a,0x69,0x4a,0x69,0x4a,0x69,0x4a,0x69,0x4a,0x69,0x4a,
  0x69,0x4a,0x69,0x4a,0x69,0x4a,0x69,0x4a,0x69,0x4a,0x69,0x4a,0x69,0x4a,0x69,0x4a,
  0x69,0x4a,0x69,0x4a,0x69,0x4a,0x69,0x4a,0x69,0x4a,0x69,0x4a,0x69,0x4a,0x69,0x4a,
  0x69,0x4a,0x69,0x4a,0x69,0x4a,0x69,0x4a,0x69,0x4a,0x69,0x4a,0x69,0x4a,0x69,0x4a,
  0x69,0x4a,0x69,0x4a,0x69,0x4a,0x69,0x4a,0x69,0x4a,0x69,0x4a,0x69,0x4a,0x69,0x4a,
  0x69,0x4a,0x69,0x4a,0x69,0x4a,0x69,0x4a,0x69,0x4a,0x69,0x4a,0x69,0x4a,0x69,0x4a,
  0x69,0x4a,0x69,0x4a,0x69,0x4a,0x69,0x4a,0x69,0x4a,0x69,0x4a,0x69,0x4a,0x69,0x4a,
  0x69,0x4a,0x69,0x4a,0x69,0x4a,0x69,0x4a,0x69,0x4a,0x69,0x4a,0x69,0x4a,0x69,0x4a,
  0x69,0x4a,0x69,0x4a,0x69,0x4a,0x69,0x4a,0x69,0x4a,0x69,0x4a,0x69,0x4a,0x69,0x4a,
  0x69,0x4a,0x69,0x4a,0x69,0x4a,0x69,0x4a,0x69,0x4a,0x69,0x4a,0x69,0x4a,0x69,0x4a,
  0x69,0x4a,0x69,0x4a,0x69,0x4a,0x69,0x4a,0x69,0x4a,0x69,0x4a,0x69,0x4a,0x69,0x4a,
  0x69,0x4a,0x69,0x4a,0x69,0x4a,0x69,0x4a,0x69,0x4a,0x69,0x4a,0x69,0x4a,0x69,0x4a,
  0x69,0x4a,0x69,0x4a,0x69,0x4a,0x69,0x4a,0x69,0x4a,0x69,0x4a,0x69,0x4a,0x69,0x4a,
  0x69,0x4a,0x69,0x4a,0x69,0x4a,0x69,0x4a,0x69,0x4a,0x69,0x4a,0x69,0x4a,0x69,0x4a,
  0x69,0x4a,0x69,0x4a,0x69,0x4a,0x69,0x4a,0x69,0x4a,0x69,0x4a,0x69,0x4a,0x69,0x4a,
  0x69,0x4a,0x69,0x4a,0x69,0x4a,0x69,0x4a,0x69,0x4a,0x69,0x4a,0x69,0x4a,0x69,0x4a,
  0x69,0x4a,0x69,0x4a,0x69,0x4a,0x69,0x4a,0x69,0x4a,0x69,0x4a,0x69,0x4a,0x69,0x4a,
  0x69,0x4a,0x69,0x4a,0x69,0x4a,0x6a,0x4a,0x49,0x42,0x04,0x21,0x86,0x31,0x69,0x4a,
  0x8a,0x4a,0x69,0x4a,0x49,0x4a,0x49,0x4a,0x49,0x4a,0x49,0x4a,0x49,0x4a,0x69,0x4a,
  0x69,0x4a,0x69,0x4a,0x69,0x4a,0x69,0x4a,0x69,0x4a,0x69,0x4a,0x69,0x4a,0x69,0x4a,
  0x69,0x4a,0x69,0x4a,0x69,0x4a,0x69,0x4a,0x69,0x4a,0x69,0x4a,0x69,0x4a,0x69,0x4a,
  0x69,0x4a,0x69,0x4a,0x69,0x4a,0x69,0x4a,0x69,0x4a,0x69,0x4a,0x69,0x4a,0x69,0x4a,
  0x69,0x4a,0x69,0x4a,0x69,0x4a,0x69,0x4a,0x69,0x4a,0x69,0x4a,0x69,0x4a,0x69,0x4a,
  0x69,0x4a,0x69,0x4a,0x69,0x4a,0x69,0x4a,0x69,0x4a,0x69,0x4a,0x69,0x4a,0x69,0x4a,
  0x49,0x4a,0x49,0x4a,0x49,0x4a,0x69,0x4a,0x69,0x4a,0x69,0x4a,0x69,0x4a,0x69,0x4a,
  0x69,0x4a,0x69,0x4a,0x69,0x4a,0x69,0x4a,0x69,0x4a,0x69,0x4a,0x69,0x4a,0x69,0x4a,
  0x69,0x4a,0x69,0x4a,0x69,0x4a,0x69,0x4a,0x69,0x4a,0x69,0x4a,0x69,0x4a,0x69,0x4a,
  0x69,0x4a,0x69,0x4a,0x69,0x4a,0x69,0x4a,0x69,0x4a,0x69,0x4a,0x69,0x4a,0x69,0x4a,
  0x69,0x4a,0x69,0x4a,0x69,0x4a,0x69,0x4a,0x69,0x4a,0x69,0x4a,0x69,0x4a,0x69,0x4a,
  0x69,0x4a,0x69,0x4a,0x69,0x4a,0x69,0x4a,0x69,0x4a,0x69,0x4a,0x69,0x4a,0x6a,0x4a,
  0x6a,0x4a,0x6a,0x4a,0x6a,0x4a,0x6a,0x4a,0x6a,0x4a,0x69,0x4a,0x69,0x4a,0x69,0x4a,
  0x69,0x4a,0x69,0x4a,0x69,0x4a,0x69,0x4a,0x69,0x4a,0x69,0x4a,0x6a,0x4a,0x6a,0x4a,
  0x6a,0x4a,0x6a,0x4a,0x69,0x4a,0x69,0x4a,0x69,0x4a,0x69,0x4a,0x69,0x4a,0x69,0x4a,
  0x69,0x4a,0x69,0x4a,0x69,0x4a,0x69,0x4a,0x69,0x4a,0x69,0x4a,0x69,0x4a,0x69,0x4a,
  0x69,0x4a,0x69,0x4a,0x69,0x4a,0x6a,0x4a,0x69,0x4a,0x69,0x4a,0x69,0x4a,0x69,0x4a,
  0x69,0x4a,0x69,0x4a,0x69,0x4a,0x69,0x4a,0x69,0x4a,0x69,0x4a,0x69,0x4a,0x69,0x4a,
  0x69,0x4a,0x69,0x4a,0x69,0x4a,0x69,0x4a,0x69,0x4a,0x69,0x4a,0x69,0x4a,0x69,0x4a,
  0x69,0x4a,0x69,0x4a,0x69,0x4a,0x69,0x4a,0x69,0x4a,0x69,0x4a,0x69,0x4a,0x69,0x4a,
  0x69,0x4a,0x69,0x4a,0x69,0x4a,0x69,0x4a,0x69,0x4a,0x69,0x4a,0x69,0x4a,0x69,0x4a,
  0x69,0x4a,0x69,0x4a,0x69,0x4a,0x69,0x4a,0x69,0x4a,0x69,0x4a,0x69,0x4a,0x69,0x4a,
  0x69,0x4a,0x69,0x4a,0x69,0x4a,0x69,0x4a,0x69,0x4a,0x69,0x4a,0x69,0x4a,0x69,0x4a,
  0x69,0x4a,0x69,0x4a,0x69,0x4a,0x69,0x4a,0x69,0x4a,0x69,0x4a,0x69,0x4a,0x69,0x4a,
  0x69,0x4a,0x69,0x4a,0x69,0x4a,0x69,0x4a,0x69,0x4a,0x69,0x4a,0x6a,0x4a,0x69,0x4a,
  0x49,0x4a,0x69,0x4a,0x69,0x4a,0x69,0x4a,0x69,0x4a,0x69,0x4a,0x69,0x4a,0x69,0x4a,
  0x69,0x4a,0x69,0x4a,0x69,0x4a,0x69,0x4a,0x69,0x4a,0x69,0x4a,0x69,0x4a,0x69,0x4a,
  0x69,0x4a,0x69,0x4a,0x69,0x4a,0x69,0x4a,0x69,0x4a,0x69,0x4a,0x69,0x4a,0x69,0x4a,
  0x69,0x4a,0x69,0x4a,0x69,0x4a,0x69,0x4a,0x69,0x4a,0x69,0x4a,0x69,0x4a,0x69,0x4a,
  0x69,0x4a,0x69,0x4a,0x69,0x4a,0x69,0x4a,0x69,0x4a,0x69,0x4a,0x69,0x4a,0x69,0x4a,
  0x69,0x4a,0x69,0x4a,0x69,0x4a,0x69,0x4a,0x69,0x4a,0x69,0x4a,0x69,0x4a,0x69,0x4a,
  0x69,0x4a,0x69,0x4a,0x69,0x4a,0x69,0x4a,0x49,0x4a,0x49,0x4a,0x49,0x4a,0x49,0x4a,
  0x49,0x4a,0x69,0x4a,0x69,0x4a,0x69,0x4a,0x69,0x4a,0x69,0x4a,0x69,0x4a,0x69,0x4a,
  0x69,0x4a,0x69,0x4a,0x69,0x4a,0x69,0x4a,0x69,0x4a,0x69,0x4a,0x69,0x4a,0x69,0x4a,
  0x69,0x4a,0x69,0x4a,0x69,0x4a,0x69,0x4a,0x69,0x4a,0x69,0x4a,0x69,0x4a,0x69,0x4a,
  0x69,0x4a,0x69,0x4a,0x69,0x4a,0x69,0x4a,0x69,0x4a,0x69,0x4a,0x69,0x4a,0x69,0x4a,
  0x69,0x4a,0x6a,0x4a,0x6a,0x4a,0x69,0x4a,0x69,0x4a,0x69,0x4a,0x69,0x4a,0x69,0x4a,
  0x69,0x4a,0x6a,0x4a,0x6a,0x4a,0x6a,0x4a,0x6a,0x4a,0x69,0x4a,0x69,0x4a,0x69,0x4a,
  0x69,0x4a,0x69,0x4a,0x69,0x4a,0x69,0x4a,0x69,0x4a,0x69,0x4a,0x6a,0x4a,0x6a,0x4a,
  0x6a,0x4a,0x6a,0x4a,0x69,0x4a,0x69,0x4a,0x69,0x4a,0x69,0x4a,0x69,0x4a,0x69,0x4a,
  0x69,0x4a,0x69,0x4a,0x69,0x4a,0x69,0x4a,0x69,0x4a,0x69,0x4a,0x69,0x4a,0x69,0x4a,
  0x69,0x4a,0x69,0x4a,0x69,0x4a,0x69,0x4a,0x69,0x4a,0x69,0x4a,0x69,0x4a,0x69,0x4a,
  0x69,0x4a,0x69,0x4a,0x69,0x4a,0x69,0x4a,0x69,0x4a,0x69,0x4a,0x69,0x4a,0x69,0x4a,
  0x69,0x4a,0x69,0x4a,0x69,0x4a,0x69,0x4a,0x69,0x4a,0x69,0x4a,0x69,0x4a,0x69,0x4a,
  0x69,0x4a,0x69,0x4a,0x69,0x4a,0x69,0x4a,0x69,0x4a,0x69,0x4a,0x69,0x4a,0x69,0x4a,
  0x69,0x4a,0x69,0x4a,0x69,0x4a,0x69,0x4a,0x69,0x4a,0x69,0x4a,0x69,0x4a,0x69,0x4a,
  0x69,0x4a,0x69,0x4a,0x69,0x4a,0x69,0x4a,0x69,0x4a,0x69,0x4a,0x69,0x4a,0x69,0x4a,
  0x69,0x4a,0x69,0x4a,0x69,0x4a,0x69,0x4a,0x69,0x4a,0x69,0x4a,0x69,0x4a,0x69,0x4a,
  0x69,0x4a,0x69,0x4a,0x69,0x4a,0x69,0x4a,0x69,0x4a,0x69,0x4a,0x69,0x4a,0x69,0x4a,
  0x69,0x4a,0x69,0x4a,0x69,0x4a,0x69,0x4a,0x69,0x4a,0x69,0x4a,0x69,0x4a,0x69,0x4a,
  0x69,0x4a,0x69,0x4a,0x69,0x4a,0x69,0x4a,0x69,0x4a,0x69,0x4a,0x69,0x4a,0x69,0x4a,
  0x69,0x4a,0x69,0x4a,0x69,0x4a,0x69,0x4a,0x69,0x4a,0x69,0x4a,0x69,0x4a,0x69,0x4a,
  0x69,0x4a,0x69,0x4a,0x69,0x4a,0x69,0x4a,0x69,0x4a,0x69,0x4a,0x69,0x4a,0x69,0x4a,
  0x69,0x4a,0x69,0x4a,0x69,0x4a,0x69,0x4a,0x69,0x4a,0x69,0x4a,0x69,0x4a,0x69,0x4a,
  0x69,0x4a,0x69,0x4a,0x69,0x4a,0x69,0x4a,0x69,0x4a,0x69,0x4a,0x69,0x4a,0x69,0x4a,
  0x69,0x4a,0x69,0x4a,0x69,0x4a,0x69,0x4a,0x69,0x4a,0x69,0x4a,0x69,0x4a,0x69,0x4a,
  0xe8,0x39,0x28,0x42,0x29,0x42,0x49,0x4a,0x49,0x4a,0x69,0x4a,0x69,0x4a,0x69,0x4a,
  0x69,0x4a,0x49,0x4a,0x49,0x4a,0x49,0x4a,0x49,0x4a,0x49,0x4a,0x69,0x4a,0x69,0x4a,
  0x69,0x4a,0x69,0x4a,0x69,0x4a,0x69,0x4a,0x69,0x4a,0x69,0x4a,0x69,0x4a,0x69,0x4a,
  0x69,0x4a,0x69,0x4a,0x69,0x4a,0x69,0x4a,0x69,0x4a,0x69,0x4a,0x69,0x4a,0x69,0x4a,
  0x69,0x4a,0x69,0x4a,0x69,0x4a,0x69,0x4a,0x69,0x4a,0x69,0x4a,0x69,0x4a,0x6a,0x4a,
  0x6a,0x4a,0x6a,0x4a,0x6a,0x4a,0x6a,0x4a,0x6a,0x4a,0x6a,0x4a,0x6a,0x4a,0x6a,0x4a,
  0x6a,0x4a,0x6a,0x4a,0x6a,0x4a,0x6a,0x4a,0x69,0x4a,0x69,0x4a,0x69,0x4a,0x69,0x4a,
  0x69,0x4a,0x69,0x4a,0x69,0x4a,0x69,0x4a,0x69,0x4a,0x69,0x4a,0x6a,0x4a,0x6a,0x4a,
  0x6a,0x4a,0x6a,0x4a,0x6a,0x4a,0x6a,0x4a,0x6a,0x4a,0x6a,0x4a,0x69,0x4a,0x69,0x4a,
  0x69,0x4a,0x69,0x4a,0x69,0x4a,0x69,0x4a,0x69,0x4a,0x69,0x4a,0x69,0x4a,0x69,0x4a,
  0x69,0x4a,0x69,0x4a,0x69,0x4a,0x69,0x4a,0x69,0x4a,0x69,0x4a,0x69,0x4a,0x69,0x4a,
  0x69,0x4a,0x69,0x4a,0x69,0x4a,0x69,0x4a,0x69,0x4a,0x69,0x4a,0x69,0x4a,0x69,0x4a,
  0x69,0x4a,0x69,0x4a,0x69,0x4a,0x69,0x4a,0x69,0x4a,0x69,0x4a,0x69,0x4a,0x69,0x4a,
  0x69,0x4a,0x69,0x4a,0x69,0x4a,0x69,0x4a,0x69,0x4a,0x69,0x4a,0x69,0x4a,0x69,0x4a,
  0x69,0x4a,0x69,0x4a,0x69,0x4a,0x69,0x4a,0x69,0x4a,0x69,0x4a,0x69,0x4a,0x69,0x4a,
  0x69,0x4a,0x69,0x4a,0x69,0x4a,0x69,0x4a,0x69,0x4a,0x69,0x4a,0x69,0x4a,0x69,0x4a,
  0x69,0x4a,0x69,0x4a,0x69,0x4a,0x69,0x4a,0x69,0x4a,0x69,0x4a,0x69,0x4a,0x69,0x4a,
  0x69,0x4a,0x69,0x4a,0x69,0x4a,0x69,0x4a,0x69,0x4a,0x69,0x4a,0x69,0x4a,0x69,0x4a,
  0x69,0x4a,0x69,0x4a,0x69,0x4a,0x69,0x4a,0x69,0x4a,0x69,0x4a,0x69,0x4a,0x69,0x4a,
  0x69,0x4a,0x69,0x4a,0x69,0x4a,0x69,0x4a,0x69,0x4a,0x69,0x4a,0x69,0x4a,0x69,0x4a,
  0x69,0x4a,0x69,0x4a,0x69,0x4a,0x69,0x4a,0x69,0x4a,0x69,0x4a,0x69,0x4a,0x69,0x4a,
  0x69,0x4a,0x69,0x4a,0x69,0x4a,0x69,0x4a,0x69,0x4a,0x69,0x4a,0x69,0x4a,0x69,0x4a,
  0x69,0x4a,0x69,0x4a,0x69,0x4a,0x69,0x4a,0x69,0x4a,0x69,0x4a,0x69,0x4a,0x69,0x4a,
  0x69,0x4a,0x69,0x4a,0x69,0x4a,0x69,0x4a,0x69,0x4a,0x69,0x4a,0x69,0x4a,0x69,0x4a,
  0x69,0x4a,0x69,0x4a,0x69,0x4a,0x69,0x4a,0x69,0x4a,0x69,0x4a,0x69,0x4a,0x69,0x4a,
  0xc3,0x18,0xe4,0x18,0x24,0x21,0x65,0x29,0xa6,0x31,0xe7,0x39,0x08,0x42,0x28,0x42,
  0x49,0x4a,0x49,0x4a,0x69,0x4a,0x69,0x4a,0x69,0x4a,0x69,0x4a,0x69,0x4a,0x69,0x4a,
  0x69,0x4a,0x49,0x4a,0x69,0x4a,0x69,0x4a,0x69,0x4a,0x69,0x4a,0x69,0x4a,0x69,0x4a,
  0x69,0x4a,0x69,0x4a,0x69,0x4a,0x69,0x4a,0x69,0x4a,0x69,0x4a,0x69,0x4a,0x69,0x4a,
  0x69,0x4a,0x69,0x4a,0x69,0x4a,0x69,0x4a,0x69,0x4a,0x69,0x4a,0x69,0x4a,0x69,0x4a,
  0x69,0x4a,0x69,0x4a,0x69,0x4a,0x6a,0x4a,0x6a,0x4a,0x6a,0x4a,0x6a,0x4a,0x6a,0x4a,
  0x6a,0x4a,0x6a,0x4a,0x6a,0x4a,0x6a,0x4a,0x69,0x4a,0x69,0x4a,0x69,0x4a,0x69,0x4a,
  0x69,0x4a,0x69,0x4a,0x69,0x4a,0x69,0x4a,0x69,0x4a,0x69,0x4a,0x69,0x4a,0x69,0x4a,
  0x69,0x4a,0x69,0x4a,0x6a,0x4a,0x6a,0x4a,0x6a,0x4a,0x6a,0x4a,0x69,0x4a,0x69,0x4a,
  0x69,0x4a,0x69,0x4a,0x69,0x4a,0x69,0x4a,0x69,0x4a,0x69,0x4a,0x69,0x4a,0x69,0x4a,
  0x69,0x4a,0x69,0x4a,0x69,0x4a,0x69,0x4a,0x69,0x4a,0x69,0x4a,0x69,0x4a,0x69,0x4a,
  0x69,0x4a,0x69,0x4a,0x69,0x4a,0x69,0x4a,0x69,0x4a,0x69,0x4a,0x69,0x4a,0x6a,0x4a,
  0x6a,0x4a,0x69,0x4a,0x69,0x4a,0x69,0x4a,0x69,0x4a,0x69,0x4a,0x69,0x4a,0x69,0x4a,
  0x69,0x4a,0x69,0x4a,0x69,0x4a,0x69,0x4a,0x69,0x4a,0x69,0x4a,0x69,0x4a,0x69,0x4a,
  0x69,0x4a,0x69,0x4a,0x69,0x4a,0x69,0x4a,0x69,0x4a,0x69,0x4a,0x69,0x4a,0x69,0x4a,
  0x69,0x4a,0x69,0x4a,0x69,0x4a,0x69,0x4a,0x69,0x4a,0x69,0x4a,0x69,0x4a,0x69,0x4a,
  0x69,0x4a,0x69,0x4a,0x69,0x4a,0x69,0x4a,0x69,0x4a,0x69,0x4a,0x69,0x4a,0x69,0x4a,
  0x69,0x4a,0x69,0x4a,0x69,0x4a,0x69,0x4a,0x69,0x4a,0x69,0x4a,0x69,0x4a,0x69,0x4a,
  0x69,0x4a,0x69,0x4a,0x69,0x4a,0x69,0x4a,0x69,0x4a,0x69,0x4a,0x69,0x4a,0x69,0x4a,
  0x69,0x4a,0x69,0x4a,0x69,0x4a,0x69,0x4a,0x69,0x4a,0x69,0x4a,0x69,0x4a,0x69,0x4a,
  0x69,0x4a,0x69,0x4a,0x69,0x4a,0x69,0x4a,0x69,0x4a,0x69,0x4a,0x69,0x4a,0x69,0x4a,
  0x69,0x4a,0x69,0x4a,0x69,0x4a,0x69,0x4a,0x69,0x4a,0x69,0x4a,0x69,0x4a,0x69,0x4a,
  0x69,0x4a,0x69,0x4a,0x69,0x4a,0x69,0x4a,0x69,0x4a,0x69,0x4a,0x69,0x4a,0x69,0x4a,
  0x69,0x4a,0x69,0x4a,0x69,0x4a,0x69,0x4a,0x69,0x4a,0x69,0x4a,0x69,0x4a,0x69,0x4a,
  0x69,0x4a,0x69,0x4a,0x69,0x4a,0x69,0x4a,0x69,0x4a,0x69,0x4a,0x69,0x4a,0x69,0x4a,
  0x08,0x42,0xc7,0x39,0x65,0x29,0x24,0x21,0xe3,0x18,0xc3,0x18,0xe3,0x18,0x04,0x21,
  0x45,0x29,0x86,0x31,0xc7,0x39,0x08,0x42,0x28,0x42,0x49,0x4a,0x49,0x4a,0x49,0x4a,
  0x69,0x4a,0x69,0x4a,0x69,0x4a,0x69,0x4a,0x69,0x4a,0x69,0x4a,0x69,0x4a,0x69,0x4a,
  0x69,0x4a,0x69,0x4a,0x69,0x4a,0x69,0x4a,0x69,0x4a,0x69,0x4a,0x69,0x4a,0x69,0x4a,
  0x69,0x4a,0x69,0x4a,0x69,0x4a,0x69,0x4a,0x69,0x4a,0x69,0x4a,0x69,0x4a,0x69,0x4a,
  0x69,0x4a,0x69,0x4a,0x69,0x4a,0x69,0x4a,0x69,0x4a,0x69,0x4a,0x69,0x4a,0x69,0x4a,
  0x69,0x4a,0x6a,0x4a,0x6a,0x4a,0x6a,0x4a,0x6a,0x4a,0x6a,0x4a,0x6a,0x4a,0x6a,0x4a,
  0x6a,0x4a,0x6a,0x4a,0x6a,0x4a,0x6a,0x4a,0x6a,0x4a,0x6a,0x4a,0x69,0x4a,0x69,0x4a,
  0x69,0x4a,0x69,0x4a,0x69,0x4a,0x69,0x4a,0x69,0x4a,0x69,0x4a,0x69,0x4a,0x69,0x4a,
  0x69,0x4a,0x69,0x4a,0x69,0x4a,0x69,0x4a,0x69,0x4a,0x69,0x4a,0x69,0x4a,0x69,0x4a,
  0x69,0x4a,0x69,0x4a,0x69,0x4a,0x69,0x4a,0x69,0x4a,0x69,0x4a,0x69,0x4a,0x69,0x4a,
  0x69,0x4a,0x69,0x4a,0x69,0x4a,0x69,0x4a,0x69,0x4a,0x69,0x4a,0x69,0x4a,0x69,0x4a,
  0x69,0x4a,0x69,0x4a,0x69,0x4a,0x69,0x4a,0x69,0x4a,0x69,0x4a,0x69,0x4a,0x69,0x4a,
  0x69,0x4a,0x69,0x4a,0x69,0x4a,0x69,0x4a,0x69,0x4a,0x69,0x4a,0x69,0x4a,0x69,0x4a,
  0x69,0x4a,0x69,0x4a,0x69,0x4a,0x69,0x4a,0x69,0x4a,0x69,0x4a,0x69,0x4a,0x69,0x4a,
  0x69,0x4a,0x69,0x4a,0x69,0x4a,0x69,0x4a,0x69,0x4a,0x69,0x4a,0x69,0x4a,0x69,0x4a,
  0x69,0x4a,0x69,0x4a,0x69,0x4a,0x69,0x4a,0x69,0x4a,0x69,0x4a,0x69,0x4a,0x69,0x4a,
  0x69,0x4a,0x69,0x4a,0x69,0x4a,0x69,0x4a,0x69,0x4a,0x69,0x4a,0x69,0x4a,0x69,0x4a,
  0x69,0x4a,0x69,0x4a,0x69,0x4a,0x69,0x4a,0x69,0x4a,0x69,0x4a,0x69,0x4a,0x69,0x4a,
  0x69,0x4a,0x69,0x4a,0x69,0x4a,0x69,0x4a,0x69,0x4a,0x69,0x4a,0x69,0x4a,0x69,0x4a,
  0x69,0x4a,0x69,0x4a,0x69,0x4a,0x69,0x4a,0x69,0x4a,0x69,0x4a,0x69,0x4a,0x69,0x4a,
  0x69,0x4a,0x69,0x4a,0x69,0x4a,0x69,0x4a,0x69,0x4a,0x69,0x4a,0x69,0x4a,0x69,0x4a,
  0x69,0x4a,0x69,0x4a,0x69,0x4a,0x69,0x4a,0x69,0x4a,0x69,0x4a,0x69,0x4a,0x69,0x4a,
  0x69,0x4a,0x69,0x4a,0x69,0x4a,0x69,0x4a,0x69,0x4a,0x69,0x4a,0x69,0x4a,0x69,0x4a,
  0x69,0x4a,0x69,0x4a,0x69,0x4a,0x69,0x4a,0x69,0x4a,0x69,0x4a,0x69,0x4a,0x69,0x4a,
  0x49,0x4a,0x69,0x4a,0x8a,0x4a,0x8a,0x4a,0x69,0x4a,0x29,0x42,0xe7,0x39,0x86,0x31,
  0x45,0x21,0x04,0x21,0xc3,0x18,0xe3,0x18,0x04,0x21,0x45,0x29,0x86,0x31,0xc7,0x39,
  0x08,0x42,0x28,0x42,0x49,0x4a,0x49,0x4a,0x49,0x4a,0x69,0x4a,0x69,0x4a,0x69,0x4a,
  0x69,0x4a,0x49,0x4a,0x69,0x4a,0x49,0x4a,0x49,0x4a,0x69,0x4a,0x69,0x4a,0x69,0x4a,
  0x69,0x4a,0x69,0x4a,0x69,0x4a,0x69,0x4a,0x69,0x4a,0x69,0x4a,0x69,0x4a,0x69,0x4a,
  0x69,0x4a,0x69,0x4a,0x69,0x4a,0x69,0x4a,0x69,0x4a,0x69,0x4a,0x69,0x4a,0x69,0x4a,
  0x69,0x4a,0x69,0x4a,0x69,0x4a,0x69,0x4a,0x69,0x4a,0x69,0x4a,0x6a,0x4a,0x6a,0x4a,
  0x6a,0x4a,0x6a,0x4a,0x6a,0x4a,0x6a,0x4a,0x6a,0x4a,0x6a,0x4a,0x69,0x4a,0x69,0x4a,
  0x69,0x4a,0x69,0x4a,0x69,0x4a,0x69,0x4a,0x69,0x4a,0x69,0x4a,0x69,0x4a,0x69,0x4a,
  0x69,0x4a,0x69,0x4a,0x6a,0x4a,0x6a,0x4a,0x6a,0x4a,0x6a,0x4a,0x6a,0x4a,0x6a,0x4a,
  0x69,0x4a,0x69,0x4a,0x69,0x4a,0x69,0x4a,0x69,0x4a,0x69,0x4a,0x69,0x4a,0x69,0x4a,
  0x69,0x4a,0x69,0x4a,0x69,0x4a,0x69,0x4a,0x69,0x4a,0x69,0x4a,0x69,0x4a,0x69,0x4a,
  0x69,0x4a,0x69,0x4a,0x69,0x4a,0x69,0x4a,0x69,0x4a,0x69,0x4a,0x69,0x4a,0x69,0x4a,
  0x69,0x4a,0x69,0x4a,0x69,0x4a,0x69,0x4a,0x69,0x4a,0x69,0x4a,0x69,0x4a,0x69,0x4a,
  0x69,0x4a,0x69,0x4a,0x69,0x4a,0x69,0x4a,0x69,0x4a,0x69,0x4a,0x69,0x4a,0x69,0x4a,
  0x69,0x4a,0x69,0x4a,0x69,0x4a,0x69,0x4a,0x69,0x4a,0x69,0x4a,0x69,0x4a,0x69,0x4a,
  0x69,0x4a,0x69,0x4a,0x69,0x4a,0x69,0x4a,0x69,0x4a,0x69,0x4a,0x69,0x4a,0x69,0x4a,
  0x69,0x4a,0x69,0x4a,0x69,0x4a,0x69,0x4a,0x69,0x4a,0x69,0x4a,0x69,0x4a,0x69,0x4a,
  0x69,0x4a,0x69,0x4a,0x69,0x4a,0x69,0x4a,0x69,0x4a,0x69,0x4a,0x69,0x4a,0x69,0x4a,
  0x69,0x4a,0x69,0x4a,0x69,0x4a,0x69,0x4a,0x69,0x4a,0x69,0x4a,0x69,0x4a,0x69,0x4a,
  0x69,0x4a,0x69,0x4a,0x69,0x4a,0x69,0x4a,0x69,0x4a,0x69,0x4a,0x69,0x4a,0x69,0x4a,
  0x69,0x4a,0x69,0x4a,0x69,0x4a,0x69,0x4a,0x69,0x4a,0x69,0x4a,0x69,0x4a,0x69,0x4a,
  0x69,0x4a,0x69,0x4a,0x69,0x4a,0x69,0x4a,0x69,0x4a,0x69,0x4a,0x69,0x4a,0x69,0x4a,
  0x69,0x4a,0x69,0x4a,0x69,0x4a,0x69,0x4a,0x69,0x4a,0x69,0x4a,0x69,0x4a,0x69,0x4a,
  0x69,0x4a,0x69,0x4a,0x69,0x4a,0x69,0x4a,0x69,0x4a,0x69,0x4a,0x69,0x4a,0x69,0x4a,
  0x49,0x4a,0x49,0x42,0x29,0x42,0x29,0x42,0x29,0x42,0x49,0x4a,0x69,0x4a,0x6a,0x4a,
  0x8a,0x4a,0x6a,0x4a,0x49,0x4a,0x08,0x42,0xa7,0x31,0x45,0x29,0x04,0x21,0xe3,0x18,
  0xc3,0x18,0xe4,0x18,0x24,0x21,0x66,0x29,0xc7,0x39,0xe7,0x39,0x28,0x42,0x49,0x4a,
  0x49,0x4a,0x49,0x4a,0x69,0x4a,0x69,0x4a,0x69,0x4a,0x69,0x4a,0x69,0x4a,0x69,0x4a,
  0x49,0x4a,0x69,0x4a,0x49,0x4a,0x69,0x4a,0x69,0x4a,0x69,0x4a,0x69,0x4a,0x69,0x4a,
  0x69,0x4a,0x69,0x4a,0x69,0x4a,0x69,0x4a,0x69,0x4a,0x69,0x4a,0x69,0x4a,0x69,0x4a,
  0x69,0x4a,0x69,0x4a,0x69,0x4a,0x69,0x4a,0x69,0x4a,0x69,0x4a,0x69,0x4a,0x69,0x4a,
  0x69,0x4a,0x69,0x4a,0x69,0x4a,0x69,0x4a,0x69,0x4a,0x69,0x4a,0x69,0x4a,0x69,0x4a,
  0x69,0x4a,0x69,0x4a,0x69,0x4a,0x69,0x4a,0x69,0x4a,0x69,0x4a,0x69,0x4a,0x69,0x4a,
  0x69,0x4a,0x69,0x4a,0x69,0x4a,0x69,0x4a,0x69,0x4a,0x69,0x4a,0x69,0x4a,0x69,0x4a,
  0x6a,0x4a,0x6a,0x4a,0x6a,0x4a,0x6a,0x4a,0x6a,0x4a,0x6a,0x4a,0x69,0x4a,0x69,0x4a,
  0x69,0x4a,0x69,0x4a,0x69,0x4a,0x69,0x4a,0x69,0x4a,0x69,0x4a,0x69,0x4a,0x69,0x4a,
  0x69,0x4a,0x69,0x4a,0x69,0x4a,0x69,0x4a,0x69,0x4a,0x69,0x4a,0x69,0x4a,0x69,0x4a,
  0x69,0x4a,0x69,0x4a,0x69,0x4a,0x69,0x4a,0x69,0x4a,0x69,0x4a,0x69,0x4a,0x69,0x4a,
  0x69,0x4a,0x69,0x4a,0x69,0x4a,0x69,0x4a,0x69,0x4a,0x69,0x4a,0x69,0x4a,0x69,0x4a,
  0x69,0x4a,0x69,0x4a,0x69,0x4a,0x69,0x4a,0x69,0x4a,0x69,0x4a,0x69,0x4a,0x69,0x4a,
  0x69,0x4a,0x69,0x4a,0x69,0x4a,0x69,0x4a,0x69,0x4a,0x69,0x4a,0x69,0x4a,0x69,0x4a,
  0x69,0x4a,0x69,0x4a,0x69,0x4a,0x69,0x4a,0x69,0x4a,0x69,0x4a,0x69,0x4a,0x69,0x4a,
  0x69,0x4a,0x69,0x4a,0x69,0x4a,0x69,0x4a,0x69,0x4a,0x69,0x4a,0x69,0x4a,0x69,0x4a,
  0x69,0x4a,0x69,0x4a,0x69,0x4a,0x69,0x4a,0x69,0x4a,0x69,0x4a,0x69,0x4a,0x69,0x4a,
  0x69,0x4a,0x69,0x4a,0x69,0x4a,0x69,0x4a,0x69,0x4a,0x69,0x4a,0x69,0x4a,0x69,0x4a,
  0x69,0x4a,0x69,0x4a,0x69,0x4a,0x69,0x4a,0x69,0x4a,0x69,0x4a,0x69,0x4a,0x69,0x4a,
  0x69,0x4a,0x69,0x4a,0x69,0x4a,0x69,0x4a,0x69,0x4a,0x69,0x4a,0x69,0x4a,0x69,0x4a,
  0x69,0x4a,0x69,0x4a,0x69,0x4a,0x69,0x4a,0x69,0x4a,0x69,0x4a,0x69,0x4a,0x69,0x4a,
  0x69,0x4a,0x69,0x4a,0x69,0x4a,0x69,0x4a,0x69,0x4a,0x69,0x4a,0x69,0x4a,0x69,0x4a,
  0x49,0x4a,0x49,0x4a,0x49,0x4a,0x49,0x4a,0x49,0x4a,0x49,0x4a,0x49,0x4a,0x49,0x42,
  0x29,0x42,0x29,0x42,0x49,0x4a,0x49,0x4a,0x6a,0x4a,0x8a,0x52,0x8a,0x4a,0x69,0x4a,
  0x28,0x42,0xe7,0x39,0x86,0x31,0x25,0x21,0xe4,0x18,0xc3,0x18,0xe3,0x18,0x04,0x21,
  0x45,0x29,0x86,0x31,0xe7,0x39,0x08,0x42,0x28,0x42,0x49,0x4a,0x49,0x4a,0x69,0x4a,
  0x69,0x4a,0x69,0x4a,0x69,0x4a,0x69,0x4a,0x69,0x4a,0x69,0x4a,0x49,0x4a,0x69,0x4a,
  0x69,0x4a,0x69,0x4a,0x69,0x4a,0x69,0x4a,0x69,0x4a,0x69,0x4a,0x69,0x4a,0x69,0x4a,
  0x69,0x4a,0x69,0x4a,0x69,0x4a,0x69,0x4a,0x69,0x4a,0x69,0x4a,0x69,0x4a,0x69,0x4a,
  0x69,0x4a,0x69,0x4a,0x69,0x4a,0x69,0x4a,0x69,0x4a,0x69,0x4a,0x69,0x4a,0x69,0x4a,
  0x69,0x4a,0x69,0x4a,0x69,0x4a,0x69,0x4a,0x69,0x4a,0x69,0x4a,0x69,0x4a,0x69,0x4a,
  0x69,0x4a,0x69,0x4a,0x69,0x4a,0x69,0x4a,0x69,0x4a,0x69,0x4a,0x69,0x4a,0x69,0x4a,
  0x6a,0x4a,0x6a,0x4a,0x6a,0x4a,0x6a,0x4a,0x6a,0x4a,0x6a,0x4a,0x69,0x4a,0x69,0x4a,
  0x69,0x4a,0x69,0x4a,0x69,0x4a,0x69,0x4a,0x69,0x4a,0x69,0x4a,0x69,0x4a,0x69,0x4a,
  0x69,0x4a,0x69,0x4a,0x69,0x4a,0x69,0x4a,0x69,0x4a,0x69,0x4a,0x69,0x4a,0x69,0x4a,
  0x69,0x4a,0x69,0x4a,0x69,0x4a,0x6a,0x4a,0x6a,0x4a,0x69,0x4a,0x69,0x4a,0x69,0x4a,
  0x69,0x4a,0x69,0x4a,0x69,0x4a,0x69,0x4a,0x69,0x4a,0x69,0x4a,0x69,0x4a,0x69,0x4a,
  0x69,0x4a,0x69,0x4a,0x69,0x4a,0x69,0x4a,0x69,0x4a,0x69,0x4a,0x69,0x4a,0x69,0x4a,
  0x69,0x4a,0x69,0x4a,0x69,0x4a,0x69,0x4a,0x69,0x4a,0x69,0x4a,0x69,0x4a,0x69,0x4a,
  0x69,0x4a,0x69,0x4a,0x69,0x4a,0x69,0x4a,0x69,0x4a,0x69,0x4a,0x69,0x4a,0x69,0x4a,
  0x69,0x4a,0x69,0x4a,0x69,0x4a,0x69,0x4a,0x69,0x4a,0x69,0x4a,0x69,0x4a,0x69,0x4a,
  0x69,0x4a,0x69,0x4a,0x69,0x4a,0x69,0x4a,0x69,0x4a,0x69,0x4a,0x69,0x4a,0x69,0x4a,
  0x69,0x4a,0x69,0x4a,0x69,0x4a,0x69,0x4a,0x69,0x4a,0x69,0x4a,0x69,0x4a,0x69,0x4a,
  0x69,0x4a,0x69,0x4a,0x69,0x4a,0x69,0x4a,0x69,0x4a,0x69,0x4a,0x69,0x4a,0x69,0x4a,
  0x69,0x4a,0x69,0x4a,0x69,0x4a,0x69,0x4a,0x69,0x4a,0x69,0x4a,0x69,0x4a,0x69,0x4a,
  0x69,0x4a,0x69,0x4a,0x69,0x4a,0x69,0x4a,0x69,0x4a,0x69,0x4a,0x69,0x4a,0x69,0x4a,
  0x69,0x4a,0x69,0x4a,0x69,0x4a,0x69,0x4a,0x69,0x4a,0x69,0x4a,0x69,0x4a,0x69,0x4a,
  0x49,0x4a,0x49,0x4a,0x49,0x4a,0x49,0x4a,0x49,0x4a,0x49,0x4a,0x49,0x4a,0x49,0x4a,
  0x69,0x4a,0x49,0x4a,0x49,0x4a,0x49,0x4a,0x49,0x42,0x29,0x42,0x29,0x42,0x49,0x4a,
  0x49,0x4a,0x69,0x4a,0x8a,0x52,0x8a,0x52,0x6a,0x4a,0x49,0x4a,0x08,0x42,0xa7,0x31,
  0x65,0x29,0x04,0x21,0xe3,0x18,0xe3,0x18,0x04,0x19,0x45,0x21,0x86,0x31,0xc7,0x39,
  0x08,0x42,0x28,0x42,0x49,0x4a,0x49,0x4a,0x49,0x4a,0x69,0x4a,0x69,0x4a,0x69,0x4a,
  0x69,0x4a,0x69,0x4a,0x69,0x4a,0x69,0x4a,0x69,0x4a,0x69,0x4a,0x69,0x4a,0x69,0x4a,
  0x69,0x4a,0x69,0x4a,0x69,0x4a,0x69,0x4a,0x69,0x4a,0x69,0x4a,0x69,0x4a,0x69,0x4a,
  0x69,0x4a,0x69,0x4a,0x69,0x4a,0x69,0x4a,0x69,0x4a,0x69,0x4a,0x69,0x4a,0x69,0x4a,
  0x69,0x4a,0x69,0x4a,0x69,0x4a,0x69,0x4a,0x69,0x4a,0x69,0x4a,0x69,0x4a,0x69,0x4a,
  0x69,0x4a,0x69,0x4a,0x69,0x4a,0x69,0x4a,0x69,0x4a,0x69,0x4a,0x69,0x4a,0x69,0x4a,
  0x69,0x4a,0x69,0x4a,0x69,0x4a,0x69,0x4a,0x69,0x4a,0x69,0x4a,0x69,0x4a,0x69,0x4a,
  0x69,0x4a,0x69,0x4a,0x69,0x4a,0x69,0x4a,0x69,0x4a,0x69,0x4a,0x69,0x4a,0x69,0x4a,
  0x69,0x4a,0x69,0x4a,0x69,0x4a,0x69,0x4a,0x69,0x4a,0x69,0x4a,0x69,0x4a,0x69,0x4a,
  0x69,0x4a,0x69,0x4a,0x69,0x4a,0x69,0x4a,0x69,0x4a,0x69,0x4a,0x69,0x4a,0x69,0x4a,
  0x69,0x4a,0x69,0x4a,0x69,0x4a,0x69,0x4a,0x69,0x4a,0x69,0x4a,0x69,0x4a,0x69,0x4a,
  0x69,0x4a,0x69,0x4a,0x69,0x4a,0x69,0x4a,0x69,0x4a,0x69,0x4a,0x69,0x4a,0x69,0x4a,
  0x69,0x4a,0x69,0x4a,0x69,0x4a,0x69,0x4a,0x69,0x4a,0x69,0x4a,0x69,0x4a,0x69,0x4a,
  0x69,0x4a,0x69,0x4a,0x69,0x4a,0x69,0x4a,0x69,0x4a,0x69,0x4a,0x69,0x4a,0x69,0x4a,
  0x69,0x4a,0x69,0x4a,0x69,0x4a,0x69,0x4a,0x69,0x4a,0x69,0x4a,0x69,0x4a,0x69,0x4a,
  0x69,0x4a,0x69,0x4a,0x69,0x4a,0x69,0x4a,0x69,0x4a,0x69,0x4a,0x69,0x4a,0x69,0x4a,
  0x69,0x4a,0x69,0x4a,0x69,0x4a,0x69,0x4a,0x69,0x4a,0x69,0x4a,0x69,0x4a,0x69,0x4a,
  0x69,0x4a,0x69,0x4a,0x69,0x4a,0x69,0x4a,0x69,0x4a,0x69,0x4a,0x69,0x4a,0x69,0x4a,
  0x69,0x4a,0x69,0x4a,0x69,0x4a,0x69,0x4a,0x69,0x4a,0x69,0x4a,0x69,0x4a,0x69,0x4a,
  0x69,0x4a,0x69,0x4a,0x69,0x4a,0x69,0x4a,0x69,0x4a,0x69,0x4a,0x69,0x4a,0x69,0x4a,
  0x69,0x4a,0x69,0x4a,0x69,0x4a,0x69,0x4a,0x69,0x4a,0x69,0x4a,0x69,0x4a,0x69,0x4a,
  0x49,0x4a,0x49,0x4a,0x49,0x4a,0x49,0x4a,0x49,0x4a,0x49,0x4a,0x49,0x4a,0x49,0x4a,
  0x49,0x4a,0x49,0x4a,0x49,0x4a,0x69,0x4a,0x69,0x4a,0x49,0x4a,0x49,0x4a,0x49,0x4a,
  0x49,0x4a,0x49,0x4a,0x29,0x42,0x29,0x42,0x49,0x42,0x49,0x4a,0x69,0x4a,0x69,0x4a,
  0x8a,0x4a,0x6a,0x4a,0x49,0x4a,0x28,0x42,0xc7,0x39,0x86,0x29,0x24,0x21,0x04,0x19,
  0xe3,0x18,0xe4,0x18,0x24,0x21,0x45,0x29,0x86,0x31,0xe7,0x39,0x08,0x42,0x29,0x42,
  0x49,0x4a,0x49,0x4a,0x69,0x4a,0x69,0x4a,0x69,0x4a,0x69,0x4a,0x69,0x4a,0x69,0x4a,
  0x69,0x4a,0x69,0x4a,0x69,0x4a,0x69,0x4a,0x69,0x4a,0x69,0x4a,0x69,0x4a,0x69,0x4a,
  0x69,0x4a,0x69,0x4a,0x69,0x4a,0x69,0x4a,0x69,0x4a,0x69,0x4a,0x69,0x4a,0x69,0x4a,
  0x69,0x4a,0x69,0x4a,0x69,0x4a,0x69,0x4a,0x69,0x4a,0x69,0x4a,0x69,0x4a,0x69,0x4a,
  0x69,0x4a,0x69,0x4a,0x69,0x4a,0x69,0x4a,0x69,0x4a,0x69,0x4a,0x69,0x4a,0x69,0x4a,
  0x69,0x4a,0x69,0x4a,0x69,0x4a,0x69,0x4a,0x69,0x4a,0x69,0x4a,0x69,0x4a,0x69,0x4a,
  0x69,0x4a,0x69,0x4a,0x69,0x4a,0x69,0x4a,0x69,0x4a,0x69,0x4a,0x69,0x4a,0x69,0x4a,
  0x69,0x4a,0x69,0x4a,0x69,0x4a,0x69,0x4a,0x69,0x4a,0x69,0x4a,0x69,0x4a,0x69,0x4a,
  0x69,0x4a,0x69,0x4a,0x69,0x4a,0x69,0x4a,0x69,0x4a,0x69,0x4a,0x69,0x4a,0x69,0x4a,
  0x69,0x4a,0x69,0x4a,0x69,0x4a,0x69,0x4a,0x69,0x4a,0x69,0x4a,0x69,0x4a,0x69,0x4a,
  0x69,0x4a,0x69,0x4a,0x69,0x4a,0x69,0x4a,0x69,0x4a,0x69,0x4a,0x69,0x4a,0x69,0x4a,
  0x69,0x4a,0x69,0x4a,0x69,0x4a,0x69,0x4a,0x69,0x4a,0x69,0x4a,0x69,0x4a,0x69,0x4a,
  0x69,0x4a,0x69,0x4a,0x69,0x4a,0x69,0x4a,0x69,0x4a,0x69,0x4a,0x69,0x4a,0x69,0x4a,
  0x69,0x4a,0x69,0x4a,0x69,0x4a,0x69,0x4a,0x69,0x4a,0x69,0x4a,0x69,0x4a,0x69,0x4a,
  0x69,0x4a,0x69,0x4a,0x69,0x4a,0x69,0x4a,0x69,0x4a,0x69,0x4a,0x69,0x4a,0x69,0x4a,
  0x69,0x4a,0x69,0x4a,0x69,0x4a,0x69,0x4a,0x69,0x4a,0x69,0x4a,0x69,0x4a,0x69,0x4a,
  0x69,0x4a,0x69,0x4a,0x69,0x4a,0x69,0x4a,0x69,0x4a,0x69,0x4a,0x69,0x4a,0x69,0x4a,
  0x69,0x4a,0x69,0x4a,0x69,0x4a,0x69,0x4a,0x69,0x4a,0x69,0x4a,0x69,0x4a,0x69,0x4a,
  0x69,0x4a,0x69,0x4a,0x69,0x4a,0x69,0x4a,0x69,0x4a,0x69,0x4a,0x69,0x4a,0x69,0x4a,
  0x69,0x4a,0x69,0x4a,0x69,0x4a,0x69,0x4a,0x69,0x4a,0x69,0x4a,0x69,0x4a,0x69,0x4a,
  0x49,0x4a,0x49,0x4a,0x49,0x4a,0x49,0x4a,0x49,0x4a,0x49,0x4a,0x49,0x4a,0x49,0x4a,
  0x49,0x4a,0x49,0x4a,0x49,0x4a,0x49,0x4a,0x49,0x4a,0x49,0x4a,0x49,0x4a,0x49,0x4a,
  0x49,0x4a,0x69,0x4a,0x69,0x4a,0x69,0x4a,0x49,0x4a,0x49,0x4a,0x49,0x4a,0x29,0x42,
  0x29,0x42,0x29,0x42,0x49,0x42,0x49,0x4a,0x69,0x4a,0x6a,0x4a,0x8a,0x4a,0x69,0x4a,
  0x29,0x42,0xe8,0x39,0xa6,0x31,0x45,0x29,0x04,0x21,0xe3,0x18,0xe3,0x18,0x04,0x21,
  0x45,0x29,0x86,0x31,0xc7,0x39,0x08,0x42,0x28,0x42,0x49,0x4a,0x49,0x4a,0x69,0x4a,
  0x69,0x4a,0x69,0x4a,0x69,0x4a,0x69,0x4a,0x69,0x4a,0x69,0x4a,0x69,0x4a,0x69,0x4a,
  0x69,0x4a,0x69,0x4a,0x69,0x4a,0x69,0x4a,0x69,0x4a,0x69,0x4a,0x69,0x4a,0x69,0x4a,
  0x69,0x4a,0x69,0x4a,0x69,0x4a,0x69,0x4a,0x69,0x4a,0x69,0x4a,0x69,0x4a,0x69,0x4a,
  0x69,0x4a,0x69,0x4a,0x69,0x4a,0x69,0x4a,0x69,0x4a,0x69,0x4a,0x69,0x4a,0x69,0x4a,
  0x69,0x4a,0x69,0x4a,0x69,0x4a,0x69,0x4a,0x69,0x4a,0x69,0x4a,0x69,0x4a,0x69,0x4a,
  0x69,0x4a,0x69,0x4a,0x69,0x4a,0x69,0x4a,0x69,0x4a,0x69,0x4a,0x69,0x4a,0x69,0x4a,
  0x69,0x4a,0x69,0x4a,0x69,0x4a,0x69,0x4a,0x69,0x4a,0x69,0x4a,0x69,0x4a,0x69,0x4a,
  0x69,0x4a,0x69,0x4a,0x69,0x4a,0x69,0x4a,0x69,0x4a,0x69,0x4a,0x69,0x4a,0x69,0x4a,
  0x69,0x4a,0x69,0x4a,0x69,0x4a,0x69,0x4a,0x69,0x4a,0x69,0x4a,0x69,0x4a,0x69,0x4a,
  0x69,0x4a,0x69,0x4a,0x69,0x4a,0x69,0x4a,0x69,0x4a,0x69,0x4a,0x69,0x4a,0x69,0x4a,
  0x69,0x4a,0x69,0x4a,0x69,0x4a,0x69,0x4a,0x69,0x4a,0x69,0x4a,0x69,0x4a,0x69,0x4a,
  0x69,0x4a,0x69,0x4a,0x69,0x4a,0x69,0x4a,0x69,0x4a,0x69,0x4a,0x69,0x4a,0x69,0x4a,
  0x69,0x4a,0x69,0x4a,0x69,0x4a,0x69,0x4a,0x69,0x4a,0x69,0x4a,0x69,0x4a,0x69,0x4a,
  0x69,0x4a,0x69,0x4a,0x69,0x4a,0x69,0x4a,0x69,0x4a,0x69,0x4a,0x69,0x4a,0x69,0x4a,
  0x69,0x4a,0x69,0x4a,0x69,0x4a,0x69,0x4a,0x69,0x4a,0x69,0x4a,0x69,0x4a,0x69,0x4a,
  0x69,0x4a,0x69,0x4a,0x69,0x4a,0x69,0x4a,0x69,0x4a,0x69,0x4a,0x69,0x4a,0x69,0x4a,
  0x69,0x4a,0x69,0x4a,0x69,0x4a,0x69,0x4a,0x69,0x4a,0x69,0x4a,0x69,0x4a,0x69,0x4a,
  0x69,0x4a,0x69,0x4a,0x69,0x4a,0x69,0x4a,0x69,0x4a,0x69,0x4a,0x69,0x4a,0x69,0x4a,
  0x69,0x4a,0x69,0x4a,0x69,0x4a,0x69,0x4a,0x69,0x4a,0x69,0x4a,0x69,0x4a,0x69,0x4a,
  0x49,0x4a,0x49,0x4a,0x49,0x4a,0x49,0x4a,0x49,0x4a,0x49,0x4a,0x49,0x4a,0x49,0x4a,
  0x49,0x4a,0x49,0x4a,0x49,0x4a,0x49,0x4a,0x69,0x4a,0x69,0x4a,0x69,0x4a,0x69,0x4a,
  0x49,0x4a,0x49,0x4a,0x49,0x4a,0x49,0x4a,0x49,0x4a,0x49,0x4a,0x69,0x4a,0x69,0x4a,
  0x69,0x4a,0x69,0x4a,0x49,0x4a,0x49,0x4a,0x49,0x4a,0x49,0x42,0x29,0x42,0x29,0x42,
  0x49,0x4a,0x69,0x4a,0x6a,0x4a,0x8a,0x4a,0x6a,0x4a,0x49,0x4a,0x08,0x42,0xc7,0x39,
  0x65,0x29,0x24,0x21,0x04,0x21,0xe3,0x18,0x04,0x21,0x24,0x21,0x86,0x29,0xc7,0x31,
  0x08,0x3a,0x28,0x42,0x49,0x4a,0x49,0x4a,0x69,0x4a,0x69,0x4a,0x69,0x4a,0x69,0x4a,
  0x69,0x4a,0x69,0x4a,0x69,0x4a,0x69,0x4a,0x69,0x4a,0x69,0x4a,0x69,0x4a,0x69,0x4a,
  0x69,0x4a,0x69,0x4a,0x69,0x4a,0x69,0x4a,0x69,0x4a,0x69,0x4a,0x69,0x4a,0x69,0x4a,
  0x69,0x4a,0x69,0x4a,0x69,0x4a,0x69,0x4a,0x69,0x4a,0x69,0x4a,0x69,0x4a,0x69,0x4a,
  0x69,0x4a,0x69,0x4a,0x69,0x4a,0x69,0x4a,0x69,0x4a,0x69,0x4a,0x69,0x4a,0x69,0x4a,
  0x69,0x4a,0x69,0x4a,0x69,0x4a,0x69,0x4a,0x69,0x4a,0x69,0x4a,0x69,0x4a,0x69,0x4a,
  0x69,0x4a,0x69,0x4a,0x69,0x4a,0x69,0x4a,0x69,0x4a,0x69,0x4a,0x69,0x4a,0x69,0x4a,
  0x69,0x4a,0x69,0x4a,0x69,0x4a,0x69,0x4a,0x69,0x4a,0x69,0x4a,0x69,0x4a,0x69,0x4a,
  0x69,0x4a,0x69,0x4a,0x69,0x4a,0x69,0x4a,0x69,0x4a,0x69,0x4a,0x69,0x4a,0x69,0x4a,
  0x69,0x4a,0x69,0x4a,0x69,0x4a,0x69,0x4a,0x69,0x4a,0x69,0x4a,0x69,0x4a,0x69,0x4a,
  0x6a,0x4a,0x69,0x4a,0x69,0x4a,0x69,0x4a,0x69,0x4a,0x69,0x4a,0x69,0x4a,0x69,0x4a,
  0x69,0x4a,0x69,0x4a,0x69,0x4a,0x69,0x4a,0x69,0x4a,0x69,0x4a,0x69,0x4a,0x69,0x4a,
  0x69,0x4a,0x69,0x4a,0x69,0x4a,0x69,0x4a,0x69,0x4a,0x69,0x4a,0x69,0x4a,0x69,0x4a,
  0x69,0x4a,0x69,0x4a,0x69,0x4a,0x69,0x4a,0x69,0x4a,0x69,0x4a,0x69,0x4a,0x69,0x4a,
  0x69,0x4a,0x69,0x4a,0x69,0x4a,0x69,0x4a,0x69,0x4a,0x69,0x4a,0x69,0x4a,0x69,0x4a,
  0x69,0x4a,0x69,0x4a,0x69,0x4a,0x69,0x4a,0x69,0x4a,0x69,0x4a,0x69,0x4a,0x69,0x4a,
  0x69,0x4a,0x69,0x4a,0x69,0x4a,0x69,0x4a,0x69,0x4a,0x69,0x4a,0x69,0x4a,0x69,0x4a,
  0x69,0x4a,0x69,0x4a,0x69,0x4a,0x69,0x4a,0x69,0x4a,0x69,0x4a,0x69,0x4a,0x69,0x4a,
  0x69,0x4a,0x69,0x4a,0x69,0x4a,0x69,0x4a,0x69,0x4a,0x69,0x4a,0x69,0x4a,0x69,0x4a,
  0x49,0x4a,0x49,0x4a,0x49,0x4a,0x49,0x4a,0x49,0x4a,0x49,0x4a,0x49,0x4a,0x49,0x4a,
  0x49,0x4a,0x49,0x4a,0x49,0x4a,0x49,0x4a,0x49,0x4a,0x69,0x4a,0x69,0x4a,0x49,0x4a,
  0x49,0x4a,0x49,0x4a,0x49,0x4a,0x49,0x4a,0x49,0x4a,0x49,0x4a,0x49,0x4a,0x49,0x4a,
  0x49,0x4a,0x49,0x4a,0x49,0x4a,0x49,0x4a,0x49,0x4a,0x69,0x4a,0x69,0x4a,0x49,0x4a,
  0x49,0x4a,0x49,0x4a,0x49,0x42,0x29,0x42,0x29,0x42,0x29,0x42,0x49,0x4a,0x69,0x4a,
  0x69,0x4a,0x8a,0x4a,0x69,0x4a,0x29,0x42,0xe7,0x39,0x86,0x31,0x45,0x21,0x04,0x21,
  0xe3,0x18,0x04,0x19,0x24,0x21,0x65,0x29,0xa7,0x31,0x08,0x3a,0x28,0x42,0x49,0x4a,
  0x49,0x4a,0x69,0x4a,0x69,0x4a,0x69,0x4a,0x69,0x4a,0x69,0x4a,0x69,0x4a,0x69,0x4a,
  0x69,0x4a,0x69,0x4a,0x69,0x4a,0x69,0x4a,0x69,0x4a,0x69,0x4a,0x69,0x4a,0x69,0x4a,
  0x69,0x4a,0x69,0x4a,0x69,0x4a,0x69,0x4a,0x69,0x4a,0x69,0x4a,0x69,0x4a,0x69,0x4a,
  0x69,0x4a,0x69,0x4a,0x69,0x4a,0x69,0x4a,0x69,0x4a,0x69,0x4a,0x69,0x4a,0x69,0x4a,
  0x69,0x4a,0x69,0x4a,0x69,0x4a,0x69,0x4a,0x69,0x4a,0x69,0x4a,0x69,0x4a,0x69,0x4a,
  0x69,0x4a,0x69,0x4a,0x69,0x4a,0x69,0x4a,0x69,0x4a,0x69,0x4a,0x69,0x4a,0x69,0x4a,
  0x69,0x4a,0x69,0x4a,0x69,0x4a,0x69,0x4a,0x69,0x4a,0x69,0x4a,0x69,0x4a,0x69,0x4a,
  0x69,0x4a,0x69,0x4a,0x69,0x4a,0x69,0x4a,0x69,0x4a,0x69,0x4a,0x69,0x4a,0x69,0x4a,
  0x69,0x4a,0x69,0x4a,0x69,0x4a,0x69,0x4a,0x69,0x4a,0x69,0x4a,0x69,0x4a,0x69,0x4a,
  0x69,0x4a,0x69,0x4a,0x69,0x4a,0x69,0x4a,0x69,0x4a,0x69,0x4a,0x69,0x4a,0x69,0x4a,
  0x69,0x4a,0x69,0x4a,0x69,0x4a,0x69,0x4a,0x69,0x4a,0x69,0x4a,0x69,0x4a,0x69,0x4a,
  0x69,0x4a,0x69,0x4a,0x69,0x4a,0x69,0x4a,0x69,0x4a,0x69,0x4a,0x69,0x4a,0x69,0x4a,
  0x69,0x4a,0x69,0x4a,0x69,0x4a,0x69,0x4a,0x69,0x4a,0x69,0x4a,0x69,0x4a,0x69,0x4a,
  0x69,0x4a,0x69,0x4a,0x69,0x4a,0x69,0x4a,0x69,0x4a,0x69,0x4a,0x69,0x4a,0x69,0x4a,
  0x69,0x4a,0x69,0x4a,0x69,0x4a,0x69,0x4a,0x69,0x4a,0x69,0x4a,0x69,0x4a,0x69,0x4a,
  0x69,0x4a,0x69,0x4a,0x69,0x4a,0x69,0x4a,0x69,0x4a,0x69,0x4a,0x69,0x4a,0x69,0x4a,
  0x69,0x4a,0x69,0x4a,0x69,0x4a,0x69,0x4a,0x69,0x4a,0x69,0x4a,0x69,0x4a,0x69,0x4a,
  0x69,0x4a,0x69,0x4a,0x69,0x4a,0x69,0x4a,0x69,0x4a,0x69,0x4a,0x69,0x4a,0x69,0x4a,
  0x49,0x4a,0x49,0x4a,0x49,0x4a,0x49,0x4a,0x49,0x42,0x49,0x4a,0x49,0x4a,0x49,0x4a,
  0x49,0x4a,0x49,0x4a,0x49,0x4a,0x49,0x4a,0x49,0x4a,0x49,0x4a,0x49,0x4a,0x49,0x4a,
  0x49,0x4a,0x49,0x4a,0x49,0x4a,0x49,0x4a,0x49,0x4a,0x49,0x4a,0x49,0x4a,0x49,0x4a,
  0x49,0x4a,0x49,0x4a,0x49,0x4a,0x49,0x4a,0x49,0x4a,0x49,0x4a,0x49,0x4a,0x69,0x4a,
  0x69,0x4a,0x69,0x4a,0x69,0x4a,0x69,0x4a,0x69,0x4a,0x49,0x4a,0x49,0x4a,0x29,0x42,
  0x29,0x42,0x28,0x42,0x29,0x42,0x49,0x42,0x69,0x4a,0x8a,0x4a,0x8a,0x4a,0x69,0x4a,
  0x49,0x4a,0x08,0x42,0xa7,0x31,0x45,0x29,0x24,0x21,0x04,0x19,0x04,0x21,0x24,0x21,
  0x65,0x29,0xa7,0x31,0xe8,0x39,0x28,0x42,0x49,0x4a,0x49,0x4a,0x49,0x4a,0x49,0x4a,
  0x69,0x4a,0x69,0x4a,0x69,0x4a,0x69,0x4a,0x69,0x4a,0x69,0x4a,0x69,0x4a,0x69,0x4a,
  0x69,0x4a,0x69,0x4a,0x69,0x4a,0x69,0x4a,0x69,0x4a,0x69,0x4a,0x69,0x4a,0x69,0x4a,
  0x69,0x4a,0x69,0x4a,0x69,0x4a,0x69,0x4a,0x69,0x4a,0x69,0x4a,0x69,0x4a,0x69,0x4a,
  0x69,0x4a,0x69,0x4a,0x69,0x4a,0x69,0x4a,0x69,0x4a,0x69,0x4a,0x69,0x4a,0x69,0x4a,
  0x69,0x4a,0x69,0x4a,0x69,0x4a,0x69,0x4a,0x69,0x4a,0x69,0x4a,0x69,0x4a,0x69,0x4a,
  0x69,0x4a,0x69,0x4a,0x69,0x4a,0x69,0x4a,0x69,0x4a,0x69,0x4a,0x69,0x4a,0x69,0x4a,
  0x69,0x4a,0x69,0x4a,0x69,0x4a,0x69,0x4a,0x69,0x4a,0x69,0x4a,0x69,0x4a,0x69,0x4a,
  0x69,0x4a,0x69,0x4a,0x69,0x4a,0x69,0x4a,0x69,0x4a,0x69,0x4a,0x69,0x4a,0x69,0x4a,
  0x69,0x4a,0x69,0x4a,0x69,0x4a,0x69,0x4a,0x69,0x4a,0x69,0x4a,0x69,0x4a,0x69,0x4a,
  0x6a,0x4a,0x6a,0x4a,0x6a,0x4a,0x69,0x4a,0x69,0x4a,0x69,0x4a,0x69,0x4a,0x69,0x4a,
  0x69,0x4a,0x69,0x4a,0x69,0x4a,0x69,0x4a,0x69,0x4a,0x69,0x4a,0x69,0x4a,0x69,0x4a,
  0x69,0x4a,0x69,0x4a,0x69,0x4a,0x69,0x4a,0x69,0x4a,0x69,0x4a,0x69,0x4a,0x69,0x4a,
  0x69,0x4a,0x69,0x4a,0x69,0x4a,0x69,0x4a,0x69,0x4a,0x69,0x4a,0x69,0x4a,0x69,0x4a,
  0x69,0x4a,0x69,0x4a,0x69,0x4a,0x69,0x4a,0x69,0x4a,0x69,0x4a,0x69,0x4a,0x69,0x4a,
  0x69,0x4a,0x69,0x4a,0x69,0x4a,0x69,0x4a,0x69,0x4a,0x69,0x4a,0x69,0x4a,0x69,0x4a,
  0x69,0x4a,0x69,0x4a,0x69,0x4a,0x69,0x4a,0x69,0x4a,0x69,0x4a,0x69,0x4a,0x69,0x4a,
  0x69,0x4a,0x69,0x4a,0x69,0x4a,0x69,0x4a,0x69,0x4a,0x69,0x4a,0x69,0x4a,0x69,0x4a,
  0xaa,0x52,0xaa,0x52,0x8a,0x52,0x8a,0x4a,0x6a,0x4a,0x69,0x4a,0x49,0x4a,0x49,0x4a,
  0x49,0x4a,0x49,0x4a,0x49,0x4a,0x49,0x4a,0x49,0x4a,0x49,0x4a,0x49,0x4a,0x49,0x4a,
  0x49,0x4a,0x49,0x4a,0x49,0x4a,0x49,0x4a,0x49,0x4a,0x49,0x4a,0x49,0x4a,0x49,0x4a,
  0x49,0x4a,0x49,0x4a,0x49,0x4a,0x49,0x4a,0x49,0x4a,0x49,0x4a,0x49,0x4a,0x49,0x4a,
  0x49,0x4a,0x49,0x4a,0x49,0x4a,0x49,0x4a,0x49,0x4a,0x69,0x4a,0x69,0x4a,0x69,0x4a,
  0x69,0x4a,0x69,0x4a,0x49,0x4a,0x49,0x4a,0x49,0x42,0x29,0x42,0x29,0x42,0x29,0x42,
  0x49,0x42,0x69,0x4a,0x69,0x4a,0x8a,0x4a,0x6a,0x4a,0x49,0x4a,0x08,0x42,0xa7,0x31,
  0x65,0x29,0x04,0x21,0x04,0x21,0x04,0x21,0x25,0x21,0x65,0x29,0xa6,0x31,0xe7,0x39,
  0x08,0x42,0x28,0x42,0x49,0x4a,0x49,0x4a,0x49,0x4a,0x69,0x4a,0x69,0x4a,0x69,0x4a,
  0x69,0x4a,0x69,0x4a,0x69,0x4a,0x69,0x4a,0x69,0x4a,0x69,0x4a,0x69,0x4a,0x69,0x4a,
  0x69,0x4a,0x69,0x4a,0x69,0x4a,0x69,0x4a,0x69,0x4a,0x69,0x4a,0x69,0x4a,0x69,0x4a,
  0x69,0x4a,0x69,0x4a,0x69,0x4a,0x69,0x4a,0x69,0x4a,0x69,0x4a,0x69,0x4a,0x69,0x4a,
  0x69,0x4a,0x69,0x4a,0x69,0x4a,0x69,0x4a,0x69,0x4a,0x69,0x4a,0x69,0x4a,0x69,0x4a,
  0x69,0x4a,0x69,0x4a,0x69,0x4a,0x69,0x4a,0x69,0x4a,0x69,0x4a,0x69,0x4a,0x69,0x4a,
  0x69,0x4a,0x69,0x4a,0x69,0x4a,0x69,0x4a,0x69,0x4a,0x69,0x4a,0x69,0x4a,0x69,0x4a,
  0x69,0x4a,0x69,0x4a,0x69,0x4a,0x69,0x4a,0x69,0x4a,0x69,0x4a,0x69,0x4a,0x69,0x4a,
  0x69,0x4a,0x69,0x4a,0x69,0x4a,0x69,0x4a,0x69,0x4a,0x69,0x4a,0x69,0x4a,0x69,0x4a,
  0x69,0x4a,0x69,0x4a,0x69,0x4a,0x69,0x4a,0x69,0x4a,0x69,0x4a,0x69,0x4a,0x69,0x4a,
  0x69,0x4a,0x69,0x4a,0x69,0x4a,0x69,0x4a,0x69,0x4a,0x69,0x4a,0x69,0x4a,0x69,0x4a,
  0x69,0x4a,0x69,0x4a,0x69,0x4a,0x69,0x4a,0x69,0x4a,0x69,0x4a,0x69,0x4a,0x69,0x4a,
  0x69,0x4a,0x69,0x4a,0x69,0x4a,0x69,0x4a,0x69,0x4a,0x69,0x4a,0x69,0x4a,0x69,0x4a,
  0x69,0x4a,0x69,0x4a,0x69,0x4a,0x69,0x4a,0x69,0x4a,0x69,0x4a,0x69,0x4a,0x69,0x4a,
  0x69,0x4a,0x69,0x4a,0x69,0x4a,0x69,0x4a,0x69,0x4a,0x69,0x4a,0x69,0x4a,0x69,0x4a,
  0x69,0x4a,0x69,0x4a,0x69,0x4a,0x69,0x4a,0x69,0x4a,0x69,0x4a,0x69,0x4a,0x69,0x4a,
  0x69,0x4a,0x69,0x4a,0x69,0x4a,0x69,0x4a,0x69,0x4a,0x69,0x4a,0x69,0x4a,0x69,0x4a,
  0xaa,0x52,0xaa,0x52,0xaa,0x52,0xaa,0x52,0xaa,0x52,0xaa,0x52,0xaa,0x52,0xaa,0x52,
  0x8a,0x52,0x8a,0x52,0x6a,0x4a,0x69,0x4a,0x49,0x4a,0x49,0x4a,0x49,0x4a,0x49,0x4a,
  0x49,0x4a,0x49,0x4a,0x49,0x4a,0x49,0x4a,0x49,0x4a,0x49,0x4a,0x49,0x4a,0x49,0x4a,
  0x49,0x4a,0x49,0x4a,0x49,0x4a,0x49,0x4a,0x49,0x4a,0x49,0x4a,0x49,0x4a,0x49,0x4a,
  0x49,0x4a,0x49,0x4a,0x49,0x4a,0x49,0x4a,0x49,0x4a,0x49,0x4a,0x49,0x4a,0x49,0x4a,
  0x49,0x4a,0x69,0x4a,0x69,0x4a,0x69,0x4a,0x69,0x4a,0x69,0x4a,0x69,0x4a,0x49,0x4a,
  0x49,0x4a,0x49,0x42,0x28,0x42,0x28,0x42,0x28,0x42,0x49,0x42,0x49,0x4a,0x69,0x4a,
  0x8a,0x4a,0x6a,0x4a,0x49,0x4a,0x08,0x42,0xc7,0x39,0x86,0x31,0x45,0x21,0x04,0x21,
  0x04,0x21,0x25,0x21,0x65,0x29,0xa7,0x31,0xe7,0x39,0x08,0x42,0x28,0x42,0x49,0x4a,
  0x49,0x4a,0x69,0x4a,0x69,0x4a,0x69,0x4a,0x69,0x4a,0x69,0x4a,0x69,0x4a,0x69,0x4a,
  0x69,0x4a,0x69,0x4a,0x69,0x4a,0x69,0x4a,0x69,0x4a,0x69,0x4a,0x69,0x4a,0x69,0x4a,
  0x69,0x4a,0x69,0x4a,0x69,0x4a,0x69,0x4a,0x69,0x4a,0x69,0x4a,0x69,0x4a,0x69,0x4a,
  0x69,0x4a,0x69,0x4a,0x69,0x4a,0x69,0x4a,0x69,0x4a,0x69,0x4a,0x69,0x4a,0x69,0x4a,
  0x69,0x4a,0x69,0x4a,0x69,0x4a,0x69,0x4a,0x69,0x4a,0x69,0x4a,0x69,0x4a,0x69,0x4a,
  0x69,0x4a,0x69,0x4a,0x69,0x4a,0x69,0x4a,0x69,0x4a,0x69,0x4a,0x69,0x4a,0x69,0x4a,
  0x69,0x4a,0x69,0x4a,0x69,0x4a,0x69,0x4a,0x69,0x4a,0x69,0x4a,0x69,0x4a,0x69,0x4a,
  0x69,0x4a,0x69,0x4a,0x69,0x4a,0x69,0x4a,0x69,0x4a,0x69,0x4a,0x69,0x4a,0x69,0x4a,
  0x69,0x4a,0x69,0x4a,0x69,0x4a,0x69,0x4a,0x69,0x4a,0x69,0x4a,0x69,0x4a,0x69,0x4a,
  0x69,0x4a,0x69,0x4a,0x69,0x4a,0x69,0x4a,0x69,0x4a,0x69,0x4a,0x69,0x4a,0x69,0x4a,
  0x69,0x4a,0x69,0x4a,0x69,0x4a,0x69,0x4a,0x69,0x4a,0x69,0x4a,0x69,0x4a,0x69,0x4a,
  0x69,0x4a,0x69,0x4a,0x69,0x4a,0x69,0x4a,0x69,0x4a,0x69,0x4a,0x69,0x4a,0x69,0x4a,
  0x69,0x4a,0x69,0x4a,0x69,0x4a,0x69,0x4a,0x69,0x4a,0x69,0x4a,0x69,0x4a,0x69,0x4a,
  0x69,0x4a,0x69,0x4a,0x69,0x4a,0x69,0x4a,0x69,0x4a,0x69,0x4a,0x69,0x4a,0x69,0x4a,
  0x69,0x4a,0x69,0x4a,0x69,0x4a,0x69,0x4a,0x69,0x4a,0x69,0x4a,0x69,0x4a,0x69,0x4a,
  0x69,0x4a,0x69,0x4a,0x69,0x4a,0x69,0x4a,0x69,0x4a,0x69,0x4a,0x69,0x4a,0x69,0x4a,
  0xaa,0x52,0xaa,0x52,0xaa,0x52,0xaa,0x52,0xaa,0x52,0xaa,0x52,0xaa,0x52,0xaa,0x52,
  0xaa,0x52,0xaa,0x52,0xaa,0x52,0xaa,0x52,0xaa,0x52,0xaa,0x52,0x8a,0x52,0x8a,0x4a,
  0x6a,0x4a,0x69,0x4a,0x49,0x4a,0x49,0x4a,0x49,0x4a,0x49,0x4a,0x49,0x4a,0x49,0x4a,
  0x49,0x4a,0x49,0x4a,0x49,0x4a,0x49,0x4a,0x49,0x4a,0x49,0x4a,0x49,0x4a,0x49,0x4a,
  0x49,0x4a,0x69,0x4a,0x69,0x4a,0x49,0x4a,0x49,0x4a,0x49,0x4a,0x49,0x4a,0x49,0x4a,
  0x49,0x4a,0x49,0x4a,0x49,0x4a,0x49,0x4a,0x49,0x4a,0x49,0x4a,0x69,0x4a,0x69,0x4a,
  0x69,0x4a,0x69,0x4a,0x69,0x4a,0x69,0x4a,0x49,0x4a,0x49,0x4a,0x49,0x4a,0x49,0x42,
  0x28,0x42,0x28,0x42,0x29,0x42,0x49,0x4a,0x69,0x4a,0x8a,0x4a,0x8a,0x4a,0x69,0x4a,
  0x29,0x42,0xe7,0x39,0xa6,0x31,0x65,0x29,0x45,0x29,0x25,0x21,0x25,0x21,0x45,0x29,
  0x86,0x31,0xc7,0x39,0x08,0x3a,0x28,0x42,0x49,0x4a,0x49,0x4a,0x69,0x4a,0x69,0x4a,
  0x69,0x4a,0x69,0x4a,0x69,0x4a,0x69,0x4a,0x69,0x4a,0x69,0x4a,0x69,0x4a,0x69,0x4a,
  0x69,0x4a,0x69,0x4a,0x69,0x4a,0x69,0x4a,0x69,0x4a,0x69,0x4a,0x69,0x4a,0x69,0x4a,
  0x69,0x4a,0x69,0x4a,0x69,0x4a,0x69,0x4a,0x69,0x4a,0x69,0x4a,0x69,0x4a,0x69,0x4a,
  0x69,0x4a,0x69,0x4a,0x69,0x4a,0x69,0x4a,0x69,0x4a,0x69,0x4a,0x69,0x4a,0x69,0x4a,
  0x69,0x4a,0x69,0x4a,0x69,0x4a,0x69,0x4a,0x69,0x4a,0x69,0x4a,0x69,0x4a,0x69,0x4a,
  0x69,0x4a,0x69,0x4a,0x69,0x4a,0x69,0x4a,0x69,0x4a,0x69,0x4a,0x69,0x4a,0x69,0x4a,
  0x69,0x4a,0x69,0x4a,0x69,0x4a,0x69,0x4a,0x69,0x4a,0x69,0x4a,0x69,0x4a,0x69,0x4a,
  0x69,0x4a,0x69,0x4a,0x69,0x4a,0x69,0x4a,0x69,0x4a,0x69,0x4a,0x69,0x4a,0x69,0x4a,
  0x69,0x4a,0x69,0x4a,0x69,0x4a,0x69,0x4a,0x69,0x4a,0x69,0x4a,0x69,0x4a,0x69,0x4a,
  0x69,0x4a,0x69,0x4a,0x69,0x4a,0x69,0x4a,0x69,0x4a,0x69,0x4a,0x69,0x4a,0x69,0x4a,
  0x69,0x4a,0x69,0x4a,0x69,0x4a,0x69,0x4a,0x69,0x4a,0x69,0x4a,0x69,0x4a,0x69,0x4a,
  0x69,0x4a,0x69,0x4a,0x69,0x4a,0x69,0x4a,0x69,0x4a,0x69,0x4a,0x69,0x4a,0x69,0x4a,
  0x69,0x4a,0x69,0x4a,0x69,0x4a,0x69,0x4a,0x69,0x4a,0x69,0x4a,0x69,0x4a,0x69,0x4a,
  0x69,0x4a,0x69,0x4a,0x69,0x4a,0x69,0x4a,0x69,0x4a,0x69,0x4a,0x69,0x4a,0x69,0x4a,
  0x69,0x4a,0x69,0x4a,0x69,0x4a,0x69,0x4a,0x69,0x4a,0x69,0x4a,0x69,0x4a,0x69,0x4a,
  0xaa,0x52,0xaa,0x52,0xaa,0x52,0xaa,0x52,0xaa,0x52,0xaa,0x52,0xaa,0x52,0xaa,0x52,
  0xaa,0x52,0xaa,0x52,0xaa,0x52,0xaa,0x52,0xaa,0x52,0xaa,0x52,0xaa,0x52,0xaa,0x52,
  0xaa,0x52,0xaa,0x52,0xaa,0x52,0x8a,0x52,0x8a,0x52,0x8a,0x4a,0x69,0x4a,0x69,0x4a,
  0x49,0x4a,0x49,0x4a,0x49,0x4a,0x49,0x4a,0x49,0x4a,0x49,0x4a,0x49,0x4a,0x49,0x4a,
  0x49,0x4a,0x49,0x4a,0x49,0x4a,0x49,0x4a,0x49,0x4a,0x49,0x4a,0x49,0x4a,0x49,0x4a,
  0x49,0x4a,0x49,0x4a,0x49,0x4a,0x49,0x4a,0x49,0x4a,0x49,0x4a,0x49,0x4a,0x49,0x4a,
  0x49,0x4a,0x49,0x4a,0x49,0x4a,0x49,0x4a,0x69,0x4a,0x69,0x4a,0x69,0x4a,0x69,0x4a,
  0x69,0x4a,0x69,0x4a,0x49,0x4a,0x49,0x4a,0x49,0x42,0x29,0x42,0x29,0x42,0x29,0x42,
  0x49,0x4a,0x69,0x4a,0x8a,0x4a,0x8a,0x4a,0x69,0x4a,0x49,0x42,0x08,0x3a,0xa7,0x31,
  0x65,0x29,0x24,0x21,0x04,0x21,0x24,0x21,0x45,0x29,0x86,0x31,0xc7,0x31,0x08,0x3a,
  0x28,0x42,0x49,0x4a,0x69,0x4a,0x69,0x4a,0x69,0x4a,0x69,0x4a,0x69,0x4a,0x69,0x4a,
  0x69,0x4a,0x69,0x4a,0x69,0x4a,0x69,0x4a,0x69,0x4a,0x69,0x4a,0x69,0x4a,0x69,0x4a,
  0x69,0x4a,0x69,0x4a,0x69,0x4a,0x69,0x4a,0x69,0x4a,0x69,0x4a,0x69,0x4a,0x69,0x4a,
  0x69,0x4a,0x69,0x4a,0x69,0x4a,0x69,0x4a,0x69,0x4a,0x69,0x4a,0x69,0x4a,0x69,0x4a,
  0x69,0x4a,0x69,0x4a,0x69,0x4a,0x69,0x4a,0x69,0x4a,0x69,0x4a,0x69,0x4a,0x69,0x4a,
  0x69,0x4a,0x69,0x4a,0x69,0x4a,0x69,0x4a,0x69,0x4a,0x69,0x4a,0x69,0x4a,0x69,0x4a,
  0x69,0x4a,0x69,0x4a,0x69,0x4a,0x69,0x4a,0x69,0x4a,0x69,0x4a,0x69,0x4a,0x69,0x4a,
  0x69,0x4a,0x69,0x4a,0x69,0x4a,0x69,0x4a,0x69,0x4a,0x69,0x4a,0x69,0x4a,0x69,0x4a,
  0x69,0x4a,0x69,0x4a,0x69,0x4a,0x69,0x4a,0x69,0x4a,0x69,0x4a,0x69,0x4a,0x69,0x4a,
  0x69,0x4a,0x69,0x4a,0x69,0x4a,0x69,0x4a,0x69,0x4a,0x69,0x4a,0x69,0x4a,0x69,0x4a,
  0x69,0x4a,0x69,0x4a,0x69,0x4a,0x69,0x4a,0x69,0x4a,0x69,0x4a,0x69,0x4a,0x69,0x4a,
  0x69,0x4a,0x69,0x4a,0x69,0x4a,0x69,0x4a,0x69,0x4a,0x69,0x4a,0x69,0x4a,0x69,0x4a,
  0x69,0x4a,0x69,0x4a,0x69,0x4a,0x69,0x4a,0x69,0x4a,0x69,0x4a,0x69,0x4a,0x69,0x4a,
  0x69,0x4a,0x69,0x4a,0x69,0x4a,0x69,0x4a,0x69,0x4a,0x69,0x4a,0x69,0x4a,0x69,0x4a,
  0x69,0x4a,0x69,0x4a,0x69,0x4a,0x69,0x4a,0x69,0x4a,0x69,0x4a,0x69,0x4a,0x6a,0x4a,
  0xaa,0x52,0xaa,0x52,0xaa,0x52,0xaa,0x52,0xaa,0x52,0xaa,0x52,0xaa,0x52,0xaa,0x52,
  0xaa,0x52,0xaa,0x52,0xaa,0x52,0xaa,0x52,0xaa,0x52,0xaa,0x52,0xaa,0x52,0xaa,0x52,
  0xaa,0x52,0xaa,0x52,0xaa,0x52,0xaa,0x52,0xaa,0x52,0xaa,0x52,0xaa,0x52,0xaa,0x52,
  0xaa,0x52,0x8a,0x52,0x8a,0x52,0x6a,0x4a,0x69,0x4a,0x69,0x4a,0x49,0x4a,0x49,0x4a,
  0x49,0x4a,0x49,0x4a,0x49,0x4a,0x49,0x4a,0x49,0x4a,0x49,0x4a,0x49,0x4a,0x49,0x4a,
  0x49,0x4a,0x49,0x4a,0x49,0x4a,0x49,0x4a,0x49,0x4a,0x49,0x4a,0x49,0x4a,0x49,0x4a,
  0x49,0x4a,0x49,0x4a,0x49,0x4a,0x49,0x4a,0x49,0x4a,0x49,0x4a,0x49,0x4a,0x49,0x4a,
  0x49,0x4a,0x69,0x4a,0x69,0x4a,0x69,0x4a,0x69,0x4a,0x69,0x4a,0x49,0x4a,0x49,0x4a,
  0x49,0x4a,0x49,0x42,0x28,0x42,0x28,0x42,0x29,0x42,0x49,0x42,0x49,0x4a,0x69,0x4a,
  0x8a,0x4a,0x69,0x4a,0x49,0x4a,0x08,0x42,0xc7,0x39,0x86,0x29,0x45,0x29,0x24,0x21,
  0x24,0x21,0x45,0x21,0x86,0x29,0xa7,0x31,0xe8,0x39,0x28,0x42,0x49,0x4a,0x69,0x4a,
  0x69,0x4a,0x69,0x4a,0x69,0x4a,0x69,0x4a,0x69,0x4a,0x69,0x4a,0x69,0x4a,0x69,0x4a,
  0x69,0x4a,0x69,0x4a,0x69,0x4a,0x69,0x4a,0x69,0x4a,0x69,0x4a,0x69,0x4a,0x69,0x4a,
  0x69,0x4a,0x69,0x4a,0x69,0x4a,0x69,0x4a,0x69,0x4a,0x69,0x4a,0x69,0x4a,0x69,0x4a,
  0x69,0x4a,0x69,0x4a,0x69,0x4a,0x69,0x4a,0x69,0x4a,0x69,0x4a,0x69,0x4a,0x69,0x4a,
  0x69,0x4a,0x69,0x4a,0x69,0x4a,0x69,0x4a,0x69,0x4a,0x69,0x4a,0x69,0x4a,0x69,0x4a,
  0x69,0x4a,0x69,0x4a,0x69,0x4a,0x69,0x4a,0x69,0x4a,0x69,0x4a,0x69,0x4a,0x69,0x4a,
  0x69,0x4a,0x69,0x4a,0x69,0x4a,0x69,0x4a,0x69,0x4a,0x69,0x4a,0x69,0x4a,0x69,0x4a,
  0x69,0x4a,0x69,0x4a,0x69,0x4a,0x69,0x4a,0x69,0x4a,0x69,0x4a,0x69,0x4a,0x69,0x4a,
  0x69,0x4a,0x69,0x4a,0x69,0x4a,0x69,0x4a,0x69,0x4a,0x69,0x4a,0x69,0x4a,0x69,0x4a,
  0x69,0x4a,0x69,0x4a,0x69,0x4a,0x69,0x4a,0x69,0x4a,0x69,0x4a,0x69,0x4a,0x69,0x4a,
  0x69,0x4a,0x69,0x4a,0x69,0x4a,0x69,0x4a,0x69,0x4a,0x69,0x4a,0x69,0x4a,0x69,0x4a,
  0x69,0x4a,0x69,0x4a,0x69,0x4a,0x69,0x4a,0x69,0x4a,0x69,0x4a,0x69,0x4a,0x69,0x4a,
  0x69,0x4a,0x69,0x4a,0x69,0x4a,0x69,0x4a,0x69,0x4a,0x69,0x4a,0x69,0x4a,0x69,0x4a,
  0x69,0x4a,0x69,0x4a,0x69,0x4a,0x69,0x4a,0x69,0x4a,0x69,0x4a,0x49,0x4a,0x49,0x4a,
  0xaa,0x52,0xaa,0x52,0xaa,0x52,0xaa,0x52,0xaa,0x52,0xaa,0x52,0xaa,0x52,0xaa,0x52,
  0xaa,0x52,0xaa,0x52,0xaa,0x52,0xaa,0x52,0xaa,0x52,0xaa,0x52,0xaa,0x52,0xaa,0x52,
  0xaa,0x52,0xaa,0x52,0xaa,0x52,0xaa,0x52,0xaa,0x52,0xaa,0x52,0xaa,0x52,0xaa,0x52,
  0xaa,0x52,0xaa,0x52,0xaa,0x52,0xaa,0x52,0xaa,0x52,0xaa,0x52,0x8a,0x52,0x8a,0x52,
  0x8a,0x4a,0x6a,0x4a,0x69,0x4a,0x49,0x4a,0x49,0x4a,0x49,0x4a,0x49,0x4a,0x49,0x4a,
  0x49,0x4a,0x49,0x4a,0x49,0x4a,0x49,0x4a,0x49,0x4a,0x69,0x4a,0x69,0x4a,0x69,0x4a,
  0x69,0x4a,0x49,0x4a,0x49,0x4a,0x49,0x4a,0x49,0x4a,0x49,0x4a,0x49,0x4a,0x49,0x4a,
  0x49,0x4a,0x49,0x4a,0x49,0x4a,0x49,0x4a,0x49,0x4a,0x49,0x4a,0x49,0x4a,0x49,0x4a,
  0x49,0x4a,0x49,0x4a,0x69,0x4a,0x69,0x4a,0x69,0x4a,0x49,0x4a,0x49,0x4a,0x49,0x42,
  0x29,0x42,0x29,0x42,0x49,0x42,0x49,0x4a,0x69,0x4a,0x6a,0x4a,0x6a,0x4a,0x49,0x4a,
  0x28,0x42,0xe7,0x39,0x86,0x31,0x45,0x29,0x24,0x21,0x24,0x21,0x25,0x21,0x65,0x29,
  0xa6,0x31,0xe7,0x39,0x28,0x42,0x49,0x4a,0x69,0x4a,0x69,0x4a,0x69,0x4a,0x69,0x4a,
  0x69,0x4a,0x69,0x4a,0x69,0x4a,0x69,0x4a,0x69,0x4a,0x69,0x4a,0x69,0x4a,0x69,0x4a,
  0x69,0x4a,0x69,0x4a,0x69,0x4a,0x69,0x4a,0x69,0x4a,0x69,0x4a,0x69,0x4a,0x69,0x4a,
  0x69,0x4a,0x69,0x4a,0x69,0x4a,0x69,0x4a,0x69,0x4a,0x69,0x4a,0x69,0x4a,0x69,0x4a,
  0x69,0x4a,0x69,0x4a,0x69,0x4a,0x69,0x4a,0x69,0x4a,0x69,0x4a,0x69,0x4a,0x69,0x4a,
  0x69,0x4a,0x69,0x4a,0x69,0x4a,0x69,0x4a,0x69,0x4a,0x69,0x4a,0x69,0x4a,0x69,0x4a,
  0x69,0x4a,0x69,0x4a,0x69,0x4a,0x69,0x4a,0x69,0x4a,0x69,0x4a,0x69,0x4a,0x69,0x4a,
  0x69,0x4a,0x69,0x4a,0x69,0x4a,0x69,0x4a,0x69,0x4a,0x69,0x4a,0x69,0x4a,0x69,0x4a,
  0x69,0x4a,0x69,0x4a,0x69,0x4a,0x69,0x4a,0x69,0x4a,0x69,0x4a,0x69,0x4a,0x69,0x4a,
  0x69,0x4a,0x69,0x4a,0x69,0x4a,0x69,0x4a,0x69,0x4a,0x69,0x4a,0x69,0x4a,0x69,0x4a,
  0x69,0x4a,0x69,0x4a,0x69,0x4a,0x69,0x4a,0x69,0x4a,0x69,0x4a,0x69,0x4a,0x69,0x4a,
  0x69,0x4a,0x6a,0x4a,0x6a,0x4a,0x6a,0x4a,0x69,0x4a,0x69,0x4a,0x69,0x4a,0x69,0x4a,
  0x69,0x4a,0x69,0x4a,0x69,0x4a,0x69,0x4a,0x69,0x4a,0x69,0x4a,0x69,0x4a,0x49,0x4a,
  0x49,0x4a,0x49,0x4a,0x49,0x4a,0x49,0x4a,0x69,0x4a,0x69,0x4a,0x69,0x4a,0x6a,0x4a,
  0xaa,0x52,0xaa,0x52,0xaa,0x52,0xaa,0x52,0xaa,0x52,0xaa,0x52,0xaa,0x52,0xaa,0x52,
  0xaa,0x52,0xaa,0x52,0xaa,0x52,0xaa,0x52,0xaa,0x52,0xaa,0x52,0xaa,0x52,0xaa,0x52,
  0xaa,0x52,0xaa,0x52,0xaa,0x52,0xaa,0x52,0xaa,0x52,0xaa,0x52,0xaa,0x52,0xaa,0x52,
  0xaa,0x52,0xaa,0x52,0xaa,0x52,0xaa,0x52,0xaa,0x52,0xaa,0x52,0xaa,0x52,0xaa,0x52,
  0xaa,0x52,0xaa,0x52,0xaa,0x52,0xaa,0x52,0x8a,0x52,0x8a,0x52,0x6a,0x4a,0x69,0x4a,
  0x69,0x4a,0x49,0x4a,0x49,0x4a,0x49,0x4a,0x49,0x4a,0x49,0x4a,0x49,0x4a,0x49,0x4a,
  0x69,0x4a,0x69,0x4a,0x69,0x4a,0x49,0x4a,0x49,0x4a,0x49,0x4a,0x49,0x4a,0x49,0x4a,
  0x49,0x4a,0x49,0x4a,0x49,0x4a,0x49,0x4a,0x49,0x4a,0x49,0x4a,0x49,0x4a,0x49,0x4a,
  0x49,0x4a,0x49,0x4a,0x49,0x4a,0x49,0x4a,0x49,0x4a,0x49,0x4a,0x49,0x4a,0x69,0x4a,
  0x69,0x4a,0x69,0x4a,0x69,0x4a,0x49,0x4a,0x49,0x4a,0x49,0x42,0x29,0x42,0x29,0x42,
  0x49,0x4a,0x69,0x4a,0x6a,0x4a,0x69,0x4a,0x69,0x4a,0x29,0x42,0x08,0x3a,0xa7,0x31,
  0x65,0x29,0x24,0x21,0x04,0x21,0x24,0x21,0x45,0x29,0x86,0x31,0xc7,0x39,0x08,0x42,
  0x49,0x4a,0x69,0x4a,0x6a,0x4a,0x6a,0x4a,0x69,0x4a,0x69,0x4a,0x69,0x4a,0x69,0x4a,
  0x69,0x4a,0x69,0x4a,0x69,0x4a,0x69,0x4a,0x69,0x4a,0x69,0x4a,0x69,0x4a,0x69,0x4a,
  0x69,0x4a,0x69,0x4a,0x69,0x4a,0x69,0x4a,0x69,0x4a,0x69,0x4a,0x69,0x4a,0x69,0x4a,
  0x69,0x4a,0x69,0x4a,0x69,0x4a,0x69,0x4a,0x69,0x4a,0x69,0x4a,0x69,0x4a,0x69,0x4a,
  0x69,0x4a,0x69,0x4a,0x69,0x4a,0x69,0x4a,0x69,0x4a,0x69,0x4a,0x69,0x4a,0x69,0x4a,
  0x69,0x4a,0x69,0x4a,0x69,0x4a,0x69,0x4a,0x69,0x4a,0x69,0x4a,0x69,0x4a,0x69,0x4a,
  0x69,0x4a,0x69,0x4a,0x69,0x4a,0x69,0x4a,0x69,0x4a,0x69,0x4a,0x69,0x4a,0x69,0x4a,
  0x69,0x4a,0x69,0x4a,0x69,0x4a,0x69,0x4a,0x69,0x4a,0x69,0x4a,0x69,0x4a,0x69,0x4a,
  0x69,0x4a,0x69,0x4a,0x69,0x4a,0x69,0x4a,0x69,0x4a,0x69,0x4a,0x69,0x4a,0x69,0x4a,
  0x69,0x4a,0x69,0x4a,0x69,0x4a,0x69,0x4a,0x69,0x4a,0x69,0x4a,0x6a,0x4a,0x69,0x4a,
  0x6a,0x4a,0x6a,0x4a,0x6a,0x4a,0x6a,0x4a,0x69,0x4a,0x69,0x4a,0x69,0x4a,0x69,0x4a,
  0x49,0x4a,0x49,0x4a,0x49,0x4a,0x49,0x4a,0x49,0x4a,0x69,0x4a,0x69,0x4a,0x69,0x4a,
  0x8a,0x4a,0x8a,0x52,0x8a,0x52,0x8a,0x52,0xaa,0x52,0xaa,0x52,0x8a,0x52,0x8a,0x52,
  0xaa,0x52,0xaa,0x52,0xaa,0x52,0xaa,0x52,0xaa,0x52,0xaa,0x52,0xaa,0x52,0xaa,0x52,
  0xaa,0x52,0xaa,0x52,0xaa,0x52,0xaa,0x52,0xaa,0x52,0xaa,0x52,0xaa,0x52,0xaa,0x52,
  0xaa,0x52,0xaa,0x52,0xaa,0x52,0xaa,0x52,0xaa,0x52,0xaa,0x52,0xaa,0x52,0xaa,0x52,
  0xaa,0x52,0xaa,0x52,0xaa,0x52,0xaa,0x52,0xaa,0x52,0xaa,0x52,0xaa,0x52,0xaa,0x52,
  0xaa,0x52,0xaa,0x52,0xaa,0x52,0xaa,0x52,0xaa,0x52,0xaa,0x52,0xaa,0x52,0xaa,0x52,
  0xaa,0x52,0xaa,0x52,0x8a,0x52,0x8a,0x4a,0x6a,0x4a,0x69,0x4a,0x69,0x4a,0x49,0x4a,
  0x49,0x4a,0x49,0x4a,0x49,0x4a,0x49,0x4a,0x49,0x4a,0x49,0x4a,0x49,0x4a,0x49,0x4a,
  0x49,0x4a,0x49,0x4a,0x49,0x4a,0x49,0x4a,0x49,0x4a,0x49,0x4a,0x49,0x4a,0x49,0x4a,
  0x49,0x4a,0x49,0x4a,0x49,0x4a,0x49,0x4a,0x49,0x4a,0x49,0x4a,0x49,0x4a,0x49,0x4a,
  0x49,0x4a,0x49,0x4a,0x69,0x4a,0x69,0x4a,0x69,0x4a,0x69,0x4a,0x69,0x4a,0x49,0x4a,
  0x49,0x4a,0x49,0x42,0x28,0x42,0x28,0x42,0x28,0x42,0x49,0x4a,0x69,0x4a,0x69,0x4a,
  0x8a,0x4a,0x69,0x4a,0x49,0x4a,0x08,0x42,0xc7,0x39,0x86,0x29,0x45,0x21,0x24,0x21,
  0x04,0x21,0x25,0x21,0x66,0x29,0xc7,0x39,0x08,0x42,0x49,0x4a,0x69,0x4a,0x6a,0x4a,
  0x8a,0x4a,0x6a,0x4a,0x69,0x4a,0x69,0x4a,0x69,0x4a,0x69,0x4a,0x69,0x4a,0x69,0x4a,
  0x69,0x4a,0x69,0x4a,0x69,0x4a,0x69,0x4a,0x69,0x4a,0x69,0x4a,0x69,0x4a,0x69,0x4a,
  0x69,0x4a,0x69,0x4a,0x69,0x4a,0x69,0x4a,0x69,0x4a,0x69,0x4a,0x69,0x4a,0x69,0x4a,
  0x69,0x4a,0x69,0x4a,0x69,0x4a,0x69,0x4a,0x69,0x4a,0x69,0x4a,0x69,0x4a,0x69,0x4a,
  0x69,0x4a,0x69,0x4a,0x69,0x4a,0x69,0x4a,0x69,0x4a,0x69,0x4a,0x69,0x4a,0x69,0x4a,
  0x69,0x4a,0x69,0x4a,0x69,0x4a,0x69,0x4a,0x69,0x4a,0x69,0x4a,0x69,0x4a,0x69,0x4a,
  0x69,0x4a,0x69,0x4a,0x69,0x4a,0x69,0x4a,0x69,0x4a,0x69,0x4a,0x69,0x4a,0x69,0x4a,
  0x69,0x4a,0x69,0x4a,0x69,0x4a,0x69,0x4a,0x69,0x4a,0x69,0x4a,0x69,0x4a,0x69,0x4a,
  0x69,0x4a,0x69,0x4a,0x69,0x4a,0x69,0x4a,0x69,0x4a,0x69,0x4a,0x69,0x4a,0x69,0x4a,
  0x69,0x4a,0x69,0x4a,0x49,0x4a,0x49,0x4a,0x49,0x4a,0x49,0x4a,0x49,0x4a,0x69,0x4a,
  0x6a,0x4a,0x8a,0x4a,0x8a,0x52,0x8a,0x52,0xaa,0x52,0xaa,0x52,0xaa,0x52,0x8a,0x52,
  0x8a,0x52,0x69,0x4a,0x29,0x42,0x08,0x3a,0xc7,0x31,0x86,0x31,0x65,0x29,0x65,0x29,
  0xaa,0x52,0xaa,0x52,0xaa,0x52,0xaa,0x52,0xaa,0x52,0xaa,0x52,0xaa,0x52,0xaa,0x52,
  0xaa,0x52,0xaa,0x52,0xaa,0x52,0xaa,0x52,0xaa,0x52,0xaa,0x52,0xaa,0x52,0xaa,0x52,
  0xaa,0x52,0xaa,0x52,0xaa,0x52,0xaa,0x52,0xaa,0x52,0xaa,0x52,0xaa,0x52,0xaa,0x52,
  0xaa,0x52,0xaa,0x52,0xaa,0x52,0xaa,0x52,0xaa,0x52,0xaa,0x52,0xaa,0x52,0xaa,0x52,
  0xaa,0x52,0xaa,0x52,0xaa,0x52,0xaa,0x52,0xaa,0x52,0xaa,0x52,0xaa,0x52,0xaa,0x52,
  0xaa,0x52,0xaa,0x52,0xaa,0x52,0xaa,0x52,0xaa,0x52,0xaa,0x52,0xaa,0x52,0x8a,0x52,
  0x8a,0x52,0x8a,0x4a,0x69,0x4a,0x69,0x4a,0x49,0x4a,0x49,0x4a,0x49,0x4a,0x49,0x4a,
  0x49,0x4a,0x49,0x4a,0x49,0x4a,0x49,0x4a,0x49,0x4a,0x49,0x4a,0x49,0x4a,0x49,0x4a,
  0x49,0x4a,0x49,0x4a,0x49,0x4a,0x49,0x4a,0x49,0x4a,0x49,0x4a,0x49,0x4a,0x49,0x4a,
  0x49,0x4a,0x49,0x4a,0x49,0x4a,0x49,0x4a,0x49,0x4a,0x49,0x4a,0x49,0x4a,0x49,0x4a,
  0x69,0x4a,0x49,0x4a,0x69,0x4a,0x69,0x4a,0x49,0x4a,0x49,0x4a,0x49,0x4a,0x49,0x4a,
  0x49,0x42,0x49,0x42,0x49,0x4a,0x49,0x4a,0x69,0x4a,0x8a,0x4a,0x6a,0x4a,0x69,0x4a,
  0x28,0x42,0xe7,0x39,0x86,0x31,0x45,0x29,0x24,0x21,0x24,0x21,0x25,0x21,0x65,0x29,
  0xa7,0x31,0x08,0x3a,0x29,0x42,0x69,0x4a,0x6a,0x4a,0x8a,0x4a,0x6a,0x4a,0x69,0x4a,
  0x69,0x4a,0x69,0x4a,0x69,0x4a,0x69,0x4a,0x69,0x4a,0x69,0x4a,0x69,0x4a,0x69,0x4a,
  0x69,0x4a,0x69,0x4a,0x69,0x4a,0x69,0x4a,0x69,0x4a,0x69,0x4a,0x69,0x4a,0x69,0x4a,
  0x69,0x4a,0x69,0x4a,0x69,0x4a,0x69,0x4a,0x69,0x4a,0x69,0x4a,0x69,0x4a,0x69,0x4a,
  0x69,0x4a,0x69,0x4a,0x69,0x4a,0x69,0x4a,0x69,0x4a,0x69,0x4a,0x69,0x4a,0x69,0x4a,
  0x69,0x4a,0x69,0x4a,0x69,0x4a,0x69,0x4a,0x69,0x4a,0x69,0x4a,0x69,0x4a,0x69,0x4a,
  0x69,0x4a,0x69,0x4a,0x69,0x4a,0x69,0x4a,0x69,0x4a,0x69,0x4a,0x69,0x4a,0x69,0x4a,
  0x69,0x4a,0x69,0x4a,0x69,0x4a,0x69,0x4a,0x69,0x4a,0x69,0x4a,0x69,0x4a,0x69,0x4a,
  0x69,0x4a,0x49,0x4a,0x49,0x4a,0x49,0x4a,0x49,0x4a,0x49,0x4a,0x69,0x4a,0x69,0x4a,
  0x69,0x4a,0x6a,0x4a,0x8a,0x4a,0x8a,0x52,0xaa,0x52,0xaa,0x52,0xaa,0x52,0xaa,0x52,
  0x8a,0x52,0x6a,0x4a,0x49,0x4a,0x29,0x42,0x08,0x3a,0xc7,0x39,0x86,0x31,0x65,0x29,
  0x45,0x29,0x45,0x21,0x45,0x21,0x45,0x29,0x86,0x29,0xa6,0x31,0xe8,0x39,0x08,0x42,
  0xaa,0x52,0xaa,0x52,0xaa,0x52,0xaa,0x52,0xaa,0x52,0xaa,0x52,0xaa,0x52,0xaa,0x52,
  0xaa,0x52,0xaa,0x52,0xaa,0x52,0xaa,0x52,0xaa,0x52,0xaa,0x52,0xaa,0x52,0xaa,0x52,
  0xaa,0x52,0xaa,0x52,0xaa,0x52,0xaa,0x52,0xaa,0x52,0xaa,0x52,0xaa,0x52,0xaa,0x52,
  0xaa,0x52,0xaa,0x52,0xaa,0x52,0xaa,0x52,0xaa,0x52,0xaa,0x52,0xaa,0x52,0xaa,0x52,
  0xaa,0x52,0xaa,0x52,0xaa,0x52,0xaa,0x52,0xaa,0x52,0xaa,0x52,0xaa,0x52,0xaa,0x52,
  0xaa,0x52,0xaa,0x52,0xaa,0x52,0xaa,0x52,0xaa,0x52,0xaa,0x52,0xaa,0x52,0xaa,0x52,
  0xaa,0x52,0xaa,0x52,0xaa,0x52,0xaa,0x52,0x8a,0x52,0x8a,0x52,0x8a,0x4a,0x6a,0x4a,
  0x69,0x4a,0x69,0x4a,0x49,0x4a,0x49,0x4a,0x49,0x4a,0x49,0x4a,0x49,0x4a,0x49,0x4a,
  0x49,0x4a,0x49,0x4a,0x49,0x4a,0x49,0x4a,0x49,0x4a,0x49,0x4a,0x49,0x4a,0x49,0x4a,
  0x49,0x4a,0x49,0x4a,0x49,0x4a,0x49,0x4a,0x49,0x4a,0x49,0x4a,0x49,0x4a,0x49,0x4a,
  0x49,0x4a,0x49,0x4a,0x49,0x4a,0x49,0x4a,0x49,0x4a,0x49,0x4a,0x49,0x4a,0x49,0x4a,
  0x69,0x4a,0x69,0x4a,0x49,0x4a,0x49,0x4a,0x49,0x4a,0x29,0x42,0x49,0x42,0x49,0x4a,
  0x49,0x4a,0x69,0x4a,0x8a,0x4a,0x8a,0x52,0x69,0x4a,0x49,0x4a,0x08,0x3a,0xa6,0x31,
  0x65,0x29,0x25,0x21,0x24,0x21,0x24,0x21,0x45,0x29,0x86,0x31,0xe7,0x39,0x28,0x42,
  0x49,0x4a,0x6a,0x4a,0x8a,0x52,0x8a,0x4a,0x6a,0x4a,0x69,0x4a,0x69,0x4a,0x69,0x4a,
  0x69,0x4a,0x69,0x4a,0x69,0x4a,0x69,0x4a,0x69,0x4a,0x69,0x4a,0x69,0x4a,0x69,0x4a,
  0x69,0x4a,0x69,0x4a,0x69,0x4a,0x69,0x4a,0x69,0x4a,0x69,0x4a,0x69,0x4a,0x69,0x4a,
  0x69,0x4a,0x69,0x4a,0x69,0x4a,0x69,0x4a,0x69,0x4a,0x69,0x4a,0x69,0x4a,0x69,0x4a,
  0x69,0x4a,0x69,0x4a,0x69,0x4a,0x69,0x4a,0x69,0x4a,0x69,0x4a,0x69,0x4a,0x69,0x4a,
  0x69,0x4a,0x69,0x4a,0x69,0x4a,0x69,0x4a,0x69,0x4a,0x69,0x4a,0x69,0x4a,0x69,0x4a,
  0x69,0x4a,0x49,0x4a,0x49,0x4a,0x49,0x4a,0x49,0x4a,0x49,0x4a,0x69,0x4a,0x69,0x4a,
  0x69,0x4a,0x69,0x4a,0x8a,0x4a,0x8a,0x52,0x8a,0x52,0xaa,0x52,0xaa,0x52,0xaa,0x52,
  0xaa,0x52,0x8a,0x52,0x6a,0x4a,0x49,0x4a,0x28,0x42,0xe8,0x39,0xa7,0x39,0x86,0x31,
  0x66,0x29,0x45,0x29,0x65,0x29,0x65,0x29,0x86,0x31,0xa6,0x31,0xe7,0x39,0x08,0x42,
  0x49,0x42,0x69,0x4a,0x8a,0x4a,0x8a,0x52,0x8a,0x52,0x8a,0x52,0x8a,0x52,0x6a,0x4a,
  0x8a,0x52,0xaa,0x52,0xaa,0x52,0xaa,0x52,0xaa,0x52,0xaa,0x52,0xaa,0x52,0xaa,0x52,
  0xaa,0x52,0xaa,0x52,0xaa,0x52,0xaa,0x52,0xaa,0x52,0xaa,0x52,0xaa,0x52,0xaa,0x52,
  0xaa,0x52,0xaa,0x52,0xaa,0x52,0xaa,0x52,0xaa,0x52,0xaa,0x52,0xaa,0x52,0xaa,0x52,
  0xaa,0x52,0xaa,0x52,0xaa,0x52,0xaa,0x52,0xaa,0x52,0xaa,0x52,0xaa,0x52,0xaa,0x52,
  0xaa,0x52,0xaa,0x52,0xaa,0x52,0xaa,0x52,0xaa,0x52,0xaa,0x52,0xaa,0x52,0xaa,0x52,
  0xaa,0x52,0xaa,0x52,0xaa,0x52,0xaa,0x52,0xaa,0x52,0xaa,0x52,0xaa,0x52,0xaa,0x52,
  0xaa,0x52,0xaa,0x52,0x8a,0x52,0x8a,0x52,0xaa,0x52,0xaa,0x52,0xaa,0x52,0xaa,0x52,
  0xaa,0x52,0xaa,0x52,0x8a,0x52,0x8a,0x52,0x8a,0x4a,0x69,0x4a,0x69,0x4a,0x49,0x4a,
  0x49,0x4a,0x49,0x42,0x49,0x42,0x49,0x42,0x49,0x4a,0x49,0x4a,0x49,0x4a,0x49,0x4a,
  0x49,0x4a,0x49,0x4a,0x49,0x4a,0x49,0x4a,0x49,0x4a,0x49,0x4a,0x49,0x4a,0x49,0x4a,
  0x49,0x4a,0x49,0x4a,0x49,0x4a,0x49,0x4a,0x49,0x4a,0x49,0x4a,0x49,0x4a,0x49,0x4a,
  0x49,0x4a,0x49,0x4a,0x49,0x4a,0x49,0x4a,0x49,0x4a,0x49,0x4a,0x49,0x4a,0x49,0x4a,
  0x49,0x4a,0x49,0x4a,0x49,0x42,0x29,0x42,0x49,0x42,0x49,0x4a,0x69,0x4a,0x8a,0x4a,
  0x8a,0x52,0x8a,0x4a,0x49,0x4a,0x08,0x42,0xa7,0x31,0x65,0x29,0x25,0x21,0x24,0x21,
  0x24,0x21,0x45,0x29,0x86,0x31,0xc7,0x39,0x28,0x42,0x49,0x4a,0x6a,0x4a,0x8a,0x52,
  0x8a,0x4a,0x6a,0x4a,0x69,0x4a,0x69,0x4a,0x69,0x4a,0x69,0x4a,0x69,0x4a,0x69,0x4a,
  0x69,0x4a,0x69,0x4a,0x69,0x4a,0x69,0x4a,0x69,0x4a,0x69,0x4a,0x69,0x4a,0x69,0x4a,
  0x69,0x4a,0x69,0x4a,0x69,0x4a,0x69,0x4a,0x69,0x4a,0x69,0x4a,0x69,0x4a,0x69,0x4a,
  0x69,0x4a,0x69,0x4a,0x69,0x4a,0x69,0x4a,0x69,0x4a,0x69,0x4a,0x69,0x4a,0x49,0x4a,
  0x49,0x4a,0x49,0x4a,0x49,0x4a,0x49,0x4a,0x49,0x4a,0x69,0x4a,0x69,0x4a,0x69,0x4a,
  0x69,0x4a,0x6a,0x4a,0x6a,0x4a,0x8a,0x52,0x8a,0x52,0x8a,0x52,0xaa,0x52,0xaa,0x52,
  0xaa,0x52,0x8a,0x52,0x6a,0x4a,0x49,0x4a,0x28,0x42,0x08,0x3a,0xc7,0x39,0x86,0x31,
  0x86,0x31,0x86,0x31,0x86,0x29,0x86,0x31,0xa6,0x31,0xa7,0x31,0xe7,0x39,0x08,0x42,
  0x29,0x42,0x49,0x4a,0x6a,0x4a,0x8a,0x52,0x8a,0x52,0x8a,0x52,0x8a,0x52,0x8a,0x4a,
  0x69,0x4a,0x69,0x4a,0x49,0x4a,0x49,0x4a,0x49,0x4a,0x49,0x4a,0x49,0x4a,0x49,0x4a,
  0x8a,0x52,0x8a,0x52,0xaa,0x52,0xaa,0x52,0xaa,0x52,0xaa,0x52,0xaa,0x52,0xaa,0x52,
  0xaa,0x52,0xaa,0x52,0xaa,0x52,0xaa,0x52,0xaa,0x52,0xaa,0x52,0xaa,0x52,0xaa,0x52,
  0xaa,0x52,0xaa,0x52,0xaa,0x52,0xaa,0x52,0xaa,0x52,0xaa,0x52,0xaa,0x52,0xaa,0x52,
  0xaa,0x52,0xaa,0x52,0xaa,0x52,0xaa,0x52,0xaa,0x52,0xaa,0x52,0xaa,0x52,0xaa,0x52,
  0xaa,0x52,0xaa,0x52,0xaa,0x52,0xaa,0x52,0xaa,0x52,0xaa,0x52,0xaa,0x52,0xaa,0x52,
  0xaa,0x52,0xaa,0x52,0xaa,0x52,0xaa,0x52,0xaa,0x52,0xaa,0x52,0x8a,0x4a,0x8a,0x4a,
  0x8a,0x4a,0x8a,0x4a,0x6a,0x4a,0x6a,0x4a,0x6a,0x4a,0x8a,0x52,0xaa,0x52,0x8a,0x52,
  0x8a,0x52,0x8a,0x52,0xaa,0x52,0xaa,0x52,0xaa,0x52,0xaa,0x52,0xaa,0x52,0x8a,0x52,
  0x8a,0x52,0x8a,0x4a,0x6a,0x4a,0x69,0x4a,0x49,0x4a,0x49,0x4a,0x49,0x42,0x29,0x42,
  0x29,0x42,0x29,0x42,0x49,0x42,0x49,0x4a,0x49,0x4a,0x49,0x4a,0x49,0x4a,0x49,0x4a,
  0x49,0x4a,0x49,0x4a,0x49,0x4a,0x49,0x4a,0x49,0x4a,0x49,0x4a,0x49,0x4a,0x49,0x4a,
  0x49,0x4a,0x49,0x4a,0x49,0x4a,0x49,0x4a,0x49,0x4a,0x49,0x4a,0x49,0x4a,0x49,0x4a,
  0x49,0x4a,0x49,0x4a,0x49,0x4a,0x49,0x4a,0x49,0x4a,0x49,0x4a,0x49,0x4a,0x49,0x4a,
  0x49,0x4a,0x49,0x4a,0x69,0x4a,0x6a,0x4a,0x8a,0x52,0x8a,0x52,0x8a,0x52,0x69,0x4a,
  0x28,0x42,0xe7,0x39,0x86,0x31,0x45,0x29,0x24,0x21,0x24,0x21,0x45,0x21,0x86,0x29,
  0xc7,0x31,0xe8,0x39,0x29,0x42,0x69,0x4a,0x8a,0x4a,0x8a,0x4a,0x6a,0x4a,0x69,0x4a,
  0x69,0x4a,0x69,0x4a,0x69,0x4a,0x49,0x4a,0x49,0x4a,0x49,0x4a,0x49,0x4a,0x49,0x4a,
  0x49,0x4a,0x69,0x4a,0x69,0x4a,0x69,0x4a,0x69,0x4a,0x69,0x4a,0x69,0x4a,0x69,0x4a,
  0x49,0x4a,0x49,0x4a,0x49,0x4a,0x49,0x4a,0x69,0x4a,0x69,0x4a,0x69,0x4a,0x69,0x4a,
  0x69,0x4a,0x6a,0x4a,0x8a,0x4a,0x8a,0x52,0x8a,0x52,0x8a,0x52,0xaa,0x52,0xaa,0x52,
  0xaa,0x52,0x8a,0x52,0x8a,0x4a,0x49,0x4a,0x29,0x42,0x08,0x42,0xc7,0x39,0xa6,0x31,
  0x86,0x31,0x65,0x29,0x65,0x29,0x45,0x29,0x65,0x29,0xa6,0x31,0xc7,0x39,0xe8,0x39,
  0x28,0x42,0x49,0x4a,0x69,0x4a,0x8a,0x52,0x8a,0x52,0x8a,0x52,0x8a,0x52,0x8a,0x4a,
  0x69,0x4a,0x69,0x4a,0x49,0x4a,0x49,0x4a,0x49,0x4a,0x49,0x4a,0x49,0x4a,0x49,0x4a,
  0x49,0x4a,0x69,0x4a,0x69,0x4a,0x69,0x4a,0x69,0x4a,0x69,0x4a,0x69,0x4a,0x69,0x4a,
  0x8a,0x52,0x8a,0x52,0x8a,0x52,0x8a,0x52,0x8a,0x52,0xaa,0x52,0xaa,0x52,0xaa,0x52,
  0xaa,0x52,0xaa,0x52,0xaa,0x52,0xaa,0x52,0xaa,0x52,0xaa,0x52,0xaa,0x52,0xaa,0x52,
  0xaa,0x52,0xaa,0x52,0xaa,0x52,0xaa,0x52,0xaa,0x52,0xaa,0x52,0xaa,0x52,0xaa,0x52,
  0xaa,0x52,0xaa,0x52,0xaa,0x52,0xaa,0x52,0xaa,0x52,0xaa,0x52,0xaa,0x52,0xaa,0x52,
  0xaa,0x52,0xaa,0x52,0xaa,0x52,0xaa,0x52,0xaa,0x52,0xaa,0x52,0xaa,0x52,0xaa,0x52,
  0xaa,0x52,0xaa,0x52,0xaa,0x52,0xaa,0x52,0xaa,0x52,0x8a,0x4a,0x6a,0x4a,0x6a,0x4a,
  0x6a,0x4a,0x6a,0x4a,0x6a,0x4a,0x6a,0x4a,0x6a,0x4a,0x6a,0x4a,0x8a,0x4a,0xaa,0x52,
  0x8a,0x52,0x8a,0x52,0x8a,0x52,0x8a,0x52,0x8a,0x52,0x8a,0x52,0x8a,0x52,0x8a,0x52,
  0x8a,0x52,0xaa,0x52,0xaa,0x52,0xaa,0x52,0x8a,0x52,0x8a,0x52,0x8a,0x52,0x8a,0x4a,
  0x69,0x4a,0x69,0x4a,0x49,0x4a,0x49,0x42,0x29,0x42,0x29,0x42,0x29,0x42,0x49,0x42,
  0x49,0x4a,0x49,0x4a,0x49,0x4a,0x49,0x4a,0x49,0x4a,0x49,0x4a,0x49,0x4a,0x49,0x4a,
  0x49,0x4a,0x49,0x4a,0x49,0x4a,0x49,0x4a,0x49,0x4a,0x49,0x4a,0x49,0x4a,0x49,0x4a,
  0x49,0x4a,0x49,0x4a,0x49,0x4a,0x49,0x4a,0x49,0x4a,0x49,0x4a,0x49,0x4a,0x49,0x4a,
  0x69,0x4a,0x49,0x4a,0x49,0x4a,0x49,0x4a,0x49,0x4a,0x49,0x4a,0x49,0x4a,0x49,0x4a,
  0x69,0x4a,0x8a,0x4a,0x8a,0x52,0x8a,0x52,0x6a,0x4a,0x49,0x42,0xe8,0x39,0xa6,0x31,
  0x45,0x29,0x24,0x21,0x04,0x21,0x24,0x21,0x65,0x29,0xa6,0x31,0xe8,0x39,0x28,0x42,
  0x29,0x42,0x49,0x42,0x49,0x4a,0x69,0x4a,0x69,0x4a,0x49,0x4a,0x49,0x4a,0x49,0x4a,
  0x49,0x4a,0x29,0x42,0x49,0x42,0x49,0x4a,0x49,0x4a,0x49,0x4a,0x49,0x4a,0x49,0x4a,
  0x69,0x4a,0x69,0x4a,0x6a,0x4a,0x8a,0x52,0x8a,0x52,0x8a,0x52,0x8a,0x52,0x8a,0x52,
  0x8a,0x52,0x8a,0x4a,0x69,0x4a,0x49,0x4a,0x29,0x42,0x08,0x3a,0xe7,0x39,0xa7,0x31,
  0x86,0x31,0x65,0x29,0x45,0x29,0x45,0x29,0x45,0x29,0x86,0x29,0xa6,0x31,0xc7,0x39,
  0x08,0x3a,0x28,0x42,0x49,0x4a,0x6a,0x4a,0x8a,0x52,0x8a,0x52,0x8a,0x52,0x8a,0x4a,
  0x69,0x4a,0x69,0x4a,0x49,0x4a,0x49,0x4a,0x49,0x4a,0x49,0x4a,0x49,0x4a,0x49,0x4a,
  0x49,0x4a,0x49,0x4a,0x69,0x4a,0x69,0x4a,0x69,0x4a,0x69,0x4a,0x69,0x4a,0x69,0x4a,
  0x69,0x4a,0x69,0x4a,0x69,0x4a,0x69,0x4a,0x69,0x4a,0x69,0x4a,0x69,0x4a,0x69,0x4a,
  0x8a,0x52,0x8a,0x52,0x8a,0x52,0x8a,0x52,0x8a,0x52,0x8a,0x52,0x8a,0x52,0x8a,0x52,
  0xaa,0x52,0xaa,0x52,0xaa,0x52,0xaa,0x52,0xaa,0x52,0xaa,0x52,0xaa,0x52,0xaa,0x52,
  0xaa,0x52,0xaa,0x52,0xaa,0x52,0xaa,0x52,0xaa,0x52,0xaa,0x52,0xaa,0x52,0xaa,0x52,
  0xaa,0x52,0xaa,0x52,0xaa,0x52,0xaa,0x52,0xaa,0x52,0xaa,0x52,0xaa,0x52,0xaa,0x52,
  0xaa,0x52,0xaa,0x52,0xaa,0x52,0xaa,0x52,0xaa,0x52,0xaa,0x52,0xaa,0x52,0xaa,0x52,
  0xaa,0x52,0xaa,0x52,0xaa,0x52,0x8a,0x52,0x6a,0x4a,0x6a,0x4a,0x6a,0x4a,0x6a,0x4a,
  0x6a,0x4a,0x6a,0x4a,0x6a,0x4a,0x6a,0x4a,0x6a,0x4a,0x6a,0x4a,0x6a,0x4a,0x6a,0x4a,
  0xaa,0x52,0x8a,0x52,0x8a,0x52,0x8a,0x52,0x8a,0x52,0x8a,0x52,0x8a,0x52,0x8a,0x52,
  0x8a,0x52,0x8a,0x52,0x8a,0x52,0x8a,0x52,0x8a,0x52,0x8a,0x52,0x8a,0x52,0x8a,0x52,
  0xaa,0x52,0xaa,0x52,0x8a,0x52,0x8a,0x52,0x8a,0x52,0x6a,0x4a,0x69,0x4a,0x49,0x4a,
  0x49,0x4a,0x49,0x42,0x29,0x42,0x29,0x42,0x49,0x42,0x49,0x42,0x49,0x42,0x49,0x4a,
  0x49,0x4a,0x49,0x4a,0x49,0x4a,0x49,0x4a,0x49,0x4a,0x49,0x4a,0x49,0x4a,0x49,0x4a,
  0x49,0x4a,0x49,0x4a,0x49,0x4a,0x49,0x4a,0x49,0x4a,0x49,0x4a,0x49,0x4a,0x49,0x4a,
  0x49,0x4a,0x49,0x4a,0x49,0x4a,0x49,0x4a,0x49,0x4a,0x69,0x4a,0x69,0x4a,0x49,0x4a,
  0x49,0x4a,0x49,0x4a,0x49,0x4a,0x49,0x4a,0x49,0x4a,0x69,0x4a,0x8a,0x4a,0x8a,0x52,
  0x8a,0x52,0x8a,0x52,0x49,0x4a,0x08,0x42,0xa7,0x31,0x45,0x29,0xe4,0x18,0xc3,0x18,
  0xe3,0x18,0x04,0x19,0x04,0x21,0x24,0x21,0x86,0x31,0xa6,0x31,0xa6,0x31,0xc7,0x39,
  0x28,0x42,0x49,0x4a,0x69,0x4a,0x69,0x4a,0x69,0x4a,0x69,0x4a,0x8a,0x4a,0x8a,0x52,
  0x8a,0x52,0x8a,0x4a,0x69,0x4a,0x49,0x4a,0x08,0x42,0xe7,0x39,0xc7,0x39,0xa6,0x31,
  0x66,0x29,0x45,0x29,0x45,0x29,0x45,0x21,0x45,0x29,0x65,0x29,0x86,0x31,0xa7,0x31,
  0xe7,0x39,0x28,0x42,0x49,0x4a,0x69,0x4a,0x8a,0x52,0x8a,0x52,0x8a,0x52,0x8a,0x52,
  0x8a,0x4a,0x69,0x4a,0x69,0x4a,0x49,0x4a,0x49,0x4a,0x49,0x4a,0x49,0x4a,0x49,0x4a,
  0x49,0x4a,0x49,0x4a,0x49,0x4a,0x49,0x4a,0x49,0x4a,0x49,0x4a,0x49,0x4a,0x49,0x4a,
  0x49,0x4a,0x49,0x4a,0x49,0x4a,0x49,0x4a,0x49,0x4a,0x69,0x4a,0x69,0x4a,0x69,0x4a,
  0x69,0x4a,0x69,0x4a,0x69,0x4a,0x69,0x4a,0x69,0x4a,0x69,0x4a,0x69,0x4a,0x49,0x4a,
  0x8a,0x52,0x8a,0x52,0x8a,0x52,0x8a,0x52,0x8a,0x52,0x8a,0x52,0x8a,0x52,0x8a,0x52,
  0x8a,0x52,0xaa,0x52,0xaa,0x52,0xaa,0x52,0xaa,0x52,0xaa,0x52,0xaa,0x52,0xaa,0x52,
  0xaa,0x52,0xaa,0x52,0xaa,0x52,0xaa,0x52,0xaa,0x52,0xaa,0x52,0xaa,0x52,0xaa,0x52,
  0xaa,0x52,0xaa,0x52,0xaa,0x52,0xaa,0x52,0xaa,0x52,0xaa,0x52,0xaa,0x52,0xaa,0x52,
  0xaa,0x52,0xaa,0x52,0xaa,0x52,0xaa,0x52,0xaa,0x52,0xaa,0x52,0xaa,0x52,0xaa,0x52,
  0xaa,0x52,0xaa,0x52,0x8a,0x52,0x6a,0x4a,0x6a,0x4a,0x6a,0x4a,0x6a,0x4a,0x6a,0x4a,
  0x6a,0x42,0x6a,0x42,0x6a,0x4a,0x6a,0x4a,0x6a,0x4a,0x6a,0x4a,0x6a,0x4a,0x6a,0x4a,
  0x6a,0x4a,0x8a,0x52,0x8a,0x52,0x8a,0x52,0x8a,0x52,0x8a,0x52,0x8a,0x52,0x8a,0x52,
  0x8a,0x52,0x8a,0x52,0x8a,0x52,0x8a,0x52,0x8a,0x52,0x8a,0x52,0x8a,0x52,0x8a,0x52,
  0x8a,0x52,0x8a,0x52,0x8a,0x52,0x8a,0x52,0x8a,0x52,0xaa,0x52,0xaa,0x52,0x8a,0x52,
  0x8a,0x52,0x8a,0x52,0x8a,0x4a,0x6a,0x4a,0x69,0x4a,0x49,0x4a,0x49,0x42,0x29,0x42,
  0x29,0x42,0x29,0x42,0x29,0x42,0x49,0x42,0x49,0x42,0x49,0x4a,0x49,0x4a,0x49,0x4a,
  0x49,0x4a,0x49,0x4a,0x49,0x4a,0x49,0x4a,0x49,0x4a,0x49,0x4a,0x49,0x4a,0x49,0x4a,
  0x49,0x4a,0x49,0x4a,0x49,0x4a,0x49,0x4a,0x49,0x4a,0x49,0x4a,0x49,0x4a,0x49,0x4a,
  0x49,0x4a,0x69,0x4a,0x69,0x4a,0x69,0x4a,0x69,0x4a,0x49,0x4a,0x49,0x4a,0x49,0x4a,
  0x49,0x4a,0x49,0x4a,0x69,0x4a,0x8a,0x4a,0x8a,0x52,0x8a,0x52,0x69,0x4a,0x29,0x42,
  0xa6,0x31,0x24,0x21,0x82,0x10,0x65,0x29,0xa6,0x31,0xa2,0x10,0x65,0x29,0x86,0x29,
  0xc3,0x18,0x04,0x21,0x86,0x31,0xc7,0x39,0x08,0x42,0xe7,0x39,0xa6,0x31,0x66,0x29,
  0x45,0x29,0x45,0x29,0x45,0x29,0x65,0x29,0x65,0x29,0x86,0x31,0xa7,0x31,0xe7,0x39,
  0x08,0x42,0x28,0x42,0x49,0x4a,0x69,0x4a,0x8a,0x52,0x8a,0x52,0x8a,0x52,0x8a,0x52,
  0x8a,0x4a,0x69,0x4a,0x69,0x4a,0x49,0x4a,0x49,0x4a,0x49,0x4a,0x49,0x4a,0x49,0x4a,
  0x49,0x4a,0x49,0x4a,0x69,0x4a,0x69,0x4a,0x69,0x4a,0x69,0x4a,0x49,0x4a,0x69,0x4a,
  0x69,0x4a,0x49,0x4a,0x49,0x4a,0x69,0x4a,0x69,0x4a,0x49,0x4a,0x49,0x4a,0x49,0x4a,
  0x49,0x4a,0x49,0x4a,0x49,0x4a,0x49,0x4a,0x49,0x4a,0x49,0x4a,0x49,0x4a,0x49,0x4a,
  0x49,0x4a,0x49,0x4a,0x49,0x4a,0x49,0x4a,0x49,0x4a,0x69,0x4a,0x69,0x4a,0x49,0x4a,
  0x8a,0x52,0x8a,0x52,0x8a,0x52,0x8a,0x52,0x8a,0x52,0x8a,0x52,0x8a,0x52,0x8a,0x52,
  0x8a,0x52,0x8a,0x52,0xaa,0x52,0xaa,0x52,0xaa,0x52,0xaa,0x52,0xaa,0x52,0xaa,0x52,
  0xaa,0x52,0xaa,0x52,0xaa,0x52,0xaa,0x52,0xaa,0x52,0xaa,0x52,0xaa,0x52,0xaa,0x52,
  0xaa,0x52,0xaa,0x52,0xaa,0x52,0xaa,0x52,0xaa,0x52,0xaa,0x52,0xaa,0x52,0xaa,0x52,
  0xaa,0x52,0xaa,0x52,0xaa,0x52,0xaa,0x52,0xaa,0x52,0xaa,0x52,0xaa,0x52,0xaa,0x52,
  0xaa,0x52,0x8a,0x4a,0x6a,0x4a,0x6a,0x4a,0x6a,0x4a,0x6a,0x4a,0x6a,0x4a,0x6a,0x4a,
  0x4a,0x42,0x4a,0x42,0x4a,0x42,0x4a,0x42,0x4a,0x42,0x6a,0x42,0x6a,0x4a,0x6a,0x4a,
  0x4a,0x4a,0x6a,0x4a,0x8a,0x4a,0x8a,0x52,0x8a,0x52,0x8a,0x52,0x8a,0x52,0x8a,0x52,
  0x8a,0x52,0x8a,0x52,0x8a,0x52,0x8a,0x52,0x8a,0x52,0x8a,0x52,0x8a,0x52,0x8a,0x52,
  0x8a,0x52,0x8a,0x52,0x8a,0x52,0x8a,0x52,0x8a,0x52,0x8a,0x52,0x8a,0x52,0x8a,0x52,
  0x8a,0x52,0x8a,0x52,0x8a,0x52,0x8a,0x52,0xaa,0x52,0x8a,0x52,0x8a,0x52,0x8a,0x52,
  0x8a,0x4a,0x69,0x4a,0x69,0x4a,0x49,0x4a,0x49,0x4a,0x49,0x42,0x29,0x42,0x29,0x42,
  0x29,0x42,0x49,0x42,0x49,0x42,0x49,0x4a,0x49,0x4a,0x49,0x4a,0x49,0x4a,0x49,0x4a,
  0x49,0x4a,0x49,0x4a,0x49,0x4a,0x49,0x4a,0x49,0x4a,0x49,0x4a,0x49,0x4a,0x49,0x4a,
  0x49,0x4a,0x49,0x4a,0x49,0x4a,0x49,0x4a,0x49,0x4a,0x49,0x4a,0x49,0x4a,0x49,0x4a,
  0x49,0x4a,0x69,0x4a,0x69,0x4a,0x49,0x4a,0x49,0x4a,0x49,0x4a,0x69,0x4a,0x8a,0x4a,
  0x69,0x4a,0x28,0x42,0x24,0x21,0x08,0x42,0x49,0x4a,0x04,0x21,0xe7,0x39,0x48,0x4a,
  0x85,0x31,0x86,0x31,0xa6,0x31,0xa6,0x31,0x45,0x29,0x03,0x21,0xa7,0x31,0xc7,0x39,
  0x08,0x42,0x28,0x42,0x49,0x4a,0x69,0x4a,0x8a,0x4a,0x8a,0x52,0x8a,0x52,0x8a,0x52,
  0x8a,0x4a,0x69,0x4a,0x69,0x4a,0x69,0x4a,0x49,0x4a,0x49,0x4a,0x49,0x4a,0x49,0x4a,
  0x49,0x4a,0x49,0x4a,0x49,0x4a,0x49,0x4a,0x49,0x4a,0x49,0x4a,0x49,0x4a,0x49,0x4a,
  0x49,0x4a,0x69,0x4a,0x69,0x4a,0x69,0x4a,0x69,0x4a,0x69,0x4a,0x69,0x4a,0x69,0x4a,
  0x69,0x4a,0x69,0x4a,0x69,0x4a,0x49,0x4a,0x49,0x4a,0x49,0x4a,0x49,0x4a,0x49,0x4a,
  0x49,0x4a,0x49,0x4a,0x49,0x4a,0x49,0x4a,0x49,0x4a,0x49,0x4a,0x49,0x4a,0x49,0x4a,
  0x49,0x4a,0x49,0x4a,0x49,0x4a,0x49,0x4a,0x49,0x4a,0x49,0x4a,0x49,0x4a,0x49,0x4a,
  0xaa,0x52,0x8a,0x52,0x8a,0x52,0x8a,0x52,0x8a,0x52,0x8a,0x52,0x8a,0x52,0x8a,0x52,
  0x8a,0x52,0xaa,0x52,0xaa,0x52,0xaa,0x52,0xaa,0x52,0xaa,0x52,0xaa,0x52,0xaa,0x52,
  0xaa,0x52,0xaa,0x52,0xaa,0x52,0xaa,0x52,0xaa,0x52,0xaa,0x52,0xaa,0x52,0xaa,0x52,
  0xaa,0x52,0xaa,0x52,0xaa,0x52,0xaa,0x52,0xaa,0x52,0xaa,0x52,0xaa,0x52,0xaa,0x52,
  0xaa,0x52,0xaa,0x52,0xaa,0x52,0xaa,0x52,0xaa,0x52,0xaa,0x52,0x8a,0x52,0x8a,0x52,
  0x6a,0x4a,0x6a,0x4a,0x6a,0x4a,0x6a,0x4a,0x6a,0x4a,0x6a,0x4a,0x6a,0x4a,0x4a,0x42,
  0x4a,0x42,0x4a,0x42,0x4a,0x42,0x4a,0x42,0x4a,0x42,0x4a,0x42,0x4a,0x42,0x4a,0x42,
  0x4a,0x42,0x4a,0x42,0x4a,0x42,0x6a,0x4a,0x8a,0x52,0xaa,0x52,0x8a,0x52,0x8a,0x52,
  0x8a,0x52,0x8a,0x52,0x8a,0x52,0x8a,0x52,0x8a,0x52,0x8a,0x52,0x8a,0x52,0x8a,0x52,
  0x8a,0x52,0x8a,0x52,0x8a,0x52,0x8a,0x52,0x8a,0x52,0x8a,0x52,0x8a,0x52,0x8a,0x52,
  0x8a,0x52,0x8a,0x52,0x8a,0x52,0x8a,0x52,0x8a,0x52,0x8a,0x52,0x8a,0x52,0x8a,0x52,
  0x8a,0x52,0xaa,0x52,0xaa,0x52,0x8a,0x52,0x8a,0x52,0x8a,0x52,0x8a,0x4a,0x6a,0x4a,
  0x69,0x4a,0x49,0x4a,0x49,0x4a,0x49,0x42,0x29,0x42,0x29,0x42,0x49,0x42,0x49,0x4a,
  0x49,0x4a,0x49,0x4a,0x49,0x4a,0x49,0x4a,0x49,0x4a,0x49,0x4a,0x49,0x4a,0x49,0x4a,
  0x49,0x4a,0x49,0x4a,0x49,0x4a,0x49,0x4a,0x49,0x4a,0x49,0x4a,0x49,0x4a,0x49,0x4a,
  0x49,0x4a,0x69,0x4a,0x69,0x4a,0x69,0x4a,0x69,0x4a,0x69,0x4a,0x69,0x4a,0x69,0x4a,
  0x49,0x4a,0x28,0x42,0x25,0x21,0xe7,0x39,0x28,0x42,0x04,0x21,0xe7,0x39,0x08,0x42,
  0xe7,0x39,0x08,0x42,0x28,0x42,0xc7,0x39,0xa6,0x31,0xe7,0x39,0x69,0x4a,0x69,0x4a,
  0x49,0x4a,0x69,0x4a,0x8a,0x4a,0x8a,0x52,0x6a,0x4a,0x69,0x4a,0x69,0x4a,0x49,0x4a,
  0x49,0x4a,0x49,0x4a,0x49,0x4a,0x69,0x4a,0x69,0x4a,0x69,0x4a,0x69,0x4a,0x69,0x4a,
  0x69,0x4a,0x69,0x4a,0x69,0x4a,0x69,0x4a,0x69,0x4a,0x69,0x4a,0x69,0x4a,0x69,0x4a,
  0x69,0x4a,0x69,0x4a,0x69,0x4a,0x69,0x4a,0x69,0x4a,0x69,0x4a,0x69,0x4a,0x69,0x4a,
  0x69,0x4a,0x69,0x4a,0x69,0x4a,0x49,0x4a,0x49,0x4a,0x49,0x4a,0x49,0x4a,0x49,0x4a,
  0x49,0x4a,0x49,0x4a,0x49,0x4a,0x49,0x4a,0x49,0x4a,0x49,0x4a,0x49,0x4a,0x49,0x4a,
  0x49,0x4a,0x49,0x4a,0x49,0x4a,0x49,0x4a,0x49,0x4a,0x49,0x4a,0x49,0x4a,0x49,0x4a,
  0xaa,0x52,0xaa,0x52,0xaa,0x52,0xaa,0x52,0xaa,0x52,0xaa,0x52,0xaa,0x52,0xaa,0x52,
  0xaa,0x52,0xaa,0x52,0xaa,0x52,0xaa,0x52,0xaa,0x52,0xaa,0x52,0xaa,0x52,0xaa,0x52,
  0xaa,0x52,0xaa,0x52,0xaa,0x52,0xaa,0x52,0xaa,0x52,0xaa,0x52,0xaa,0x52,0xaa,0x52,
  0xaa,0x52,0xaa,0x52,0xaa,0x52,0xaa,0x52,0xaa,0x52,0xaa,0x52,0xaa,0x52,0xaa,0x52,
  0xaa,0x52,0xaa,0x52,0xaa,0x52,0xaa,0x52,0x8a,0x52,0x8a,0x4a,0x6a,0x4a,0x49,0x4a,
  0x6a,0x4a,0x6a,0x4a,0x6a,0x4a,0x6a,0x4a,0x6a,0x4a,0x6a,0x4a,0x6a,0x4a,0x49,0x42,
  0x4a,0x42,0x4a,0x42,0x4a,0x42,0x4a,0x42,0x4a,0x42,0x4a,0x42,0x4a,0x42,0x4a,0x42,
  0x4a,0x42,0x4a,0x42,0x4a,0x42,0x4a,0x42,0x6a,0x4a,0x8a,0x52,0x8a,0x52,0x8a,0x52,
  0x8a,0x52,0x8a,0x52,0x8a,0x52,0x8a,0x52,0x8a,0x52,0x8a,0x52,0x8a,0x52,0x8a,0x52,
  0x8a,0x52,0x8a,0x52,0x8a,0x52,0x8a,0x52,0x8a,0x52,0x8a,0x52,0x8a,0x52,0x8a,0x52,
  0x8a,0x52,0x8a,0x52,0x8a,0x52,0x8a,0x52,0x8a,0x52,0x8a,0x52,0x8a,0x52,0x8a,0x52,
  0x8a,0x52,0x8a,0x52,0x8a,0x52,0x8a,0x52,0x8a,0x52,0x8a,0x52,0x8a,0x52,0xaa,0x52,
  0xaa,0x52,0xaa,0x52,0x8a,0x52,0x8a,0x52,0x8a,0x4a,0x69,0x4a,0x69,0x4a,0x49,0x4a,
  0x49,0x4a,0x49,0x42,0x49,0x42,0x49,0x42,0x49,0x42,0x49,0x4a,0x49,0x4a,0x49,0x4a,
  0x49,0x4a,0x49,0x4a,0x49,0x4a,0x49,0x4a,0x49,0x4a,0x49,0x4a,0x49,0x4a,0x49,0x4a,
  0x49,0x4a,0x49,0x4a,0x49,0x4a,0x69,0x4a,0x69,0x4a,0x69,0x4a,0x69,0x4a,0x8a,0x4a,
  0x49,0x4a,0x28,0x42,0x45,0x29,0xe7,0x39,0x49,0x42,0x24,0x21,0xe7,0x39,0x08,0x42,
  0xe7,0x39,0x28,0x42,0x28,0x42,0xc3,0x18,0xa6,0x39,0x07,0x42,0x49,0x4a,0x28,0x42,
  0xe7,0x39,0xc7,0x31,0xa6,0x31,0xc7,0x39,0x08,0x3a,0x28,0x42,0x49,0x4a,0x69,0x4a,
  0x8a,0x4a,0x8a,0x4a,0x69,0x4a,0x69,0x4a,0x69,0x4a,0x69,0x4a,0x69,0x4a,0x69,0x4a,
  0x69,0x4a,0x69,0x4a,0x69,0x4a,0x69,0x4a,0x69,0x4a,0x69,0x4a,0x69,0x4a,0x69,0x4a,
  0x69,0x4a,0x69,0x4a,0x69,0x4a,0x69,0x4a,0x69,0x4a,0x69,0x4a,0x69,0x4a,0x69,0x4a,
  0x69,0x4a,0x49,0x4a,0x49,0x4a,0x49,0x4a,0x49,0x4a,0x49,0x4a,0x49,0x4a,0x49,0x4a,
  0x49,0x4a,0x49,0x4a,0x49,0x4a,0x49,0x4a,0x49,0x4a,0x49,0x4a,0x49,0x4a,0x49,0x4a,
  0x49,0x4a,0x49,0x4a,0x49,0x4a,0x49,0x4a,0x49,0x4a,0x49,0x4a,0x49,0x4a,0x49,0x4a,
  0xaa,0x52,0xaa,0x52,0xaa,0x52,0xaa,0x52,0xaa,0x52,0xaa,0x52,0xaa,0x52,0xaa,0x52,
  0xaa,0x52,0xaa,0x52,0xaa,0x52,0xaa,0x52,0xaa,0x52,0xaa,0x52,0xaa,0x52,0xaa,0x52,
  0xaa,0x52,0xaa,0x52,0xaa,0x52,0xaa,0x52,0xaa,0x52,0xaa,0x52,0xaa,0x52,0xaa,0x52,
  0xaa,0x52,0xaa,0x52,0xaa,0x52,0xaa,0x52,0xaa,0x52,0xaa,0x52,0x8a,0x52,0x8a,0x52,
  0x8a,0x52,0x8a,0x52,0x6a,0x4a,0x8a,0x4a,0x69,0x4a,0x6a,0x4a,0x6a,0x4a,0x6a,0x4a,
  0x6a,0x4a,0x6a,0x4a,0x6a,0x4a,0x6a,0x4a,0x6a,0x4a,0x4a,0x4a,0x4a,0x4a,0x49,0x42,
  0x4a,0x42,0x4a,0x42,0x4a,0x42,0x4a,0x42,0x4a,0x42,0x4a,0x42,0x4a,0x42,0x4a,0x42,
  0x4a,0x42,0x4a,0x42,0x4a,0x42,0x4a,0x42,0x4a,0x42,0x49,0x4a,0x8a,0x4a,0x8a,0x52,
  0x8a,0x52,0x8a,0x52,0x8a,0x52,0x8a,0x52,0x8a,0x52,0x8a,0x52,0x8a,0x52,0x8a,0x52,
  0x8a,0x52,0x8a,0x52,0x8a,0x52,0x8a,0x52,0x8a,0x52,0x8a,0x52,0x8a,0x52,0x8a,0x52,
  0x8a,0x52,0x8a,0x52,0x8a,0x52,0x8a,0x52,0x8a,0x52,0x8a,0x52,0x8a,0x52,0x8a,0x52,
  0x8a,0x52,0x8a,0x52,0x8a,0x52,0x8a,0x52,0x8a,0x52,0x8a,0x52,0x8a,0x52,0x8a,0x52,
  0x8a,0x52,0x8a,0x52,0x8a,0x52,0x8a,0x52,0xaa,0x52,0xaa,0x52,0xaa,0x52,0xaa,0x52,
  0x8a,0x52,0x8a,0x52,0x8a,0x4a,0x69,0x4a,0x69,0x4a,0x49,0x4a,0x49,0x4a,0x49,0x4a,
  0x49,0x4a,0x49,0x4a,0x49,0x4a,0x49,0x4a,0x49,0x4a,0x49,0x4a,0x49,0x4a,0x49,0x4a,
  0x49,0x4a,0x69,0x4a,0x69,0x4a,0x69,0x4a,0x69,0x4a,0x69,0x4a,0x69,0x4a,0x69,0x4a,
  0x49,0x42,0x28,0x42,0x65,0x29,0x07,0x3a,0x49,0x42,0x24,0x21,0xe7,0x39,0x08,0x42,
  0x07,0x42,0x28,0x42,0x49,0x42,0xe3,0x18,0xa6,0x39,0x07,0x42,0x86,0x31,0x65,0x29,
  0xa6,0x31,0xe8,0x39,0x28,0x42,0x29,0x42,0x28,0x42,0x08,0x42,0xe7,0x39,0xe7,0x39,
  0xe7,0x39,0x08,0x42,0x28,0x42,0x49,0x4a,0x69,0x4a,0x69,0x4a,0x8a,0x4a,0x69,0x4a,
  0x69,0x4a,0x69,0x4a,0x69,0x4a,0x69,0x4a,0x69,0x4a,0x69,0x4a,0x69,0x4a,0x69,0x4a,
  0x69,0x4a,0x69,0x4a,0x69,0x4a,0x69,0x4a,0x69,0x4a,0x69,0x4a,0x69,0x4a,0x69,0x4a,
  0x69,0x4a,0x49,0x4a,0x49,0x4a,0x49,0x4a,0x49,0x4a,0x49,0x4a,0x49,0x4a,0x49,0x4a,
  0x49,0x4a,0x49,0x4a,0x49,0x4a,0x49,0x4a,0x49,0x4a,0x49,0x4a,0x49,0x4a,0x49,0x4a,
  0x49,0x4a,0x49,0x4a,0x49,0x4a,0x49,0x4a,0x49,0x4a,0x49,0x4a,0x49,0x4a,0x49,0x4a,
  0xaa,0x52,0xaa,0x52,0xaa,0x52,0x8a,0x52,0xaa,0x52,0xaa,0x52,0xaa,0x52,0xaa,0x52,
  0xaa,0x52,0xaa,0x52,0xaa,0x52,0xaa,0x52,0xaa,0x52,0xaa,0x52,0xaa,0x52,0xaa,0x52,
  0xaa,0x52,0xaa,0x52,0xaa,0x52,0xaa,0x52,0xaa,0x52,0xaa,0x52,0xaa,0x52,0xaa,0x52,
  0xaa,0x52,0xaa,0x52,0xaa,0x52,0xaa,0x52,0xaa,0x52,0x6a,0x4a,0x4a,0x4a,0x6a,0x4a,
  0x49,0x4a,0x6a,0x4a,0x49,0x42,0x6a,0x4a,0x6a,0x4a,0x6a,0x4a,0x4a,0x4a,0x6a,0x4a,
  0x4a,0x4a,0x49,0x4a,0x69,0x4a,0x49,0x4a,0x4a,0x4a,0x4a,0x4a,0x4a,0x4a,0x4a,0x42,
  0x49,0x42,0x49,0x42,0x4a,0x42,0x4a,0x42,0x4a,0x42,0x4a,0x42,0x4a,0x42,0x4a,0x42,
  0x4a,0x42,0x4a,0x42,0x49,0x42,0x4a,0x42,0x4a,0x42,0x49,0x42,0x4a,0x42,0x6a,0x4a,
  0x8a,0x4a,0x8a,0x4a,0x8a,0x52,0x8a,0x52,0x8a,0x52,0x8a,0x52,0x8a,0x52,0x8a,0x52,
  0x8a,0x52,0x8a,0x52,0x8a,0x52,0x8a,0x52,0x8a,0x52,0x8a,0x52,0x8a,0x52,0x8a,0x52,
  0x8a,0x52,0x8a,0x52,0x8a,0x52,0x8a,0x52,0x8a,0x52,0x8a,0x52,0x8a,0x52,0x8a,0x52,
  0x8a,0x52,0x8a,0x52,0x8a,0x52,0x8a,0x52,0x8a,0x52,0x8a,0x52,0x8a,0x52,0x8a,0x52,
  0x8a,0x52,0x8a,0x52,0x8a,0x52,0x8a,0x52,0x8a,0x52,0x8a,0x52,0x8a,0x52,0x8a,0x52,
  0x8a,0x52,0x8a,0x52,0x8a,0x52,0xaa,0x52,0x8a,0x52,0x8a,0x52,0x8a,0x52,0x8a,0x52,
  0x8a,0x4a,0x6a,0x4a,0x69,0x4a,0x49,0x4a,0x49,0x4a,0x49,0x4a,0x49,0x4a,0x49,0x4a,
  0x49,0x4a,0x49,0x4a,0x49,0x4a,0x49,0x4a,0x69,0x4a,0x69,0x4a,0x69,0x4a,0x8a,0x4a,
  0x49,0x42,0x28,0x42,0x86,0x29,0x08,0x3a,0x28,0x42,0x24,0x21,0xe7,0x39,0x08,0x42,
  0x07,0x42,0x49,0x42,0x49,0x4a,0x04,0x21,0xc7,0x39,0x07,0x42,0x49,0x4a,0xe8,0x39,
  0xa6,0x31,0x65,0x29,0x45,0x29,0x65,0x29,0x86,0x31,0xc7,0x39,0x08,0x42,0x29,0x42,
  0x49,0x4a,0x29,0x42,0x08,0x42,0xe8,0x39,0xe7,0x39,0xe7,0x39,0x08,0x42,0x28,0x42,
  0x49,0x4a,0x69,0x4a,0x69,0x4a,0x69,0x4a,0x69,0x4a,0x69,0x4a,0x69,0x4a,0x69,0x4a,
  0x69,0x4a,0x69,0x4a,0x69,0x4a,0x69,0x4a,0x69,0x4a,0x69,0x4a,0x69,0x4a,0x69,0x4a,
  0x69,0x4a,0x49,0x4a,0x49,0x4a,0x49,0x4a,0x49,0x4a,0x49,0x4a,0x49,0x4a,0x49,0x4a,
  0x49,0x4a,0x49,0x4a,0x49,0x4a,0x49,0x4a,0x49,0x4a,0x49,0x4a,0x49,0x4a,0x49,0x4a,
  0x49,0x4a,0x49,0x4a,0x49,0x4a,0x49,0x4a,0x49,0x4a,0x49,0x4a,0x49,0x4a,0x49,0x4a,
  0x4a,0x4a,0x6a,0x4a,0xaa,0x52,0xaa,0x52,0x8a,0x52,0xaa,0x52,0xaa,0x52,0x8a,0x52,
  0x8a,0x52,0x8a,0x52,0x8a,0x52,0x8a,0x52,0x8a,0x52,0x8a,0x52,0x8a,0x52,0x8a,0x52,
  0x8a,0x52,0xaa,0x52,0x8a,0x52,0x8a,0x52,0x8a,0x52,0x8a,0x52,0x8a,0x52,0xaa,0x52,
  0x8a,0x52,0xaa,0x52,0xaa,0x52,0x8a,0x52,0x6a,0x4a,0x49,0x4a,0x4a,0x4a,0x4a,0x4a,
  0x49,0x4a,0x6a,0x4a,0x6a,0x4a,0x6a,0x4a,0x49,0x4a,0x49,0x4a,0x6a,0x4a,0x6a,0x4a,
  0x6a,0x4a,0x6a,0x4a,0x6a,0x4a,0x49,0x4a,0x4a,0x4a,0x49,0x4a,0x4a,0x4a,0x49,0x42,
  0x49,0x42,0x49,0x42,0x49,0x42,0x49,0x42,0x49,0x42,0x4a,0x42,0x4a,0x42,0x49,0x42,
  0x49,0x42,0x4a,0x42,0x4a,0x42,0x49,0x42,0x49,0x42,0x4a,0x42,0x2a,0x42,0x49,0x42,
  0x49,0x42,0x49,0x42,0x49,0x42,0x6a,0x4a,0x8a,0x52,0x8a,0x52,0x8a,0x52,0x8a,0x52,
  0x8a,0x52,0x8a,0x52,0x8a,0x52,0x8a,0x52,0x8a,0x52,0x8a,0x52,0x8a,0x52,0x8a,0x52,
  0x8a,0x52,0x8a,0x52,0x8a,0x52,0x8a,0x52,0x8a,0x52,0x8a,0x52,0x8a,0x52,0x8a,0x52,
  0x8a,0x52,0x8a,0x52,0x8a,0x52,0x8a,0x52,0x8a,0x52,0x8a,0x52,0x8a,0x52,0x8a,0x52,
  0x8a,0x52,0x8a,0x52,0x8a,0x52,0x8a,0x52,0x8a,0x52,0x8a,0x52,0x8a,0x52,0x8a,0x52,
  0x8a,0x52,0x8a,0x52,0x8a,0x52,0x8a,0x52,0x8a,0x52,0x8a,0x52,0x8a,0x52,0x8a,0x52,
  0x8a,0x52,0xaa,0x52,0xaa,0x52,0x8a,0x52,0x8a,0x52,0x8a,0x52,0x8a,0x4a,0x6a,0x4a,
  0x69,0x4a,0x69,0x4a,0x49,0x4a,0x49,0x4a,0x49,0x4a,0x49,0x4a,0x49,0x4a,0x69,0x4a,
  0x49,0x42,0x28,0x42,0x86,0x31,0x08,0x3a,0x28,0x42,0x24,0x21,0xe7,0x39,0x08,0x42,
  0x07,0x42,0x49,0x4a,0x49,0x42,0x24,0x21,0xe7,0x39,0xe7,0x39,0x8a,0x4a,0x8a,0x4a,
  0x8a,0x52,0x8a,0x52,0x8a,0x4a,0x49,0x4a,0x08,0x42,0xa7,0x31,0x66,0x29,0x45,0x29,
  0x65,0x29,0x86,0x29,0xc7,0x31,0x08,0x3a,0x28,0x42,0x49,0x4a,0x49,0x42,0x28,0x42,
  0x08,0x3a,0xe7,0x39,0xe7,0x39,0x08,0x42,0x28,0x42,0x49,0x4a,0x69,0x4a,0x69,0x4a,
  0x69,0x4a,0x69,0x4a,0x69,0x4a,0x69,0x4a,0x69,0x4a,0x69,0x4a,0x69,0x4a,0x49,0x4a,
  0x49,0x4a,0x49,0x4a,0x49,0x4a,0x49,0x4a,0x49,0x4a,0x49,0x4a,0x49,0x4a,0x49,0x4a,
  0x49,0x4a,0x49,0x4a,0x49,0x4a,0x49,0x4a,0x49,0x4a,0x49,0x4a,0x49,0x4a,0x49,0x4a,
  0x49,0x4a,0x49,0x4a,0x49,0x4a,0x49,0x4a,0x49,0x4a,0x49,0x4a,0x49,0x4a,0x49,0x4a,
  0x4a,0x4a,0x49,0x4a,0x6a,0x4a,0xaa,0x52,0xaa,0x52,0xaa,0x52,0xaa,0x52,0xaa,0x52,
  0xaa,0x52,0xaa,0x52,0xaa,0x52,0xaa,0x52,0xaa,0x52,0xaa,0x52,0xaa,0x52,0xaa,0x52,
  0xaa,0x52,0xaa,0x52,0xaa,0x52,0xaa,0x52,0xaa,0x52,0xaa,0x52,0xaa,0x52,0xaa,0x52,
  0xaa,0x52,0xaa,0x52,0x8a,0x52,0x6a,0x4a,0x49,0x4a,0x6a,0x4a,0x6a,0x4a,0x6a,0x4a,
  0x6a,0x4a,0x6a,0x4a,0x49,0x4a,0x4a,0x4a,0x4a,0x4a,0x4a,0x42,0x4a,0x4a,0x4a,0x42,
  0x49,0x42,0x49,0x42,0x49,0x42,0x49,0x4a,0x49,0x4a,0x49,0x4a,0x49,0x4a,0x49,0x42,
  0x49,0x42,0x4a,0x42,0x49,0x42,0x49,0x42,0x49,0x42,0x49,0x42,0x49,0x42,0x49,0x42,
  0x4a,0x42,0x4a,0x42,0x49,0x42,0x49,0x42,0x4a,0x42,0x4a,0x42,0x2a,0x42,0x4a,0x42,
  0x49,0x42,0x4a,0x42,0x49,0x42,0x29,0x42,0x4a,0x4a,0x8a,0x52,0x8a,0x52,0x8a,0x52,
  0x8a,0x52,0x8a,0x52,0x8a,0x52,0x8a,0x52,0x8a,0x52,0x8a,0x52,0x8a,0x52,0x8a,0x52,
  0x8a,0x52,0x8a,0x52,0x8a,0x52,0x8a,0x52,0x8a,0x52,0x8a,0x52,0x8a,0x52,0x8a,0x52,
  0x8a,0x52,0x8a,0x52,0x8a,0x52,0x8a,0x52,0x8a,0x52,0x8a,0x52,0x8a,0x52,0x8a,0x52,
  0x8a,0x52,0x8a,0x52,0x8a,0x52,0x8a,0x52,0x8a,0x52,0x8a,0x52,0x8a,0x52,0x8a,0x52,
  0x8a,0x52,0x8a,0x52,0x8a,0x52,0x8a,0x52,0x8a,0x52,0x8a,0x52,0x8a,0x52,0x8a,0x52,
  0x8a,0x52,0x8a,0x52,0x8a,0x52,0x8a,0x52,0x8a,0x52,0x8a,0x52,0xaa,0x52,0xaa,0x52,
  0xaa,0x52,0x8a,0x52,0x8a,0x52,0x8a,0x52,0x8a,0x4a,0x6a,0x4a,0x69,0x4a,0x69,0x4a,
  0x49,0x42,0x28,0x42,0x86,0x31,0x08,0x3a,0x28,0x42,0x25,0x21,0xe7,0x39,0x07,0x42,
  0x08,0x42,0x49,0x4a,0x49,0x42,0x24,0x21,0xe7,0x39,0xe7,0x39,0x6a,0x4a,0x49,0x4a,
  0x49,0x4a,0x49,0x4a,0x49,0x4a,0x69,0x4a,0x69,0x4a,0x8a,0x52,0x8a,0x52,0x8a,0x4a,
  0x49,0x4a,0x08,0x42,0xc7,0x31,0x66,0x29,0x65,0x29,0x65,0x29,0x66,0x29,0xa7,0x31,
  0xe7,0x39,0x08,0x42,0x28,0x42,0x28,0x42,0x08,0x42,0x08,0x3a,0xe7,0x39,0xe7,0x39,
  0x08,0x42,0x28,0x42,0x49,0x4a,0x49,0x4a,0x69,0x4a,0x69,0x4a,0x69,0x4a,0x69,0x4a,
  0x49,0x4a,0x49,0x4a,0x49,0x4a,0x49,0x4a,0x49,0x4a,0x49,0x4a,0x49,0x4a,0x49,0x4a,
  0x49,0x4a,0x49,0x4a,0x49,0x4a,0x49,0x4a,0x49,0x4a,0x69,0x4a,0x69,0x4a,0x49,0x4a,
  0x49,0x4a,0x49,0x4a,0x49,0x4a,0x49,0x4a,0x49,0x4a,0x49,0x4a,0x49,0x4a,0x49,0x4a,
  0x6a,0x4a,0x6a,0x4a,0x4a,0x4a,0x6a,0x4a,0x8a,0x52,0x8a,0x4a,0x6a,0x4a,0x6a,0x4a,
  0x6a,0x4a,0x6a,0x4a,0x6a,0x4a,0x6a,0x4a,0x6a,0x4a,0x6a,0x4a,0x6a,0x4a,0x69,0x4a,
  0x49,0x4a,0x6a,0x4a,0x6a,0x4a,0x6a,0x4a,0x6a,0x4a,0x8a,0x4a,0x8a,0x4a,0x8a,0x4a,
  0x8a,0x4a,0x6a,0x4a,0x49,0x4a,0x4a,0x4a,0x6a,0x4a,0x6a,0x4a,0x4a,0x4a,0x4a,0x4a,
  0x6a,0x4a,0x49,0x4a,0x49,0x42,0x49,0x42,0x49,0x42,0x29,0x42,0x29,0x42,0x29,0x42,
  0x29,0x42,0x29,0x42,0x49,0x42,0x49,0x4a,0x49,0x4a,0x49,0x4a,0x49,0x4a,0x4a,0x4a,
  0x49,0x42,0x49,0x42,0x49,0x42,0x49,0x42,0x49,0x42,0x49,0x42,0x29,0x42,0x49,0x42,
  0x49,0x42,0x4a,0x42,0x49,0x42,0x49,0x42,0x49,0x42,0x29,0x42,0x29,0x42,0x49,0x42,
  0x4a,0x42,0x49,0x42,0x29,0x42,0x29,0x42,0x29,0x42,0x49,0x42,0x6a,0x4a,0x8a,0x4a,
  0x8a,0x4a,0x8a,0x52,0x8a,0x52,0x8a,0x4a,0x8a,0x52,0x8a,0x52,0x8a,0x52,0x8a,0x52,
  0x8a,0x4a,0x8a,0x4a,0x8a,0x52,0x8a,0x52,0x8a,0x52,0x8a,0x52,0x8a,0x52,0x8a,0x52,
  0x8a,0x52,0x8a,0x52,0x8a,0x52,0x8a,0x52,0x8a,0x52,0x8a,0x52,0x8a,0x52,0x8a,0x52,
  0x8a,0x52,0x8a,0x52,0x8a,0x52,0x8a,0x52,0x8a,0x52,0x8a,0x52,0x8a,0x52,0x8a,0x52,
  0x8a,0x52,0x8a,0x52,0x8a,0x52,0x8a,0x52,0x8a,0x52,0x8a,0x52,0x8a,0x52,0x8a,0x52,
  0x8a,0x52,0x8a,0x52,0x8a,0x52,0x8a,0x52,0x8a,0x52,0x8a,0x52,0x8a,0x52,0x8a,0x52,
  0x8a,0x52,0x8a,0x52,0x8a,0x52,0x8a,0x52,0xaa,0x52,0xaa,0x52,0xaa,0x52,0xaa,0x52,
  0x49,0x4a,0x28,0x42,0xa6,0x31,0x08,0x42,0x28,0x42,0x45,0x21,0xe7,0x39,0xe7,0x39,
  0x08,0x42,0x49,0x4a,0x49,0x4a,0x24,0x21,0xc7,0x39,0xe7,0x39,0x6a,0x4a,0x69,0x4a,
  0x69,0x4a,0x49,0x4a,0x49,0x4a,0x49,0x4a,0x49,0x4a,0x49,0x4a,0x49,0x4a,0x49,0x4a,
  0x49,0x4a,0x69,0x4a,0x8a,0x4a,0x8a,0x52,0x8a,0x4a,0x69,0x4a,0x28,0x42,0xc7,0x39,
  0x86,0x31,0x65,0x29,0x45,0x29,0x65,0x29,0xa6,0x31,0xe7,0x39,0x08,0x42,0x28,0x42,
  0x28,0x42,0x08,0x42,0x08,0x42,0xe7,0x39,0xe7,0x39,0x08,0x3a,0x08,0x42,0x49,0x42,
  0x49,0x4a,0x69,0x4a,0x69,0x4a,0x69,0x4a,0x69,0x4a,0x49,0x4a,0x49,0x4a,0x49,0x4a,
  0x49,0x4a,0x49,0x4a,0x49,0x4a,0x49,0x4a,0x49,0x4a,0x69,0x4a,0x69,0x4a,0x49,0x4a,
  0x49,0x4a,0x49,0x4a,0x49,0x4a,0x49,0x4a,0x49,0x4a,0x49,0x4a,0x49,0x4a,0x49,0x4a,
  0x6a,0x4a,0x49,0x42,0x4a,0x42,0x09,0x3a,0x09,0x3a,0x29,0x3a,0x09,0x3a,0x09,0x3a,
  0x09,0x3a,0x09,0x3a,0x09,0x3a,0x09,0x3a,0x09,0x3a,0x09,0x3a,0x09,0x3a,0x09,0x3a,
  0x09,0x3a,0x09,0x3a,0x09,0x3a,0x09,0x3a,0x09,0x3a,0x09,0x3a,0x09,0x3a,0x29,0x3a,
  0x29,0x3a,0x09,0x3a,0x29,0x3a,0x29,0x3a,0x29,0x3a,0x29,0x3a,0x29,0x3a,0x29,0x42,
  0x2a,0x42,0x49,0x42,0x49,0x42,0x49,0x42,0x49,0x42,0x49,0x42,0x49,0x42,0x29,0x42,
  0x29,0x42,0x29,0x42,0x29,0x42,0x29,0x42,0x49,0x42,0x49,0x42,0x49,0x42,0x4a,0x42,
  0x49,0x42,0x49,0x42,0x49,0x42,0x49,0x42,0x49,0x42,0x29,0x42,0x29,0x42,0x29,0x42,
  0x29,0x42,0x49,0x42,0x49,0x42,0x49,0x42,0x49,0x42,0x49,0x42,0x4a,0x42,0x49,0x42,
  0x49,0x42,0x29,0x42,0x29,0x42,0x29,0x42,0x29,0x42,0x29,0x42,0x29,0x42,0x4a,0x42,
  0x4a,0x42,0x49,0x42,0x8a,0x4a,0x8a,0x52,0x8a,0x52,0x8a,0x4a,0x8a,0x52,0x8a,0x52,
  0x8a,0x52,0x8a,0x52,0x8a,0x4a,0x8a,0x4a,0x8a,0x4a,0x8a,0x4a,0x8a,0x52,0x8a,0x52,
  0x8a,0x52,0x8a,0x52,0x8a,0x52,0x8a,0x52,0x8a,0x52,0x8a,0x52,0x8a,0x52,0x8a,0x52,
  0x8a,0x52,0x8a,0x52,0x8a,0x52,0x8a,0x52,0x8a,0x52,0x8a,0x52,0x8a,0x52,0x8a,0x52,
  0x8a,0x52,0x8a,0x52,0x8a,0x52,0x8a,0x52,0x8a,0x52,0x8a,0x52,0x8a,0x52,0x8a,0x52,
  0x8a,0x52,0x8a,0x52,0x8a,0x52,0x8a,0x52,0x8a,0x52,0x8a,0x52,0x8a,0x52,0x8a,0x52,
  0x8a,0x52,0x8a,0x52,0x8a,0x52,0x8a,0x52,0x8a,0x52,0x8a,0x52,0x8a,0x52,0xaa,0x52,
  0x49,0x42,0x28,0x42,0xa6,0x31,0x08,0x42,0x28,0x42,0x45,0x21,0xe7,0x39,0xe7,0x39,
  0xe7,0x39,0x49,0x4a,0x49,0x4a,0x25,0x21,0xc7,0x39,0xe7,0x39,0x69,0x4a,0x49,0x4a,
  0x49,0x4a,0x49,0x4a,0x49,0x4a,0x49,0x4a,0x49,0x4a,0x49,0x4a,0x49,0x4a,0x49,0x4a,
  0x49,0x4a,0x49,0x4a,0x49,0x4a,0x49,0x4a,0x49,0x4a,0x49,0x4a,0x69,0x4a,0x6a,0x4a,
  0x8a,0x52,0x8a,0x4a,0x69,0x4a,0x28,0x42,0xe7,0x39,0xa6,0x31,0x66,0x29,0x65,0x29,
  0x65,0x29,0x86,0x31,0xc7,0x39,0x08,0x3a,0x28,0x42,0x28,0x42,0x28,0x42,0x08,0x3a,
  0xe7,0x39,0xe7,0x39,0x07,0x3a,0x08,0x42,0x28,0x42,0x49,0x4a,0x69,0x4a,0x69,0x4a,
  0x69,0x4a,0x69,0x4a,0x49,0x4a,0x49,0x4a,0x49,0x4a,0x49,0x4a,0x49,0x4a,0x49,0x4a,
  0x49,0x4a,0x49,0x4a,0x49,0x4a,0x49,0x4a,0x49,0x4a,0x49,0x4a,0x49,0x4a,0x49,0x4a,
  0x29,0x3a,0x09,0x3a,0x09,0x3a,0x09,0x3a,0x09,0x3a,0x09,0x3a,0x09,0x3a,0x29,0x3a,
  0x29,0x3a,0x09,0x3a,0x09,0x3a,0x09,0x3a,0x29,0x3a,0x29,0x3a,0x09,0x3a,0x29,0x3a,
  0x29,0x3a,0x29,0x3a,0x29,0x3a,0x29,0x3a,0x29,0x3a,0x29,0x3a,0x29,0x3a,0x29,0x3a,
  0x29,0x3a,0x09,0x3a,0x09,0x3a,0x09,0x3a,0x09,0x3a,0x29,0x3a,0x09,0x3a,0x09,0x3a,
  0x09,0x3a,0x09,0x3a,0x29,0x3a,0x29,0x3a,0x29,0x42,0x49,0x42,0x49,0x42,0x49,0x42,
  0x49,0x42,0x29,0x42,0x29,0x42,0x29,0x42,0x29,0x42,0x29,0x42,0x29,0x42,0x29,0x42,
  0x49,0x42,0x49,0x42,0x49,0x42,0x29,0x42,0x29,0x42,0x29,0x42,0x29,0x42,0x29,0x42,
  0x29,0x42,0x29,0x42,0x49,0x42,0x49,0x42,0x49,0x42,0x4a,0x42,0x49,0x42,0x29,0x42,
  0x29,0x42,0x29,0x42,0x29,0x42,0x29,0x42,0x29,0x42,0x29,0x42,0x29,0x42,0x4a,0x42,
  0x4a,0x42,0x29,0x42,0x49,0x42,0x6a,0x4a,0x8a,0x4a,0x8a,0x52,0x8a,0x4a,0x8a,0x4a,
  0x8a,0x4a,0x8a,0x4a,0x8a,0x4a,0x8a,0x4a,0x8a,0x4a,0x8a,0x4a,0x8a,0x52,0x8a,0x52,
  0x8a,0x52,0x8a,0x52,0x8a,0x52,0x8a,0x4a,0x8a,0x4a,0x8a,0x4a,0x8a,0x4a,0x8a,0x52,
  0x8a,0x52,0x8a,0x52,0x8a,0x52,0x8a,0x52,0x8a,0x52,0x8a,0x52,0x8a,0x52,0x8a,0x52,
  0x8a,0x52,0x8a,0x52,0x8a,0x52,0x8a,0x52,0x8a,0x52,0x8a,0x52,0x8a,0x52,0x8a,0x4a,
  0x8a,0x4a,0x8a,0x52,0x8a,0x52,0x8a,0x52,0x8a,0x52,0x8a,0x52,0x8a,0x52,0x8a,0x52,
  0x8a,0x52,0x8a,0x52,0x8a,0x52,0x8a,0x52,0x8a,0x52,0x8a,0x52,0x8a,0x52,0xaa,0x52,
  0x49,0x42,0x28,0x42,0xa6,0x31,0x08,0x42,0x28,0x42,0x45,0x29,0xe7,0x39,0xe7,0x39,
  0xe7,0x39,0x49,0x4a,0x49,0x4a,0x25,0x21,0xc7,0x39,0xe7,0x39,0x8a,0x52,0x69,0x4a,
  0x69,0x4a,0x49,0x4a,0x49,0x4a,0x49,0x4a,0x49,0x4a,0x49,0x4a,0x49,0x4a,0x49,0x4a,
  0x49,0x4a,0x49,0x4a,0x49,0x4a,0x49,0x4a,0x49,0x4a,0x49,0x4a,0x49,0x4a,0x49,0x4a,
  0x49,0x4a,0x49,0x4a,0x49,0x4a,0x69,0x4a,0x6a,0x4a,0x8a,0x4a,0x8a,0x4a,0x69,0x4a,
  0x49,0x4a,0x08,0x42,0xa7,0x31,0x86,0x31,0x65,0x29,0x65,0x29,0x86,0x31,0xc7,0x39,
  0x08,0x42,0x28,0x42,0x28,0x42,0x08,0x42,0x08,0x42,0xe7,0x39,0xe7,0x39,0x08,0x42,
  0x28,0x42,0x49,0x4a,0x69,0x4a,0x69,0x4a,0x69,0x4a,0x69,0x4a,0x69,0x4a,0x69,0x4a,
  0x49,0x4a,0x49,0x4a,0x49,0x4a,0x49,0x4a,0x49,0x4a,0x49,0x4a,0x49,0x4a,0x49,0x4a,
  0x09,0x3a,0x09,0x3a,0x09,0x3a,0x29,0x3a,0x09,0x3a,0x09,0x3a,0x09,0x3a,0x09,0x3a,
  0x09,0x3a,0x09,0x3a,0x09,0x3a,0x09,0x3a,0x09,0x3a,0x09,0x3a,0x09,0x3a,0x09,0x3a,
  0x09,0x3a,0x09,0x3a,0x09,0x3a,0x09,0x3a,0x09,0x3a,0x09,0x3a,0x09,0x3a,0x09,0x3a,
  0x09,0x3a,0x09,0x3a,0x09,0x3a,0x09,0x3a,0x09,0x3a,0x09,0x3a,0x09,0x3a,0x09,0x3a,
  0x09,0x3a,0x09,0x3a,0x09,0x3a,0x09,0x3a,0x09,0x3a,0x09,0x3a,0x09,0x3a,0x29,0x42,
  0x49,0x42,0x29,0x42,0x29,0x42,0x29,0x42,0x29,0x42,0x49,0x42,0x29,0x42,0x29,0x42,
  0x29,0x42,0x49,0x42,0x49,0x42,0x29,0x42,0x29,0x42,0x29,0x42,0x29,0x42,0x29,0x42,
  0x29,0x42,0x29,0x42,0x49,0x42,0x29,0x42,0x29,0x42,0x49,0x42,0x4a,0x42,0x4a,0x42,
  0x29,0x42,0x29,0x42,0x29,0x42,0x4a,0x42,0x29,0x42,0x49,0x42,0x49,0x42,0x29,0x42,
  0x29,0x42,0x29,0x42,0x29,0x42,0x29,0x42,0x6a,0x4a,0x8a,0x4a,0x8a,0x4a,0x8a,0x4a,
  0x8a,0x4a,0x8a,0x4a,0x8a,0x4a,0x8a,0x4a,0x8a,0x52,0x8a,0x52,0x8a,0x52,0x8a,0x52,
  0x8a,0x4a,0x8a,0x4a,0x8a,0x4a,0x8a,0x4a,0x8a,0x4a,0x8a,0x4a,0x8a,0x4a,0x8a,0x4a,
  0x8a,0x4a,0x8a,0x52,0x8a,0x52,0x8a,0x52,0x8a,0x52,0x8a,0x52,0x8a,0x52,0x8a,0x52,
  0x8a,0x52,0x8a,0x52,0x8a,0x52,0x8a,0x52,0x8a,0x52,0x8a,0x4a,0x8a,0x52,0x8a,0x4a,
  0x8a,0x4a,0x8a,0x4a,0x8a,0x4a,0x8a,0x4a,0x8a,0x4a,0x8a,0x4a,0x8a,0x4a,0x8a,0x52,
  0x8a,0x52,0x8a,0x52,0x8a,0x52,0x8a,0x52,0x8a,0x52,0x8a,0x52,0x8a,0x52,0xaa,0x52,
  0x49,0x42,0x28,0x42,0x86,0x31,0x08,0x42,0x28,0x42,0x45,0x29,0xe7,0x39,0xe7,0x39,
  0xe7,0x39,0x49,0x4a,0x49,0x4a,0x25,0x21,0xc7,0x39,0xe7,0x39,0xaa,0x52,0x8a,0x52,
  0xaa,0x52,0x8a,0x52,0x8a,0x52,0x8a,0x4a,0x6a,0x4a,0x69,0x4a,0x49,0x4a,0x49,0x4a,
  0x49,0x4a,0x49,0x4a,0x49,0x42,0x49,0x4a,0x49,0x4a,0x49,0x4a,0x49,0x4a,0x49,0x4a,
  0x49,0x4a,0x49,0x4a,0x49,0x4a,0x49,0x4a,0x49,0x4a,0x49,0x4a,0x49,0x4a,0x49,0x4a,
  0x49,0x4a,0x69,0x4a,0x8a,0x4a,0x8a,0x52,0x69,0x4a,0x49,0x42,0xe8,0x39,0xa6,0x31,
  0x66,0x29,0x45,0x29,0x65,0x29,0x86,0x29,0xc7,0x39,0x08,0x3a,0x28,0x42,0x28,0x42,
  0x08,0x42,0x08,0x3a,0xe7,0x39,0xe7,0x39,0xe7,0x39,0x28,0x42,0x49,0x4a,0x49,0x4a,
  0x69,0x4a,0x69,0x4a,0x69,0x4a,0x69,0x4a,0x49,0x4a,0x49,0x4a,0x49,0x4a,0x49,0x4a,
  0x09,0x3a,0x09,0x3a,0x09,0x3a,0x09,0x3a,0x09,0x3a,0x09,0x3a,0x09,0x3a,0x09,0x3a,
  0x09,0x3a,0x09,0x3a,0x09,0x3a,0x09,0x3a,0x09,0x3a,0x09,0x3a,0x09,0x3a,0x09,0x3a,
  0x09,0x3a,0x09,0x3a,0x09,0x3a,0x09,0x3a,0x09,0x3a,0x09,0x3a,0x09,0x3a,0x09,0x3a,
  0x09,0x3a,0x09,0x3a,0x09,0x3a,0x09,0x3a,0x09,0x3a,0x09,0x3a,0x09,0x3a,0x09,0x3a,
  0x09,0x3a,0x09,0x3a,0x09,0x3a,0x09,0x3a,0x09,0x3a,0x09,0x3a,0x09,0x3a,0x09,0x3a,
  0x09,0x3a,0x09,0x3a,0x09,0x3a,0x29,0x3a,0x29,0x3a,0x29,0x3a,0x29,0x42,0x29,0x42,
  0x29,0x42,0x29,0x42,0x49,0x42,0x29,0x42,0x29,0x42,0x29,0x42,0x29,0x42,0x29,0x42,
  0x29,0x42,0x29,0x42,0x49,0x42,0x29,0x42,0x29,0x42,0x29,0x42,0x29,0x42,0x4a,0x42,
  0x49,0x42,0x29,0x42,0x29,0x42,0x29,0x42,0x29,0x42,0x4a,0x42,0x49,0x42,0x29,0x42,
  0x29,0x42,0x29,0x42,0x2a,0x42,0x29,0x42,0x4a,0x42,0x49,0x42,0x49,0x42,0x8a,0x4a,
  0x8a,0x4a,0x8a,0x4a,0x8a,0x4a,0x8a,0x4a,0x8a,0x4a,0x8a,0x4a,0x8a,0x4a,0x8a,0x4a,
  0x8a,0x4a,0x8a,0x4a,0x8a,0x4a,0x8a,0x4a,0x8a,0x4a,0x8a,0x4a,0x8a,0x4a,0x8a,0x4a,
  0x8a,0x4a,0x8a,0x52,0x8a,0x52,0x8a,0x52,0x8a,0x52,0x8a,0x52,0x8a,0x52,0x8a,0x52,
  0x8a,0x52,0x8a,0x52,0x8a,0x52,0x8a,0x4a,0x8a,0x4a,0x8a,0x4a,0x8a,0x4a,0x8a,0x4a,
  0x8a,0x4a,0x8a,0x4a,0x8a,0x4a,0x8a,0x4a,0x8a,0x4a,0x8a,0x4a,0x8a,0x4a,0x8a,0x4a,
  0x8a,0x4a,0x8a,0x4a,0x8a,0x52,0x8a,0x52,0x8a,0x52,0x8a,0x52,0x8a,0x52,0xaa,0x52,
  0x49,0x42,0x28,0x42,0x86,0x31,0x08,0x42,0x28,0x42,0x45,0x29,0xe7,0x39,0xc7,0x39,
  0xe7,0x39,0x49,0x4a,0x49,0x4a,0x25,0x21,0xc7,0x39,0xe7,0x39,0x8a,0x52,0x8a,0x52,
  0x8a,0x52,0x8a,0x52,0x8a,0x52,0x8a,0x52,0x8a,0x52,0x8a,0x52,0x8a,0x52,0x8a,0x52,
  0x8a,0x4a,0x8a,0x4a,0x6a,0x4a,0x69,0x4a,0x49,0x4a,0x49,0x4a,0x49,0x42,0x49,0x42,
  0x49,0x42,0x49,0x42,0x49,0x4a,0x49,0x4a,0x49,0x4a,0x49,0x4a,0x49,0x4a,0x49,0x4a,
  0x49,0x4a,0x49,0x4a,0x49,0x4a,0x49,0x4a,0x49,0x4a,0x49,0x4a,0x69,0x4a,0x8a,0x4a,
  0x8a,0x4a,0x69,0x4a,0x29,0x42,0xe8,0x39,0xa7,0x31,0x86,0x31,0x65,0x29,0x65,0x29,
  0x86,0x31,0xc7,0x31,0xe7,0x39,0x08,0x42,0x28,0x42,0x08,0x42,0xe7,0x39,0xe7,0x39,
  0xe7,0x39,0xe7,0x39,0x08,0x42,0x28,0x42,0x49,0x4a,0x69,0x4a,0x69,0x4a,0x69,0x4a,
  0x09,0x3a,0x09,0x3a,0x09,0x3a,0x09,0x3a,0x09,0x3a,0x09,0x3a,0x09,0x3a,0x09,0x3a,
  0x09,0x3a,0x09,0x3a,0x09,0x3a,0x09,0x3a,0x09,0x3a,0x09,0x3a,0x09,0x3a,0x09,0x3a,
  0x09,0x3a,0x09,0x3a,0x09,0x3a,0x09,0x3a,0x09,0x3a,0x09,0x3a,0x09,0x3a,0x09,0x3a,
  0x09,0x3a,0x09,0x3a,0x09,0x3a,0x09,0x3a,0x09,0x3a,0x09,0x3a,0x09,0x3a,0x09,0x3a,
  0x09,0x3a,0x09,0x3a,0x09,0x3a,0x09,0x3a,0x09,0x3a,0x09,0x3a,0x09,0x3a,0x09,0x3a,
  0x09,0x3a,0x09,0x3a,0x09,0x3a,0x09,0x3a,0x09,0x3a,0x09,0x3a,0x09,0x3a,0x09,0x3a,
  0x29,0x3a,0x29,0x3a,0x29,0x42,0x29,0x42,0x29,0x42,0x29,0x42,0x29,0x42,0x29,0x42,
  0x29,0x42,0x29,0x42,0x29,0x42,0x29,0x42,0x49,0x42,0x29,0x42,0x29,0x42,0x49,0x42,
  0x49,0x42,0x29,0x42,0x29,0x42,0x29,0x3a,0x29,0x42,0x4a,0x42,0x4a,0x42,0x49,0x42,
  0x29,0x42,0x29,0x42,0x29,0x42,0x29,0x42,0x29,0x42,0x2a,0x42,0x29,0x42,0x29,0x42,
  0x6a,0x4a,0x8a,0x4a,0x8a,0x4a,0x8a,0x4a,0x8a,0x4a,0x8a,0x4a,0x8a,0x4a,0x8a,0x4a,
  0x8a,0x4a,0x8a,0x4a,0x8a,0x4a,0x8a,0x4a,0x8a,0x4a,0x8a,0x4a,0x8a,0x4a,0x8a,0x4a,
  0x8a,0x4a,0x8a,0x4a,0x8a,0x4a,0x8a,0x4a,0x8a,0x4a,0x8a,0x4a,0x8a,0x4a,0x8a,0x52,
  0x8a,0x52,0x8a,0x52,0x8a,0x52,0x8a,0x52,0x8a,0x4a,0x8a,0x52,0x8a,0x52,0x8a,0x52,
  0x8a,0x52,0x8a,0x4a,0x8a,0x52,0x8a,0x4a,0x8a,0x4a,0x8a,0x4a,0x8a,0x52,0x8a,0x52,
  0x8a,0x4a,0x8a,0x4a,0x8a,0x4a,0x8a,0x4a,0x8a,0x4a,0x8a,0x4a,0x8a,0x4a,0x8a,0x52,
  0x49,0x42,0x28,0x42,0x86,0x31,0x08,0x42,0x28,0x42,0x45,0x29,0xe7,0x39,0xc7,0x39,
  0xe7,0x39,0x49,0x42,0x49,0x4a,0x25,0x21,0xc7,0x39,0xe7,0x39,0x8a,0x52,0x8a,0x4a,
  0x8a,0x52,0x8a,0x52,0x8a,0x52,0x8a,0x52,0x8a,0x52,0x8a,0x52,0x8a,0x52,0x8a,0x52,
  0x8a,0x52,0x8a,0x52,0x8a,0x52,0x8a,0x52,0x8a,0x52,0x8a,0x52,0x8a,0x4a,0x6a,0x4a,
  0x69,0x4a,0x49,0x4a,0x49,0x4a,0x49,0x42,0x29,0x42,0x29,0x42,0x49,0x42,0x49,0x42,
  0x49,0x4a,0x49,0x4a,0x49,0x4a,0x49,0x4a,0x49,0x4a,0x49,0x4a,0x49,0x4a,0x49,0x42,
  0x49,0x42,0x49,0x4a,0x49,0x4a,0x69,0x4a,0x69,0x4a,0x69,0x4a,0x69,0x4a,0x49,0x42,
  0x08,0x42,0xc7,0x39,0x86,0x31,0x65,0x29,0x65,0x29,0x86,0x31,0xc7,0x31,0xe8,0x39,
  0x08,0x42,0x08,0x42,0x28,0x42,0x08,0x42,0x07,0x3a,0x08,0x3a,0x08,0x42,0x28,0x42,
  0x09,0x3a,0x09,0x3a,0x09,0x3a,0x09,0x3a,0x09,0x3a,0x09,0x3a,0x09,0x3a,0x09,0x3a,
  0x09,0x3a,0x09,0x3a,0x09,0x3a,0x09,0x3a,0x09,0x3a,0x09,0x3a,0x09,0x3a,0x09,0x3a,
  0x09,0x3a,0x09,0x3a,0x09,0x3a,0x09,0x3a,0x09,0x3a,0x09,0x3a,0x09,0x3a,0x09,0x3a,
  0x09,0x3a,0x09,0x3a,0x09,0x3a,0x09,0x3a,0x09,0x3a,0x09,0x3a,0x09,0x3a,0x09,0x3a,
  0x09,0x3a,0x09,0x3a,0x09,0x3a,0x09,0x3a,0x09,0x3a,0x09,0x3a,0x09,0x3a,0x09,0x3a,
  0x09,0x3a,0x09,0x3a,0x09,0x3a,0x09,0x3a,0x09,0x3a,0x09,0x3a,0x09,0x3a,0x09,0x3a,
  0x09,0x3a,0x09,0x3a,0x09,0x3a,0x29,0x3a,0x29,0x3a,0x29,0x42,0x29,0x42,0x29,0x42,
  0x29,0x42,0x29,0x42,0x29,0x42,0x29,0x42,0x29,0x42,0x4a,0x42,0x49,0x42,0x4a,0x42,
  0x29,0x42,0x29,0x42,0x29,0x42,0x29,0x42,0x29,0x42,0x4a,0x42,0x6a,0x4a,0x6a,0x42,
  0x29,0x42,0x29,0x42,0x49,0x42,0x29,0x42,0x2a,0x42,0x29,0x42,0x4a,0x42,0x29,0x42,
  0x29,0x42,0x6a,0x4a,0x8a,0x52,0x8a,0x52,0x8a,0x52,0x8a,0x52,0x8a,0x4a,0x8a,0x4a,
  0x8a,0x4a,0x8a,0x4a,0x8a,0x4a,0x8a,0x4a,0x8a,0x4a,0x8a,0x4a,0x8a,0x4a,0x8a,0x4a,
  0x8a,0x4a,0x8a,0x4a,0x8a,0x4a,0x8a,0x4a,0x8a,0x4a,0x8a,0x4a,0x8a,0x4a,0x8a,0x52,
  0x8a,0x52,0x8a,0x52,0x8a,0x52,0x8a,0x52,0x8a,0x52,0x8a,0x52,0x8a,0x52,0x8a,0x52,
  0x8a,0x52,0x8a,0x4a,0x8a,0x52,0x8a,0x4a,0x8a,0x4a,0x8a,0x52,0x8a,0x4a,0x8a,0x4a,
  0x8a,0x4a,0x8a,0x4a,0x8a,0x4a,0x8a,0x4a,0x8a,0x4a,0x8a,0x4a,0x8a,0x4a,0x8a,0x52,
  0x49,0x42,0x08,0x42,0x86,0x31,0x08,0x42,0x28,0x42,0x45,0x29,0xe7,0x39,0xc7,0x39,
  0xe7,0x39,0x49,0x42,0x49,0x42,0x24,0x21,0xc7,0x39,0xe7,0x39,0x8a,0x52,0x8a,0x4a,
  0x8a,0x4a,0x8a,0x4a,0x8a,0x4a,0x8a,0x4a,0x8a,0x4a,0x8a,0x4a,0x8a,0x4a,0x8a,0x4a,
  0x8a,0x4a,0x8a,0x4a,0x8a,0x4a,0x8a,0x4a,0x8a,0x4a,0x8a,0x52,0x8a,0x52,0x8a,0x52,
  0x8a,0x52,0x8a,0x52,0x8a,0x52,0x8a,0x4a,0x8a,0x4a,0x69,0x4a,0x69,0x4a,0x49,0x4a,
  0x49,0x42,0x49,0x42,0x29,0x42,0x29,0x42,0x49,0x42,0x49,0x4a,0x49,0x4a,0x49,0x4a,
  0x49,0x4a,0x49,0x4a,0x49,0x4a,0x49,0x4a,0x49,0x4a,0x49,0x42,0x49,0x42,0x49,0x4a,
  0x69,0x4a,0x69,0x4a,0x69,0x4a,0x69,0x4a,0x49,0x4a,0x08,0x42,0xc7,0x39,0xa6,0x31,
  0x86,0x31,0x86,0x29,0x66,0x29,0x86,0x31,0xc7,0x31,0xe7,0x39,0x08,0x42,0x08,0x42,
  0x09,0x3a,0x09,0x3a,0x09,0x3a,0x09,0x3a,0x09,0x3a,0x09,0x3a,0x09,0x3a,0x09,0x3a,
  0x09,0x3a,0x09,0x3a,0x09,0x3a,0x09,0x3a,0x09,0x3a,0x09,0x3a,0x09,0x3a,0x09,0x3a,
  0x09,0x3a,0x09,0x3a,0x09,0x3a,0x09,0x3a,0x09,0x3a,0x09,0x3a,0x09,0x3a,0x09,0x3a,
  0x09,0x3a,0x09,0x3a,0x09,0x3a,0x09,0x3a,0x09,0x3a,0x09,0x3a,0x09,0x3a,0x09,0x3a,
  0x09,0x3a,0x09,0x3a,0x09,0x3a,0x09,0x3a,0x09,0x3a,0x09,0x3a,0x09,0x3a,0x09,0x3a,
  0x09,0x3a,0x09,0x3a,0x09,0x3a,0x09,0x3a,0x09,0x3a,0x09,0x3a,0x09,0x3a,0x09,0x3a,
  0x09,0x3a,0x09,0x3a,0x09,0x3a,0x09,0x3a,0x09,0x3a,0x29,0x3a,0x29,0x42,0x29,0x42,
  0x29,0x42,0x4a,0x42,0x29,0x42,0x29,0x3a,0x29,0x42,0x49,0x42,0x4a,0x42,0x29,0x42,
  0x29,0x42,0x29,0x42,0x29,0x42,0x29,0x42,0x29,0x42,0x29,0x42,0x6a,0x4a,0x6a,0x4a,
  0x6a,0x4a,0x29,0x42,0x29,0x42,0x29,0x42,0x2a,0x42,0x29,0x42,0x4a,0x42,0x2a,0x42,
  0x2a,0x42,0x29,0x42,0x49,0x42,0x6a,0x4a,0x6a,0x4a,0x69,0x4a,0x6a,0x4a,0x8a,0x4a,
  0x8a,0x4a,0x8a,0x4a,0x8a,0x4a,0x8a,0x4a,0x8a,0x52,0x8a,0x4a,0x8a,0x4a,0x8a,0x4a,
  0x8a,0x4a,0x8a,0x4a,0x8a,0x4a,0x8a,0x4a,0x8a,0x4a,0x8a,0x4a,0x8a,0x4a,0x8a,0x4a,
  0x8a,0x4a,0x8a,0x4a,0x8a,0x4a,0x8a,0x52,0x8a,0x52,0x8a,0x52,0x8a,0x52,0x8a,0x4a,
  0x8a,0x4a,0x8a,0x4a,0x8a,0x4a,0x8a,0x4a,0x8a,0x4a,0x8a,0x4a,0x8a,0x4a,0x8a,0x4a,
  0x8a,0x4a,0x8a,0x4a,0x8a,0x4a,0x8a,0x4a,0x8a,0x4a,0x8a,0x4a,0x8a,0x4a,0x8a,0x52,
  0x49,0x42,0x08,0x42,0x86,0x29,0x08,0x42,0x28,0x42,0x45,0x29,0xe7,0x39,0xc6,0x39,
  0xe7,0x39,0x49,0x42,0x29,0x42,0x24,0x21,0xc6,0x39,0xc7,0x39,0x8a,0x52,0x8a,0x4a,
  0x8a,0x4a,0x8a,0x4a,0x8a,0x4a,0x8a,0x4a,0x8a,0x4a,0x8a,0x4a,0x8a,0x4a,0x8a,0x4a,
  0x8a,0x4a,0x8a,0x4a,0x8a,0x4a,0x8a,0x4a,0x8a,0x4a,0x8a,0x4a,0x8a,0x4a,0x8a,0x4a,
  0x8a,0x4a,0x8a,0x4a,0x8a,0x52,0x8a,0x52,0x8a,0x52,0x8a,0x52,0x8a,0x52,0x8a,0x52,
  0x8a,0x52,0x8a,0x4a,0x6a,0x4a,0x69,0x4a,0x49,0x4a,0x49,0x4a,0x49,0x42,0x29,0x42,
  0x29,0x42,0x29,0x42,0x29,0x42,0x49,0x42,0x49,0x4a,0x49,0x4a,0x49,0x4a,0x49,0x4a,
  0x49,0x4a,0x49,0x4a,0x49,0x42,0x49,0x42,0x49,0x4a,0x49,0x4a,0x69,0x4a,0x69,0x4a,
  0x69,0x4a,0x49,0x4a,0x28,0x42,0xe7,0x39,0xa6,0x31,0x86,0x29,0x65,0x29,0x66,0x29,
  0x09,0x3a,0x09,0x3a,0x09,0x3a,0x09,0x3a,0x09,0x3a,0x09,0x3a,0x09,0x3a,0x09,0x3a,
  0x09,0x3a,0x09,0x3a,0x09,0x3a,0x09,0x3a,0x09,0x3a,0x09,0x3a,0x09,0x3a,0x09,0x3a,
  0x09,0x3a,0x09,0x3a,0x09,0x3a,0x09,0x3a,0x09,0x3a,0x09,0x3a,0x09,0x3a,0x09,0x3a,
  0x09,0x3a,0x09,0x3a,0x09,0x3a,0x09,0x3a,0x09,0x3a,0x09,0x3a,0x09,0x3a,0x09,0x3a,
  0x09,0x3a,0x09,0x3a,0x09,0x3a,0x09,0x3a,0x09,0x3a,0x09,0x3a,0x09,0x3a,0x09,0x3a,
  0x09,0x3a,0x09,0x3a,0x09,0x3a,0x09,0x3a,0x09,0x3a,0x09,0x3a,0x09,0x3a,0x09,0x3a,
  0x09,0x3a,0x09,0x3a,0x09,0x3a,0x09,0x3a,0x09,0x3a,0x09,0x3a,0x09,0x3a,0x29,0x3a,
  0x29,0x42,0x49,0x42,0x4a,0x4a,0x29,0x42,0x29,0x42,0x29,0x42,0x29,0x42,0x49,0x42,
  0x29,0x42,0x29,0x42,0x29,0x42,0x4a,0x42,0x29,0x42,0x49,0x42,0x6a,0x4a,0x6a,0x4a,
  0x6a,0x4a,0x6a,0x4a,0x4a,0x42,0x29,0x42,0x2a,0x42,0x29,0x42,0x29,0x42,0x29,0x42,
  0x2a,0x42,0x29,0x42,0x29,0x42,0x29,0x42,0x4a,0x42,0x49,0x42,0x29,0x42,0x6a,0x4a,
  0x8a,0x52,0x8a,0x52,0x8a,0x52,0x8a,0x4a,0x6a,0x4a,0x8a,0x4a,0x8a,0x4a,0x8a,0x4a,
  0x8a,0x4a,0x8a,0x4a,0x8a,0x4a,0x8a,0x4a,0x8a,0x4a,0x8a,0x4a,0x8a,0x4a,0x8a,0x4a,
  0x8a,0x4a,0x8a,0x4a,0x8a,0x4a,0x8a,0x52,0x8a,0x52,0x8a,0x52,0x8a,0x4a,0x8a,0x4a,
  0x8a,0x4a,0x8a,0x4a,0x8a,0x4a,0x8a,0x4a,0x8a,0x4a,0x8a,0x4a,0x8a,0x4a,0x8a,0x4a,
  0x8a,0x4a,0x8a,0x4a,0x8a,0x4a,0x8a,0x4a,0x8a,0x4a,0x8a,0x4a,0x8a,0x4a,0x8a,0x52,
  0x49,0x42,0x08,0x42,0x86,0x31,0x08,0x42,0x28,0x42,0x45,0x29,0xe7,0x39,0xa6,0x39,
  0xe7,0x39,0x28,0x42,0x29,0x42,0x24,0x21,0xc6,0x39,0xc7,0x39,0x8a,0x52,0x8a,0x4a,
  0x8a,0x4a,0x8a,0x4a,0x8a,0x4a,0x8a,0x4a,0x8a,0x4a,0x8a,0x4a,0x8a,0x4a,0x8a,0x4a,
  0x8a,0x4a,0x8a,0x4a,0x8a,0x4a,0x8a,0x4a,0x8a,0x4a,0x8a,0x4a,0x8a,0x4a,0x8a,0x4a,
  0x8a,0x4a,0x8a,0x4a,0x8a,0x4a,0x8a,0x4a,0x8a,0x4a,0x8a,0x4a,0x8a,0x4a,0x8a,0x4a,
  0x8a,0x52,0x8a,0x52,0x8a,0x52,0x8a,0x52,0x8a,0x52,0x8a,0x52,0x8a,0x52,0x8a,0x4a,
  0x69,0x4a,0x69,0x4a,0x49,0x4a,0x49,0x42,0x29,0x42,0x28,0x42,0x28,0x42,0x28,0x42,
  0x28,0x42,0x49,0x42,0x49,0x4a,0x49,0x4a,0x49,0x4a,0x49,0x4a,0x49,0x4a,0x29,0x42,
  0x29,0x42,0x49,0x4a,0x49,0x4a,0x69,0x4a,0x69,0x4a,0x69,0x4a,0x49,0x4a,0x29,0x42,
  0x09,0x3a,0x09,0x3a,0x09,0x3a,0x09,0x3a,0x09,0x3a,0x09,0x3a,0x09,0x3a,0x09,0x3a,
  0x09,0x3a,0x09,0x3a,0x09,0x3a,0x09,0x3a,0x09,0x3a,0x09,0x3a,0x09,0x3a,0x09,0x3a,
  0x09,0x3a,0x09,0x3a,0x09,0x3a,0x09,0x3a,0x09,0x3a,0x09,0x3a,0x09,0x3a,0x09,0x3a,
  0x09,0x3a,0x09,0x3a,0x09,0x3a,0x09,0x3a,0x09,0x3a,0x09,0x3a,0x09,0x3a,0x09,0x3a,
  0x09,0x3a,0x09,0x3a,0x09,0x3a,0x09,0x3a,0x09,0x3a,0x09,0x3a,0x09,0x3a,0x09,0x3a,
  0x09,0x3a,0x09,0x3a,0x09,0x3a,0x09,0x3a,0x09,0x3a,0x09,0x3a,0x09,0x3a,0x09,0x3a,
  0x09,0x3a,0x09,0x3a,0x09,0x3a,0x09,0x3a,0x09,0x3a,0x09,0x3a,0x09,0x3a,0x09,0x3a,
  0x09,0x3a,0x29,0x3a,0x49,0x42,0x49,0x42,0x6a,0x4a,0x6a,0x4a,0x49,0x42,0x29,0x42,
  0x29,0x42,0x29,0x3a,0x29,0x42,0x29,0x42,0x29,0x42,0x4a,0x42,0x4a,0x4a,0x4a,0x42,
  0x4a,0x42,0x4a,0x42,0x6a,0x4a,0x4a,0x42,0x49,0x42,0x29,0x42,0x49,0x42,0x4a,0x42,
  0x2a,0x42,0x29,0x42,0x2a,0x42,0x29,0x42,0x4a,0x42,0x6a,0x42,0x49,0x42,0x29,0x42,
  0x6a,0x4a,0x6a,0x4a,0x4a,0x4a,0x49,0x42,0x29,0x42,0x49,0x42,0x8a,0x4a,0x8a,0x4a,
  0x8a,0x4a,0x8a,0x4a,0x8a,0x4a,0x8a,0x4a,0x8a,0x4a,0x8a,0x4a,0x8a,0x4a,0x8a,0x52,
  0x8a,0x52,0x8a,0x52,0x8a,0x52,0x8a,0x4a,0x8a,0x4a,0x8a,0x4a,0x8a,0x4a,0x8a,0x4a,
  0x8a,0x4a,0x8a,0x4a,0x8a,0x4a,0x8a,0x4a,0x8a,0x4a,0x8a,0x4a,0x8a,0x4a,0x8a,0x4a,
  0x8a,0x4a,0x8a,0x4a,0x8a,0x4a,0x8a,0x4a,0x8a,0x4a,0x8a,0x4a,0x8a,0x4a,0x8a,0x52,
  0x29,0x42,0x08,0x42,0x86,0x29,0x08,0x42,0x28,0x42,0x45,0x29,0xe7,0x39,0xa6,0x31,
  0xe7,0x39,0x29,0x42,0x28,0x42,0x24,0x21,0xc6,0x39,0xc7,0x39,0x8a,0x52,0x8a,0x4a,
  0x8a,0x4a,0x8a,0x4a,0x8a,0x4a,0x8a,0x4a,0x8a,0x4a,0x8a,0x4a,0x8a,0x4a,0x8a,0x4a,
  0x8a,0x4a,0x8a,0x4a,0x8a,0x4a,0x8a,0x4a,0x8a,0x4a,0x8a,0x4a,0x8a,0x4a,0x8a,0x4a,
  0x8a,0x4a,0x8a,0x4a,0x8a,0x4a,0x8a,0x4a,0x8a,0x4a,0x8a,0x4a,0x8a,0x4a,0x8a,0x4a,
  0x8a,0x4a,0x8a,0x4a,0x8a,0x4a,0x8a,0x4a,0x8a,0x4a,0x8a,0x4a,0x8a,0x4a,0x8a,0x52,
  0x8a,0x52,0x8a,0x52,0x8a,0x52,0x8a,0x52,0x8a,0x4a,0x8a,0x4a,0x6a,0x4a,0x69,0x4a,
  0x49,0x4a,0x49,0x42,0x29,0x42,0x28,0x42,0x28,0x42,0x29,0x42,0x29,0x42,0x29,0x42,
  0x49,0x42,0x49,0x4a,0x49,0x4a,0x29,0x42,0x28,0x42,0x29,0x42,0x29,0x42,0x49,0x4a,
  0x09,0x3a,0x09,0x3a,0x09,0x3a,0x09,0x3a,0x09,0x3a,0x09,0x3a,0x29,0x3a,0x09,0x3a,
  0x09,0x3a,0x09,0x3a,0x09,0x3a,0x09,0x3a,0x09,0x3a,0x09,0x3a,0x09,0x3a,0x09,0x3a,
  0x09,0x3a,0x09,0x3a,0x09,0x3a,0x09,0x3a,0x09,0x3a,0x09,0x3a,0x09,0x3a,0x09,0x3a,
  0x09,0x3a,0x09,0x3a,0x09,0x3a,0x09,0x3a,0x09,0x3a,0x09,0x3a,0x09,0x3a,0x49,0x42,
  0x6a,0x42,0x29,0x42,0x29,0x3a,0x09,0x3a,0x09,0x3a,0x09,0x3a,0x09,0x3a,0x09,0x3a,
  0x09,0x3a,0x09,0x3a,0x09,0x3a,0x09,0x3a,0x09,0x3a,0x09,0x3a,0x09,0x3a,0x09,0x3a,
  0x09,0x3a,0x09,0x3a,0x09,0x3a,0x09,0x3a,0x09,0x3a,0x09,0x3a,0x09,0x3a,0x09,0x3a,
  0x09,0x3a,0x09,0x3a,0x29,0x3a,0x29,0x42,0x29,0x42,0x49,0x42,0x6a,0x4a,0x4a,0x42,
  0x29,0x42,0x29,0x42,0x29,0x42,0x29,0x42,0x29,0x42,0x29,0x42,0x49,0x42,0x29,0x42,
  0x29,0x42,0x29,0x42,0x29,0x3a,0x49,0x42,0x6a,0x4a,0x6a,0x4a,0x6a,0x4a,0x6a,0x4a,
  0x4a,0x42,0x29,0x42,0x29,0x42,0x29,0x42,0x29,0x42,0x29,0x42,0x4a,0x42,0x2a,0x42,
  0x29,0x42,0x49,0x42,0x29,0x42,0x29,0x42,0x2a,0x42,0x29,0x42,0x49,0x42,0x49,0x42,
  0x49,0x42,0x49,0x42,0x49,0x42,0x8a,0x4a,0x8a,0x4a,0x8a,0x4a,0x8a,0x4a,0x8a,0x4a,
  0x8a,0x4a,0x8a,0x4a,0x8a,0x4a,0x8a,0x4a,0x8a,0x4a,0x8a,0x4a,0x8a,0x4a,0x8a,0x4a,
  0x8a,0x4a,0x8a,0x4a,0x8a,0x4a,0x8a,0x4a,0x8a,0x4a,0x8a,0x4a,0x8a,0x4a,0x8a,0x4a,
  0x8a,0x4a,0x8a,0x4a,0x8a,0x4a,0x8a,0x4a,0x8a,0x4a,0x8a,0x4a,0x8a,0x4a,0x8a,0x52,
  0x29,0x42,0x08,0x3a,0x86,0x29,0x08,0x42,0x28,0x42,0x45,0x29,0xe7,0x39,0xa6,0x31,
  0xe7,0x39,0x29,0x42,0x28,0x42,0x24,0x21,0xa6,0x39,0xc7,0x39,0x8a,0x52,0x8a,0x4a,
  0x8a,0x4a,0x8a,0x4a,0x8a,0x4a,0x8a,0x4a,0x8a,0x4a,0x8a,0x4a,0x8a,0x4a,0x8a,0x4a,
  0x8a,0x4a,0x8a,0x4a,0x8a,0x4a,0x8a,0x4a,0x8a,0x4a,0x8a,0x4a,0x8a,0x4a,0x8a,0x4a,
  0x8a,0x4a,0x8a,0x4a,0x8a,0x4a,0x8a,0x4a,0x8a,0x4a,0x8a,0x4a,0x8a,0x4a,0x8a,0x4a,
  0x8a,0x4a,0x8a,0x4a,0x8a,0x4a,0x8a,0x4a,0x8a,0x4a,0x8a,0x4a,0x8a,0x4a,0x8a,0x4a,
  0x8a,0x4a,0x8a,0x4a,0x8a,0x4a,0x8a,0x4a,0x8a,0x4a,0x8a,0x52,0x8a,0x52,0x8a,0x52,
  0x8a,0x52,0x8a,0x52,0x8a,0x4a,0x6a,0x4a,0x69,0x4a,0x49,0x4a,0x49,0x42,0x29,0x42,
  0x28,0x42,0x28,0x42,0x28,0x42,0x28,0x42,0x28,0x42,0x28,0x42,0x28,0x42,0x29,0x42,
};
const lv_img_dsc_t img_fantile_off = {
  .header = { .cf = LV_IMG_CF_TRUE_COLOR, .always_zero = 0,
              .reserved = 0, .w = 200, .h = 200 },
  .data_size = 80000,
  .data = img_fantile_off_map,
};

const uint8_t img_fantile_on_map[] = {
  0xaf,0x73,0xaf,0x73,0xaf,0x73,0xaf,0x73,0xae,0x73,0xae,0x73,0xaf,0x73,0xaf,0x73,
  0xae,0x73,0xcf,0x7b,0xcf,0x7b,0xcf,0x73,0xcf,0x73,0xcf,0x7b,0xcf,0x7b,0xcf,0x7b,
  0xcf,0x73,0xaf,0x73,0xcf,0x73,0xcf,0x7b,0xcf,0x73,0xaf,0x73,0xcf,0x73,0xaf,0x73,
  0xae,0x73,0xaf,0x73,0xaf,0x73,0xae,0x73,0xae,0x73,0xaf,0x73,0xaf,0x73,0xaf,0x73,
  0xcf,0x73,0xcf,0x73,0xcf,0x73,0xcf,0x73,0xcf,0x73,0xcf,0x73,0xcf,0x73,0xcf,0x7b,
  0xcf,0x7b,0xcf,0x7b,0xcf,0x73,0xaf,0x73,0xcf,0x73,0xcf,0x73,0xcf,0x73,0xcf,0x73,
  0xcf,0x73,0xaf,0x73,0xcf,0x73,0xcf,0x7b,0xcf,0x73,0xcf,0x73,0xcf,0x73,0xcf,0x73,
  0xcf,0x73,0xcf,0x73,0xaf,0x73,0xaf,0x73,0xaf,0x73,0xaf,0x73,0xcf,0x73,0xaf,0x73,
  0xaf,0x73,0xaf,0x73,0xae,0x73,0xae,0x73,0xcf,0x73,0xae,0x73,0xae,0x73,0xaf,0x73,
  0xae,0x73,0xae,0x73,0xaf,0x73,0xaf,0x73,0xae,0x73,0xae,0x73,0xae,0x73,0xaf,0x73,
  0xaf,0x73,0xae,0x73,0xae,0x73,0xae,0x73,0xaf,0x73,0xaf,0x7b,0xaf,0x73,0xae,0x73,
  0xae,0x73,0xae,0x73,0xae,0x73,0xae,0x73,0xaf,0x73,0xae,0x73,0xae,0x73,0xae,0x73,
  0xae,0x73,0xae,0x73,0xae,0x73,0xae,0x73,0xae,0x73,0xae,0x73,0xae,0x73,0xae,0x73,
  0xae,0x73,0xae,0x73,0xae,0x73,0xae,0x73,0xae,0x73,0xae,0x73,0xae,0x73,0xae,0x73,
  0xae,0x73,0xae,0x73,0xae,0x73,0xae,0x73,0xae,0x73,0xae,0x73,0xae,0x73,0xae,0x73,
  0xae,0x73,0xae,0x73,0xae,0x73,0xae,0x73,0xae,0x73,0xae,0x73,0xae,0x73,0xae,0x73,
  0xae,0x73,0xae,0x73,0xae,0x73,0xae,0x73,0xae,0x73,0xae,0x73,0xae,0x73,0xae,0x73,
  0xae,0x73,0xae,0x73,0xae,0x73,0xae,0x73,0xae,0x73,0xae,0x73,0xae,0x73,0xae,0x73,
  0xae,0x73,0xae,0x73,0xae,0x73,0xae,0x73,0xae,0x73,0xae,0x73,0xae,0x73,0xae,0x73,
  0xae,0x73,0xae,0x73,0xae,0x73,0xae,0x73,0xae,0x73,0xae,0x73,0xae,0x73,0xae,0x73,
  0xae,0x73,0xae,0x73,0xae,0x73,0xae,0x73,0xae,0x73,0xae,0x73,0xae,0x73,0xae,0x73,
  0xae,0x73,0xae,0x73,0xae,0x73,0xae,0x73,0xae,0x73,0xae,0x73,0xae,0x73,0xae,0x73,
  0xae,0x73,0xae,0x73,0xae,0x73,0xae,0x73,0xae,0x73,0xae,0x73,0xae,0x73,0xae,0x73,
  0xae,0x73,0xae,0x73,0xae,0x73,0xae,0x73,0xae,0x73,0xae,0x73,0xae,0x73,0xae,0x73,
  0xae,0x73,0xae,0x73,0xae,0x73,0xae,0x73,0xae,0x73,0xae,0x73,0xae,0x73,0xae,0x73,
  0xaf,0x73,0xaf,0x73,0xaf,0x73,0xaf,0x73,0xaf,0x73,0xaf,0x73,0xcf,0x73,0xae,0x73,
  0xae,0x73,0xcf,0x7b,0xcf,0x7b,0xcf,0x73,0xcf,0x73,0xcf,0x7b,0xcf,0x7b,0xcf,0x73,
  0xcf,0x73,0xaf,0x73,0xcf,0x73,0xcf,0x7b,0xcf,0x73,0xaf,0x73,0xcf,0x7b,0xae,0x73,
  0xae,0x73,0xaf,0x73,0xcf,0x73,0xcf,0x73,0xcf,0x73,0xaf,0x73,0xcf,0x73,0xcf,0x73,
  0xcf,0x73,0xaf,0x73,0xaf,0x73,0xcf,0x73,0xcf,0x73,0xcf,0x73,0xcf,0x73,0xcf,0x73,
  0xcf,0x7b,0xcf,0x73,0xcf,0x73,0xcf,0x73,0xcf,0x7b,0xcf,0x7b,0xcf,0x7b,0xcf,0x73,
  0xcf,0x73,0xcf,0x73,0xcf,0x73,0xcf,0x7b,0xcf,0x73,0xcf,0x73,0xcf,0x7b,0xcf,0x73,
  0xaf,0x73,0xaf,0x73,0xaf,0x73,0xaf,0x73,0xaf,0x73,0xaf,0x73,0xaf,0x73,0xaf,0x73,
  0xaf,0x73,0xaf,0x73,0xae,0x73,0xaf,0x73,0xaf,0x7b,0xae,0x73,0xae,0x73,0xcf,0x73,
  0xaf,0x73,0xaf,0x73,0xcf,0x73,0xaf,0x73,0xae,0x73,0xae,0x73,0xae,0x73,0xae,0x73,
  0xae,0x73,0xae,0x73,0xaf,0x73,0xae,0x73,0xae,0x73,0xaf,0x73,0xaf,0x73,0xae,0x73,
  0xae,0x73,0xaf,0x73,0xae,0x73,0xaf,0x73,0xaf,0x73,0xaf,0x73,0xaf,0x73,0xae,0x73,
  0xae,0x73,0xae,0x73,0xae,0x73,0xae,0x73,0xae,0x73,0xae,0x73,0xae,0x73,0xae,0x73,
  0xae,0x73,0xae,0x73,0xae,0x73,0xae,0x73,0xae,0x73,0xae,0x73,0xae,0x73,0xae,0x73,
  0xae,0x73,0xae,0x73,0xaf,0x73,0xae,0x73,0xae,0x73,0xae,0x73,0xae,0x73,0xae,0x73,
  0xae,0x73,0xae,0x73,0xae,0x73,0xae,0x73,0xae,0x73,0xae,0x73,0xae,0x73,0xae,0x73,
  0xae,0x73,0xae,0x73,0xae,0x73,0xae,0x73,0xae,0x73,0xae,0x73,0xae,0x73,0xae,0x73,
  0xae,0x73,0xae,0x73,0xae,0x73,0xae,0x73,0xae,0x73,0xae,0x73,0xae,0x73,0xae,0x73,
  0xae,0x73,0xae,0x73,0xae,0x73,0xae,0x73,0xae,0x73,0xae,0x73,0xae,0x73,0xae,0x73,
  0xae,0x73,0xae,0x73,0xae,0x73,0xae,0x73,0xae,0x73,0xae,0x73,0xae,0x73,0xae,0x73,
  0xae,0x73,0xae,0x73,0xae,0x73,0xae,0x73,0xae,0x73,0xae,0x73,0xae,0x73,0xae,0x73,
  0xae,0x73,0xae,0x73,0xae,0x73,0xae,0x73,0xae,0x73,0xae,0x73,0xae,0x73,0xae,0x73,
  0xae,0x73,0xae,0x73,0xae,0x73,0xae,0x73,0xae,0x73,0xae,0x73,0xae,0x73,0xae,0x73,
  0xae,0x73,0xae,0x73,0xae,0x73,0xae,0x73,0xae,0x73,0xae,0x73,0xae,0x73,0xae,0x73,
  0xae,0x73,0xae,0x73,0xae,0x73,0xae,0x73,0xae,0x73,0xae,0x73,0xae,0x73,0xae,0x73,
  0xaf,0x73,0xaf,0x73,0xaf,0x73,0xaf,0x73,0xaf,0x73,0xaf,0x73,0xcf,0x73,0xae,0x73,
  0xae,0x73,0xcf,0x7b,0xcf,0x7b,0xcf,0x73,0xcf,0x73,0xcf,0x73,0xcf,0x73,0xcf,0x73,
  0xcf,0x73,0xcf,0x73,0xcf,0x73,0xcf,0x7b,0xcf,0x7b,0xcf,0x73,0xcf,0x73,0xaf,0x73,
  0xae,0x73,0xaf,0x73,0xcf,0x73,0xcf,0x73,0xcf,0x73,0xcf,0x73,0xcf,0x7b,0xcf,0x73,
  0xcf,0x73,0xcf,0x73,0xcf,0x73,0xcf,0x73,0xcf,0x73,0xcf,0x73,0xcf,0x73,0xcf,0x73,
  0xcf,0x7b,0xcf,0x73,0xcf,0x73,0xcf,0x7b,0xcf,0x7b,0xcf,0x7b,0xcf,0x7b,0xcf,0x73,
  0xcf,0x73,0xcf,0x73,0xcf,0x73,0xcf,0x7b,0xcf,0x73,0xcf,0x73,0xcf,0x7b,0xcf,0x73,
  0xaf,0x73,0xaf,0x73,0xaf,0x73,0xaf,0x73,0xaf,0x73,0xaf,0x73,0xaf,0x73,0xaf,0x73,
  0xaf,0x73,0xaf,0x73,0xae,0x73,0xaf,0x73,0xaf,0x7b,0xae,0x73,0xae,0x73,0xcf,0x73,
  0xcf,0x73,0xaf,0x73,0xcf,0x73,0xaf,0x73,0xae,0x73,0xae,0x73,0xae,0x73,0xae,0x73,
  0xae,0x73,0xae,0x73,0xaf,0x73,0xae,0x73,0xae,0x73,0xae,0x73,0xaf,0x73,0xae,0x73,
  0xae,0x73,0xaf,0x73,0xae,0x73,0xaf,0x73,0xaf,0x73,0xaf,0x73,0xaf,0x73,0xae,0x73,
  0xae,0x73,0xae,0x73,0xae,0x73,0xae,0x73,0xae,0x73,0xae,0x73,0xae,0x73,0xae,0x73,
  0xae,0x73,0xae,0x73,0xae,0x73,0xae,0x73,0xae,0x73,0xae,0x73,0xae,0x73,0xae,0x73,
  0xae,0x73,0xae,0x73,0xaf,0x73,0xae,0x73,0xae,0x73,0xae,0x73,0xae,0x73,0xae,0x73,
  0xae,0x73,0xae,0x73,0xae,0x73,0xae,0x73,0xae,0x73,0xae,0x73,0xae,0x73,0xae,0x73,
  0xae,0x73,0xae,0x73,0xae,0x73,0xae,0x73,0xae,0x73,0xae,0x73,0xae,0x73,0xae,0x73,
  0xae,0x73,0xae,0x73,0xae,0x73,0xae,0x73,0xae,0x73,0xae,0x73,0xae,0x73,0xae,0x73,
  0xae,0x73,0xae,0x73,0xae,0x73,0xae,0x73,0xae,0x73,0xae,0x73,0xae,0x73,0xae,0x73,
  0xae,0x73,0xae,0x73,0xae,0x73,0xae,0x73,0xae,0x73,0xae,0x73,0xae,0x73,0xae,0x73,
  0xae,0x73,0xae,0x73,0xae,0x73,0xae,0x73,0xae,0x73,0xae,0x73,0xae,0x73,0xae,0x73,
  0xae,0x73,0xae,0x73,0xae,0x73,0xae,0x73,0xae,0x73,0xae,0x73,0xae,0x73,0xae,0x73,
  0xae,0x73,0xae,0x73,0xae,0x73,0xae,0x73,0xae,0x73,0xae,0x73,0xae,0x73,0xae,0x73,
  0xae,0x73,0xae,0x73,0xae,0x73,0xae,0x73,0xae,0x73,0xae,0x73,0xae,0x73,0xae,0x73,
  0xae,0x73,0xae,0x73,0xae,0x73,0xae,0x73,0xae,0x73,0xae,0x73,0xae,0x73,0xae,0x73,
  0xaf,0x73,0xaf,0x73,0xae,0x73,0xaf,0x73,0xaf,0x73,0xaf,0x73,0xaf,0x73,0xaf,0x73,
  0xaf,0x73,0xcf,0x7b,0xcf,0x7b,0xcf,0x73,0xcf,0x73,0xcf,0x73,0xcf,0x73,0xcf,0x73,
  0xcf,0x73,0xaf,0x73,0xaf,0x73,0xcf,0x73,0xcf,0x7b,0xcf,0x7b,0xcf,0x7b,0xcf,0x73,
  0xcf,0x73,0xcf,0x73,0xcf,0x73,0xcf,0x73,0xcf,0x73,0xcf,0x7b,0xcf,0x73,0xaf,0x73,
  0xcf,0x7b,0xcf,0x7b,0xcf,0x73,0xcf,0x73,0xcf,0x73,0xcf,0x73,0xcf,0x73,0xcf,0x7b,
  0xcf,0x7b,0xcf,0x7b,0xcf,0x7b,0xcf,0x73,0xcf,0x73,0xcf,0x73,0xcf,0x73,0xcf,0x7b,
  0xcf,0x73,0xcf,0x73,0xcf,0x73,0xcf,0x73,0xcf,0x73,0xaf,0x73,0xcf,0x73,0xcf,0x7b,
  0xcf,0x73,0xcf,0x73,0xcf,0x73,0xcf,0x73,0xcf,0x73,0xaf,0x73,0xcf,0x73,0xcf,0x73,
  0xaf,0x73,0xaf,0x73,0xaf,0x73,0xaf,0x73,0xaf,0x73,0xaf,0x73,0xaf,0x73,0xaf,0x73,
  0xaf,0x73,0xaf,0x73,0xaf,0x73,0xaf,0x73,0xaf,0x73,0xae,0x73,0xae,0x73,0xae,0x73,
  0xae,0x73,0xae,0x73,0xaf,0x73,0xaf,0x73,0xaf,0x73,0xaf,0x73,0xaf,0x73,0xaf,0x73,
  0xaf,0x73,0xae,0x73,0xae,0x73,0xae,0x73,0xae,0x73,0xae,0x73,0xae,0x73,0xae,0x73,
  0xae,0x73,0xae,0x73,0xae,0x73,0xae,0x73,0xae,0x73,0xae,0x73,0xae,0x73,0xae,0x73,
  0xae,0x73,0xae,0x73,0xae,0x73,0xae,0x73,0xae,0x73,0xae,0x73,0xae,0x73,0xae,0x73,
  0xae,0x73,0xae,0x73,0xae,0x73,0xae,0x73,0xae,0x73,0xae,0x73,0xae,0x73,0xae,0x73,
  0xae,0x73,0xae,0x73,0xae,0x73,0xae,0x73,0xae,0x73,0xae,0x73,0xae,0x73,0xae,0x73,
  0xae,0x73,0xae,0x73,0xae,0x73,0xae,0x73,0xae,0x73,0xae,0x73,0xae,0x73,0xae,0x73,
  0xae,0x73,0xae,0x73,0xae,0x73,0xae,0x73,0xae,0x73,0xae,0x73,0xae,0x73,0xae,0x73,
  0xae,0x73,0xae,0x73,0xae,0x73,0xae,0x73,0xae,0x73,0xae,0x73,0xae,0x73,0xae,0x73,
  0xae,0x73,0xae,0x73,0xae,0x73,0xae,0x73,0xae,0x73,0xae,0x73,0xae,0x73,0xae,0x73,
  0xae,0x73,0xae,0x73,0xae,0x73,0xae,0x73,0xae,0x73,0xae,0x73,0xae,0x73,0xae,0x73,
  0xae,0x73,0xae,0x73,0xae,0x73,0xae,0x73,0xae,0x73,0xae,0x73,0xae,0x73,0xae,0x73,
  0xae,0x73,0xae,0x73,0xae,0x73,0xae,0x73,0xae,0x73,0xae,0x73,0xae,0x73,0xae,0x73,
  0xae,0x73,0xae,0x73,0xae,0x73,0xae,0x73,0xae,0x73,0xae,0x73,0xae,0x73,0xae,0x73,
  0xae,0x73,0xae,0x73,0xae,0x73,0xae,0x73,0xae,0x73,0xae,0x73,0xae,0x73,0xae,0x73,
  0xaf,0x73,0xaf,0x73,0xae,0x73,0xaf,0x73,0xaf,0x73,0xaf,0x73,0xaf,0x73,0xcf,0x73,
  0xcf,0x73,0xcf,0x7b,0xcf,0x7b,0xcf,0x73,0xcf,0x73,0xcf,0x73,0xcf,0x73,0xcf,0x73,
  0xcf,0x73,0xaf,0x73,0xaf,0x73,0xcf,0x7b,0xcf,0x7b,0xcf,0x7b,0xcf,0x7b,0xcf,0x7b,
  0xcf,0x7b,0xcf,0x73,0xcf,0x73,0xcf,0x73,0xcf,0x73,0xcf,0x7b,0xcf,0x73,0xaf,0x73,
  0xcf,0x7b,0xcf,0x7b,0xaf,0x73,0xcf,0x73,0xcf,0x73,0xcf,0x73,0xcf,0x73,0xcf,0x7b,
  0xcf,0x7b,0xcf,0x7b,0xcf,0x7b,0xcf,0x73,0xcf,0x73,0xcf,0x73,0xcf,0x73,0xcf,0x7b,
  0xcf,0x73,0xcf,0x73,0xcf,0x73,0xcf,0x73,0xcf,0x73,0xaf,0x73,0xcf,0x73,0xcf,0x7b,
  0xcf,0x73,0xcf,0x73,0xcf,0x73,0xcf,0x7b,0xcf,0x73,0xaf,0x73,0xaf,0x73,0xaf,0x73,
  0xaf,0x73,0xaf,0x73,0xaf,0x73,0xaf,0x73,0xaf,0x73,0xaf,0x73,0xcf,0x73,0xaf,0x73,
  0xae,0x73,0xaf,0x73,0xaf,0x73,0xaf,0x73,0xcf,0x73,0xae,0x73,0xae,0x73,0xae,0x73,
  0xae,0x73,0xae,0x73,0xae,0x73,0xaf,0x7b,0xaf,0x7b,0xaf,0x73,0xaf,0x73,0xaf,0x7b,
  0xaf,0x73,0xae,0x73,0xae,0x73,0xae,0x73,0xae,0x73,0xae,0x73,0xae,0x73,0xae,0x73,
  0xae,0x73,0xae,0x73,0xae,0x73,0xae,0x73,0xae,0x73,0xae,0x73,0xae,0x73,0xae,0x73,
  0xae,0x73,0xae,0x73,0xae,0x73,0xae,0x73,0xae,0x73,0xae,0x73,0xae,0x73,0xae,0x73,
  0xae,0x73,0xae,0x73,0xae,0x73,0xae,0x73,0xae,0x73,0xae,0x73,0xae,0x73,0xae,0x73,
  0xae,0x73,0xae,0x73,0xae,0x73,0xae,0x73,0xae,0x73,0xae,0x73,0xae,0x73,0xae,0x73,
  0xae,0x73,0xae,0x73,0xae,0x73,0xae,0x73,0xae,0x73,0xae,0x73,0xae,0x73,0xae,0x73,
  0xae,0x73,0xae,0x73,0xae,0x73,0xae,0x73,0xae,0x73,0xae,0x73,0xae,0x73,0xae,0x73,
  0xae,0x73,0xae,0x73,0xae,0x73,0xae,0x73,0xae,0x73,0xae,0x73,0xae,0x73,0xae,0x73,
  0xae,0x73,0xae,0x73,0xae,0x73,0xae,0x73,0xae,0x73,0xae,0x73,0xae,0x73,0xae,0x73,
  0xaf,0x73,0xae,0x73,0xae,0x73,0xae,0x73,0xae,0x73,0xae,0x73,0xae,0x73,0xae,0x73,
  0xae,0x73,0xae,0x73,0xae,0x73,0xae,0x73,0xae,0x73,0xae,0x73,0xae,0x73,0xae,0x73,
  0xae,0x73,0xae,0x73,0xae,0x73,0xae,0x73,0xae,0x73,0xae,0x73,0xae,0x73,0xae,0x73,
  0xae,0x73,0xae,0x73,0xae,0x73,0xae,0x73,0xae,0x73,0xae,0x73,0xae,0x73,0xae,0x73,
  0xae,0x73,0xae,0x73,0xae,0x73,0xae,0x73,0xae,0x73,0xae,0x73,0xae,0x73,0xae,0x73,
  0xaf,0x73,0xaf,0x73,0xaf,0x73,0xaf,0x73,0xaf,0x73,0xcf,0x73,0xaf,0x73,0xaf,0x73,
  0xaf,0x73,0xcf,0x73,0xcf,0x73,0xaf,0x73,0xaf,0x73,0xaf,0x73,0xaf,0x73,0xaf,0x73,
  0xaf,0x73,0xaf,0x73,0xcf,0x73,0xcf,0x7b,0xcf,0x7b,0xcf,0x73,0xcf,0x7b,0xcf,0x7b,
  0xcf,0x7b,0xcf,0x73,0xaf,0x73,0xcf,0x73,0xcf,0x73,0xcf,0x73,0xcf,0x73,0xcf,0x73,
  0xcf,0x73,0xcf,0x73,0xcf,0x73,0xcf,0x73,0xcf,0x73,0xcf,0x73,0xcf,0x73,0xcf,0x7b,
  0xcf,0x7b,0xcf,0x73,0xcf,0x73,0xcf,0x73,0xcf,0x7b,0xcf,0x73,0xcf,0x73,0xcf,0x7b,
  0xcf,0x7b,0xcf,0x73,0xcf,0x73,0xcf,0x73,0xcf,0x73,0xcf,0x73,0xcf,0x73,0xcf,0x73,
  0xcf,0x73,0xcf,0x73,0xaf,0x73,0xcf,0x73,0xaf,0x73,0xaf,0x73,0xaf,0x73,0xaf,0x73,
  0xaf,0x73,0xaf,0x73,0xaf,0x73,0xaf,0x73,0xaf,0x73,0xaf,0x73,0xaf,0x73,0xaf,0x73,
  0xae,0x73,0xae,0x73,0xae,0x73,0xae,0x73,0xaf,0x73,0xaf,0x73,0xae,0x73,0xae,0x73,
  0xaf,0x73,0xaf,0x73,0xae,0x73,0xaf,0x73,0xaf,0x73,0xaf,0x73,0xaf,0x7b,0xaf,0x7b,
  0xae,0x73,0xae,0x73,0xae,0x73,0xae,0x73,0xae,0x73,0xae,0x73,0xae,0x73,0xae,0x73,
  0xaf,0x73,0xae,0x73,0xae,0x73,0xae,0x73,0xae,0x73,0xae,0x73,0xae,0x73,0xae,0x73,
  0xae,0x73,0xae,0x73,0xae,0x73,0xae,0x73,0xae,0x73,0xae,0x73,0xae,0x73,0xae,0x73,
  0xae,0x73,0xae,0x73,0xae,0x73,0xae,0x73,0xae,0x73,0xae,0x73,0xae,0x73,0xae,0x73,
  0xae,0x73,0xae,0x73,0xae,0x73,0xae,0x73,0xae,0x73,0xae,0x73,0xae,0x73,0xae,0x73,
  0xae,0x73,0xae,0x73,0xae,0x73,0xae,0x73,0xae,0x73,0xae,0x73,0xae,0x73,0xae,0x73,
  0xae,0x73,0xae,0x73,0xae,0x73,0xae,0x73,0xae,0x73,0xae,0x73,0xae,0x73,0xae,0x73,
  0xae,0x73,0xae,0x73,0xae,0x73,0xae,0x73,0xae,0x73,0xae,0x73,0xae,0x73,0xae,0x73,
  0xae,0x73,0xae,0x73,0xae,0x73,0xae,0x73,0xae,0x73,0xae,0x73,0xae,0x73,0xae,0x73,
  0xae,0x73,0xae,0x73,0xae,0x73,0xae,0x73,0xae,0x73,0xae,0x73,0xae,0x73,0xae,0x73,
  0xae,0x73,0xae,0x73,0xae,0x73,0xae,0x73,0xae,0x73,0xae,0x73,0xae,0x73,0xae,0x73,
  0xae,0x73,0xae,0x73,0xae,0x73,0xae,0x73,0xae,0x73,0xae,0x73,0xae,0x73,0xae,0x73,
  0xae,0x73,0xae,0x73,0xae,0x73,0xae,0x73,0xae,0x73,0xae,0x73,0xae,0x73,0xae,0x73,
  0xae,0x73,0xae,0x73,0xae,0x73,0xae,0x73,0xae,0x73,0xae,0x73,0xae,0x73,0xae,0x73,
  0xaf,0x73,0xaf,0x73,0xaf,0x73,0xaf,0x73,0xaf,0x73,0xcf,0x73,0xaf,0x73,0xaf,0x73,
  0xaf,0x73,0xaf,0x73,0xaf,0x73,0xaf,0x73,0xaf,0x73,0xaf,0x73,0xaf,0x73,0xaf,0x73,
  0xaf,0x73,0xaf,0x73,0xcf,0x73,0xcf,0x7b,0xcf,0x73,0xcf,0x73,0xcf,0x7b,0xcf,0x7b,
  0xcf,0x7b,0xcf,0x73,0xaf,0x73,0xcf,0x73,0xcf,0x73,0xcf,0x73,0xcf,0x73,0xcf,0x73,
  0xcf,0x73,0xcf,0x73,0xcf,0x73,0xcf,0x73,0xcf,0x73,0xcf,0x73,0xcf,0x73,0xcf,0x7b,
  0xcf,0x7b,0xcf,0x73,0xcf,0x73,0xcf,0x73,0xcf,0x7b,0xcf,0x73,0xcf,0x73,0xcf,0x73,
  0xcf,0x73,0xcf,0x73,0xcf,0x73,0xcf,0x73,0xcf,0x73,0xcf,0x73,0xcf,0x73,0xcf,0x73,
  0xcf,0x73,0xcf,0x73,0xaf,0x73,0xaf,0x73,0xaf,0x73,0xaf,0x73,0xaf,0x73,0xaf,0x73,
  0xaf,0x73,0xaf,0x73,0xaf,0x73,0xaf,0x73,0xaf,0x73,0xaf,0x73,0xaf,0x73,0xaf,0x73,
  0xae,0x73,0xae,0x73,0xaf,0x73,0xaf,0x73,0xae,0x73,0xae,0x73,0xae,0x73,0xae,0x73,
  0xaf,0x73,0xae,0x73,0xae,0x73,0xaf,0x73,0xaf,0x73,0xaf,0x73,0xaf,0x7b,0xae,0x73,
  0xae,0x73,0xae,0x73,0xae,0x73,0xae,0x73,0xae,0x73,0xae,0x73,0xae,0x73,0xae,0x73,
  0xaf,0x73,0xae,0x73,0xae,0x73,0xae,0x73,0xae,0x73,0xae,0x73,0xae,0x73,0xae,0x73,
  0xae,0x73,0xae,0x73,0xae,0x73,0xae,0x73,0xae,0x73,0xae,0x73,0xae,0x73,0xae,0x73,
  0xaf,0x73,0xae,0x73,0xae,0x73,0xae,0x73,0xae,0x73,0xae,0x73,0xae,0x73,0xae,0x73,
  0xae,0x73,0xae,0x73,0xae,0x73,0xae,0x73,0xae,0x73,0xae,0x73,0xae,0x73,0xae,0x73,
  0xae,0x73,0xae,0x73,0xae,0x73,0xae,0x73,0xae,0x73,0xae,0x73,0xae,0x73,0xae,0x73,
  0xae,0x73,0xae,0x73,0xae,0x73,0xae,0x73,0xae,0x73,0xae,0x73,0xae,0x73,0xae,0x73,
  0xae,0x73,0xae,0x73,0xae,0x73,0xae,0x73,0xae,0x73,0xae,0x73,0xae,0x73,0xae,0x73,
  0xae,0x73,0xae,0x73,0xae,0x73,0xae,0x73,0xae,0x73,0xae,0x73,0xae,0x73,0xae,0x73,
  0xae,0x73,0xae,0x73,0xae,0x73,0xae,0x73,0xae,0x73,0xae,0x73,0xae,0x73,0xae,0x73,
  0xae,0x73,0xae,0x73,0xae,0x73,0xae,0x73,0xae,0x73,0xae,0x73,0xae,0x73,0xae,0x73,
  0xae,0x73,0xae,0x73,0xae,0x73,0xae,0x73,0xae,0x73,0xae,0x73,0xae,0x73,0xae,0x73,
  0xae,0x73,0xae,0x73,0xae,0x73,0xae,0x73,0xae,0x73,0xae,0x73,0xae,0x73,0xae,0x73,
  0xae,0x73,0xae,0x73,0xae,0x73,0xae,0x73,0xae,0x73,0xae,0x73,0xae,0x73,0xae,0x73,
  0xcf,0x73,0xcf,0x73,0xcf,0x73,0xcf,0x73,0xaf,0x73,0xaf,0x73,0xaf,0x73,0xaf,0x73,
  0xcf,0x73,0xaf,0x73,0xae,0x73,0xae,0x73,0xae,0x73,0xaf,0x73,0xaf,0x73,0xaf,0x73,
  0xcf,0x73,0xaf,0x73,0xcf,0x73,0xcf,0x7b,0xcf,0x7b,0xcf,0x7b,0xcf,0x7b,0xcf,0x7b,
  0xcf,0x7b,0xcf,0x7b,0xcf,0x73,0xcf,0x73,0xcf,0x73,0xcf,0x73,0xcf,0x7b,0xcf,0x7b,
  0xcf,0x73,0xcf,0x73,0xcf,0x73,0xaf,0x73,0xaf,0x73,0xcf,0x73,0xcf,0x73,0xcf,0x73,
  0xcf,0x73,0xaf,0x73,0xcf,0x73,0xcf,0x7b,0xcf,0x73,0xaf,0x73,0xaf,0x73,0xaf,0x73,
  0xaf,0x73,0xaf,0x73,0xcf,0x73,0xcf,0x73,0xaf,0x73,0xaf,0x73,0xcf,0x73,0xcf,0x73,
  0xcf,0x73,0xaf,0x73,0xaf,0x73,0xaf,0x73,0xcf,0x73,0xaf,0x73,0xaf,0x73,0xcf,0x73,
  0xcf,0x73,0xcf,0x73,0xaf,0x73,0xaf,0x73,0xaf,0x7b,0xaf,0x7b,0xcf,0x73,0xaf,0x73,
  0xaf,0x73,0xae,0x73,0xaf,0x73,0xcf,0x73,0xaf,0x73,0xae,0x73,0xae,0x73,0xae,0x73,
  0xae,0x73,0xae,0x73,0xae,0x73,0xae,0x73,0xae,0x73,0xae,0x73,0xae,0x73,0xae,0x73,
  0xae,0x73,0xae,0x73,0xae,0x73,0xae,0x73,0xae,0x73,0xae,0x73,0xae,0x73,0xae,0x73,
  0xae,0x73,0xae,0x73,0xae,0x73,0xae,0x73,0xae,0x73,0xae,0x73,0xae,0x73,0xae,0x73,
  0xae,0x73,0xae,0x73,0xae,0x73,0xae,0x73,0xae,0x73,0xae,0x73,0xae,0x73,0xaf,0x73,
  0xaf,0x73,0xae,0x73,0xae,0x73,0xae,0x73,0xae,0x73,0xae,0x73,0xae,0x73,0xae,0x73,
  0xae,0x73,0xae,0x73,0xae,0x73,0xae,0x73,0xae,0x73,0xae,0x73,0xae,0x73,0xae,0x73,
  0xae,0x73,0xae,0x73,0xae,0x73,0xae,0x73,0xae,0x73,0xae,0x73,0xae,0x73,0xae,0x73,
  0xae,0x73,0xae,0x73,0xae,0x73,0xae,0x73,0xae,0x73,0xae,0x73,0xae,0x73,0xae,0x73,
  0xae,0x73,0xae,0x73,0xae,0x73,0xae,0x73,0xae,0x73,0xae,0x73,0xae,0x73,0xae,0x73,
  0xae,0x73,0xae,0x73,0xae,0x73,0xae,0x73,0xae,0x73,0xae,0x73,0xae,0x73,0xae,0x73,
  0xae,0x73,0xae,0x73,0xae,0x73,0xae,0x73,0xae,0x73,0xae,0x73,0xae,0x73,0xae,0x73,
  0xae,0x73,0xae,0x73,0xae,0x73,0xae,0x73,0xae,0x73,0xae,0x73,0xae,0x73,0xae,0x73,
  0xae,0x73,0xae,0x73,0xae,0x73,0xae,0x73,0xae,0x73,0xae,0x73,0xae,0x73,0xae,0x73,
  0xae,0x73,0xae,0x73,0xae,0x73,0xae,0x73,0xae,0x73,0xae,0x73,0xae,0x73,0xae,0x73,
  0xae,0x73,0xae,0x73,0xae,0x73,0xae,0x73,0xae,0x73,0xae,0x73,0xae,0x73,0xae,0x73,
  0xcf,0x73,0xcf,0x73,0xcf,0x73,0xcf,0x73,0xaf,0x73,0xaf,0x73,0xcf,0x73,0xcf,0x73,
  0xcf,0x7b,0xcf,0x73,0xae,0x73,0xae,0x73,0xae,0x73,0xaf,0x73,0xaf,0x73,0xaf,0x73,
  0xcf,0x73,0xcf,0x73,0xcf,0x7b,0xcf,0x7b,0xcf,0x7b,0xcf,0x7b,0xcf,0x7b,0xcf,0x7b,
  0xcf,0x7b,0xcf,0x7b,0xcf,0x7b,0xcf,0x73,0xcf,0x73,0xcf,0x73,0xcf,0x7b,0xcf,0x7b,
  0xcf,0x73,0xcf,0x73,0xcf,0x73,0xcf,0x73,0xcf,0x73,0xcf,0x73,0xcf,0x73,0xcf,0x73,
  0xcf,0x73,0xaf,0x73,0xcf,0x73,0xcf,0x7b,0xcf,0x73,0xaf,0x73,0xaf,0x73,0xaf,0x73,
  0xaf,0x73,0xaf,0x73,0xcf,0x73,0xcf,0x73,0xaf,0x73,0xaf,0x73,0xcf,0x73,0xcf,0x73,
  0xcf,0x73,0xae,0x73,0xaf,0x73,0xaf,0x73,0xcf,0x73,0xaf,0x73,0xaf,0x73,0xcf,0x73,
  0xcf,0x73,0xaf,0x73,0xaf,0x73,0xaf,0x73,0xaf,0x73,0xaf,0x73,0xaf,0x73,0xaf,0x73,
  0xcf,0x73,0xae,0x73,0xaf,0x73,0xaf,0x73,0xaf,0x73,0xae,0x73,0xae,0x73,0xae,0x73,
  0xae,0x73,0xae,0x73,0xae,0x73,0xae,0x73,0xae,0x73,0xae,0x73,0xae,0x73,0xae,0x73,
  0xae,0x73,0xae,0x73,0xae,0x73,0xae,0x73,0xae,0x73,0xae,0x73,0xae,0x73,0xae,0x73,
  0xae,0x73,0xae,0x73,0xae,0x73,0xae,0x73,0xae,0x73,0xae,0x73,0xae,0x73,0xae,0x73,
  0xae,0x73,0xae,0x73,0xae,0x73,0xae,0x73,0xae,0x73,0xae,0x73,0xae,0x73,0xae,0x73,
  0xae,0x73,0xae,0x73,0xae,0x73,0xae,0x73,0xae,0x73,0xae,0x73,0xae,0x73,0xae,0x73,
  0xae,0x73,0xae,0x73,0xae,0x73,0xae,0x73,0xae,0x73,0xae,0x73,0xae,0x73,0xae,0x73,
  0xae,0x73,0xae,0x73,0xae,0x73,0xae,0x73,0xae,0x73,0xae,0x73,0xae,0x73,0xae,0x73,
  0xae,0x73,0xae,0x73,0xae,0x73,0xae,0x73,0xae,0x73,0xae,0x73,0xae,0x73,0xae,0x73,
  0xae,0x73,0xae,0x73,0xae,0x73,0xae,0x73,0xae,0x73,0xae,0x73,0xae,0x73,0xae,0x73,
  0xae,0x73,0xae,0x73,0xae,0x73,0xae,0x73,0xae,0x73,0xae,0x73,0xae,0x73,0xae,0x73,
  0xae,0x73,0xae,0x73,0xae,0x73,0xae,0x73,0xae,0x73,0xae,0x73,0xae,0x73,0xae,0x73,
  0xae,0x73,0xae,0x73,0xae,0x73,0xae,0x73,0xae,0x73,0xae,0x73,0xae,0x73,0xae,0x73,
  0xae,0x73,0xae,0x73,0xae,0x73,0xae,0x73,0xae,0x73,0xae,0x73,0xae,0x73,0xae,0x73,
  0xae,0x73,0xae,0x73,0xae,0x73,0xae,0x73,0xae,0x73,0xae,0x73,0xae,0x73,0xae,0x73,
  0xae,0x73,0xae,0x73,0xae,0x73,0xae,0x73,0xae,0x73,0xae,0x73,0xae,0x73,0xae,0x73,
  0xcf,0x73,0xcf,0x73,0xcf,0x73,0xcf,0x73,0xaf,0x73,0xae,0x73,0xaf,0x73,0xcf,0x73,
  0xcf,0x7b,0xcf,0x7b,0xaf,0x73,0xae,0x73,0xaf,0x73,0xcf,0x73,0xaf,0x73,0xaf,0x73,
  0xcf,0x73,0xcf,0x7b,0xcf,0x7b,0xcf,0x7b,0xcf,0x7b,0xcf,0x73,0xcf,0x7b,0xcf,0x7b,
  0xcf,0x7b,0xcf,0x7b,0xcf,0x7b,0xcf,0x7b,0xcf,0x7b,0xcf,0x7b,0xcf,0x7b,0xcf,0x73,
  0xcf,0x73,0xcf,0x73,0xcf,0x73,0xcf,0x7b,0xcf,0x7b,0xcf,0x73,0xcf,0x73,0xcf,0x73,
  0xcf,0x73,0xcf,0x73,0xcf,0x73,0xcf,0x73,0xcf,0x73,0xaf,0x73,0xaf,0x73,0xcf,0x73,
  0xcf,0x73,0xcf,0x73,0xcf,0x73,0xaf,0x73,0xaf,0x73,0xaf,0x73,0xcf,0x73,0xcf,0x73,
  0xce,0x73,0xae,0x73,0xcf,0x73,0xcf,0x73,0xcf,0x73,0xaf,0x73,0xaf,0x73,0xcf,0x73,
  0xae,0x73,0xaf,0x73,0xaf,0x7b,0xaf,0x73,0xae,0x73,0xae,0x73,0xae,0x73,0xae,0x73,
  0xaf,0x73,0xaf,0x73,0xaf,0x73,0xcf,0x73,0xaf,0x73,0xae,0x73,0xae,0x73,0xae,0x73,
  0xae,0x73,0xae,0x73,0xae,0x73,0xae,0x73,0xae,0x73,0xae,0x73,0xae,0x73,0xae,0x73,
  0xae,0x73,0xae,0x73,0xae,0x73,0xae,0x73,0xae,0x73,0xae,0x73,0xae,0x73,0xae,0x73,
  0xae,0x73,0xae,0x73,0xae,0x73,0xae,0x73,0xae,0x73,0xae,0x73,0xae,0x73,0xae,0x73,
  0xae,0x73,0xae,0x73,0xae,0x73,0xae,0x73,0xae,0x73,0xae,0x73,0xae,0x73,0xae,0x73,
  0xae,0x73,0xaf,0x73,0xaf,0x73,0xae,0x73,0xae,0x73,0xae,0x73,0xae,0x73,0xae,0x73,
  0xae,0x73,0xae,0x73,0xae,0x73,0xae,0x73,0xae,0x73,0xae,0x73,0xae,0x73,0xae,0x73,
  0xae,0x73,0xae,0x73,0xae,0x73,0xae,0x73,0xae,0x73,0xae,0x73,0xae,0x73,0xae,0x73,
  0xae,0x73,0xae,0x73,0xae,0x73,0xae,0x73,0xae,0x73,0xae,0x73,0xae,0x73,0xae,0x73,
  0xae,0x73,0xae,0x73,0xae,0x73,0xae,0x73,0xae,0x73,0xae,0x73,0xae,0x73,0xae,0x73,
  0xae,0x73,0xae,0x73,0xae,0x73,0xae,0x73,0xae,0x73,0xae,0x73,0xae,0x73,0xae,0x73,
  0xae,0x73,0xae,0x73,0xae,0x73,0xae,0x73,0xae,0x73,0xae,0x73,0xae,0x73,0xae,0x73,
  0xae,0x73,0xae,0x73,0xae,0x73,0xae,0x73,0xae,0x73,0xae,0x73,0xae,0x73,0xae,0x73,
  0xae,0x73,0xae,0x73,0xae,0x73,0xae,0x73,0xae,0x73,0xae,0x73,0xae,0x73,0xae,0x73,
  0xae,0x73,0xae,0x73,0xae,0x73,0xae,0x73,0xae,0x73,0xae,0x73,0xae,0x73,0xae,0x73,
  0xae,0x73,0xae,0x73,0xae,0x73,0xae,0x73,0xae,0x73,0xae,0x73,0xae,0x73,0xae,0x73,
  0xaf,0x73,0xaf,0x73,0xcf,0x73,0xcf,0x73,0xcf,0x73,0xaf,0x73,0xaf,0x73,0xcf,0x7b,
  0xcf,0x7b,0xcf,0x73,0xaf,0x73,0xcf,0x73,0xcf,0x73,0xcf,0x73,0xaf,0x73,0xaf,0x73,
  0xcf,0x73,0xcf,0x73,0xcf,0x73,0xcf,0x7b,0xcf,0x7b,0xcf,0x73,0xcf,0x7b,0xcf,0x7b,
  0xcf,0x7b,0xcf,0x7b,0xcf,0x7b,0xcf,0x7b,0xcf,0x7b,0xcf,0x7b,0xcf,0x7b,0xcf,0x73,
  0xcf,0x73,0xcf,0x73,0xcf,0x73,0xcf,0x73,0xcf,0x73,0xcf,0x73,0xcf,0x73,0xcf,0x73,
  0xcf,0x73,0xcf,0x7b,0xcf,0x7b,0xcf,0x73,0xcf,0x73,0xaf,0x73,0xaf,0x73,0xcf,0x73,
  0xcf,0x7b,0xcf,0x7b,0xcf,0x73,0xaf,0x73,0xaf,0x73,0xaf,0x73,0xcf,0x73,0xcf,0x73,
  0xaf,0x73,0xaf,0x73,0xcf,0x73,0xcf,0x7b,0xcf,0x73,0xcf,0x73,0xcf,0x7b,0xaf,0x73,
  0xae,0x73,0xcf,0x73,0xaf,0x7b,0xae,0x73,0xae,0x73,0xae,0x73,0xae,0x73,0xae,0x73,
  0xaf,0x73,0xaf,0x73,0xaf,0x73,0xcf,0x73,0xaf,0x73,0xae,0x73,0xae,0x73,0xae,0x73,
  0xae,0x73,0xaf,0x73,0xae,0x73,0xae,0x73,0xae,0x73,0xae,0x73,0xae,0x73,0xae,0x73,
  0xae,0x73,0xae,0x73,0xae,0x73,0xae,0x73,0xae,0x73,0xaf,0x73,0xaf,0x73,0xae,0x73,
  0xae,0x73,0xae,0x73,0xae,0x73,0xae,0x73,0xae,0x73,0xae,0x73,0xae,0x73,0xae,0x73,
  0xae,0x73,0xae,0x73,0xae,0x73,0xae,0x73,0xae,0x73,0xae,0x73,0xae,0x73,0xae,0x73,
  0xae,0x73,0xaf,0x7b,0xaf,0x7b,0xae,0x73,0xae,0x73,0xae,0x73,0xae,0x73,0xae,0x73,
  0xae,0x73,0xae,0x73,0xae,0x73,0xae,0x73,0xae,0x73,0xae,0x73,0xae,0x73,0xae,0x73,
  0xae,0x73,0xae,0x73,0xae,0x73,0xae,0x73,0xae,0x73,0xae,0x73,0xae,0x73,0xae,0x73,
  0xae,0x73,0xae,0x73,0xae,0x73,0xae,0x73,0xae,0x73,0xae,0x73,0xae,0x73,0xae,0x73,
  0xae,0x73,0xae,0x73,0xae,0x73,0xae,0x73,0xae,0x73,0xae,0x73,0xae,0x73,0xae,0x73,
  0xae,0x73,0xae,0x73,0xae,0x73,0xae,0x73,0xae,0x73,0xae,0x73,0xae,0x73,0xae,0x73,
  0xae,0x73,0xae,0x73,0xae,0x73,0xae,0x73,0xae,0x73,0xae,0x73,0xae,0x73,0xae,0x73,
  0xae,0x73,0xae,0x73,0xae,0x73,0xae,0x73,0xae,0x73,0xae,0x73,0xae,0x73,0xae,0x73,
  0xae,0x73,0xae,0x73,0xae,0x73,0xae,0x73,0xae,0x73,0xae,0x73,0xae,0x73,0xae,0x73,
  0xae,0x73,0xae,0x73,0xae,0x73,0xae,0x73,0xae,0x73,0xae,0x73,0xae,0x73,0xae,0x73,
  0xae,0x73,0xae,0x73,0xae,0x73,0xae,0x73,0xae,0x73,0xae,0x73,0xae,0x73,0xae,0x73,
  0xcf,0x73,0xcf,0x73,0xcf,0x73,0xcf,0x73,0xcf,0x73,0xcf,0x73,0xcf,0x73,0xcf,0x7b,
  0xcf,0x7b,0xcf,0x73,0xcf,0x73,0xcf,0x73,0xcf,0x73,0xcf,0x73,0xaf,0x73,0xaf,0x73,
  0xcf,0x73,0xaf,0x73,0xcf,0x73,0xcf,0x7b,0xcf,0x7b,0xcf,0x73,0xcf,0x7b,0xcf,0x7b,
  0xcf,0x7b,0xcf,0x7b,0xcf,0x7b,0xcf,0x7b,0xcf,0x7b,0xcf,0x7b,0xcf,0x7b,0xaf,0x73,
  0xcf,0x73,0xcf,0x73,0xcf,0x73,0xcf,0x73,0xcf,0x73,0xcf,0x73,0xcf,0x73,0xcf,0x73,
  0xcf,0x73,0xcf,0x7b,0xcf,0x7b,0xcf,0x73,0xcf,0x73,0xcf,0x73,0xaf,0x73,0xcf,0x73,
  0xcf,0x7b,0xcf,0x73,0xcf,0x73,0xaf,0x73,0xaf,0x73,0xaf,0x73,0xcf,0x73,0xcf,0x73,
  0xaf,0x73,0xcf,0x73,0xcf,0x73,0xcf,0x7b,0xcf,0x73,0xcf,0x73,0xcf,0x7b,0xae,0x73,
  0xae,0x73,0xaf,0x73,0xaf,0x73,0xae,0x73,0xae,0x73,0xaf,0x73,0xae,0x73,0xae,0x73,
  0xaf,0x73,0xaf,0x73,0xaf,0x73,0xcf,0x73,0xaf,0x73,0xae,0x73,0xae,0x73,0xae,0x73,
  0xae,0x73,0xaf,0x73,0xae,0x73,0xae,0x73,0xae,0x73,0xae,0x73,0xae,0x73,0xae,0x73,
  0xae,0x73,0xae,0x73,0xae,0x73,0xae,0x73,0xae,0x73,0xaf,0x73,0xae,0x73,0xae,0x73,
  0xae,0x73,0xae,0x73,0xae,0x73,0xae,0x73,0xae,0x73,0xae,0x73,0xae,0x73,0xae,0x73,
  0xae,0x73,0xae,0x73,0xae,0x73,0xae,0x73,0xae,0x73,0xae,0x73,0xae,0x73,0xae,0x73,
  0xae,0x73,0xaf,0x7b,0xaf,0x7b,0xae,0x73,0xae,0x73,0xae,0x73,0xae,0x73,0xae,0x73,
  0xae,0x73,0xae,0x73,0xae,0x73,0xae,0x73,0xae,0x73,0xae,0x73,0xae,0x73,0xae,0x73,
  0xae,0x73,0xae,0x73,0xae,0x73,0xae,0x73,0xae,0x73,0xae,0x73,0xae,0x73,0xae,0x73,
  0xae,0x73,0xae,0x73,0xae,0x73,0xae,0x73,0xae,0x73,0xae,0x73,0xae,0x73,0xae,0x73,
  0xae,0x73,0xae,0x73,0xae,0x73,0xae,0x73,0xae,0x73,0xae,0x73,0xae,0x73,0xae,0x73,
  0xae,0x73,0xae,0x73,0xae,0x73,0xae,0x73,0xae,0x73,0xae,0x73,0xae,0x73,0xae,0x73,
  0xae,0x73,0xae,0x73,0xae,0x73,0xae,0x73,0xae,0x73,0xae,0x73,0xae,0x73,0xae,0x73,
  0xae,0x73,0xae,0x73,0xae,0x73,0xae,0x73,0xae,0x73,0xae,0x73,0xae,0x73,0xae,0x73,
  0xae,0x73,0xae,0x73,0xae,0x73,0xae,0x73,0xae,0x73,0xae,0x73,0xae,0x73,0xae,0x73,
  0xae,0x73,0xae,0x73,0xae,0x73,0xae,0x73,0xae,0x73,0xae,0x73,0xae,0x73,0xae,0x73,
  0xae,0x73,0xae,0x73,0xae,0x73,0xae,0x73,0xae,0x73,0xae,0x73,0xae,0x73,0xae,0x73,
  0xcf,0x7b,0xcf,0x7b,0xcf,0x73,0xcf,0x73,0xaf,0x73,0xaf,0x73,0xcf,0x73,0xcf,0x7b,
  0xcf,0x7b,0xcf,0x7b,0xcf,0x73,0xcf,0x73,0xcf,0x73,0xcf,0x73,0xcf,0x73,0xcf,0x73,
  0xcf,0x7b,0xcf,0x73,0xcf,0x73,0xcf,0x7b,0xcf,0x7b,0xcf,0x73,0xcf,0x73,0xcf,0x7b,
  0xcf,0x7b,0xcf,0x7b,0xcf,0x7b,0xcf,0x7b,0xcf,0x7b,0xcf,0x7b,0xcf,0x73,0xcf,0x73,
  0xcf,0x7b,0xcf,0x7b,0xcf,0x7b,0xcf,0x73,0xcf,0x73,0xcf,0x7b,0xcf,0x7b,0xcf,0x7b,
  0xcf,0x7b,0xcf,0x73,0xcf,0x73,0xcf,0x7b,0xcf,0x7b,0xcf,0x7b,0xcf,0x73,0xcf,0x73,
  0xcf,0x73,0xaf,0x73,0xaf,0x73,0xaf,0x73,0xcf,0x73,0xcf,0x73,0xcf,0x73,0xcf,0x73,
  0xcf,0x73,0xcf,0x7b,0xcf,0x73,0xcf,0x73,0xcf,0x73,0xcf,0x73,0xcf,0x73,0xaf,0x73,
  0xaf,0x73,0xaf,0x73,0xae,0x73,0xae,0x73,0xaf,0x73,0xaf,0x73,0xae,0x73,0xae,0x73,
  0xaf,0x73,0xaf,0x7b,0xcf,0x73,0xaf,0x73,0xaf,0x73,0xae,0x73,0xae,0x73,0xae,0x73,
  0xae,0x73,0xae,0x73,0xae,0x73,0xaf,0x73,0xaf,0x73,0xae,0x73,0xae,0x73,0xae,0x73,
  0xae,0x73,0xae,0x73,0xae,0x73,0xae,0x73,0xae,0x73,0xae,0x73,0xae,0x73,0xae,0x73,
  0xae,0x73,0xae,0x73,0xae,0x73,0xae,0x73,0xae,0x73,0xae,0x73,0xae,0x73,0xae,0x73,
  0xae,0x73,0xae,0x73,0xae,0x73,0xae,0x73,0xae,0x73,0xae,0x73,0xae,0x73,0xae,0x73,
  0xae,0x73,0xae,0x73,0xae,0x73,0xaf,0x73,0xae,0x73,0xae,0x73,0xae,0x73,0xae,0x73,
  0xae,0x73,0xae,0x73,0xae,0x73,0xae,0x73,0xae,0x73,0xae,0x73,0xae,0x73,0xae,0x73,
  0xae,0x73,0xae,0x73,0xae,0x73,0xae,0x73,0xae,0x73,0xae,0x73,0xae,0x73,0xae,0x73,
  0xae,0x73,0xae,0x73,0xae,0x73,0xae,0x73,0xae,0x73,0xae,0x73,0xae,0x73,0xae,0x73,
  0xae,0x73,0xae,0x73,0xae,0x73,0xae,0x73,0xae,0x73,0xae,0x73,0xae,0x73,0xae,0x73,
  0xae,0x73,0xae,0x73,0xae,0x73,0xae,0x73,0xae,0x73,0xae,0x73,0xae,0x73,0xae,0x73,
  0xae,0x73,0xae,0x73,0xae,0x73,0xae,0x73,0xae,0x73,0xae,0x73,0xae,0x73,0xae,0x73,
  0xae,0x73,0xae,0x73,0xae,0x73,0xae,0x73,0xae,0x73,0xae,0x73,0xae,0x73,0xae,0x73,
  0xae,0x73,0xae,0x73,0xae,0x73,0xae,0x73,0xae,0x73,0xae,0x73,0xae,0x73,0xae,0x73,
  0xae,0x73,0xae,0x73,0xae,0x73,0xae,0x73,0xae,0x73,0xae,0x73,0xae,0x73,0xae,0x73,
  0xae,0x73,0xae,0x73,0xae,0x73,0xae,0x73,0xae,0x73,0xae,0x73,0xae,0x73,0xae,0x73,
  0xcf,0x7b,0xcf,0x7b,0xcf,0x7b,0xcf,0x7b,0xcf,0x73,0xcf,0x73,0xcf,0x73,0xcf,0x7b,
  0xcf,0x7b,0xcf,0x7b,0xcf,0x73,0xcf,0x73,0xcf,0x73,0xcf,0x7b,0xcf,0x7b,0xcf,0x7b,
  0xcf,0x7b,0xcf,0x7b,0xcf,0x73,0xcf,0x7b,0xcf,0x7b,0xcf,0x73,0xcf,0x73,0xcf,0x7b,
  0xcf,0x7b,0xcf,0x7b,0xcf,0x73,0xcf,0x7b,0xcf,0x7b,0xcf,0x7b,0xcf,0x7b,0xcf,0x7b,
  0xcf,0x7b,0xcf,0x7b,0xcf,0x7b,0xcf,0x73,0xcf,0x73,0xcf,0x7b,0xcf,0x7b,0xcf,0x7b,
  0xcf,0x7b,0xcf,0x73,0xcf,0x73,0xcf,0x7b,0xcf,0x7b,0xcf,0x7b,0xcf,0x73,0xcf,0x73,
  0xcf,0x73,0xcf,0x73,0xcf,0x73,0xcf,0x73,0xcf,0x73,0xcf,0x73,0xcf,0x73,0xcf,0x73,
  0xcf,0x73,0xcf,0x7b,0xcf,0x73,0xcf,0x73,0xcf,0x73,0xcf,0x73,0xcf,0x73,0xaf,0x73,
  0xaf,0x73,0xaf,0x73,0xae,0x73,0xaf,0x73,0xaf,0x73,0xae,0x73,0xae,0x73,0xae,0x73,
  0xaf,0x73,0xaf,0x73,0xaf,0x73,0xaf,0x73,0xaf,0x73,0xaf,0x73,0xae,0x73,0xae,0x73,
  0xae,0x73,0xae,0x73,0xae,0x73,0xaf,0x73,0xaf,0x73,0xae,0x73,0xae,0x73,0xae,0x73,
  0xae,0x73,0xae,0x73,0xae,0x73,0xae,0x73,0xae,0x73,0xae,0x73,0xae,0x73,0xae,0x73,
  0xae,0x73,0xae,0x73,0xae,0x73,0xae,0x73,0xae,0x73,0xae,0x73,0xae,0x73,0xae,0x73,
  0xae,0x73,0xae,0x73,0xae,0x73,0xae,0x73,0xae,0x73,0xae,0x73,0xae,0x73,0xae,0x73,
  0xae,0x73,0xae,0x73,0xae,0x73,0xae,0x73,0xae,0x73,0xae,0x73,0xae,0x73,0xae,0x73,
  0xae,0x73,0xae,0x73,0xae,0x73,0xae,0x73,0xae,0x73,0xae,0x73,0xae,0x73,0xae,0x73,
  0xae,0x73,0xae,0x73,0xae,0x73,0xae,0x73,0xae,0x73,0xae,0x73,0xae,0x73,0xae,0x73,
  0xae,0x73,0xae,0x73,0xae,0x73,0xae,0x73,0xae,0x73,0xae,0x73,0xae,0x73,0xae,0x73,
  0xae,0x73,0xae,0x73,0xae,0x73,0xae,0x73,0xae,0x73,0xae,0x73,0xae,0x73,0xae,0x73,
  0xae,0x73,0xae,0x73,0xae,0x73,0xae,0x73,0xae,0x73,0xae,0x73,0xae,0x73,0xae,0x73,
  0xae,0x73,0xae,0x73,0xae,0x73,0xae,0x73,0xae,0x73,0xae,0x73,0xae,0x73,0xae,0x73,
  0xae,0x73,0xae,0x73,0xae,0x73,0xae,0x73,0xae,0x73,0xae,0x73,0xae,0x73,0xae,0x73,
  0xae,0x73,0xae,0x73,0xae,0x73,0xae,0x73,0xae,0x73,0xae,0x73,0xae,0x73,0xae,0x73,
  0xae,0x73,0xae,0x73,0xae,0x73,0xae,0x73,0xae,0x73,0xae,0x73,0xae,0x73,0xae,0x73,
  0x8e,0x73,0xae,0x73,0xae,0x73,0xae,0x73,0xae,0x73,0xae,0x73,0xae,0x73,0xae,0x73,
  0xcf,0x7b,0xcf,0x7b,0xcf,0x7b,0xcf,0x7b,0xcf,0x7b,0xcf,0x7b,0xcf,0x7b,0xcf,0x7b,
  0xcf,0x7b,0xcf,0x7b,0xcf,0x73,0xcf,0x73,0xcf,0x73,0xcf,0x7b,0xcf,0x7b,0xcf,0x7b,
  0xcf,0x7b,0xcf,0x7b,0xcf,0x7b,0xcf,0x7b,0xcf,0x7b,0xcf,0x7b,0xcf,0x7b,0xcf,0x7b,
  0xcf,0x7b,0xcf,0x73,0xcf,0x73,0xcf,0x7b,0xcf,0x7b,0xcf,0x7b,0xcf,0x7b,0xcf,0x7b,
  0xcf,0x7b,0xcf,0x7b,0xcf,0x7b,0xcf,0x7b,0xcf,0x7b,0xcf,0x7b,0xcf,0x7b,0xcf,0x7b,
  0xcf,0x7b,0xcf,0x7b,0xcf,0x7b,0xcf,0x7b,0xcf,0x7b,0xcf,0x7b,0xcf,0x7b,0xcf,0x7b,
  0xcf,0x7b,0xcf,0x7b,0xcf,0x7b,0xcf,0x7b,0xcf,0x7b,0xcf,0x7b,0xcf,0x7b,0xcf,0x7b,
  0xcf,0x7b,0xcf,0x7b,0xcf,0x73,0xcf,0x73,0xcf,0x73,0xaf,0x73,0xaf,0x73,0xaf,0x73,
  0xaf,0x73,0xaf,0x73,0xaf,0x73,0xaf,0x73,0xcf,0x73,0xaf,0x73,0xaf,0x73,0xae,0x73,
  0xaf,0x73,0xae,0x73,0xae,0x73,0xae,0x73,0xaf,0x73,0xaf,0x7b,0xaf,0x73,0xaf,0x73,
  0xae,0x73,0xaf,0x73,0xaf,0x73,0xaf,0x73,0xae,0x73,0xae,0x73,0xae,0x73,0xae,0x73,
  0xae,0x73,0xae,0x73,0xae,0x73,0xae,0x73,0xae,0x73,0xae,0x73,0xae,0x73,0xae,0x73,
  0xae,0x73,0xae,0x73,0xae,0x73,0xae,0x73,0xae,0x73,0xae,0x73,0xae,0x73,0xae,0x73,
  0xae,0x73,0xae,0x73,0xae,0x73,0xae,0x73,0xae,0x73,0xae,0x73,0xae,0x73,0xae,0x73,
  0xae,0x73,0xae,0x73,0xae,0x73,0xae,0x73,0xae,0x73,0xae,0x73,0xae,0x73,0xae,0x73,
  0xae,0x73,0xae,0x73,0xae,0x73,0xae,0x73,0xae,0x73,0xae,0x73,0xae,0x73,0xae,0x73,
  0xae,0x73,0xae,0x73,0xae,0x73,0xae,0x73,0xae,0x73,0xae,0x73,0xae,0x73,0xae,0x73,
  0xae,0x73,0xae,0x73,0xae,0x73,0xae,0x73,0xae,0x73,0xae,0x73,0xae,0x73,0xae,0x73,
  0xae,0x73,0xae,0x73,0xae,0x73,0xae,0x73,0xae,0x73,0xae,0x73,0xae,0x73,0xae,0x73,
  0xae,0x73,0xae,0x73,0xae,0x73,0xae,0x73,0xae,0x73,0xae,0x73,0xae,0x73,0xae,0x73,
  0xae,0x73,0xae,0x73,0xae,0x73,0xae,0x73,0xae,0x73,0xae,0x73,0xae,0x73,0xae,0x73,
  0xae,0x73,0xae,0x73,0xae,0x73,0xae,0x73,0xae,0x73,0xae,0x73,0xae,0x73,0xae,0x73,
  0xae,0x73,0xae,0x73,0xae,0x73,0xae,0x73,0xae,0x73,0xae,0x73,0xae,0x73,0xae,0x73,
  0x8e,0x73,0xae,0x73,0xae,0x73,0x8e,0x73,0xae,0x73,0xae,0x73,0xae,0x73,0xae,0x73,
  0xae,0x73,0x8e,0x73,0xae,0x73,0xae,0x73,0xae,0x73,0xae,0x73,0xae,0x73,0xae,0x73,
  0xcf,0x7b,0xcf,0x7b,0xcf,0x7b,0xcf,0x7b,0xcf,0x7b,0xcf,0x7b,0xcf,0x73,0xaf,0x73,
  0xaf,0x73,0xcf,0x7b,0xcf,0x7b,0xcf,0x7b,0xcf,0x7b,0xcf,0x7b,0xef,0x7b,0xef,0x7b,
  0xcf,0x7b,0xcf,0x7b,0xaf,0x73,0xcf,0x7b,0xcf,0x7b,0xcf,0x7b,0xcf,0x7b,0xcf,0x7b,
  0xcf,0x7b,0xcf,0x73,0xcf,0x73,0xcf,0x7b,0xcf,0x7b,0xcf,0x7b,0xcf,0x7b,0xcf,0x7b,
  0xcf,0x7b,0xcf,0x7b,0xcf,0x7b,0xcf,0x7b,0xcf,0x7b,0xcf,0x7b,0xcf,0x7b,0xcf,0x7b,
  0xcf,0x7b,0xcf,0x7b,0xcf,0x7b,0xcf,0x7b,0xcf,0x7b,0xcf,0x7b,0xcf,0x7b,0xcf,0x7b,
  0xcf,0x7b,0xcf,0x7b,0xcf,0x7b,0xcf,0x7b,0xcf,0x7b,0xcf,0x7b,0xcf,0x7b,0xcf,0x7b,
  0xcf,0x7b,0xcf,0x7b,0xcf,0x73,0xcf,0x73,0xcf,0x73,0xaf,0x73,0xaf,0x73,0xaf,0x73,
  0xaf,0x73,0xaf,0x73,0xaf,0x73,0xaf,0x73,0xcf,0x73,0xaf,0x73,0xaf,0x73,0xae,0x73,
  0xaf,0x73,0xae,0x73,0xae,0x73,0xae,0x73,0xaf,0x73,0xaf,0x7b,0xaf,0x7b,0xaf,0x73,
  0xaf,0x73,0xaf,0x73,0xaf,0x73,0xaf,0x73,0xae,0x73,0xae,0x73,0xae,0x73,0xae,0x73,
  0xae,0x73,0xae,0x73,0xae,0x73,0xae,0x73,0xae,0x73,0xae,0x73,0xae,0x73,0xae,0x73,
  0xae,0x73,0xae,0x73,0xae,0x73,0xae,0x73,0xae,0x73,0xae,0x73,0xae,0x73,0xae,0x73,
  0xae,0x73,0xae,0x73,0xae,0x73,0xae,0x73,0xae,0x73,0xae,0x73,0xae,0x73,0xae,0x73,
  0xae,0x73,0xae,0x73,0xae,0x73,0xae,0x73,0xae,0x73,0xae,0x73,0xae,0x73,0xae,0x73,
  0xae,0x73,0xae,0x73,0xae,0x73,0xae,0x73,0xae,0x73,0xae,0x73,0xae,0x73,0xae,0x73,
  0xae,0x73,0xae,0x73,0xae,0x73,0xae,0x73,0xae,0x73,0xae,0x73,0xae,0x73,0xae,0x73,
  0xae,0x73,0xae,0x73,0xae,0x73,0xae,0x73,0xae,0x73,0xae,0x73,0xae,0x73,0xae,0x73,
  0xae,0x73,0xae,0x73,0xae,0x73,0xae,0x73,0xae,0x73,0xae,0x73,0xae,0x73,0xae,0x73,
  0xae,0x73,0xae,0x73,0xae,0x73,0xae,0x73,0xae,0x73,0xae,0x73,0xae,0x73,0xae,0x73,
  0xae,0x73,0xae,0x73,0xae,0x73,0xae,0x73,0xae,0x73,0xae,0x73,0xae,0x73,0xae,0x73,
  0xae,0x73,0xae,0x73,0xae,0x73,0xae,0x73,0xae,0x73,0xae,0x73,0xae,0x73,0xae,0x73,
  0x8e,0x73,0xae,0x73,0xae,0x73,0xae,0x73,0xae,0x73,0xae,0x73,0xae,0x73,0x8e,0x73,
  0xcf,0x7b,0x8e,0x73,0xae,0x73,0xcf,0x7b,0x8e,0x73,0x8e,0x73,0x8e,0x73,0x8e,0x73,
  0x8e,0x73,0xae,0x73,0xae,0x73,0xae,0x73,0xae,0x73,0xae,0x73,0xae,0x73,0xae,0x73,
  0xcf,0x7b,0xcf,0x7b,0xcf,0x7b,0xcf,0x7b,0xcf,0x7b,0xcf,0x7b,0xcf,0x7b,0xef,0x7b,
  0xef,0x7b,0xcf,0x7b,0xab,0x52,0xeb,0x5a,0x4d,0x6b,0x4d,0x63,0x2c,0x63,0x2c,0x63,
  0x6d,0x6b,0xcf,0x7b,0xef,0x7b,0xcf,0x73,0xcf,0x73,0xcf,0x7b,0xcf,0x7b,0xcf,0x7b,
  0xcf,0x7b,0xcf,0x7b,0xcf,0x7b,0xaf,0x73,0xcf,0x7b,0xcf,0x7b,0xcf,0x7b,0xcf,0x7b,
  0xcf,0x7b,0xcf,0x7b,0xcf,0x7b,0xcf,0x7b,0xcf,0x7b,0xcf,0x7b,0xcf,0x7b,0xcf,0x7b,
  0xcf,0x7b,0xcf,0x7b,0xcf,0x7b,0xcf,0x73,0xcf,0x73,0xcf,0x73,0xcf,0x73,0xcf,0x7b,
  0xcf,0x7b,0xcf,0x7b,0xcf,0x7b,0xcf,0x7b,0xcf,0x7b,0xcf,0x7b,0xcf,0x7b,0xcf,0x7b,
  0xcf,0x73,0xcf,0x73,0xcf,0x73,0xcf,0x73,0xcf,0x73,0xcf,0x73,0xaf,0x73,0xaf,0x73,
  0xaf,0x73,0xaf,0x73,0xaf,0x73,0xcf,0x73,0xaf,0x73,0xaf,0x73,0xaf,0x73,0xaf,0x73,
  0xaf,0x73,0xaf,0x73,0xaf,0x73,0xaf,0x73,0xaf,0x73,0xaf,0x7b,0xaf,0x73,0xaf,0x7b,
  0xaf,0x7b,0xae,0x73,0xae,0x73,0xae,0x73,0xae,0x73,0xae,0x73,0xae,0x73,0xae,0x73,
  0xae,0x73,0xae,0x73,0xae,0x73,0xae,0x73,0xae,0x73,0xae,0x73,0xae,0x73,0xae,0x73,
  0xae,0x73,0xae,0x73,0xae,0x73,0xae,0x73,0xae,0x73,0xae,0x73,0xae,0x73,0xae,0x73,
  0xae,0x73,0xae,0x73,0xae,0x73,0xae,0x73,0xae,0x73,0xae,0x73,0xae,0x73,0xae,0x73,
  0xae,0x73,0xae,0x73,0xae,0x73,0xae,0x73,0xae,0x73,0xae,0x73,0xae,0x73,0xae,0x73,
  0xae,0x73,0xae,0x73,0xae,0x73,0xae,0x73,0xae,0x73,0xae,0x73,0xae,0x73,0xae,0x73,
  0xae,0x73,0xae,0x73,0xae,0x73,0xae,0x73,0xae,0x73,0xae,0x73,0xae,0x73,0xae,0x73,
  0xae,0x73,0xae,0x73,0xae,0x73,0xae,0x73,0xae,0x73,0xae,0x73,0xae,0x73,0xae,0x73,
  0xae,0x73,0xae,0x73,0xae,0x73,0xae,0x73,0xae,0x73,0xae,0x73,0xae,0x73,0xae,0x73,
  0xae,0x73,0xae,0x73,0xae,0x73,0xae,0x73,0xae,0x73,0xae,0x73,0xae,0x73,0xae,0x73,
  0xae,0x73,0xae,0x73,0xae,0x73,0xae,0x73,0xae,0x73,0xae,0x73,0xae,0x73,0xae,0x73,
  0xae,0x73,0xae,0x73,0xae,0x73,0xae,0x73,0xae,0x73,0xae,0x73,0xae,0x73,0xae,0x73,
  0xae,0x73,0xae,0x73,0xae,0x73,0xae,0x73,0xae,0x73,0xae,0x73,0xae,0x73,0xcf,0x7b,
  0x0c,0x63,0x04,0x21,0x28,0x42,0x6d,0x6b,0x8e,0x73,0xcf,0x7b,0xcf,0x7b,0xae,0x73,
  0xcf,0x7b,0xae,0x73,0x8e,0x73,0xae,0x73,0xae,0x73,0xae,0x73,0xae,0x73,0xae,0x73,
  0xcf,0x7b,0xcf,0x7b,0xcf,0x73,0xcf,0x7b,0xef,0x7b,0xae,0x73,0x6d,0x6b,0x0c,0x63,
  0x69,0x4a,0xc7,0x39,0x45,0x29,0x24,0x21,0x24,0x21,0x45,0x29,0x65,0x29,0x86,0x31,
  0xa6,0x31,0x28,0x42,0xec,0x5a,0xef,0x7b,0xcf,0x7b,0xcf,0x73,0xcf,0x7b,0xcf,0x7b,
  0xcf,0x7b,0xcf,0x7b,0xcf,0x7b,0xae,0x73,0xcf,0x7b,0xcf,0x7b,0xcf,0x7b,0xcf,0x7b,
  0xcf,0x7b,0xcf,0x7b,0xcf,0x7b,0xcf,0x7b,0xcf,0x7b,0xcf,0x7b,0xcf,0x7b,0xcf,0x7b,
  0xcf,0x7b,0xcf,0x7b,0xcf,0x7b,0xcf,0x73,0xcf,0x73,0xcf,0x73,0xcf,0x73,0xcf,0x7b,
  0xcf,0x7b,0xcf,0x7b,0xcf,0x7b,0xcf,0x7b,0xcf,0x7b,0xcf,0x7b,0xcf,0x7b,0xcf,0x7b,
  0xcf,0x73,0xcf,0x73,0xcf,0x73,0xcf,0x73,0xcf,0x73,0xcf,0x73,0xaf,0x73,0xaf,0x73,
  0xaf,0x73,0xaf,0x73,0xaf,0x73,0xcf,0x73,0xaf,0x73,0xaf,0x73,0xaf,0x73,0xaf,0x73,
  0xaf,0x7b,0xaf,0x73,0xaf,0x7b,0xaf,0x7b,0xaf,0x73,0xaf,0x7b,0xae,0x73,0xaf,0x7b,
  0xaf,0x7b,0xae,0x73,0xae,0x73,0xae,0x73,0xae,0x73,0xae,0x73,0xae,0x73,0xae,0x73,
  0xae,0x73,0xae,0x73,0xae,0x73,0xae,0x73,0xae,0x73,0xae,0x73,0xae,0x73,0xae,0x73,
  0xae,0x73,0xae,0x73,0xae,0x73,0xae,0x73,0xae,0x73,0xae,0x73,0xae,0x73,0xae,0x73,
  0xae,0x73,0xae,0x73,0xae,0x73,0xae,0x73,0xae,0x73,0xae,0x73,0xae,0x73,0xae,0x73,
  0xae,0x73,0xae,0x73,0xae,0x73,0xae,0x73,0xae,0x73,0xae,0x73,0xae,0x73,0xae,0x73,
  0xae,0x73,0xae,0x73,0xae,0x73,0xae,0x73,0xae,0x73,0xae,0x73,0xae,0x73,0xae,0x73,
  0xae,0x73,0xae,0x73,0xae,0x73,0xae,0x73,0xae,0x73,0xae,0x73,0xae,0x73,0xae,0x73,
  0xae,0x73,0xae,0x73,0xae,0x73,0xae,0x73,0xae,0x73,0xae,0x73,0xae,0x73,0xae,0x73,
  0xae,0x73,0xae,0x73,0xae,0x73,0xae,0x73,0xae,0x73,0xae,0x73,0xae,0x73,0xae,0x73,
  0xae,0x73,0xae,0x73,0xae,0x73,0xae,0x73,0xae,0x73,0xae,0x73,0xae,0x73,0xae,0x73,
  0xae,0x73,0xae,0x73,0xae,0x73,0xae,0x73,0xae,0x73,0xae,0x73,0xae,0x73,0xae,0x73,
  0xae,0x73,0xae,0x73,0xae,0x73,0xae,0x73,0xae,0x73,0xae,0x73,0xae,0x73,0xae,0x73,
  0xae,0x73,0xae,0x73,0xae,0x73,0xae,0x73,0xae,0x73,0xae,0x73,0xae,0x73,0xaa,0x52,
  0x03,0x21,0x03,0x19,0x04,0x21,0x04,0x21,0x86,0x31,0x28,0x42,0xaa,0x52,0x4d,0x6b,
  0xeb,0x5a,0x8e,0x73,0xef,0x7b,0xae,0x73,0xae,0x73,0xae,0x73,0xae,0x73,0xae,0x73,
  0xcf,0x7b,0x8e,0x73,0x29,0x42,0x8a,0x52,0x28,0x42,0x86,0x31,0x25,0x21,0x04,0x19,
  0xc3,0x18,0xc3,0x18,0xe3,0x18,0x04,0x19,0x04,0x21,0x25,0x21,0x45,0x29,0x86,0x31,
  0x86,0x31,0xa6,0x31,0xe3,0x18,0x28,0x42,0xcf,0x7b,0xcf,0x7b,0xcf,0x73,0xcf,0x7b,
  0xcf,0x7b,0xcf,0x7b,0xcf,0x7b,0xcf,0x7b,0xcf,0x7b,0xcf,0x7b,0xcf,0x7b,0xcf,0x7b,
  0xcf,0x7b,0xcf,0x7b,0xcf,0x7b,0xcf,0x7b,0xcf,0x7b,0xcf,0x7b,0xcf,0x7b,0xcf,0x7b,
  0xcf,0x7b,0xcf,0x7b,0xcf,0x7b,0xcf,0x7b,0xcf,0x73,0xcf,0x7b,0xcf,0x7b,0xcf,0x7b,
  0xcf,0x7b,0xcf,0x7b,0xcf,0x7b,0xcf,0x7b,0xcf,0x7b,0xcf,0x7b,0xcf,0x7b,0xcf,0x7b,
  0xcf,0x7b,0xcf,0x7b,0xcf,0x73,0xcf,0x73,0xaf,0x73,0xaf,0x73,0xaf,0x73,0xaf,0x73,
  0xaf,0x73,0xaf,0x73,0xaf,0x73,0xaf,0x7b,0xaf,0x7b,0xaf,0x7b,0xaf,0x73,0xaf,0x7b,
  0xcf,0x7b,0xaf,0x7b,0xaf,0x73,0xaf,0x73,0xaf,0x7b,0xaf,0x7b,0xaf,0x73,0xaf,0x73,
  0xaf,0x73,0xaf,0x73,0xae,0x73,0xae,0x73,0xae,0x73,0xae,0x73,0xae,0x73,0xae,0x73,
  0xae,0x73,0xae,0x73,0xae,0x73,0xae,0x73,0xae,0x73,0xae,0x73,0xae,0x73,0xae,0x73,
  0xae,0x73,0xae,0x73,0xae,0x73,0xae,0x73,0xae,0x73,0xae,0x73,0xae,0x73,0xae,0x73,
  0xae,0x73,0xae,0x73,0xae,0x73,0xae,0x73,0xae,0x73,0xae,0x73,0xae,0x73,0xae,0x73,
  0xae,0x73,0xae,0x73,0xae,0x73,0xae,0x73,0xae,0x73,0xae,0x73,0xae,0x73,0xae,0x73,
  0xae,0x73,0xae,0x73,0xae,0x73,0xae,0x73,0xae,0x73,0xae,0x73,0xae,0x73,0xae,0x73,
  0xae,0x73,0xae,0x73,0xae,0x73,0xae,0x73,0xae,0x73,0xae,0x73,0xae,0x73,0xae,0x73,
  0xae,0x73,0xae,0x73,0xae,0x73,0xae,0x73,0xae,0x73,0xae,0x73,0xae,0x73,0xae,0x73,
  0xae,0x73,0xae,0x73,0xae,0x73,0xae,0x73,0xae,0x73,0xae,0x73,0xae,0x73,0xae,0x73,
  0xae,0x73,0xae,0x73,0xae,0x73,0xae,0x73,0xae,0x73,0xae,0x73,0xae,0x73,0xae,0x73,
  0xae,0x73,0xae,0x73,0xae,0x73,0xae,0x73,0xae,0x73,0xae,0x73,0xae,0x73,0xae,0x73,
  0xae,0x73,0xae,0x73,0xae,0x73,0xae,0x73,0xae,0x73,0xae,0x73,0xae,0x73,0xae,0x73,
  0xae,0x73,0xae,0x73,0xae,0x73,0xae,0x73,0x8e,0x73,0xcf,0x7b,0x0c,0x63,0xe3,0x18,
  0x04,0x21,0x45,0x29,0x45,0x29,0x45,0x29,0x25,0x21,0x04,0x21,0x04,0x19,0x45,0x29,
  0xe3,0x18,0xa6,0x31,0xeb,0x5a,0x8e,0x73,0xef,0x7b,0xae,0x73,0xae,0x73,0xae,0x73,
  0xcf,0x7b,0x8e,0x73,0x65,0x29,0xc3,0x10,0xe3,0x18,0xe3,0x18,0xe4,0x18,0x04,0x21,
  0x04,0x21,0x04,0x21,0x04,0x21,0x04,0x21,0x04,0x19,0x04,0x21,0x04,0x21,0x45,0x21,
  0x65,0x29,0x86,0x31,0x86,0x31,0xe3,0x18,0xe7,0x39,0xef,0x7b,0xcf,0x73,0xcf,0x73,
  0xcf,0x73,0xcf,0x7b,0xcf,0x7b,0xcf,0x7b,0xcf,0x7b,0xcf,0x7b,0xcf,0x7b,0xcf,0x7b,
  0xcf,0x7b,0xcf,0x7b,0xcf,0x7b,0xcf,0x7b,0xcf,0x7b,0xcf,0x7b,0xcf,0x7b,0xcf,0x7b,
  0xcf,0x7b,0xcf,0x7b,0xcf,0x7b,0xcf,0x7b,0xcf,0x73,0xcf,0x7b,0xcf,0x7b,0xcf,0x7b,
  0xcf,0x7b,0xcf,0x7b,0xcf,0x7b,0xcf,0x7b,0xcf,0x7b,0xcf,0x7b,0xcf,0x7b,0xcf,0x7b,
  0xcf,0x7b,0xcf,0x7b,0xcf,0x73,0xcf,0x73,0xaf,0x73,0xaf,0x73,0xaf,0x73,0xaf,0x73,
  0xaf,0x73,0xaf,0x73,0xaf,0x73,0xaf,0x7b,0xaf,0x7b,0xaf,0x7b,0xaf,0x7b,0xcf,0x7b,
  0xcf,0x7b,0xaf,0x7b,0xaf,0x73,0xaf,0x73,0xaf,0x7b,0xaf,0x7b,0xaf,0x73,0xaf,0x73,
  0xaf,0x73,0xaf,0x73,0xae,0x73,0xae,0x73,0xae,0x73,0xae,0x73,0xae,0x73,0xae,0x73,
  0xae,0x73,0xae,0x73,0xae,0x73,0xae,0x73,0xae,0x73,0xae,0x73,0xae,0x73,0xae,0x73,
  0xae,0x73,0xae,0x73,0xae,0x73,0xae,0x73,0xae,0x73,0xae,0x73,0xae,0x73,0xae,0x73,
  0xae,0x73,0xae,0x73,0xae,0x73,0xae,0x73,0xae,0x73,0xae,0x73,0xae,0x73,0xae,0x73,
  0xae,0x73,0xae,0x73,0xae,0x73,0xae,0x73,0xae,0x73,0xae,0x73,0xae,0x73,0xae,0x73,
  0xae,0x73,0xae,0x73,0xae,0x73,0xae,0x73,0xae,0x73,0xae,0x73,0xae,0x73,0xae,0x73,
  0xae,0x73,0xae,0x73,0xae,0x73,0xae,0x73,0xae,0x73,0xae,0x73,0xae,0x73,0xae,0x73,
  0xae,0x73,0xae,0x73,0xae,0x73,0xae,0x73,0xae,0x73,0xae,0x73,0xae,0x73,0xae,0x73,
  0xae,0x73,0xae,0x73,0xae,0x73,0xae,0x73,0xae,0x73,0xae,0x73,0xae,0x73,0xae,0x73,
  0xae,0x73,0xae,0x73,0xae,0x73,0xae,0x73,0xae,0x73,0xae,0x73,0xae,0x73,0xae,0x73,
  0xae,0x73,0xae,0x73,0xae,0x73,0xae,0x73,0xae,0x73,0xae,0x73,0xae,0x73,0xae,0x73,
  0xae,0x73,0xae,0x73,0xae,0x73,0xae,0x73,0xae,0x73,0xae,0x73,0xae,0x73,0xae,0x73,
  0xae,0x73,0xae,0x73,0xae,0x73,0x8e,0x73,0xcf,0x7b,0x4d,0x6b,0x45,0x29,0x24,0x21,
  0x45,0x29,0x45,0x29,0x45,0x29,0x45,0x29,0x65,0x29,0x65,0x29,0x65,0x29,0x45,0x29,
  0x45,0x29,0x04,0x21,0xe3,0x18,0x45,0x29,0x69,0x4a,0xae,0x73,0xcf,0x7b,0x8e,0x73,
  0xcf,0x7b,0xcf,0x7b,0x8e,0x73,0x86,0x31,0xc3,0x18,0x04,0x21,0x04,0x21,0x04,0x21,
  0x04,0x19,0xe3,0x18,0xe3,0x18,0xe3,0x18,0xe3,0x18,0xe3,0x18,0xe3,0x18,0x04,0x21,
  0x45,0x21,0x65,0x29,0x86,0x31,0x86,0x31,0x04,0x21,0x8a,0x52,0x10,0x84,0xaf,0x73,
  0xcf,0x73,0xcf,0x7b,0xcf,0x7b,0xcf,0x73,0xcf,0x7b,0xcf,0x7b,0xcf,0x7b,0xcf,0x7b,
  0xcf,0x7b,0xcf,0x7b,0xcf,0x7b,0xcf,0x7b,0xcf,0x7b,0xcf,0x7b,0xaf,0x73,0xcf,0x7b,
  0xcf,0x7b,0xcf,0x7b,0xcf,0x7b,0xcf,0x7b,0xcf,0x7b,0xcf,0x7b,0xcf,0x7b,0xcf,0x7b,
  0xcf,0x7b,0xcf,0x7b,0xcf,0x7b,0xcf,0x7b,0xcf,0x7b,0xcf,0x7b,0xcf,0x7b,0xcf,0x7b,
  0xcf,0x7b,0xcf,0x73,0xcf,0x7b,0xcf,0x7b,0xcf,0x73,0xcf,0x73,0xaf,0x73,0xaf,0x73,
  0xaf,0x73,0xaf,0x73,0xaf,0x7b,0xaf,0x7b,0xaf,0x73,0xcf,0x7b,0xcf,0x7b,0xaf,0x7b,
  0xcf,0x7b,0xcf,0x7b,0xaf,0x7b,0xaf,0x7b,0xaf,0x7b,0xaf,0x7b,0xaf,0x73,0xaf,0x73,
  0xaf,0x73,0xaf,0x73,0xae,0x73,0xae,0x73,0xae,0x73,0xae,0x73,0xae,0x73,0xae,0x73,
  0xae,0x73,0xae,0x73,0xae,0x73,0xae,0x73,0xae,0x73,0xae,0x73,0xae,0x73,0xae,0x73,
  0xae,0x73,0xae,0x73,0xae,0x73,0xae,0x73,0xae,0x73,0xae,0x73,0xae,0x73,0xae,0x73,
  0xae,0x73,0xae,0x73,0xae,0x73,0xae,0x73,0xae,0x73,0xae,0x73,0xae,0x73,0xae,0x73,
  0xae,0x73,0xae,0x73,0xae,0x73,0xae,0x73,0xae,0x73,0xae,0x73,0xae,0x73,0xae,0x73,
  0xae,0x73,0xae,0x73,0xae,0x73,0xae,0x73,0xae,0x73,0xae,0x73,0xae,0x73,0xae,0x73,
  0xae,0x73,0xae,0x73,0xae,0x73,0xae,0x73,0xae,0x73,0xae,0x73,0xae,0x73,0xae,0x73,
  0xae,0x73,0xae,0x73,0xae,0x73,0xae,0x73,0xae,0x73,0xae,0x73,0xae,0x73,0xae,0x73,
  0xae,0x73,0xae,0x73,0xae,0x73,0xae,0x73,0xae,0x73,0xae,0x73,0xae,0x73,0xae,0x73,
  0xae,0x73,0xae,0x73,0xae,0x73,0xae,0x73,0xae,0x73,0xae,0x73,0xae,0x73,0xae,0x73,
  0xae,0x73,0xae,0x73,0xae,0x73,0xae,0x73,0xae,0x73,0xae,0x73,0xae,0x73,0xae,0x73,
  0xae,0x73,0xae,0x73,0xae,0x73,0xae,0x73,0xae,0x73,0xae,0x73,0xae,0x73,0xae,0x73,
  0xae,0x73,0xae,0x73,0x8e,0x73,0xcf,0x7b,0x0c,0x63,0x24,0x21,0x04,0x21,0x45,0x29,
  0x45,0x29,0x45,0x29,0x45,0x29,0x45,0x29,0x45,0x29,0x45,0x29,0x45,0x29,0x45,0x29,
  0x45,0x29,0x24,0x21,0x04,0x21,0x04,0x21,0xc3,0x18,0x24,0x21,0x0b,0x63,0xef,0x7b,
  0xcf,0x7b,0xcf,0x73,0xef,0x7b,0xae,0x73,0x8a,0x4a,0x04,0x21,0xe3,0x18,0x04,0x19,
  0xe3,0x18,0xe3,0x18,0xe3,0x18,0xe3,0x18,0xe3,0x18,0xe3,0x18,0xe3,0x18,0x04,0x21,
  0x04,0x21,0x25,0x21,0x45,0x29,0x86,0x29,0xa6,0x31,0x24,0x21,0x69,0x4a,0xef,0x7b,
  0xcf,0x7b,0xcf,0x73,0xcf,0x7b,0xcf,0x73,0xcf,0x73,0xcf,0x7b,0xcf,0x7b,0xcf,0x7b,
  0xcf,0x7b,0xcf,0x7b,0xcf,0x7b,0xcf,0x7b,0xcf,0x7b,0xcf,0x7b,0xcf,0x7b,0xcf,0x7b,
  0xcf,0x7b,0xcf,0x7b,0xcf,0x7b,0xcf,0x7b,0xcf,0x7b,0xcf,0x7b,0xcf,0x7b,0xcf,0x7b,
  0xcf,0x7b,0xcf,0x7b,0xcf,0x7b,0xcf,0x7b,0xcf,0x7b,0xcf,0x7b,0xcf,0x7b,0xcf,0x7b,
  0xcf,0x7b,0xcf,0x73,0xcf,0x7b,0xcf,0x7b,0xcf,0x73,0xcf,0x73,0xaf,0x7b,0xaf,0x7b,
  0xaf,0x73,0xaf,0x73,0xaf,0x7b,0xaf,0x7b,0xaf,0x73,0xcf,0x7b,0xcf,0x7b,0xaf,0x7b,
  0xcf,0x7b,0xcf,0x7b,0xaf,0x7b,0xaf,0x7b,0xaf,0x7b,0xaf,0x7b,0xaf,0x73,0xaf,0x73,
  0xaf,0x73,0xaf,0x73,0xae,0x73,0xae,0x73,0xae,0x73,0xae,0x73,0xae,0x73,0xae,0x73,
  0xae,0x73,0xae,0x73,0xae,0x73,0xae,0x73,0xae,0x73,0xae,0x73,0xae,0x73,0xae,0x73,
  0xae,0x73,0xae,0x73,0xae,0x73,0xae,0x73,0xae,0x73,0xae,0x73,0xae,0x73,0xae,0x73,
  0xae,0x73,0xae,0x73,0xae,0x73,0xae,0x73,0xae,0x73,0xae,0x73,0xae,0x73,0xae,0x73,
  0xae,0x73,0xae,0x73,0xae,0x73,0xae,0x73,0xae,0x73,0xae,0x73,0xae,0x73,0xae,0x73,
  0xae,0x73,0xae,0x73,0xae,0x73,0xae,0x73,0xae,0x73,0xae,0x73,0xae,0x73,0xae,0x73,
  0xae,0x73,0xae,0x73,0xae,0x73,0xae,0x73,0xae,0x73,0xae,0x73,0xae,0x73,0xae,0x73,
  0xae,0x73,0xae,0x73,0xae,0x73,0xae,0x73,0xae,0x73,0xae,0x73,0xae,0x73,0xae,0x73,
  0xae,0x73,0xae,0x73,0xae,0x73,0xae,0x73,0xae,0x73,0xae,0x73,0xae,0x73,0xae,0x73,
  0xae,0x73,0xae,0x73,0xae,0x73,0xae,0x73,0xae,0x73,0xae,0x73,0xae,0x73,0xae,0x73,
  0xae,0x73,0xae,0x73,0xae,0x73,0xae,0x73,0xae,0x73,0xae,0x73,0xae,0x73,0xae,0x73,
  0xae,0x73,0xae,0x73,0xae,0x73,0xae,0x73,0xae,0x73,0xae,0x73,0xae,0x73,0xae,0x73,
  0xae,0x73,0x8e,0x73,0xcf,0x7b,0xca,0x5a,0x04,0x21,0x24,0x21,0x45,0x29,0x45,0x29,
  0x45,0x29,0x45,0x29,0x45,0x29,0x45,0x29,0x45,0x29,0x45,0x29,0x45,0x21,0x24,0x21,
  0x24,0x21,0x04,0x21,0x04,0x21,0x04,0x21,0x04,0x21,0xc3,0x18,0xa2,0x10,0x28,0x42,
  0xcf,0x7b,0xcf,0x7b,0xcf,0x73,0xcf,0x7b,0x10,0x84,0x2c,0x63,0x24,0x21,0xc3,0x18,
  0x04,0x21,0xe3,0x18,0xe3,0x18,0xe3,0x18,0xe3,0x18,0xe3,0x18,0xe3,0x18,0x04,0x19,
  0x04,0x21,0x24,0x21,0x45,0x29,0x45,0x29,0x66,0x29,0x86,0x31,0x24,0x21,0x28,0x42,
  0xef,0x7b,0xcf,0x7b,0xaf,0x73,0xcf,0x73,0xaf,0x73,0xcf,0x7b,0xcf,0x7b,0xcf,0x7b,
  0xcf,0x7b,0xcf,0x73,0xcf,0x7b,0xcf,0x7b,0xcf,0x7b,0xcf,0x7b,0xcf,0x7b,0xcf,0x7b,
  0xcf,0x7b,0xcf,0x7b,0xcf,0x7b,0xcf,0x7b,0xcf,0x7b,0xcf,0x7b,0xcf,0x7b,0xcf,0x7b,
  0xcf,0x7b,0xcf,0x7b,0xcf,0x7b,0xcf,0x7b,0xcf,0x7b,0xcf,0x7b,0xcf,0x7b,0xcf,0x7b,
  0xcf,0x7b,0xcf,0x7b,0xcf,0x7b,0xcf,0x73,0xcf,0x73,0xcf,0x73,0xcf,0x73,0xcf,0x73,
  0xcf,0x73,0xcf,0x73,0xcf,0x73,0xcf,0x73,0xcf,0x7b,0xcf,0x7b,0xcf,0x7b,0xcf,0x7b,
  0xcf,0x73,0xcf,0x73,0xaf,0x7b,0xaf,0x7b,0xaf,0x7b,0xaf,0x7b,0xaf,0x73,0xaf,0x73,
  0xaf,0x73,0xaf,0x73,0xaf,0x73,0xaf,0x73,0xaf,0x73,0xaf,0x73,0xae,0x73,0xae,0x73,
  0xae,0x73,0xae,0x73,0xae,0x73,0xae,0x73,0xae,0x73,0xae,0x73,0xae,0x73,0xae,0x73,
  0xae,0x73,0xae,0x73,0xae,0x73,0xae,0x73,0xae,0x73,0xae,0x73,0xae,0x73,0xae,0x73,
  0xae,0x73,0xae,0x73,0xae,0x73,0xae,0x73,0xae,0x73,0xae,0x73,0xae,0x73,0xae,0x73,
  0xae,0x73,0xae,0x73,0xae,0x73,0xae,0x73,0xae,0x73,0xae,0x73,0xae,0x73,0xae,0x73,
  0xae,0x73,0xae,0x73,0xae,0x73,0xae,0x73,0xae,0x73,0xae,0x73,0xae,0x73,0xae,0x73,
  0xae,0x73,0xae,0x73,0xae,0x73,0xae,0x73,0xae,0x73,0xae,0x73,0xae,0x73,0xae,0x73,
  0xae,0x73,0xae,0x73,0xae,0x73,0xae,0x73,0xae,0x73,0xae,0x73,0xae,0x73,0xae,0x73,
  0xae,0x73,0xae,0x73,0xae,0x73,0xae,0x73,0xae,0x73,0xae,0x73,0xae,0x73,0xae,0x73,
  0xae,0x73,0xae,0x73,0xae,0x73,0xae,0x73,0xae,0x73,0xae,0x73,0xae,0x73,0xae,0x73,
  0xae,0x73,0xae,0x73,0xae,0x73,0xae,0x73,0xae,0x73,0xae,0x73,0xae,0x73,0xae,0x73,
  0xae,0x73,0xae,0x73,0xae,0x73,0xae,0x73,0xae,0x73,0xae,0x73,0xae,0x73,0xae,0x73,
  0xae,0x73,0xcf,0x7b,0x8a,0x52,0xe4,0x18,0x25,0x21,0x45,0x29,0x45,0x29,0x45,0x29,
  0x45,0x29,0x45,0x29,0x45,0x29,0x45,0x29,0x45,0x29,0x45,0x21,0x24,0x21,0x04,0x21,
  0x04,0x21,0xe4,0x18,0xe3,0x18,0xe3,0x18,0xe3,0x18,0xe3,0x18,0xe3,0x18,0xa2,0x10,
  0xcf,0x7b,0xcf,0x7b,0xcf,0x7b,0xcf,0x7b,0xae,0x73,0xef,0x7b,0x8e,0x73,0x65,0x29,
  0xc3,0x18,0x04,0x21,0xe3,0x18,0xe3,0x18,0xe3,0x18,0xe3,0x18,0xe3,0x18,0xe3,0x18,
  0xe4,0x18,0x04,0x21,0x24,0x21,0x25,0x21,0x45,0x29,0x66,0x29,0xa6,0x31,0x25,0x21,
  0xe7,0x39,0xcf,0x7b,0xcf,0x7b,0xaf,0x73,0xcf,0x7b,0xcf,0x7b,0xcf,0x7b,0xcf,0x7b,
  0xcf,0x7b,0xcf,0x7b,0xcf,0x7b,0xcf,0x7b,0xcf,0x7b,0xcf,0x7b,0xcf,0x7b,0xcf,0x7b,
  0xcf,0x7b,0xcf,0x7b,0xcf,0x7b,0xcf,0x7b,0xcf,0x7b,0xcf,0x7b,0xcf,0x7b,0xcf,0x7b,
  0xcf,0x7b,0xcf,0x7b,0xcf,0x7b,0xcf,0x7b,0xcf,0x7b,0xcf,0x7b,0xcf,0x7b,0xcf,0x7b,
  0xcf,0x7b,0xaf,0x73,0xae,0x73,0xcf,0x7b,0xcf,0x73,0xcf,0x73,0xcf,0x73,0xcf,0x73,
  0xcf,0x73,0xcf,0x73,0xcf,0x73,0xcf,0x73,0xcf,0x7b,0xcf,0x7b,0xcf,0x7b,0xcf,0x7b,
  0xcf,0x73,0xcf,0x73,0xaf,0x7b,0xaf,0x7b,0xaf,0x7b,0xaf,0x7b,0xaf,0x73,0xaf,0x73,
  0xaf,0x73,0xaf,0x73,0xaf,0x73,0xaf,0x73,0xaf,0x73,0xaf,0x73,0xae,0x73,0xae,0x73,
  0xae,0x73,0xae,0x73,0xae,0x73,0xae,0x73,0xae,0x73,0xae,0x73,0xae,0x73,0xae,0x73,
  0xae,0x73,0xae,0x73,0xae,0x73,0xae,0x73,0xae,0x73,0xae,0x73,0xae,0x73,0xae,0x73,
  0xae,0x73,0xae,0x73,0xae,0x73,0xae,0x73,0xae,0x73,0xae,0x73,0xae,0x73,0xae,0x73,
  0xae,0x73,0xae,0x73,0xae,0x73,0xae,0x73,0xae,0x73,0xae,0x73,0xae,0x73,0xae,0x73,
  0xae,0x73,0xae,0x73,0xae,0x73,0xae,0x73,0xae,0x73,0xae,0x73,0xae,0x73,0xae,0x73,
  0xae,0x73,0xae,0x73,0xae,0x73,0xae,0x73,0xae,0x73,0xae,0x73,0xae,0x73,0xae,0x73,
  0xae,0x73,0xae,0x73,0xae,0x73,0xae,0x73,0xae,0x73,0xae,0x73,0xae,0x73,0xae,0x73,
  0xae,0x73,0xae,0x73,0xae,0x73,0xae,0x73,0xae,0x73,0xae,0x73,0xae,0x73,0xae,0x73,
  0xae,0x73,0xae,0x73,0xae,0x73,0xae,0x73,0xae,0x73,0xae,0x73,0xae,0x73,0xae,0x73,
  0xae,0x73,0xae,0x73,0xae,0x73,0xae,0x73,0xae,0x73,0xae,0x73,0xae,0x73,0xae,0x73,
  0xae,0x73,0xae,0x73,0xae,0x73,0xae,0x73,0xae,0x73,0xae,0x73,0xae,0x73,0xae,0x73,
  0xcf,0x7b,0x49,0x42,0xe3,0x18,0x45,0x29,0x45,0x29,0x45,0x29,0x45,0x29,0x45,0x29,
  0x45,0x29,0x45,0x29,0x45,0x29,0x45,0x29,0x25,0x21,0x24,0x21,0x04,0x21,0x04,0x19,
  0xe3,0x18,0xe3,0x18,0xe3,0x18,0xc3,0x18,0xc3,0x18,0xc3,0x18,0xe3,0x18,0xc3,0x18,
  0xcf,0x7b,0xcf,0x7b,0xcf,0x7b,0xcf,0x7b,0xcf,0x7b,0xae,0x73,0xef,0x7b,0xae,0x73,
  0xc7,0x31,0xc3,0x18,0x04,0x21,0xe3,0x18,0xe3,0x18,0xe3,0x18,0xe3,0x18,0xe3,0x18,
  0xe3,0x18,0x04,0x21,0x04,0x21,0x24,0x21,0x24,0x21,0x45,0x29,0x65,0x29,0xa6,0x31,
  0x45,0x21,0xc7,0x39,0xaf,0x73,0xcf,0x7b,0xcf,0x73,0xcf,0x7b,0xcf,0x7b,0xcf,0x7b,
  0xcf,0x7b,0xcf,0x7b,0xcf,0x7b,0xcf,0x7b,0xcf,0x7b,0xcf,0x7b,0xcf,0x7b,0xcf,0x7b,
  0xcf,0x7b,0xcf,0x7b,0xcf,0x7b,0xcf,0x7b,0xcf,0x7b,0xcf,0x7b,0xcf,0x7b,0xcf,0x7b,
  0xcf,0x7b,0xcf,0x7b,0xcf,0x7b,0xcf,0x7b,0xcf,0x7b,0xcf,0x7b,0xcf,0x7b,0xcf,0x7b,
  0xcf,0x7b,0xae,0x73,0x8e,0x73,0xcf,0x7b,0xaf,0x73,0xaf,0x73,0xcf,0x7b,0xcf,0x7b,
  0xcf,0x7b,0xcf,0x7b,0xcf,0x73,0xcf,0x7b,0xcf,0x7b,0xcf,0x7b,0xcf,0x73,0xcf,0x73,
  0xcf,0x73,0xcf,0x73,0xcf,0x7b,0xcf,0x7b,0xaf,0x7b,0xaf,0x7b,0xaf,0x7b,0xaf,0x7b,
  0xaf,0x7b,0xaf,0x73,0xaf,0x73,0xaf,0x73,0xaf,0x73,0xaf,0x73,0xae,0x73,0xae,0x73,
  0xae,0x73,0xae,0x73,0xae,0x73,0xae,0x73,0xae,0x73,0xae,0x73,0xae,0x73,0xae,0x73,
  0xae,0x73,0xae,0x73,0xae,0x73,0xae,0x73,0xae,0x73,0xae,0x73,0xae,0x73,0xae,0x73,
  0xae,0x73,0xae,0x73,0xae,0x73,0xae,0x73,0xae,0x73,0xae,0x73,0xae,0x73,0xae,0x73,
  0xae,0x73,0xae,0x73,0xae,0x73,0xae,0x73,0xae,0x73,0xae,0x73,0xae,0x73,0xae,0x73,
  0xae,0x73,0xae,0x73,0xae,0x73,0xae,0x73,0xae,0x73,0xae,0x73,0xae,0x73,0xae,0x73,
  0xae,0x73,0xae,0x73,0xae,0x73,0xae,0x73,0xae,0x73,0xae,0x73,0xae,0x73,0xae,0x73,
  0xae,0x73,0xae,0x73,0xae,0x73,0xae,0x73,0xae,0x73,0xae,0x73,0xae,0x73,0xae,0x73,
  0xae,0x73,0xae,0x73,0xae,0x73,0xae,0x73,0xae,0x73,0xae,0x73,0xae,0x73,0xae,0x73,
  0xae,0x73,0xae,0x73,0xae,0x73,0xae,0x73,0xae,0x73,0xae,0x73,0xae,0x73,0xae,0x73,
  0xae,0x73,0xae,0x73,0xae,0x73,0xae,0x73,0xae,0x73,0xae,0x73,0xae,0x73,0xae,0x73,
  0xae,0x73,0xae,0x73,0xae,0x73,0xae,0x73,0xae,0x73,0xae,0x73,0xae,0x73,0xce,0x7b,
  0x08,0x42,0xe3,0x18,0x45,0x29,0x45,0x29,0x45,0x29,0x45,0x29,0x45,0x29,0x45,0x29,
  0x45,0x29,0x45,0x29,0x45,0x29,0x24,0x21,0x04,0x21,0x04,0x21,0xe4,0x18,0xe3,0x18,
  0xe3,0x18,0xc3,0x18,0xc3,0x18,0xc3,0x18,0xc3,0x18,0xc3,0x18,0x82,0x10,0x24,0x21,
  0xcf,0x7b,0xcf,0x7b,0xcf,0x7b,0xcf,0x7b,0xcf,0x7b,0xcf,0x7b,0xaf,0x73,0xcf,0x7b,
  0xcf,0x7b,0x08,0x42,0xc3,0x18,0x04,0x19,0xe4,0x18,0xe3,0x18,0xe3,0x18,0xe3,0x18,
  0xe3,0x18,0xe3,0x18,0xe4,0x18,0x04,0x21,0x04,0x21,0x24,0x21,0x45,0x29,0x65,0x29,
  0xa6,0x31,0x45,0x29,0x86,0x31,0x8e,0x73,0xef,0x7b,0xcf,0x73,0xcf,0x7b,0xcf,0x7b,
  0xcf,0x7b,0xcf,0x7b,0xcf,0x7b,0xcf,0x7b,0xcf,0x7b,0xcf,0x7b,0xcf,0x7b,0xcf,0x7b,
  0xcf,0x7b,0xcf,0x7b,0xcf,0x7b,0xcf,0x7b,0xcf,0x7b,0xcf,0x7b,0xcf,0x7b,0xcf,0x7b,
  0xcf,0x7b,0xcf,0x7b,0xcf,0x7b,0xcf,0x7b,0xcf,0x7b,0xcf,0x7b,0xcf,0x7b,0xcf,0x7b,
  0xcf,0x7b,0xcf,0x7b,0xcf,0x7b,0xcf,0x73,0xcf,0x7b,0xcf,0x73,0xcf,0x7b,0xcf,0x7b,
  0xcf,0x7b,0xcf,0x7b,0xcf,0x73,0xcf,0x7b,0xcf,0x7b,0xcf,0x7b,0xcf,0x73,0xcf,0x73,
  0xcf,0x7b,0xcf,0x73,0xcf,0x7b,0xcf,0x7b,0xaf,0x7b,0xaf,0x7b,0xaf,0x7b,0xaf,0x7b,
  0xaf,0x7b,0xaf,0x73,0xaf,0x73,0xaf,0x73,0xaf,0x73,0xaf,0x73,0xae,0x73,0xae,0x73,
  0xae,0x73,0xae,0x73,0xae,0x73,0xae,0x73,0xae,0x73,0xae,0x73,0xae,0x73,0xae,0x73,
  0xae,0x73,0xae,0x73,0xae,0x73,0xae,0x73,0xae,0x73,0xae,0x73,0xae,0x73,0xae,0x73,
  0xae,0x73,0xae,0x73,0xae,0x73,0xae,0x73,0xae,0x73,0xae,0x73,0xae,0x73,0xae,0x73,
  0xae,0x73,0xae,0x73,0xae,0x73,0xae,0x73,0xae,0x73,0xae,0x73,0xae,0x73,0xae,0x73,
  0xae,0x73,0xae,0x73,0xae,0x73,0xae,0x73,0xae,0x73,0xae,0x73,0xae,0x73,0xae,0x73,
  0xae,0x73,0xae,0x73,0xae,0x73,0xae,0x73,0xae,0x73,0xae,0x73,0xae,0x73,0xae,0x73,
  0xae,0x73,0xae,0x73,0xae,0x73,0xae,0x73,0xae,0x73,0xae,0x73,0xae,0x73,0xae,0x73,
  0xae,0x73,0xae,0x73,0xae,0x73,0xae,0x73,0xae,0x73,0xae,0x73,0xae,0x73,0xae,0x73,
  0xae,0x73,0xae,0x73,0xae,0x73,0xae,0x73,0xae,0x73,0xae,0x73,0xae,0x73,0xae,0x73,
  0xae,0x73,0xae,0x73,0xae,0x73,0xae,0x73,0xae,0x73,0xae,0x73,0xae,0x73,0xae,0x73,
  0xae,0x73,0xae,0x73,0xae,0x73,0xae,0x73,0xae,0x73,0xcf,0x7b,0xae,0x73,0xa6,0x31,
  0xe3,0x18,0x45,0x29,0x45,0x29,0x45,0x29,0x45,0x29,0x45,0x29,0x45,0x29,0x45,0x29,
  0x45,0x29,0x45,0x29,0x24,0x21,0x04,0x21,0x04,0x21,0xe3,0x18,0xe3,0x18,0xe3,0x18,
  0xc3,0x18,0xc3,0x18,0xc3,0x18,0xc3,0x18,0xa3,0x10,0xc3,0x18,0xe8,0x39,0x6d,0x6b,
  0xcf,0x7b,0xcf,0x7b,0xcf,0x7b,0xcf,0x7b,0xcf,0x7b,0xcf,0x7b,0xcf,0x7b,0xcf,0x73,
  0xcf,0x7b,0xef,0x7b,0x69,0x4a,0xc3,0x18,0x04,0x19,0x04,0x21,0xe3,0x18,0xe3,0x18,
  0xe3,0x18,0xe3,0x18,0xe3,0x18,0xe4,0x18,0x04,0x21,0x04,0x21,0x24,0x21,0x45,0x29,
  0x65,0x29,0x86,0x31,0x65,0x29,0x65,0x29,0x6d,0x6b,0xef,0x7b,0xaf,0x73,0xcf,0x7b,
  0xcf,0x7b,0xcf,0x7b,0xcf,0x7b,0xcf,0x7b,0xcf,0x7b,0xcf,0x7b,0xcf,0x7b,0xcf,0x7b,
  0xcf,0x7b,0xcf,0x7b,0xcf,0x7b,0xcf,0x7b,0xcf,0x7b,0xcf,0x7b,0xcf,0x7b,0xcf,0x7b,
  0xcf,0x7b,0xcf,0x7b,0xcf,0x7b,0xcf,0x7b,0xcf,0x7b,0xcf,0x7b,0xcf,0x7b,0xcf,0x7b,
  0xcf,0x7b,0xcf,0x7b,0xcf,0x73,0xcf,0x7b,0xcf,0x7b,0xcf,0x7b,0xcf,0x73,0xcf,0x7b,
  0xcf,0x7b,0xcf,0x7b,0xcf,0x7b,0xcf,0x7b,0xcf,0x7b,0xcf,0x7b,0xcf,0x7b,0xcf,0x7b,
  0xcf,0x7b,0xae,0x73,0xaf,0x7b,0xaf,0x7b,0xaf,0x7b,0xaf,0x7b,0xaf,0x73,0xaf,0x73,
  0xaf,0x73,0xaf,0x73,0xae,0x73,0xae,0x73,0xae,0x73,0xae,0x73,0xae,0x73,0xae,0x73,
  0xae,0x73,0xae,0x73,0xae,0x73,0xae,0x73,0xae,0x73,0xae,0x73,0xae,0x73,0xae,0x73,
  0xae,0x73,0xae,0x73,0xae,0x73,0xae,0x73,0xae,0x73,0xae,0x73,0xae,0x73,0xae,0x73,
  0xae,0x73,0xae,0x73,0xae,0x73,0xae,0x73,0xae,0x73,0xae,0x73,0xae,0x73,0xae,0x73,
  0xae,0x73,0xae,0x73,0xae,0x73,0xae,0x73,0xae,0x73,0xae,0x73,0xae,0x73,0xae,0x73,
  0xae,0x73,0xae,0x73,0xae,0x73,0xae,0x73,0xae,0x73,0xae,0x73,0xae,0x73,0xae,0x73,
  0xae,0x73,0xae,0x73,0xae,0x73,0xae,0x73,0xae,0x73,0xae,0x73,0xae,0x73,0xae,0x73,
  0xae,0x73,0xae,0x73,0xae,0x73,0xae,0x73,0xae,0x73,0xae,0x73,0xae,0x73,0xae,0x73,
  0xae,0x73,0xae,0x73,0xae,0x73,0xae,0x73,0xae,0x73,0xae,0x73,0xae,0x73,0xae,0x73,
  0xae,0x73,0xae,0x73,0xae,0x73,0xae,0x73,0xae,0x73,0xae,0x73,0xae,0x73,0xae,0x73,
  0xae,0x73,0xae,0x73,0xae,0x73,0xae,0x73,0xae,0x73,0xae,0x73,0xae,0x73,0xae,0x73,
  0xae,0x73,0xae,0x73,0xae,0x73,0xae,0x73,0xcf,0x7b,0x8e,0x73,0x86,0x31,0x04,0x21,
  0x45,0x29,0x45,0x29,0x45,0x29,0x45,0x29,0x45,0x29,0x45,0x29,0x45,0x29,0x45,0x29,
  0x45,0x29,0x24,0x21,0x04,0x21,0x04,0x19,0xe3,0x18,0xe3,0x18,0xc3,0x18,0xc3,0x18,
  0xc3,0x18,0xc3,0x18,0xc3,0x18,0xa2,0x10,0xe4,0x18,0xeb,0x5a,0xef,0x7b,0xae,0x73,
  0xcf,0x7b,0xcf,0x7b,0xcf,0x7b,0xcf,0x7b,0xcf,0x7b,0xcf,0x7b,0xcf,0x7b,0xcf,0x7b,
  0xcf,0x7b,0xcf,0x7b,0x10,0x84,0xcb,0x5a,0x04,0x19,0xe3,0x18,0x04,0x21,0xe4,0x18,
  0xe4,0x18,0xe3,0x18,0xe3,0x18,0xe4,0x18,0xe4,0x18,0x04,0x21,0x04,0x21,0x24,0x21,
  0x45,0x29,0x65,0x29,0x86,0x31,0x65,0x29,0x45,0x29,0x4d,0x63,0xf0,0x7b,0xae,0x73,
  0xcf,0x7b,0xcf,0x7b,0xcf,0x7b,0xcf,0x7b,0xcf,0x7b,0xcf,0x7b,0xcf,0x7b,0xcf,0x7b,
  0xcf,0x7b,0xcf,0x7b,0xcf,0x7b,0xcf,0x7b,0xcf,0x7b,0xcf,0x7b,0xcf,0x7b,0xcf,0x7b,
  0xcf,0x7b,0xcf,0x7b,0xcf,0x7b,0xcf,0x7b,0xcf,0x7b,0xcf,0x7b,0xcf,0x7b,0xcf,0x73,
  0xae,0x73,0xcf,0x7b,0xcf,0x7b,0xcf,0x7b,0xcf,0x7b,0xcf,0x7b,0xcf,0x7b,0xcf,0x73,
  0xcf,0x7b,0xcf,0x7b,0xcf,0x7b,0xcf,0x7b,0xcf,0x7b,0xcf,0x7b,0xcf,0x7b,0xcf,0x7b,
  0xcf,0x7b,0xaf,0x7b,0xaf,0x7b,0xaf,0x7b,0xaf,0x7b,0xaf,0x7b,0xaf,0x73,0xaf,0x73,
  0xaf,0x73,0xaf,0x73,0xae,0x73,0xae,0x73,0xae,0x73,0xae,0x73,0xae,0x73,0xae,0x73,
  0xae,0x73,0xae,0x73,0xae,0x73,0xae,0x73,0xae,0x73,0xae,0x73,0xae,0x73,0xae,0x73,
  0xae,0x73,0xae,0x73,0xae,0x73,0xae,0x73,0xae,0x73,0xae,0x73,0xae,0x73,0xae,0x73,
  0xae,0x73,0xae,0x73,0xae,0x73,0xae,0x73,0xae,0x73,0xae,0x73,0xae,0x73,0xae,0x73,
  0xae,0x73,0xae,0x73,0xae,0x73,0xae,0x73,0xae,0x73,0xae,0x73,0xae,0x73,0xae,0x73,
  0xae,0x73,0xae,0x73,0xae,0x73,0xae,0x73,0xae,0x73,0xae,0x73,0xae,0x73,0xae,0x73,
  0xae,0x73,0xae,0x73,0xae,0x73,0xae,0x73,0xae,0x73,0xae,0x73,0xae,0x73,0xae,0x73,
  0xae,0x73,0xae,0x73,0xae,0x73,0xae,0x73,0xae,0x73,0xae,0x73,0xae,0x73,0xae,0x73,
  0xae,0x73,0xae,0x73,0xae,0x73,0xae,0x73,0xae,0x73,0xae,0x73,0xae,0x73,0xae,0x73,
  0xae,0x73,0xae,0x73,0xae,0x73,0xae,0x73,0xae,0x73,0xae,0x73,0xae,0x73,0xae,0x73,
  0xae,0x73,0xae,0x73,0xae,0x73,0xae,0x73,0xae,0x73,0xae,0x73,0xae,0x73,0xae,0x73,
  0xae,0x73,0xae,0x73,0xae,0x73,0xcf,0x7b,0x4d,0x6b,0x45,0x29,0x04,0x21,0x45,0x29,
  0x45,0x29,0x45,0x29,0x45,0x29,0x45,0x29,0x45,0x29,0x45,0x29,0x45,0x29,0x45,0x21,
  0x24,0x21,0x04,0x21,0xe4,0x18,0xe3,0x18,0xe3,0x18,0xc3,0x18,0xc3,0x18,0xc3,0x18,
  0xc3,0x18,0xc3,0x18,0xa2,0x10,0x45,0x29,0x6d,0x6b,0xcf,0x7b,0x8e,0x73,0xae,0x73,
  0xcf,0x7b,0xcf,0x7b,0xcf,0x7b,0xcf,0x7b,0xcf,0x7b,0xcf,0x7b,0xcf,0x7b,0xcf,0x7b,
  0xcf,0x7b,0xcf,0x7b,0xcf,0x73,0xf0,0x7b,0x2c,0x63,0x24,0x21,0xe3,0x18,0x04,0x21,
  0xe4,0x18,0xe4,0x18,0xe3,0x18,0xe4,0x18,0xe4,0x18,0x04,0x19,0x04,0x21,0x04,0x21,
  0x24,0x21,0x45,0x29,0x65,0x29,0x86,0x31,0x86,0x31,0x25,0x21,0xec,0x5a,0x10,0x84,
  0xcf,0x73,0xcf,0x7b,0xcf,0x7b,0xcf,0x7b,0xcf,0x7b,0xcf,0x7b,0xcf,0x7b,0xcf,0x7b,
  0xcf,0x7b,0xcf,0x7b,0xcf,0x7b,0xcf,0x7b,0xcf,0x7b,0xcf,0x7b,0xcf,0x7b,0xcf,0x7b,
  0xcf,0x7b,0xcf,0x7b,0xcf,0x7b,0xcf,0x7b,0xcf,0x7b,0xcf,0x7b,0xcf,0x7b,0xcf,0x7b,
  0xcf,0x7b,0xcf,0x7b,0xcf,0x7b,0xcf,0x7b,0xcf,0x7b,0xcf,0x7b,0xcf,0x7b,0xcf,0x7b,
  0xcf,0x7b,0xcf,0x7b,0xcf,0x7b,0xcf,0x7b,0xcf,0x7b,0xcf,0x7b,0xcf,0x7b,0xcf,0x7b,
  0xcf,0x7b,0xcf,0x7b,0xcf,0x7b,0xcf,0x7b,0xaf,0x7b,0xaf,0x7b,0xaf,0x73,0xaf,0x73,
  0xaf,0x73,0xaf,0x73,0xae,0x73,0xae,0x73,0xae,0x73,0xae,0x73,0xae,0x73,0xae,0x73,
  0xae,0x73,0xae,0x73,0xae,0x73,0xae,0x73,0xae,0x73,0xae,0x73,0xae,0x73,0xae,0x73,
  0xae,0x73,0xae,0x73,0xae,0x73,0xae,0x73,0xae,0x73,0xae,0x73,0xae,0x73,0xae,0x73,
  0xae,0x73,0xae,0x73,0xae,0x73,0xae,0x73,0xae,0x73,0xae,0x73,0xae,0x73,0xae,0x73,
  0xae,0x73,0xae,0x73,0xae,0x73,0xae,0x73,0xae,0x73,0xae,0x73,0xae,0x73,0xae,0x73,
  0xae,0x73,0xae,0x73,0xae,0x73,0xae,0x73,0xae,0x73,0xae,0x73,0xae,0x73,0xae,0x73,
  0xae,0x73,0xae,0x73,0xae,0x73,0xae,0x73,0xae,0x73,0xae,0x73,0xae,0x73,0xae,0x73,
  0xae,0x73,0xae,0x73,0xae,0x73,0xae,0x73,0xae,0x73,0xae,0x73,0xae,0x73,0xae,0x73,
  0xae,0x73,0xae,0x73,0xae,0x73,0xae,0x73,0xae,0x73,0xae,0x73,0xae,0x73,0xae,0x73,
  0xae,0x73,0xae,0x73,0xae,0x73,0xae,0x73,0xae,0x73,0xae,0x73,0xae,0x73,0xae,0x73,
  0xae,0x73,0xae,0x73,0xae,0x73,0xae,0x73,0xae,0x73,0xae,0x73,0xae,0x73,0xae,0x73,
  0xae,0x73,0xae,0x73,0xcf,0x7b,0x0c,0x63,0x24,0x21,0x24,0x21,0x45,0x29,0x45,0x29,
  0x45,0x29,0x45,0x29,0x45,0x29,0x45,0x29,0x45,0x29,0x45,0x29,0x25,0x21,0x24,0x21,
  0x04,0x21,0xe4,0x18,0xe3,0x18,0xc3,0x18,0xc3,0x18,0xc3,0x18,0xc3,0x18,0xc3,0x18,
  0xc3,0x18,0x82,0x10,0xa6,0x31,0x8e,0x73,0xcf,0x7b,0x8e,0x73,0xae,0x73,0xae,0x73,
  0xcf,0x7b,0xcf,0x7b,0xcf,0x7b,0xcf,0x7b,0xcf,0x7b,0xcf,0x7b,0xcf,0x7b,0xcf,0x7b,
  0xcf,0x7b,0xcf,0x7b,0xcf,0x7b,0xae,0x73,0xef,0x7b,0x6d,0x6b,0x65,0x29,0xc3,0x18,
  0x04,0x21,0x04,0x19,0xe4,0x18,0x04,0x19,0x04,0x19,0xe4,0x18,0x04,0x19,0x04,0x21,
  0x04,0x21,0x24,0x21,0x45,0x29,0x65,0x29,0x86,0x31,0x86,0x31,0x24,0x21,0xcb,0x5a,
  0x10,0x84,0xcf,0x7b,0xcf,0x7b,0xcf,0x7b,0xcf,0x7b,0xcf,0x7b,0xcf,0x7b,0xcf,0x7b,
  0xcf,0x7b,0xcf,0x7b,0xcf,0x7b,0xcf,0x7b,0xcf,0x7b,0xcf,0x7b,0xcf,0x7b,0xcf,0x7b,
  0xcf,0x7b,0xcf,0x7b,0xcf,0x7b,0xcf,0x7b,0xcf,0x7b,0xcf,0x7b,0xcf,0x7b,0xcf,0x7b,
  0xcf,0x7b,0xcf,0x7b,0xcf,0x7b,0xcf,0x7b,0xcf,0x7b,0xcf,0x7b,0xcf,0x7b,0xcf,0x7b,
  0xcf,0x7b,0xcf,0x7b,0xcf,0x7b,0xcf,0x7b,0xcf,0x7b,0xcf,0x7b,0xcf,0x7b,0xcf,0x7b,
  0xcf,0x7b,0xcf,0x7b,0xcf,0x7b,0xcf,0x7b,0xaf,0x7b,0xaf,0x7b,0xaf,0x73,0xaf,0x73,
  0xaf,0x73,0xaf,0x73,0xae,0x73,0xae,0x73,0xae,0x73,0xae,0x73,0xae,0x73,0xae,0x73,
  0xae,0x73,0xae,0x73,0xae,0x73,0xae,0x73,0xae,0x73,0xae,0x73,0xae,0x73,0xae,0x73,
  0xae,0x73,0xae,0x73,0xae,0x73,0xae,0x73,0xae,0x73,0xae,0x73,0xae,0x73,0xae,0x73,
  0xae,0x73,0xae,0x73,0xae,0x73,0xae,0x73,0xae,0x73,0xae,0x73,0xae,0x73,0xae,0x73,
  0xae,0x73,0xae,0x73,0xae,0x73,0xae,0x73,0xae,0x73,0xae,0x73,0xae,0x73,0xae,0x73,
  0xae,0x73,0xae,0x73,0xae,0x73,0xae,0x73,0xae,0x73,0xae,0x73,0xae,0x73,0xae,0x73,
  0xae,0x73,0xae,0x73,0xae,0x73,0xae,0x73,0xae,0x73,0xae,0x73,0xae,0x73,0xae,0x73,
  0xae,0x73,0xae,0x73,0xae,0x73,0xae,0x73,0xae,0x73,0xae,0x73,0xae,0x73,0xae,0x73,
  0xae,0x73,0xae,0x73,0xae,0x73,0xae,0x73,0xae,0x73,0xae,0x73,0xae,0x73,0xae,0x73,
  0xae,0x73,0xae,0x73,0xae,0x73,0xae,0x73,0xae,0x73,0xae,0x73,0xae,0x73,0xae,0x73,
  0xae,0x73,0xae,0x73,0xae,0x73,0xae,0x73,0xae,0x73,0xae,0x73,0xae,0x73,0xae,0x73,
  0xae,0x73,0xcf,0x7b,0xcb,0x5a,0x04,0x21,0x24,0x21,0x45,0x29,0x45,0x29,0x45,0x29,
  0x45,0x29,0x45,0x29,0x45,0x29,0x45,0x29,0x45,0x29,0x25,0x21,0x04,0x21,0x04,0x21,
  0xe4,0x18,0xe3,0x18,0xc3,0x18,0xc3,0x18,0xc3,0x18,0xc3,0x18,0xc3,0x18,0xc3,0x18,
  0xa2,0x10,0x28,0x42,0xcf,0x7b,0xae,0x73,0x8e,0x73,0xae,0x73,0xae,0x73,0xae,0x73,
  0xcf,0x7b,0xcf,0x7b,0xcf,0x7b,0xcf,0x7b,0xcf,0x7b,0xcf,0x7b,0xcf,0x7b,0xcf,0x7b,
  0xcf,0x7b,0xcf,0x7b,0xcf,0x7b,0xcf,0x7b,0xaf,0x73,0xef,0x7b,0xae,0x73,0xa6,0x31,
  0xc3,0x18,0x04,0x21,0x04,0x21,0x04,0x21,0x04,0x21,0x04,0x19,0x04,0x19,0x04,0x21,
  0x04,0x21,0x04,0x21,0x24,0x21,0x45,0x29,0x65,0x29,0x86,0x31,0x86,0x31,0x24,0x21,
  0x8a,0x52,0xf0,0x7b,0xcf,0x7b,0xcf,0x7b,0xcf,0x7b,0xcf,0x7b,0xcf,0x7b,0xcf,0x7b,
  0xcf,0x7b,0xcf,0x7b,0xcf,0x7b,0xcf,0x7b,0xcf,0x7b,0xcf,0x7b,0xcf,0x7b,0xcf,0x7b,
  0xcf,0x7b,0xcf,0x7b,0xcf,0x7b,0xcf,0x7b,0xcf,0x7b,0xcf,0x7b,0xcf,0x7b,0xcf,0x7b,
  0xcf,0x7b,0xcf,0x7b,0xcf,0x7b,0xcf,0x7b,0xcf,0x7b,0xcf,0x7b,0xcf,0x7b,0xcf,0x7b,
  0xcf,0x7b,0xcf,0x7b,0xcf,0x7b,0xcf,0x7b,0xcf,0x7b,0xcf,0x7b,0xcf,0x7b,0xcf,0x73,
  0xcf,0x73,0xcf,0x73,0xaf,0x7b,0xaf,0x7b,0xaf,0x73,0xaf,0x73,0xaf,0x73,0xaf,0x73,
  0xaf,0x73,0xaf,0x73,0xaf,0x73,0xaf,0x73,0xae,0x73,0xae,0x73,0xae,0x73,0xae,0x73,
  0xae,0x73,0xae,0x73,0xae,0x73,0xae,0x73,0xae,0x73,0xae,0x73,0xae,0x73,0xae,0x73,
  0xae,0x73,0xae,0x73,0xae,0x73,0xae,0x73,0xae,0x73,0xae,0x73,0xae,0x73,0xae,0x73,
  0xae,0x73,0xae,0x73,0xae,0x73,0xae,0x73,0xae,0x73,0xae,0x73,0xae,0x73,0xae,0x73,
  0xae,0x73,0xae,0x73,0xae,0x73,0xae,0x73,0xae,0x73,0xae,0x73,0xae,0x73,0xae,0x73,
  0xae,0x73,0xae,0x73,0xae,0x73,0xae,0x73,0xae,0x73,0xae,0x73,0xae,0x73,0xae,0x73,
  0xae,0x73,0xae,0x73,0xae,0x73,0xae,0x73,0xae,0x73,0xae,0x73,0xae,0x73,0xae,0x73,
  0xae,0x73,0xae,0x73,0xae,0x73,0xae,0x73,0xae,0x73,0xae,0x73,0xae,0x73,0xae,0x73,
  0xae,0x73,0xae,0x73,0xae,0x73,0xae,0x73,0xae,0x73,0xae,0x73,0xae,0x73,0xae,0x73,
  0xae,0x73,0xae,0x73,0xae,0x73,0xae,0x73,0xae,0x73,0xae,0x73,0xae,0x73,0xae,0x73,
  0xae,0x73,0xae,0x73,0xae,0x73,0xae,0x73,0xae,0x73,0xae,0x73,0xae,0x73,0xae,0x73,
  0xef,0x7b,0x8a,0x52,0x04,0x21,0x45,0x29,0x65,0x29,0x45,0x29,0x45,0x29,0x45,0x29,
  0x45,0x29,0x45,0x29,0x45,0x29,0x45,0x29,0x24,0x21,0x24,0x21,0x04,0x21,0xe3,0x18,
  0xe3,0x18,0xc3,0x18,0xc3,0x18,0xc3,0x18,0xc3,0x18,0xc3,0x18,0xa2,0x10,0xc3,0x18,
  0x8a,0x52,0xef,0x7b,0xae,0x73,0xae,0x73,0xae,0x73,0xae,0x73,0xae,0x73,0xae,0x73,
  0xcf,0x7b,0xcf,0x7b,0xcf,0x7b,0xcf,0x7b,0xcf,0x7b,0xcf,0x7b,0xcf,0x7b,0xcf,0x7b,
  0xcf,0x7b,0xcf,0x7b,0xcf,0x7b,0xcf,0x7b,0xcf,0x7b,0xcf,0x7b,0xcf,0x7b,0xcf,0x7b,
  0x08,0x3a,0xc3,0x18,0x04,0x21,0x04,0x21,0x04,0x21,0x04,0x19,0x04,0x19,0x04,0x21,
  0x04,0x21,0x04,0x21,0x04,0x21,0x04,0x21,0x45,0x21,0x65,0x29,0x86,0x31,0xa6,0x31,
  0x24,0x21,0x49,0x4a,0x10,0x7c,0xcf,0x7b,0xcf,0x7b,0xcf,0x7b,0xcf,0x7b,0xcf,0x7b,
  0xcf,0x7b,0xcf,0x7b,0xcf,0x7b,0xcf,0x7b,0xcf,0x7b,0xcf,0x7b,0xcf,0x7b,0xcf,0x7b,
  0xcf,0x7b,0xcf,0x7b,0xcf,0x7b,0xcf,0x7b,0xcf,0x7b,0xcf,0x7b,0xcf,0x7b,0xcf,0x7b,
  0xcf,0x7b,0xcf,0x7b,0xcf,0x7b,0xcf,0x7b,0xcf,0x7b,0xcf,0x7b,0xcf,0x7b,0xcf,0x7b,
  0xcf,0x7b,0xcf,0x7b,0xcf,0x7b,0xcf,0x7b,0xcf,0x7b,0xcf,0x7b,0xcf,0x7b,0xcf,0x73,
  0xcf,0x73,0xcf,0x73,0xaf,0x73,0xaf,0x73,0xaf,0x73,0xaf,0x73,0xaf,0x73,0xaf,0x73,
  0xaf,0x73,0xaf,0x73,0xaf,0x73,0xaf,0x73,0xae,0x73,0xae,0x73,0xae,0x73,0xae,0x73,
  0xae,0x73,0xae,0x73,0xae,0x73,0xae,0x73,0xae,0x73,0xae,0x73,0xae,0x73,0xae,0x73,
  0xae,0x73,0xae,0x73,0xae,0x73,0xae,0x73,0xae,0x73,0xae,0x73,0xae,0x73,0xae,0x73,
  0xae,0x73,0xae,0x73,0xae,0x73,0xae,0x73,0xae,0x73,0xae,0x73,0xae,0x73,0xae,0x73,
  0xae,0x73,0xae,0x73,0xae,0x73,0xae,0x73,0xae,0x73,0xae,0x73,0xae,0x73,0xae,0x73,
  0xae,0x73,0xae,0x73,0xae,0x73,0xae,0x73,0xae,0x73,0xae,0x73,0xae,0x73,0xae,0x73,
  0xae,0x73,0xae,0x73,0xae,0x73,0xae,0x73,0xae,0x73,0xae,0x73,0xae,0x73,0xae,0x73,
  0xae,0x73,0xae,0x73,0xae,0x73,0xae,0x73,0xae,0x73,0xae,0x73,0xae,0x73,0xae,0x73,
  0xae,0x73,0xae,0x73,0xae,0x73,0xae,0x73,0xae,0x73,0xae,0x73,0xae,0x73,0xae,0x73,
  0xae,0x73,0xae,0x73,0xae,0x73,0xae,0x73,0xae,0x73,0xae,0x73,0xae,0x73,0xae,0x73,
  0xae,0x73,0xae,0x73,0xae,0x73,0xae,0x73,0xae,0x73,0xae,0x73,0xae,0x73,0xcf,0x7b,
  0x49,0x4a,0xe3,0x18,0x45,0x29,0x45,0x29,0x45,0x29,0x45,0x29,0x45,0x29,0x45,0x29,
  0x45,0x29,0x45,0x29,0x45,0x29,0x24,0x21,0x04,0x21,0x04,0x21,0xe3,0x18,0xe3,0x18,
  0xc3,0x18,0xc3,0x18,0xc3,0x18,0xc3,0x18,0xc3,0x18,0xa2,0x10,0xe3,0x18,0x0c,0x63,
  0xcf,0x7b,0x8e,0x73,0xae,0x73,0xae,0x73,0xae,0x73,0xae,0x73,0xae,0x73,0xae,0x73,
  0xcf,0x7b,0xcf,0x7b,0xcf,0x7b,0xcf,0x7b,0xcf,0x7b,0xcf,0x7b,0xcf,0x7b,0xcf,0x7b,
  0xcf,0x7b,0xcf,0x7b,0xcf,0x7b,0xcf,0x7b,0xcf,0x7b,0xcf,0x7b,0xcf,0x7b,0xcf,0x7b,
  0xef,0x7b,0x49,0x4a,0xe3,0x18,0x04,0x21,0x04,0x21,0x04,0x21,0x04,0x21,0x04,0x21,
  0x04,0x21,0x04,0x21,0x04,0x21,0x04,0x21,0x04,0x21,0x25,0x21,0x65,0x29,0x86,0x29,
  0xa6,0x31,0x24,0x21,0x28,0x42,0xef,0x7b,0xcf,0x7b,0xcf,0x7b,0xcf,0x7b,0xcf,0x7b,
  0xcf,0x7b,0xcf,0x7b,0xcf,0x7b,0xcf,0x7b,0xcf,0x7b,0xcf,0x7b,0xcf,0x7b,0xcf,0x7b,
  0xcf,0x7b,0xcf,0x7b,0xcf,0x7b,0xcf,0x7b,0xcf,0x7b,0xcf,0x7b,0xcf,0x7b,0xcf,0x7b,
  0xcf,0x7b,0xcf,0x7b,0xcf,0x7b,0xcf,0x7b,0xcf,0x7b,0xcf,0x7b,0xcf,0x7b,0xcf,0x7b,
  0xcf,0x7b,0xcf,0x7b,0xcf,0x7b,0xcf,0x7b,0xcf,0x7b,0xcf,0x7b,0xcf,0x73,0xcf,0x73,
  0xcf,0x73,0xcf,0x73,0xaf,0x73,0xaf,0x73,0xaf,0x73,0xaf,0x73,0xaf,0x73,0xaf,0x73,
  0xaf,0x73,0xaf,0x73,0xaf,0x73,0xaf,0x73,0xaf,0x73,0xaf,0x73,0xae,0x73,0xae,0x73,
  0xae,0x73,0xae,0x73,0xae,0x73,0xae,0x73,0xaf,0x73,0xae,0x73,0xae,0x73,0xae,0x73,
  0xae,0x73,0xae,0x73,0xae,0x73,0xae,0x73,0xae,0x73,0xae,0x73,0xae,0x73,0xae,0x73,
  0xae,0x73,0xae,0x73,0xae,0x73,0xae,0x73,0xae,0x73,0xae,0x73,0xae,0x73,0xae,0x73,
  0xae,0x73,0xae,0x73,0xae,0x73,0xae,0x73,0xae,0x73,0xae,0x73,0xae,0x73,0xae,0x73,
  0xae,0x73,0xae,0x73,0xae,0x73,0xae,0x73,0xae,0x73,0xae,0x73,0xae,0x73,0xae,0x73,
  0xae,0x73,0xae,0x73,0xae,0x73,0xae,0x73,0xae,0x73,0xae,0x73,0xae,0x73,0xae,0x73,
  0xae,0x73,0xae,0x73,0xae,0x73,0xae,0x73,0xae,0x73,0xae,0x73,0xae,0x73,0xae,0x73,
  0xae,0x73,0xae,0x73,0xae,0x73,0xae,0x73,0xae,0x73,0xae,0x73,0xae,0x73,0xae,0x73,
  0xae,0x73,0xae,0x73,0xae,0x73,0xae,0x73,0xae,0x73,0xae,0x73,0xae,0x73,0xae,0x73,
  0xae,0x73,0xae,0x73,0xae,0x73,0xae,0x73,0xae,0x73,0xae,0x73,0xcf,0x7b,0x08,0x42,
  0xe3,0x18,0x45,0x29,0x45,0x29,0x45,0x29,0x45,0x29,0x45,0x29,0x45,0x29,0x45,0x29,
  0x45,0x29,0x45,0x29,0x24,0x21,0x04,0x21,0x04,0x19,0xe3,0x18,0xe3,0x18,0xc3,0x18,
  0xc3,0x18,0xc3,0x18,0xc3,0x10,0xc3,0x18,0x82,0x10,0x45,0x29,0x6d,0x6b,0xcf,0x7b,
  0x8e,0x73,0xae,0x73,0xae,0x73,0xae,0x73,0xae,0x73,0xae,0x73,0xae,0x73,0xae,0x73,
  0xcf,0x7b,0xcf,0x7b,0xcf,0x7b,0xcf,0x7b,0xcf,0x7b,0xcf,0x7b,0xcf,0x7b,0xcf,0x7b,
  0xcf,0x7b,0xcf,0x7b,0xcf,0x7b,0xcf,0x7b,0xcf,0x7b,0xcf,0x7b,0xcf,0x7b,0xcf,0x7b,
  0xcf,0x7b,0x10,0x7c,0xaa,0x52,0x04,0x19,0x04,0x19,0x04,0x21,0x04,0x21,0x04,0x21,
  0x04,0x21,0x04,0x21,0x04,0x21,0x04,0x21,0x04,0x21,0x04,0x21,0x24,0x21,0x45,0x29,
  0x86,0x29,0xa6,0x31,0x45,0x29,0xe7,0x39,0xcf,0x7b,0xef,0x7b,0xcf,0x73,0xcf,0x7b,
  0xcf,0x7b,0xcf,0x7b,0xcf,0x7b,0xcf,0x7b,0xcf,0x7b,0xcf,0x7b,0xcf,0x7b,0xcf,0x7b,
  0xcf,0x7b,0xcf,0x7b,0xcf,0x7b,0xcf,0x7b,0xcf,0x7b,0xcf,0x7b,0xcf,0x7b,0xcf,0x7b,
  0xcf,0x7b,0xcf,0x7b,0xcf,0x7b,0xcf,0x7b,0xcf,0x7b,0xcf,0x7b,0xcf,0x7b,0xcf,0x7b,
  0xcf,0x7b,0xcf,0x7b,0xcf,0x7b,0xcf,0x7b,0xcf,0x7b,0xcf,0x7b,0xcf,0x7b,0xcf,0x7b,
  0xcf,0x73,0xcf,0x73,0xaf,0x73,0xaf,0x73,0xaf,0x73,0xaf,0x73,0xaf,0x73,0xaf,0x73,
  0xaf,0x73,0xaf,0x73,0xaf,0x73,0xaf,0x73,0xaf,0x73,0xaf,0x73,0xaf,0x73,0xaf,0x73,
  0xae,0x73,0xae,0x73,0xaf,0x73,0xae,0x73,0xae,0x73,0xae,0x73,0xae,0x73,0xae,0x73,
  0xae,0x73,0xae,0x73,0xae,0x73,0xae,0x73,0xae,0x73,0xae,0x73,0xae,0x73,0xae,0x73,
  0xae,0x73,0xae,0x73,0xae,0x73,0xae,0x73,0xae,0x73,0xae,0x73,0xae,0x73,0xae,0x73,
  0xae,0x73,0xae,0x73,0xae,0x73,0xae,0x73,0xae,0x73,0xae,0x73,0xae,0x73,0xae,0x73,
  0xae,0x73,0xae,0x73,0xae,0x73,0xae,0x73,0xae,0x73,0xae,0x73,0xae,0x73,0xae,0x73,
  0xae,0x73,0xae,0x73,0xae,0x73,0xae,0x73,0xae,0x73,0xae,0x73,0xae,0x73,0xae,0x73,
  0xae,0x73,0xae,0x73,0xae,0x73,0xae,0x73,0xae,0x73,0xae,0x73,0xae,0x73,0xae,0x73,
  0xae,0x73,0xae,0x73,0xae,0x73,0xae,0x73,0xae,0x73,0xae,0x73,0xae,0x73,0xae,0x73,
  0xae,0x73,0xae,0x73,0xae,0x73,0xae,0x73,0xae,0x73,0xae,0x73,0xae,0x73,0xae,0x73,
  0xae,0x73,0xae,0x73,0xae,0x73,0x8e,0x73,0xae,0x73,0xae,0x73,0xc7,0x39,0x04,0x21,
  0x65,0x29,0x45,0x29,0x45,0x29,0x45,0x29,0x45,0x29,0x45,0x29,0x45,0x29,0x45,0x29,
  0x45,0x29,0x24,0x21,0x04,0x21,0x04,0x19,0xe3,0x18,0xe3,0x18,0xc3,0x18,0xc3,0x18,
  0xc3,0x18,0xc3,0x18,0xc3,0x18,0x82,0x10,0xa7,0x31,0xae,0x73,0xcf,0x7b,0x8e,0x73,
  0xae,0x73,0xae,0x73,0xae,0x73,0xae,0x73,0xae,0x73,0xae,0x73,0xae,0x73,0xae,0x73,
  0xcf,0x7b,0xcf,0x7b,0xcf,0x7b,0xcf,0x7b,0xcf,0x7b,0xcf,0x7b,0xcf,0x7b,0xcf,0x7b,
  0xcf,0x7b,0xcf,0x7b,0xcf,0x7b,0xcf,0x7b,0xcf,0x7b,0xcf,0x7b,0xcf,0x7b,0xcf,0x7b,
  0xcf,0x7b,0xaf,0x7b,0x10,0x84,0x0c,0x63,0x04,0x21,0xe3,0x18,0x04,0x21,0x04,0x21,
  0x04,0x21,0x04,0x21,0x04,0x21,0x04,0x21,0x04,0x21,0x04,0x21,0x04,0x21,0x24,0x21,
  0x65,0x29,0x66,0x29,0xa6,0x31,0x45,0x29,0xa6,0x31,0xae,0x73,0xef,0x7b,0xcf,0x73,
  0xcf,0x7b,0xcf,0x7b,0xcf,0x7b,0xcf,0x7b,0xcf,0x7b,0xcf,0x7b,0xcf,0x7b,0xcf,0x7b,
  0xcf,0x7b,0xcf,0x7b,0xcf,0x7b,0xcf,0x7b,0xcf,0x7b,0xcf,0x7b,0xcf,0x7b,0xcf,0x7b,
  0xcf,0x7b,0xcf,0x7b,0xcf,0x7b,0xcf,0x7b,0xcf,0x7b,0xcf,0x7b,0xcf,0x7b,0xcf,0x7b,
  0xcf,0x7b,0xcf,0x7b,0xcf,0x7b,0xcf,0x7b,0xcf,0x7b,0xcf,0x7b,0xcf,0x7b,0xcf,0x7b,
  0xaf,0x7b,0xaf,0x7b,0xaf,0x73,0xaf,0x73,0xaf,0x73,0xaf,0x73,0xaf,0x73,0xaf,0x73,
  0xaf,0x73,0xaf,0x73,0xaf,0x73,0xaf,0x73,0xaf,0x73,0xaf,0x73,0xaf,0x73,0xaf,0x73,
  0xae,0x73,0xae,0x73,0xae,0x73,0xae,0x73,0xae,0x73,0xae,0x73,0xae,0x73,0xae,0x73,
  0xae,0x73,0xae,0x73,0xae,0x73,0xae,0x73,0xae,0x73,0xae,0x73,0xae,0x73,0xae,0x73,
  0xae,0x73,0xae,0x73,0xae,0x73,0xae,0x73,0xae,0x73,0xae,0x73,0xae,0x73,0xae,0x73,
  0xae,0x73,0xae,0x73,0xae,0x73,0xae,0x73,0xae,0x73,0xae,0x73,0xae,0x73,0xae,0x73,
  0xae,0x73,0xae,0x73,0xae,0x73,0xae,0x73,0xae,0x73,0xae,0x73,0xae,0x73,0xae,0x73,
  0xae,0x73,0xae,0x73,0xae,0x73,0xae,0x73,0xae,0x73,0xae,0x73,0xae,0x73,0xae,0x73,
  0xae,0x73,0xae,0x73,0xae,0x73,0xae,0x73,0xae,0x73,0xae,0x73,0xae,0x73,0xae,0x73,
  0xae,0x73,0xae,0x73,0xae,0x73,0xae,0x73,0xae,0x73,0xae,0x73,0xae,0x73,0xae,0x73,
  0xae,0x73,0xae,0x73,0xae,0x73,0xae,0x73,0xae,0x73,0xae,0x73,0xae,0x73,0xae,0x73,
  0xae,0x73,0xae,0x73,0x8e,0x73,0xaf,0x7b,0x6e,0x6b,0x86,0x31,0x04,0x21,0x65,0x29,
  0x45,0x29,0x65,0x29,0x45,0x29,0x45,0x29,0x45,0x29,0x45,0x29,0x45,0x29,0x45,0x29,
  0x24,0x21,0x04,0x21,0x04,0x19,0xe3,0x18,0xc3,0x18,0xc3,0x18,0xc3,0x18,0xc3,0x18,
  0xc3,0x18,0xc3,0x18,0xa2,0x10,0x28,0x42,0xcf,0x7b,0xae,0x73,0xae,0x73,0xae,0x73,
  0xae,0x73,0xae,0x73,0xae,0x73,0xae,0x73,0xae,0x73,0xae,0x73,0xae,0x73,0xae,0x73,
  0xcf,0x7b,0xcf,0x7b,0xcf,0x7b,0xcf,0x7b,0xcf,0x7b,0xcf,0x7b,0xcf,0x7b,0xcf,0x7b,
  0xcf,0x7b,0xcf,0x7b,0xcf,0x7b,0xcf,0x7b,0xcf,0x7b,0xcf,0x7b,0xcf,0x7b,0xcf,0x7b,
  0xcf,0x7b,0xcf,0x7b,0xaf,0x7b,0xf0,0x7b,0x4d,0x6b,0x45,0x29,0xe3,0x18,0x04,0x21,
  0x04,0x21,0xe4,0x18,0x04,0x19,0x04,0x21,0x04,0x21,0x04,0x21,0x04,0x21,0x04,0x21,
  0x24,0x21,0x45,0x29,0x65,0x29,0xa6,0x31,0x65,0x29,0x66,0x29,0x6e,0x6b,0xef,0x7b,
  0xcf,0x73,0xcf,0x7b,0xcf,0x7b,0xcf,0x7b,0xcf,0x7b,0xcf,0x7b,0xcf,0x7b,0xcf,0x7b,
  0xcf,0x7b,0xcf,0x7b,0xcf,0x7b,0xcf,0x7b,0xcf,0x7b,0xcf,0x7b,0xcf,0x7b,0xcf,0x7b,
  0xcf,0x7b,0xcf,0x7b,0xcf,0x7b,0xcf,0x7b,0xcf,0x7b,0xcf,0x7b,0xcf,0x7b,0xcf,0x7b,
  0xcf,0x7b,0xcf,0x7b,0xcf,0x7b,0xcf,0x7b,0xcf,0x7b,0xcf,0x7b,0xcf,0x7b,0xcf,0x7b,
  0xaf,0x7b,0xaf,0x7b,0xaf,0x73,0xaf,0x73,0xaf,0x73,0xaf,0x73,0xaf,0x73,0xaf,0x73,
  0xaf,0x73,0xaf,0x73,0xaf,0x73,0xaf,0x73,0xaf,0x73,0xaf,0x73,0xaf,0x73,0xaf,0x73,
  0xae,0x73,0xae,0x73,0xae,0x73,0xae,0x73,0xae,0x73,0xae,0x73,0xae,0x73,0xae,0x73,
  0xae,0x73,0xae,0x73,0xae,0x73,0xae,0x73,0xae,0x73,0xae,0x73,0x8e,0x73,0xae,0x73,
  0xae,0x73,0x8e,0x73,0xae,0x73,0x8e,0x73,0x8e,0x73,0x8e,0x73,0xae,0x73,0xae,0x73,
  0xae,0x73,0xae,0x73,0xae,0x73,0xae,0x73,0xae,0x73,0xae,0x73,0xae,0x73,0xae,0x73,
  0xae,0x73,0xae,0x73,0xae,0x73,0xae,0x73,0xae,0x73,0xae,0x73,0xae,0x73,0xae,0x73,
  0xae,0x73,0xae,0x73,0xae,0x73,0xae,0x73,0xae,0x73,0xae,0x73,0xae,0x73,0xae,0x73,
  0xae,0x73,0xae,0x73,0xae,0x73,0xae,0x73,0xae,0x73,0xae,0x73,0xae,0x73,0xae,0x73,
  0xae,0x73,0xae,0x73,0xae,0x73,0xae,0x73,0xae,0x73,0xae,0x73,0xae,0x73,0xae,0x73,
  0xae,0x73,0xae,0x73,0xae,0x73,0xae,0x73,0xae,0x73,0xae,0x73,0xae,0x73,0xae,0x73,
  0xae,0x73,0x8e,0x73,0xcf,0x7b,0x2d,0x6b,0x45,0x29,0x24,0x21,0x65,0x29,0x45,0x29,
  0x65,0x29,0x65,0x29,0x45,0x29,0x45,0x29,0x45,0x29,0x45,0x29,0x45,0x21,0x24,0x21,
  0x04,0x21,0xe4,0x18,0xe3,0x18,0xc3,0x18,0xc3,0x18,0xc3,0x18,0xc3,0x18,0xc3,0x18,
  0xa2,0x10,0xc3,0x18,0xaa,0x52,0xef,0x7b,0xae,0x73,0xae,0x73,0xae,0x73,0xae,0x73,
  0xae,0x73,0xae,0x73,0xae,0x73,0xae,0x73,0xae,0x73,0xae,0x73,0xae,0x73,0xae,0x73,
  0xcf,0x7b,0xcf,0x7b,0xcf,0x7b,0xcf,0x7b,0xcf,0x7b,0xcf,0x7b,0xcf,0x7b,0xcf,0x7b,
  0xcf,0x7b,0xcf,0x7b,0xcf,0x7b,0xcf,0x7b,0xcf,0x7b,0xcf,0x7b,0xcf,0x7b,0xcf,0x7b,
  0xcf,0x7b,0xcf,0x7b,0xcf,0x7b,0xaf,0x7b,0xef,0x7b,0x8e,0x73,0x86,0x31,0xe3,0x18,
  0x04,0x21,0x04,0x21,0x04,0x19,0x04,0x21,0x04,0x21,0x04,0x21,0x04,0x21,0x04,0x21,
  0x04,0x21,0x24,0x21,0x45,0x29,0x65,0x29,0xa6,0x31,0x65,0x29,0x65,0x29,0x4d,0x6b,
  0xf0,0x7b,0xaf,0x73,0xcf,0x7b,0xcf,0x7b,0xcf,0x7b,0xcf,0x7b,0xcf,0x7b,0xcf,0x7b,
  0xcf,0x7b,0xcf,0x7b,0xcf,0x7b,0xcf,0x7b,0xcf,0x7b,0xcf,0x7b,0xcf,0x7b,0xcf,0x7b,
  0xcf,0x7b,0xcf,0x7b,0xcf,0x7b,0xcf,0x7b,0xcf,0x7b,0xcf,0x7b,0xcf,0x7b,0xcf,0x7b,
  0xcf,0x7b,0xcf,0x7b,0xcf,0x7b,0xcf,0x7b,0xcf,0x7b,0xcf,0x73,0xcf,0x7b,0xaf,0x7b,
  0xaf,0x73,0xaf,0x73,0xaf,0x73,0xaf,0x73,0xaf,0x73,0xaf,0x73,0xaf,0x73,0xaf,0x73,
  0xaf,0x73,0xaf,0x73,0xaf,0x73,0xaf,0x73,0xaf,0x73,0xaf,0x73,0xaf,0x73,0xaf,0x73,
  0xaf,0x73,0xae,0x73,0xae,0x73,0xae,0x73,0xae,0x73,0xae,0x73,0xae,0x73,0xae,0x73,
  0xae,0x73,0xae,0x73,0xae,0x73,0xaf,0x73,0xae,0x73,0xaf,0x73,0xae,0x73,0xae,0x73,
  0x8e,0x73,0x8e,0x73,0x8e,0x73,0x8e,0x73,0x8e,0x73,0x8e,0x73,0x8e,0x73,0x8e,0x73,
  0x8e,0x73,0x8e,0x73,0xae,0x73,0xae,0x73,0xae,0x73,0xae,0x73,0xae,0x73,0xae,0x73,
  0xae,0x73,0xae,0x73,0xae,0x73,0xae,0x73,0xae,0x73,0xae,0x73,0xae,0x73,0xae,0x73,
  0xae,0x73,0xae,0x73,0xae,0x73,0xae,0x73,0xae,0x73,0xae,0x73,0xae,0x73,0xae,0x73,
  0xae,0x73,0xae,0x73,0xae,0x73,0xae,0x73,0xae,0x73,0xae,0x73,0xae,0x73,0xae,0x73,
  0xae,0x73,0xae,0x73,0xae,0x73,0xae,0x73,0xae,0x73,0xae,0x73,0xae,0x73,0xae,0x73,
  0xae,0x73,0xae,0x73,0xae,0x73,0xae,0x73,0xae,0x73,0xae,0x73,0xae,0x73,0xae,0x73,
  0x8e,0x73,0xcf,0x7b,0x0c,0x63,0x24,0x21,0x24,0x21,0x65,0x29,0x45,0x29,0x65,0x29,
  0x45,0x29,0x45,0x29,0x45,0x29,0x45,0x29,0x45,0x29,0x45,0x21,0x24,0x21,0x04,0x21,
  0xe3,0x18,0xe3,0x18,0xc3,0x18,0xc3,0x18,0xc3,0x18,0xc3,0x18,0xc3,0x18,0xa2,0x10,
  0x04,0x19,0x0c,0x63,0xef,0x7b,0xae,0x73,0xae,0x73,0xae,0x73,0xae,0x73,0xae,0x73,
  0xae,0x73,0xae,0x73,0xae,0x73,0xae,0x73,0xae,0x73,0xae,0x73,0xae,0x73,0xae,0x73,
  0xcf,0x7b,0xcf,0x7b,0xcf,0x7b,0xcf,0x7b,0xcf,0x7b,0xcf,0x7b,0xcf,0x7b,0xcf,0x7b,
  0xcf,0x7b,0xcf,0x7b,0xcf,0x7b,0xcf,0x7b,0xcf,0x7b,0xcf,0x7b,0xcf,0x7b,0xcf,0x7b,
  0xcf,0x7b,0xcf,0x7b,0xcf,0x7b,0xcf,0x7b,0xcf,0x7b,0xef,0x7b,0xcf,0x7b,0xe7,0x39,
  0xc3,0x18,0x04,0x21,0x04,0x21,0x04,0x21,0x04,0x21,0x04,0x21,0x04,0x21,0x04,0x21,
  0x04,0x21,0x04,0x21,0x24,0x21,0x45,0x29,0x65,0x29,0xa6,0x31,0x86,0x31,0x45,0x29,
  0x0c,0x63,0x10,0x84,0xaf,0x73,0xcf,0x7b,0xcf,0x7b,0xcf,0x7b,0xcf,0x7b,0xcf,0x7b,
  0xcf,0x7b,0xcf,0x7b,0xcf,0x7b,0xcf,0x7b,0xcf,0x7b,0xcf,0x7b,0xcf,0x7b,0xcf,0x7b,
  0xcf,0x7b,0xcf,0x7b,0xcf,0x7b,0xcf,0x7b,0xcf,0x7b,0xcf,0x7b,0xcf,0x7b,0xcf,0x7b,
  0xcf,0x7b,0xcf,0x7b,0xcf,0x7b,0xcf,0x7b,0xcf,0x7b,0xcf,0x73,0xcf,0x7b,0xaf,0x7b,
  0xaf,0x73,0xaf,0x73,0xaf,0x73,0xaf,0x73,0xaf,0x73,0xaf,0x73,0xaf,0x73,0xaf,0x73,
  0xaf,0x73,0xaf,0x73,0xaf,0x73,0xaf,0x73,0xaf,0x73,0xaf,0x73,0xaf,0x73,0xaf,0x73,
  0xae,0x73,0xae,0x73,0xae,0x73,0xae,0x73,0xae,0x73,0x8e,0x73,0xae,0x73,0xae,0x73,
  0xae,0x73,0x6d,0x6b,0x2d,0x63,0xec,0x62,0xeb,0x5a,0xcb,0x5a,0xeb,0x5a,0x0c,0x63,
  0x2c,0x63,0x4d,0x6b,0x4d,0x6b,0x4d,0x6b,0x4d,0x6b,0x4d,0x6b,0x4d,0x6b,0x6d,0x6b,
  0x6d,0x6b,0x6d,0x6b,0x6e,0x6b,0x6e,0x73,0x8e,0x73,0x8e,0x73,0x8e,0x73,0x8e,0x73,
  0x8e,0x73,0x8e,0x73,0x8e,0x73,0x8e,0x73,0x8e,0x73,0x8e,0x73,0xae,0x73,0x8e,0x73,
  0xae,0x73,0xae,0x73,0xae,0x73,0xae,0x73,0xae,0x73,0xae,0x73,0xae,0x73,0xae,0x73,
  0xae,0x73,0xae,0x73,0xae,0x73,0xae,0x73,0xae,0x73,0xae,0x73,0xae,0x73,0xae,0x73,
  0xae,0x73,0xae,0x73,0xae,0x73,0xae,0x73,0xae,0x73,0xae,0x73,0xae,0x73,0xae,0x73,
  0xae,0x73,0xae,0x73,0xae,0x73,0xae,0x73,0xae,0x73,0xae,0x73,0xae,0x73,0xae,0x73,
  0xcf,0x7b,0xcb,0x5a,0x04,0x21,0x45,0x29,0x65,0x29,0x65,0x29,0x65,0x29,0x65,0x29,
  0x45,0x29,0x45,0x29,0x45,0x29,0x45,0x29,0x45,0x21,0x24,0x21,0x04,0x21,0xe3,0x18,
  0xe3,0x18,0xc3,0x18,0xc3,0x18,0xc3,0x18,0xc3,0x18,0xc3,0x18,0x82,0x10,0x45,0x29,
  0x6d,0x6b,0xcf,0x7b,0x8e,0x73,0xae,0x73,0xae,0x73,0xae,0x73,0xae,0x73,0xae,0x73,
  0xae,0x73,0xae,0x73,0xae,0x73,0xae,0x73,0xae,0x73,0xae,0x73,0xae,0x73,0xae,0x73,
  0xcf,0x7b,0xcf,0x7b,0xcf,0x7b,0xcf,0x7b,0xcf,0x7b,0xcf,0x7b,0xcf,0x7b,0xcf,0x7b,
  0xcf,0x7b,0xcf,0x7b,0xcf,0x7b,0xcf,0x7b,0xcf,0x7b,0xcf,0x7b,0xcf,0x7b,0xcf,0x7b,
  0xcf,0x7b,0xcf,0x7b,0xcf,0x7b,0xcf,0x7b,0xcf,0x7b,0xcf,0x7b,0xcf,0x7b,0xef,0x7b,
  0x49,0x4a,0xe3,0x18,0x04,0x21,0x04,0x21,0x04,0x21,0x04,0x21,0x04,0x21,0x04,0x21,
  0x04,0x21,0x04,0x21,0x04,0x21,0x24,0x21,0x45,0x29,0x65,0x29,0x86,0x31,0x86,0x31,
  0x25,0x21,0xeb,0x5a,0x10,0x84,0xcf,0x73,0xcf,0x7b,0xcf,0x7b,0xcf,0x7b,0xcf,0x7b,
  0xcf,0x7b,0xcf,0x7b,0xcf,0x7b,0xcf,0x7b,0xcf,0x7b,0xcf,0x7b,0xcf,0x7b,0xcf,0x7b,
  0xcf,0x7b,0xcf,0x7b,0xcf,0x7b,0xcf,0x7b,0xcf,0x7b,0xcf,0x7b,0xcf,0x7b,0xcf,0x7b,
  0xcf,0x7b,0xcf,0x7b,0xcf,0x7b,0xcf,0x7b,0xcf,0x7b,0xaf,0x73,0xaf,0x7b,0xaf,0x7b,
  0xaf,0x73,0xaf,0x73,0xaf,0x73,0xaf,0x73,0xaf,0x73,0xaf,0x73,0xaf,0x73,0xaf,0x7b,
  0xaf,0x7b,0xaf,0x7b,0xaf,0x7b,0xaf,0x7b,0xaf,0x7b,0xaf,0x73,0xae,0x73,0xae,0x73,
  0xae,0x73,0xae,0x73,0xae,0x73,0xae,0x73,0xae,0x73,0xaf,0x73,0x6d,0x6b,0xaa,0x52,
  0xe7,0x39,0x86,0x29,0x04,0x21,0xc3,0x18,0xc3,0x10,0xa2,0x10,0xc3,0x10,0xe3,0x18,
  0x24,0x21,0x86,0x29,0xe7,0x39,0x69,0x4a,0xcb,0x5a,0x0c,0x5b,0x0c,0x63,0x0c,0x63,
  0x2c,0x63,0x4d,0x6b,0x4d,0x6b,0x4d,0x6b,0x6d,0x6b,0x6d,0x6b,0x6d,0x6b,0x6d,0x6b,
  0x8e,0x73,0x8e,0x73,0x8e,0x73,0x8e,0x73,0x8e,0x73,0x8e,0x73,0x8e,0x73,0x8e,0x73,
  0x8e,0x73,0x8e,0x73,0x8e,0x73,0xae,0x73,0xae,0x73,0xae,0x73,0xae,0x73,0xae,0x73,
  0xae,0x73,0xae,0x73,0xae,0x73,0xae,0x73,0xae,0x73,0xae,0x73,0xae,0x73,0xae,0x73,
  0xae,0x73,0xae,0x73,0xae,0x73,0xae,0x73,0xae,0x73,0xae,0x73,0xae,0x73,0xae,0x73,
  0xae,0x73,0xae,0x73,0xae,0x73,0xae,0x73,0xae,0x73,0xae,0x73,0xae,0x73,0xcf,0x7b,
  0x8a,0x52,0x04,0x21,0x45,0x29,0x65,0x29,0x65,0x29,0x65,0x29,0x65,0x29,0x65,0x29,
  0x45,0x29,0x45,0x29,0x45,0x29,0x24,0x21,0x04,0x21,0x04,0x21,0xe3,0x18,0xe3,0x18,
  0xc3,0x18,0xc3,0x18,0xc3,0x18,0xc3,0x18,0xc3,0x18,0x82,0x10,0xc7,0x39,0xae,0x73,
  0xcf,0x7b,0xae,0x73,0xae,0x73,0xae,0x73,0xae,0x73,0xae,0x73,0xae,0x73,0xae,0x73,
  0xae,0x73,0xae,0x73,0xae,0x73,0xae,0x73,0xae,0x73,0xae,0x73,0xae,0x73,0xae,0x73,
  0xcf,0x7b,0xcf,0x7b,0xcf,0x7b,0xcf,0x7b,0xcf,0x7b,0xcf,0x7b,0xcf,0x7b,0xcf,0x7b,
  0xcf,0x7b,0xcf,0x7b,0xcf,0x7b,0xcf,0x7b,0xcf,0x7b,0xcf,0x7b,0xcf,0x7b,0xcf,0x7b,
  0xcf,0x7b,0xcf,0x7b,0xcf,0x7b,0xcf,0x7b,0xcf,0x7b,0xcf,0x7b,0xcf,0x7b,0xcf,0x7b,
  0xf0,0x7b,0x8a,0x52,0x04,0x19,0x04,0x21,0x04,0x21,0x04,0x21,0x04,0x21,0x04,0x21,
  0x04,0x21,0x04,0x21,0x04,0x21,0x04,0x21,0x04,0x21,0x45,0x29,0x65,0x29,0x86,0x31,
  0x86,0x31,0x24,0x21,0xaa,0x52,0x10,0x84,0xcf,0x7b,0xcf,0x7b,0xcf,0x7b,0xcf,0x7b,
  0xcf,0x7b,0xcf,0x7b,0xcf,0x7b,0xcf,0x7b,0xcf,0x7b,0xcf,0x7b,0xcf,0x7b,0xcf,0x7b,
  0xcf,0x7b,0xcf,0x7b,0xcf,0x7b,0xcf,0x7b,0xcf,0x7b,0xcf,0x7b,0xcf,0x7b,0xcf,0x7b,
  0xcf,0x7b,0xcf,0x7b,0xcf,0x7b,0xcf,0x7b,0xcf,0x7b,0xaf,0x73,0xaf,0x7b,0xaf,0x7b,
  0xaf,0x73,0xaf,0x73,0xaf,0x73,0xaf,0x73,0xaf,0x73,0xaf,0x73,0xaf,0x73,0xaf,0x7b,
  0xaf,0x7b,0xaf,0x7b,0xaf,0x7b,0xaf,0x7b,0xaf,0x7b,0xaf,0x73,0xae,0x73,0xae,0x73,
  0xae,0x73,0xae,0x73,0xae,0x73,0xae,0x73,0x8e,0x73,0x69,0x4a,0x45,0x29,0x04,0x21,
  0x04,0x21,0x04,0x21,0xe3,0x18,0xc3,0x18,0xc3,0x10,0xa2,0x10,0xa2,0x10,0xc3,0x10,
  0xe3,0x18,0x04,0x21,0x24,0x21,0x45,0x29,0x86,0x29,0x08,0x42,0xaa,0x52,0xcb,0x5a,
  0xeb,0x5a,0x0c,0x63,0x2c,0x63,0x2c,0x63,0x4d,0x6b,0x4d,0x6b,0x6d,0x6b,0x6d,0x6b,
  0x6d,0x6b,0x8d,0x6b,0x8e,0x73,0x8e,0x73,0x8e,0x73,0x8e,0x73,0x8e,0x73,0x8e,0x73,
  0x8e,0x73,0x8e,0x73,0x8e,0x73,0x8e,0x73,0x8e,0x73,0x8e,0x73,0x8e,0x73,0x8e,0x73,
  0xae,0x73,0xae,0x73,0xae,0x73,0xae,0x73,0xae,0x73,0xae,0x73,0xae,0x73,0xae,0x73,
  0xae,0x73,0xae,0x73,0xae,0x73,0xae,0x73,0xae,0x73,0xae,0x73,0xae,0x73,0xae,0x73,
  0xae,0x73,0xae,0x73,0xae,0x73,0xae,0x73,0xae,0x73,0xae,0x73,0xcf,0x7b,0x49,0x4a,
  0x04,0x21,0x65,0x29,0x65,0x29,0x65,0x29,0x65,0x29,0x65,0x29,0x65,0x29,0x65,0x29,
  0x45,0x29,0x45,0x29,0x24,0x21,0x04,0x21,0x04,0x19,0xe3,0x18,0xe3,0x18,0xc3,0x18,
  0xc3,0x18,0xc3,0x18,0xc3,0x18,0xc3,0x18,0xa2,0x10,0x48,0x4a,0xcf,0x7b,0xae,0x73,
  0xae,0x73,0xae,0x73,0xae,0x73,0xae,0x73,0xae,0x73,0xae,0x73,0xae,0x73,0xae,0x73,
  0xae,0x73,0xae,0x73,0xae,0x73,0xae,0x73,0xae,0x73,0xae,0x73,0xae,0x73,0xae,0x73,
  0xcf,0x7b,0xcf,0x7b,0xcf,0x7b,0xcf,0x7b,0xcf,0x7b,0xcf,0x7b,0xcf,0x7b,0xcf,0x7b,
  0xcf,0x7b,0xcf,0x7b,0xcf,0x7b,0xcf,0x7b,0xcf,0x7b,0xcf,0x7b,0xcf,0x7b,0xcf,0x7b,
  0xcf,0x7b,0xcf,0x7b,0xcf,0x7b,0xcf,0x7b,0xcf,0x7b,0xcf,0x7b,0xcf,0x7b,0xcf,0x7b,
  0xcf,0x7b,0x10,0x84,0xeb,0x5a,0x04,0x21,0x04,0x21,0x04,0x21,0x04,0x21,0x04,0x21,
  0x04,0x21,0x04,0x21,0x04,0x21,0x04,0x21,0x04,0x21,0x04,0x21,0x45,0x29,0x65,0x29,
  0x86,0x31,0xa6,0x31,0x24,0x21,0x69,0x4a,0x10,0x7c,0xcf,0x7b,0xcf,0x7b,0xcf,0x7b,
  0xcf,0x7b,0xcf,0x7b,0xcf,0x7b,0xcf,0x7b,0xcf,0x7b,0xcf,0x7b,0xcf,0x7b,0xcf,0x7b,
  0xcf,0x7b,0xcf,0x7b,0xcf,0x7b,0xcf,0x7b,0xcf,0x7b,0xcf,0x7b,0xcf,0x7b,0xcf,0x7b,
  0xcf,0x7b,0xcf,0x7b,0xcf,0x7b,0xcf,0x7b,0xaf,0x7b,0xaf,0x7b,0xaf,0x7b,0xaf,0x7b,
  0xaf,0x7b,0xaf,0x7b,0xaf,0x73,0xaf,0x73,0xaf,0x73,0xaf,0x73,0xaf,0x73,0xaf,0x73,
  0xaf,0x73,0xaf,0x7b,0xaf,0x7b,0xaf,0x7b,0xaf,0x7b,0xaf,0x73,0xae,0x73,0xae,0x73,
  0xae,0x73,0xae,0x73,0x8e,0x73,0x8e,0x73,0x08,0x42,0xe4,0x18,0x24,0x21,0x45,0x29,
  0x45,0x29,0x24,0x21,0xe3,0x18,0xc3,0x18,0xa2,0x10,0xa2,0x10,0xa2,0x10,0xc3,0x18,
  0xe3,0x18,0x24,0x21,0x45,0x29,0x65,0x29,0x45,0x29,0x24,0x21,0xa6,0x31,0x8a,0x52,
  0xab,0x5a,0xcb,0x5a,0xec,0x5a,0x0c,0x63,0x2c,0x63,0x2d,0x6b,0x4d,0x6b,0x6d,0x6b,
  0x6d,0x6b,0x6d,0x6b,0x8d,0x6b,0x8e,0x73,0x6e,0x73,0x8e,0x73,0x8e,0x73,0x8e,0x73,
  0x8e,0x73,0x8e,0x73,0x8e,0x73,0x8e,0x73,0x8e,0x73,0x8e,0x73,0x8e,0x73,0x8e,0x73,
  0xae,0x73,0xae,0x73,0xae,0x73,0xae,0x73,0xae,0x73,0xae,0x73,0xae,0x73,0xae,0x73,
  0xae,0x73,0xae,0x73,0xae,0x73,0xae,0x73,0xae,0x73,0xae,0x73,0xae,0x73,0xae,0x73,
  0xae,0x73,0xae,0x73,0xae,0x73,0xae,0x73,0xaf,0x73,0xcf,0x7b,0x08,0x42,0x04,0x21,
  0x65,0x29,0x65,0x29,0x65,0x29,0x65,0x29,0x65,0x29,0x65,0x29,0x65,0x29,0x45,0x29,
  0x45,0x29,0x24,0x21,0x04,0x21,0x04,0x19,0xe3,0x18,0xc3,0x18,0xc3,0x18,0xc3,0x18,
  0xc3,0x18,0xc3,0x18,0xa2,0x10,0xc3,0x18,0xaa,0x52,0xef,0x7b,0xae,0x73,0xae,0x73,
  0xae,0x73,0xae,0x73,0xae,0x73,0xae,0x73,0xae,0x73,0xae,0x73,0xae,0x73,0xae,0x73,
  0xae,0x73,0xae,0x73,0xae,0x73,0xae,0x73,0xae,0x73,0xae,0x73,0xae,0x73,0xae,0x73,
  0xcf,0x7b,0xcf,0x7b,0xcf,0x7b,0xcf,0x7b,0xcf,0x7b,0xcf,0x7b,0xcf,0x7b,0xcf,0x7b,
  0xcf,0x7b,0xcf,0x7b,0xcf,0x7b,0xcf,0x7b,0xcf,0x7b,0xcf,0x7b,0xcf,0x7b,0xcf,0x7b,
  0xcf,0x7b,0xcf,0x7b,0xcf,0x7b,0xcf,0x7b,0xcf,0x7b,0xcf,0x7b,0xcf,0x7b,0xcf,0x7b,
  0xcf,0x7b,0xaf,0x73,0xf0,0x7b,0x4d,0x63,0x45,0x29,0xe3,0x18,0x24,0x21,0x04,0x21,
  0x04,0x21,0x04,0x21,0x04,0x21,0x04,0x21,0x04,0x21,0x04,0x21,0x04,0x21,0x45,0x21,
  0x65,0x29,0x86,0x31,0xa6,0x31,0x24,0x21,0x28,0x42,0xef,0x7b,0xcf,0x7b,0xcf,0x7b,
  0xcf,0x7b,0xcf,0x7b,0xcf,0x7b,0xcf,0x7b,0xcf,0x7b,0xcf,0x7b,0xcf,0x7b,0xcf,0x7b,
  0xcf,0x7b,0xcf,0x7b,0xcf,0x7b,0xcf,0x7b,0xcf,0x7b,0xcf,0x7b,0xcf,0x7b,0xcf,0x7b,
  0xcf,0x7b,0xcf,0x7b,0xcf,0x7b,0xcf,0x7b,0xaf,0x7b,0xaf,0x7b,0xaf,0x7b,0xaf,0x7b,
  0xaf,0x7b,0xaf,0x7b,0xaf,0x73,0xaf,0x73,0xaf,0x73,0xaf,0x73,0xaf,0x73,0xaf,0x73,
  0xaf,0x73,0xaf,0x7b,0xaf,0x7b,0xaf,0x7b,0xaf,0x7b,0xaf,0x73,0xae,0x73,0xae,0x73,
  0xae,0x73,0x8e,0x73,0xae,0x73,0xcb,0x5a,0x04,0x21,0x45,0x29,0x45,0x29,0x45,0x29,
  0x45,0x29,0x24,0x21,0xe3,0x18,0xc3,0x18,0xa2,0x10,0xa2,0x10,0xa2,0x10,0xc3,0x18,
  0xe4,0x18,0x24,0x21,0x45,0x29,0x45,0x29,0x65,0x29,0x86,0x31,0x45,0x29,0xa7,0x39,
  0x8a,0x52,0xaa,0x52,0xeb,0x5a,0xec,0x62,0x0c,0x63,0x2c,0x63,0x4d,0x6b,0x4d,0x6b,
  0x6d,0x6b,0x6d,0x6b,0x6d,0x6b,0x6e,0x73,0x8e,0x73,0x8e,0x73,0x8e,0x73,0x8e,0x73,
  0x8e,0x73,0x8e,0x73,0x8e,0x73,0x8e,0x73,0x8e,0x73,0x8e,0x73,0x8e,0x73,0x8e,0x73,
  0xae,0x73,0xae,0x73,0xae,0x73,0xae,0x73,0xae,0x73,0xae,0x73,0xae,0x73,0xae,0x73,
  0xae,0x73,0xae,0x73,0xae,0x73,0xae,0x73,0xae,0x73,0xae,0x73,0xae,0x73,0xae,0x73,
  0xae,0x73,0xae,0x73,0xae,0x73,0xcf,0x7b,0xae,0x73,0xc7,0x39,0x04,0x21,0x65,0x29,
  0x65,0x29,0x65,0x29,0x65,0x29,0x65,0x29,0x65,0x29,0x45,0x29,0x45,0x29,0x45,0x29,
  0x24,0x21,0x04,0x21,0xe4,0x18,0xe3,0x18,0xc3,0x18,0xc3,0x18,0xc3,0x18,0xc3,0x18,
  0xc3,0x18,0xa2,0x10,0x04,0x21,0x2c,0x63,0xef,0x7b,0xae,0x73,0xae,0x73,0xae,0x73,
  0xae,0x73,0xae,0x73,0xae,0x73,0xae,0x73,0xae,0x73,0xae,0x73,0xae,0x73,0xae,0x73,
  0xae,0x73,0xae,0x73,0xae,0x73,0xae,0x73,0xae,0x73,0xae,0x73,0xae,0x73,0xae,0x73,
  0xcf,0x7b,0xcf,0x7b,0xcf,0x7b,0xcf,0x7b,0xcf,0x7b,0xcf,0x7b,0xcf,0x7b,0xcf,0x7b,
  0xcf,0x7b,0xcf,0x7b,0xcf,0x7b,0xcf,0x7b,0xcf,0x7b,0xcf,0x7b,0xcf,0x7b,0xcf,0x7b,
  0xcf,0x7b,0xcf,0x7b,0xcf,0x7b,0xcf,0x7b,0xcf,0x7b,0xcf,0x7b,0xcf,0x7b,0xcf,0x7b,
  0xcf,0x7b,0xcf,0x7b,0xaf,0x7b,0xef,0x7b,0x6e,0x6b,0x86,0x31,0xe3,0x18,0x24,0x21,
  0x04,0x21,0x04,0x21,0x04,0x21,0x04,0x21,0x04,0x21,0x04,0x21,0x04,0x21,0x04,0x21,
  0x45,0x29,0x65,0x29,0x86,0x31,0xa7,0x31,0x45,0x29,0x08,0x3a,0xcf,0x7b,0xcf,0x7b,
  0xcf,0x7b,0xcf,0x7b,0xcf,0x7b,0xcf,0x7b,0xcf,0x7b,0xcf,0x7b,0xcf,0x7b,0xcf,0x7b,
  0xcf,0x7b,0xcf,0x7b,0xcf,0x7b,0xcf,0x7b,0xcf,0x7b,0xcf,0x7b,0xcf,0x7b,0xcf,0x7b,
  0xcf,0x7b,0xcf,0x7b,0xcf,0x7b,0xcf,0x7b,0xcf,0x7b,0xcf,0x7b,0xaf,0x7b,0xaf,0x7b,
  0xaf,0x7b,0xaf,0x7b,0xaf,0x7b,0xaf,0x7b,0xaf,0x73,0xaf,0x73,0xaf,0x7b,0xaf,0x7b,
  0xaf,0x7b,0xcf,0x7b,0xaf,0x7b,0xaf,0x73,0xaf,0x73,0xae,0x73,0xae,0x73,0xae,0x73,
  0xae,0x73,0x8e,0x73,0xae,0x73,0x49,0x4a,0x25,0x21,0x45,0x29,0x45,0x29,0x45,0x29,
  0x45,0x29,0x24,0x21,0xe3,0x18,0xc3,0x18,0xa2,0x10,0xa2,0x10,0xa2,0x10,0xc3,0x18,
  0xe4,0x18,0x24,0x21,0x45,0x29,0x65,0x29,0x65,0x29,0x65,0x29,0xa6,0x31,0x86,0x31,
  0x49,0x4a,0x8a,0x52,0xcb,0x5a,0xeb,0x5a,0x0c,0x63,0x2c,0x63,0x2d,0x63,0x4d,0x6b,
  0x4d,0x6b,0x6d,0x6b,0x6d,0x6b,0x6d,0x6b,0x6e,0x73,0x8e,0x73,0x8e,0x73,0x8e,0x73,
  0x8e,0x73,0x8e,0x73,0x8e,0x73,0x8e,0x73,0x8e,0x73,0x8e,0x73,0x8e,0x73,0x8e,0x73,
  0xae,0x73,0xae,0x73,0xae,0x73,0xae,0x73,0xae,0x73,0xae,0x73,0xae,0x73,0xae,0x73,
  0xae,0x73,0xae,0x73,0xae,0x73,0xae,0x73,0xae,0x73,0xae,0x73,0xae,0x73,0xae,0x73,
  0xae,0x73,0xae,0x73,0xcf,0x7b,0x8e,0x73,0x86,0x31,0x04,0x21,0x66,0x29,0x65,0x29,
  0x65,0x29,0x65,0x29,0x65,0x29,0x65,0x29,0x65,0x29,0x45,0x29,0x45,0x29,0x24,0x21,
  0x04,0x21,0xe4,0x18,0xe3,0x18,0xc3,0x18,0xc3,0x18,0xc3,0x18,0xc3,0x18,0xc3,0x18,
  0x82,0x10,0x65,0x29,0x6d,0x6b,0xcf,0x7b,0xae,0x73,0xae,0x73,0xae,0x73,0xae,0x73,
  0xae,0x73,0xae,0x73,0xae,0x73,0xae,0x73,0xae,0x73,0xae,0x73,0xae,0x73,0xae,0x73,
  0xae,0x73,0xae,0x73,0xae,0x73,0xae,0x73,0xae,0x73,0xae,0x73,0xae,0x73,0xae,0x73,
  0xcf,0x7b,0xcf,0x7b,0xcf,0x7b,0xcf,0x7b,0xcf,0x7b,0xcf,0x7b,0xcf,0x7b,0xcf,0x7b,
  0xcf,0x7b,0xcf,0x7b,0xcf,0x7b,0xcf,0x7b,0xcf,0x7b,0xcf,0x7b,0xcf,0x7b,0xcf,0x7b,
  0xcf,0x7b,0xcf,0x7b,0xcf,0x7b,0xcf,0x7b,0xcf,0x7b,0xcf,0x7b,0xcf,0x7b,0xcf,0x7b,
  0xcf,0x7b,0xcf,0x7b,0xcf,0x7b,0xaf,0x7b,0xef,0x7b,0xae,0x73,0xc7,0x39,0xe3,0x18,
  0x04,0x21,0x04,0x21,0x04,0x21,0x04,0x21,0x04,0x21,0x04,0x21,0x04,0x21,0x04,0x21,
  0x04,0x21,0x25,0x21,0x65,0x29,0x86,0x31,0xa7,0x31,0x45,0x29,0xc7,0x39,0xaf,0x73,
  0xef,0x7b,0xcf,0x73,0xcf,0x7b,0xcf,0x7b,0xcf,0x7b,0xcf,0x7b,0xcf,0x7b,0xcf,0x7b,
  0xcf,0x7b,0xcf,0x7b,0xcf,0x7b,0xcf,0x7b,0xcf,0x7b,0xcf,0x7b,0xcf,0x7b,0xcf,0x7b,
  0xcf,0x7b,0xcf,0x7b,0xcf,0x7b,0xcf,0x7b,0xcf,0x7b,0xcf,0x7b,0xaf,0x7b,0xaf,0x7b,
  0xaf,0x7b,0xaf,0x7b,0xaf,0x7b,0xaf,0x7b,0xaf,0x73,0xaf,0x73,0xaf,0x7b,0xaf,0x7b,
  0xcf,0x7b,0xcf,0x7b,0xaf,0x7b,0xaf,0x73,0xaf,0x73,0xae,0x73,0xae,0x73,0xae,0x73,
  0xae,0x73,0x8e,0x73,0xae,0x73,0x69,0x4a,0x45,0x29,0x45,0x29,0x45,0x29,0x45,0x29,
  0x45,0x29,0x24,0x21,0xe3,0x18,0xc3,0x18,0xa2,0x10,0xa2,0x10,0xa2,0x10,0xc3,0x18,
  0x04,0x21,0x25,0x21,0x45,0x29,0x45,0x29,0x65,0x29,0x66,0x29,0xa6,0x31,0xe7,0x39,
  0x69,0x4a,0x8a,0x52,0xaa,0x52,0xcb,0x5a,0xec,0x5a,0x0c,0x63,0x2c,0x63,0x4d,0x6b,
  0x4d,0x6b,0x6d,0x6b,0x6d,0x6b,0x6d,0x6b,0x6e,0x73,0x8e,0x73,0x8e,0x73,0x8e,0x73,
  0x8e,0x73,0x8e,0x73,0x8e,0x73,0x8e,0x73,0x8e,0x73,0x8e,0x73,0x8e,0x73,0x8e,0x73,
  0xae,0x73,0xae,0x73,0xae,0x73,0xae,0x73,0xae,0x73,0xae,0x73,0xae,0x73,0xae,0x73,
  0xae,0x73,0xae,0x73,0xae,0x73,0xae,0x73,0xae,0x73,0xae,0x73,0xae,0x73,0xae,0x73,
  0xae,0x73,0xcf,0x7b,0x4d,0x6b,0x45,0x29,0x24,0x21,0x65,0x29,0x65,0x29,0x65,0x29,
  0x65,0x29,0x65,0x29,0x65,0x29,0x65,0x29,0x45,0x29,0x45,0x21,0x24,0x21,0x04,0x21,
  0xe3,0x18,0xe3,0x18,0xc3,0x18,0xc3,0x18,0xc3,0x18,0xc3,0x18,0xc3,0x18,0x82,0x10,
  0xc7,0x39,0xae,0x73,0xcf,0x7b,0xae,0x73,0xae,0x73,0xae,0x73,0xae,0x73,0xae,0x73,
  0xae,0x73,0xae,0x73,0xae,0x73,0xae,0x73,0xae,0x73,0xae,0x73,0xae,0x73,0xae,0x73,
  0xae,0x73,0xae,0x73,0xae,0x73,0xae,0x73,0xae,0x73,0xae,0x73,0xae,0x73,0xae,0x73,
  0xcf,0x7b,0xcf,0x7b,0xcf,0x7b,0xcf,0x7b,0xcf,0x7b,0xcf,0x7b,0xcf,0x7b,0xcf,0x7b,
  0xcf,0x7b,0xcf,0x7b,0xcf,0x7b,0xcf,0x7b,0xcf,0x7b,0xcf,0x7b,0xcf,0x7b,0xcf,0x7b,
  0xcf,0x7b,0xcf,0x7b,0xcf,0x7b,0xcf,0x7b,0xcf,0x7b,0xcf,0x7b,0xcf,0x7b,0xcf,0x7b,
  0xcf,0x7b,0xcf,0x7b,0xcf,0x7b,0xcf,0x7b,0xcf,0x7b,0xcf,0x7b,0xcf,0x7b,0x28,0x42,
  0xe3,0x18,0x04,0x21,0x04,0x21,0x04,0x21,0x04,0x21,0x04,0x21,0x04,0x21,0x04,0x21,
  0x04,0x21,0x04,0x21,0x25,0x21,0x65,0x29,0x86,0x31,0xc7,0x31,0x65,0x29,0xa6,0x31,
  0xae,0x73,0xef,0x7b,0xcf,0x73,0xcf,0x7b,0xcf,0x7b,0xcf,0x7b,0xcf,0x7b,0xcf,0x7b,
  0xcf,0x7b,0xcf,0x7b,0xcf,0x7b,0xcf,0x7b,0xcf,0x7b,0xcf,0x7b,0xcf,0x7b,0xcf,0x7b,
  0xcf,0x7b,0xcf,0x7b,0xcf,0x7b,0xcf,0x7b,0xcf,0x7b,0xcf,0x7b,0xcf,0x7b,0xcf,0x7b,
  0xaf,0x7b,0xaf,0x7b,0xaf,0x7b,0xaf,0x7b,0xaf,0x7b,0xaf,0x7b,0xaf,0x7b,0xaf,0x7b,
  0xaf,0x7b,0xaf,0x7b,0xaf,0x73,0xaf,0x73,0xaf,0x73,0xae,0x73,0xae,0x73,0xae,0x73,
  0xae,0x73,0x8e,0x73,0x8e,0x73,0x49,0x4a,0x45,0x29,0x45,0x29,0x65,0x29,0x45,0x29,
  0x45,0x29,0x24,0x21,0xc3,0x18,0x82,0x10,0x82,0x08,0x82,0x08,0x82,0x10,0x82,0x10,
  0xc3,0x18,0x04,0x21,0x65,0x29,0x86,0x29,0x86,0x29,0x86,0x31,0xa6,0x31,0xe8,0x39,
  0x69,0x4a,0x8a,0x52,0xaa,0x52,0xcb,0x5a,0xeb,0x5a,0x0c,0x63,0x2c,0x63,0x4d,0x6b,
  0x4d,0x6b,0x6d,0x6b,0x6d,0x6b,0x6d,0x6b,0x8e,0x73,0x8e,0x73,0x8e,0x73,0x8e,0x73,
  0x8e,0x73,0x8e,0x73,0x8e,0x73,0x8e,0x73,0x8e,0x73,0x8e,0x73,0x8e,0x73,0xae,0x73,
  0xae,0x73,0xae,0x73,0xae,0x73,0xae,0x73,0xae,0x73,0xae,0x73,0xae,0x73,0xae,0x73,
  0xae,0x73,0xae,0x73,0xae,0x73,0xae,0x73,0xae,0x73,0xae,0x73,0xae,0x73,0xae,0x73,
  0xef,0x7b,0x2c,0x63,0x45,0x21,0x45,0x29,0x65,0x29,0x65,0x29,0x65,0x29,0x65,0x29,
  0x65,0x29,0x65,0x29,0x65,0x29,0x45,0x29,0x45,0x29,0x24,0x21,0x04,0x21,0xe3,0x18,
  0xe3,0x18,0xc3,0x18,0xc3,0x18,0xc3,0x18,0xc3,0x18,0xc3,0x18,0xa2,0x10,0x49,0x4a,
  0xcf,0x7b,0xae,0x73,0xae,0x73,0xae,0x73,0xae,0x73,0xae,0x73,0xae,0x73,0xae,0x73,
  0xae,0x73,0xae,0x73,0xae,0x73,0xae,0x73,0xae,0x73,0xae,0x73,0xae,0x73,0xae,0x73,
  0xae,0x73,0xae,0x73,0xae,0x73,0xae,0x73,0xae,0x73,0xae,0x73,0xae,0x73,0xae,0x73,
  0xcf,0x7b,0xcf,0x7b,0xcf,0x7b,0xcf,0x7b,0xcf,0x7b,0xcf,0x7b,0xcf,0x7b,0xcf,0x7b,
  0xcf,0x7b,0xcf,0x7b,0xcf,0x7b,0xcf,0x7b,0xcf,0x7b,0xcf,0x7b,0xcf,0x7b,0xcf,0x7b,
  0xcf,0x7b,0xcf,0x7b,0xcf,0x7b,0xcf,0x7b,0xcf,0x7b,0xcf,0x7b,0xcf,0x7b,0xcf,0x7b,
  0xcf,0x7b,0xcf,0x7b,0xcf,0x7b,0xcf,0x7b,0xcf,0x7b,0xcf,0x7b,0xcf,0x7b,0xef,0x7b,
  0x69,0x4a,0xe3,0x18,0x04,0x21,0x04,0x21,0x04,0x21,0x04,0x21,0x04,0x21,0x04,0x21,
  0x04,0x21,0x04,0x21,0x04,0x21,0x24,0x21,0x65,0x29,0x86,0x31,0xa6,0x31,0x86,0x29,
  0x86,0x31,0x6d,0x6b,0xef,0x7b,0xaf,0x73,0xcf,0x7b,0xcf,0x7b,0xcf,0x7b,0xcf,0x7b,
  0xcf,0x7b,0xcf,0x7b,0xcf,0x7b,0xcf,0x7b,0xcf,0x7b,0xcf,0x7b,0xcf,0x7b,0xcf,0x7b,
  0xcf,0x7b,0xcf,0x7b,0xcf,0x7b,0xcf,0x7b,0xcf,0x7b,0xcf,0x7b,0xcf,0x7b,0xcf,0x7b,
  0xaf,0x7b,0xaf,0x7b,0xaf,0x7b,0xaf,0x7b,0xaf,0x7b,0xaf,0x7b,0xaf,0x7b,0xaf,0x7b,
  0xaf,0x7b,0xaf,0x7b,0xaf,0x73,0xaf,0x73,0xaf,0x73,0xae,0x73,0xae,0x73,0xae,0x73,
  0xae,0x73,0x8e,0x73,0x8e,0x73,0x49,0x4a,0x45,0x29,0x25,0x21,0x04,0x21,0x04,0x21,
  0x86,0x31,0x65,0x29,0x24,0x21,0xc3,0x18,0xa2,0x10,0x82,0x10,0x82,0x10,0xa2,0x10,
  0xe3,0x18,0x65,0x29,0x65,0x29,0x45,0x29,0x65,0x29,0x86,0x31,0xc7,0x39,0x08,0x3a,
  0x8a,0x52,0xaa,0x52,0xcb,0x5a,0xeb,0x5a,0xec,0x5a,0x0c,0x63,0x2c,0x63,0x4d,0x6b,
  0x4d,0x6b,0x6d,0x6b,0x6d,0x6b,0x8e,0x73,0x8e,0x73,0x8e,0x73,0x8e,0x73,0x8e,0x73,
  0x8e,0x73,0x8e,0x73,0x8e,0x73,0x8e,0x73,0x8e,0x73,0x8e,0x73,0x8e,0x73,0xae,0x73,
  0xae,0x73,0xae,0x73,0xae,0x73,0xae,0x73,0xae,0x73,0xae,0x73,0xae,0x73,0xae,0x73,
  0xae,0x73,0xae,0x73,0xae,0x73,0xae,0x73,0xae,0x73,0xae,0x73,0xae,0x73,0xef,0x7b,
  0xcb,0x5a,0x04,0x21,0x45,0x29,0x65,0x29,0x65,0x29,0x65,0x29,0x65,0x29,0x65,0x29,
  0x65,0x29,0x65,0x29,0x45,0x29,0x25,0x21,0x04,0x21,0x04,0x21,0xe3,0x18,0xe3,0x18,
  0xc3,0x18,0xc3,0x18,0xc3,0x18,0xc3,0x18,0xa2,0x10,0xc3,0x18,0xcb,0x52,0xef,0x7b,
  0xae,0x73,0xae,0x73,0xae,0x73,0xae,0x73,0xae,0x73,0xae,0x73,0xae,0x73,0xae,0x73,
  0xae,0x73,0xae,0x73,0xae,0x73,0xae,0x73,0xae,0x73,0xae,0x73,0xae,0x73,0xae,0x73,
  0xae,0x73,0xae,0x73,0xae,0x73,0xae,0x73,0xae,0x73,0xae,0x73,0xae,0x73,0xae,0x73,
  0xcf,0x7b,0xcf,0x7b,0xcf,0x7b,0xcf,0x7b,0xcf,0x7b,0xcf,0x7b,0xcf,0x7b,0xcf,0x7b,
  0xcf,0x7b,0xcf,0x7b,0xcf,0x7b,0xcf,0x7b,0xcf,0x7b,0xcf,0x7b,0xcf,0x7b,0xcf,0x7b,
  0xcf,0x7b,0xcf,0x7b,0xcf,0x7b,0xcf,0x7b,0xcf,0x7b,0xcf,0x7b,0xcf,0x7b,0xcf,0x7b,
  0xcf,0x7b,0xcf,0x7b,0xcf,0x7b,0xcf,0x7b,0xcf,0x7b,0xcf,0x7b,0xcf,0x7b,0xcf,0x7b,
  0x10,0x84,0xcb,0x5a,0x04,0x21,0x04,0x21,0x04,0x21,0x04,0x21,0x04,0x21,0x04,0x21,
  0x04,0x21,0x04,0x21,0x04,0x21,0x04,0x21,0x24,0x21,0x45,0x29,0x86,0x31,0xa6,0x31,
  0x86,0x31,0x45,0x29,0x4d,0x63,0x10,0x7c,0xcf,0x73,0xcf,0x7b,0xcf,0x7b,0xcf,0x7b,
  0xcf,0x7b,0xcf,0x7b,0xcf,0x7b,0xcf,0x7b,0xcf,0x7b,0xcf,0x7b,0xcf,0x7b,0xcf,0x7b,
  0xcf,0x7b,0xcf,0x7b,0xcf,0x7b,0xcf,0x7b,0xcf,0x7b,0xcf,0x7b,0xcf,0x7b,0xcf,0x7b,
  0xcf,0x7b,0xcf,0x7b,0xcf,0x7b,0xcf,0x7b,0xcf,0x7b,0xcf,0x7b,0xcf,0x7b,0xcf,0x7b,
  0xcf,0x7b,0xcf,0x7b,0xaf,0x7b,0xaf,0x73,0xaf,0x73,0xae,0x73,0xae,0x73,0xae,0x73,
  0x8e,0x73,0x8e,0x73,0x8e,0x73,0x29,0x42,0x04,0x21,0xe3,0x18,0xe3,0x18,0x45,0x29,
  0x86,0x31,0x45,0x29,0x04,0x21,0xe3,0x18,0xa2,0x10,0x62,0x08,0x82,0x10,0xc3,0x10,
  0x04,0x21,0x65,0x29,0xc7,0x31,0xa6,0x31,0x24,0x21,0x04,0x21,0xa6,0x31,0x08,0x42,
  0xaa,0x52,0xcb,0x5a,0xcb,0x5a,0xeb,0x5a,0x0c,0x63,0x0c,0x63,0x2c,0x63,0x4d,0x6b,
  0x4d,0x6b,0x6d,0x6b,0x6d,0x6b,0x8e,0x73,0x8e,0x73,0x8e,0x73,0x8e,0x73,0x8e,0x73,
  0x8e,0x73,0x8e,0x73,0xae,0x73,0xae,0x73,0xae,0x73,0xae,0x73,0xae,0x73,0xae,0x73,
  0xae,0x73,0xae,0x73,0xae,0x73,0xae,0x73,0xae,0x73,0xae,0x73,0xae,0x73,0xae,0x73,
  0xae,0x73,0xae,0x73,0xae,0x73,0xae,0x73,0xae,0x73,0xae,0x73,0xef,0x7b,0xaa,0x52,
  0x04,0x21,0x65,0x29,0x65,0x29,0x65,0x29,0x65,0x29,0x65,0x29,0x65,0x29,0x65,0x29,
  0x65,0x29,0x45,0x29,0x25,0x21,0x04,0x21,0x04,0x19,0xe3,0x18,0xe3,0x18,0xc3,0x18,
  0xc3,0x18,0xc3,0x18,0xc3,0x18,0xa2,0x10,0x04,0x21,0x0c,0x63,0xef,0x7b,0xae,0x73,
  0xae,0x73,0xae,0x73,0xae,0x73,0xae,0x73,0xae,0x73,0xae,0x73,0xae,0x73,0xae,0x73,
  0xae,0x73,0xae,0x73,0xae,0x73,0xae,0x73,0xae,0x73,0xae,0x73,0xae,0x73,0xae,0x73,
  0xae,0x73,0xae,0x73,0xae,0x73,0xae,0x73,0xae,0x73,0xae,0x73,0xae,0x73,0xae,0x73,
  0xcf,0x7b,0xcf,0x7b,0xcf,0x7b,0xcf,0x7b,0xcf,0x7b,0xcf,0x7b,0xcf,0x7b,0xcf,0x7b,
  0xcf,0x7b,0xcf,0x7b,0xcf,0x7b,0xcf,0x7b,0xcf,0x7b,0xcf,0x7b,0xcf,0x7b,0xcf,0x7b,
  0xcf,0x7b,0xcf,0x7b,0xcf,0x7b,0xcf,0x7b,0xcf,0x7b,0xcf,0x7b,0xcf,0x7b,0xcf,0x7b,
  0xcf,0x7b,0xcf,0x7b,0xcf,0x7b,0xcf,0x7b,0xcf,0x7b,0xcf,0x7b,0xcf,0x7b,0xcf,0x7b,
  0xaf,0x7b,0xf0,0x83,0x0c,0x63,0x24,0x21,0xe4,0x20,0x24,0x21,0x04,0x21,0x04,0x21,
  0x04,0x21,0x04,0x21,0x04,0x21,0x04,0x21,0x04,0x21,0x24,0x21,0x65,0x29,0x86,0x31,
  0xa6,0x31,0x86,0x31,0x45,0x29,0x0c,0x63,0x10,0x7c,0xaf,0x73,0xcf,0x7b,0xcf,0x7b,
  0xcf,0x7b,0xcf,0x7b,0xcf,0x7b,0xcf,0x7b,0xcf,0x7b,0xcf,0x7b,0xcf,0x7b,0xcf,0x7b,
  0xcf,0x7b,0xcf,0x7b,0xcf,0x7b,0xcf,0x7b,0xcf,0x7b,0xcf,0x7b,0xcf,0x7b,0xcf,0x7b,
  0xcf,0x7b,0xcf,0x7b,0xcf,0x7b,0xcf,0x7b,0xcf,0x7b,0xcf,0x7b,0xcf,0x7b,0xcf,0x7b,
  0xcf,0x7b,0xcf,0x7b,0xaf,0x7b,0xaf,0x7b,0xaf,0x73,0xae,0x73,0xae,0x73,0xae,0x73,
  0xae,0x73,0x8e,0x73,0x8e,0x73,0xe7,0x39,0xe3,0x18,0xe4,0x18,0x24,0x21,0x65,0x29,
  0x45,0x29,0x45,0x29,0x04,0x21,0xa3,0x10,0x82,0x08,0x61,0x08,0x61,0x08,0x82,0x10,
  0x04,0x21,0x45,0x29,0x45,0x29,0x65,0x29,0x45,0x29,0x04,0x21,0x25,0x21,0x08,0x42,
  0xcb,0x5a,0xeb,0x5a,0x0c,0x63,0x0c,0x63,0x2c,0x63,0x2c,0x63,0x4d,0x6b,0x4d,0x6b,
  0x6d,0x6b,0x6d,0x6b,0x8e,0x73,0x8e,0x73,0x8e,0x73,0x8e,0x73,0x8e,0x73,0xae,0x73,
  0xae,0x73,0xae,0x73,0xae,0x73,0xae,0x73,0xae,0x73,0xae,0x73,0xae,0x73,0xae,0x73,
  0xae,0x73,0xae,0x73,0xae,0x73,0xae,0x73,0xae,0x73,0xae,0x73,0xae,0x73,0xae,0x73,
  0xae,0x73,0xae,0x73,0xae,0x73,0xae,0x73,0xae,0x73,0xcf,0x7b,0x49,0x4a,0x04,0x21,
  0x65,0x29,0x65,0x29,0x65,0x29,0x65,0x29,0x65,0x29,0x65,0x29,0x65,0x29,0x65,0x29,
  0x45,0x29,0x24,0x21,0x04,0x21,0xe4,0x18,0xe3,0x18,0xc3,0x18,0xc3,0x18,0xc3,0x18,
  0xc3,0x18,0xc3,0x18,0x82,0x10,0x65,0x29,0x6d,0x6b,0xcf,0x7b,0x8e,0x73,0xae,0x73,
  0xae,0x73,0xae,0x73,0xae,0x73,0xae,0x73,0xae,0x73,0xae,0x73,0xae,0x73,0xae,0x73,
  0xae,0x73,0xae,0x73,0xae,0x73,0xae,0x73,0xae,0x73,0xae,0x73,0xae,0x73,0xae,0x73,
  0xae,0x73,0xae,0x73,0xae,0x73,0xae,0x73,0xae,0x73,0xae,0x73,0xae,0x73,0xae,0x73,
  0xcf,0x7b,0xcf,0x7b,0xcf,0x7b,0xcf,0x7b,0xcf,0x7b,0xcf,0x7b,0xcf,0x7b,0xcf,0x7b,
  0xcf,0x7b,0xcf,0x7b,0xcf,0x7b,0xcf,0x7b,0xcf,0x7b,0xcf,0x7b,0xcf,0x7b,0xcf,0x7b,
  0xcf,0x7b,0xcf,0x7b,0xcf,0x7b,0xcf,0x7b,0xcf,0x7b,0xcf,0x7b,0xcf,0x7b,0xcf,0x7b,
  0xcf,0x7b,0xcf,0x7b,0xcf,0x7b,0xcf,0x7b,0xcf,0x7b,0xcf,0x7b,0xcf,0x7b,0xcf,0x7b,
  0xcf,0x7b,0xaf,0x7b,0xef,0x7b,0x4d,0x6b,0x65,0x29,0xe3,0x18,0x24,0x21,0x04,0x21,
  0x04,0x21,0x04,0x21,0x04,0x21,0x04,0x21,0x04,0x21,0x04,0x21,0x24,0x21,0x45,0x29,
  0x86,0x31,0xa6,0x31,0xa6,0x31,0x45,0x29,0xcb,0x5a,0x10,0x84,0xcf,0x73,0xcf,0x7b,
  0xcf,0x7b,0xcf,0x7b,0xcf,0x7b,0xcf,0x7b,0xcf,0x7b,0xcf,0x7b,0xcf,0x7b,0xcf,0x7b,
  0xcf,0x7b,0xcf,0x7b,0xcf,0x7b,0xcf,0x7b,0xcf,0x7b,0xcf,0x7b,0xcf,0x7b,0xcf,0x7b,
  0xcf,0x7b,0xcf,0x7b,0xcf,0x7b,0xcf,0x7b,0xcf,0x7b,0xcf,0x7b,0xcf,0x7b,0xcf,0x7b,
  0xcf,0x7b,0xcf,0x7b,0xcf,0x7b,0xcf,0x7b,0xcf,0x7b,0xaf,0x7b,0xaf,0x73,0xae,0x73,
  0xae,0x73,0x8e,0x73,0xae,0x73,0xc7,0x31,0x04,0x21,0x24,0x21,0x45,0x29,0x45,0x29,
  0x45,0x29,0xe3,0x18,0x61,0x08,0xc3,0x18,0xa2,0x10,0x61,0x08,0x61,0x08,0x82,0x10,
  0x82,0x10,0xc3,0x18,0x45,0x29,0x45,0x29,0x65,0x29,0x45,0x29,0x24,0x21,0xa6,0x31,
  0x2c,0x63,0x2d,0x63,0x4d,0x6b,0x4d,0x6b,0x6d,0x6b,0x6d,0x6b,0x6d,0x6b,0x8d,0x73,
  0x8e,0x73,0x8e,0x73,0x8e,0x73,0x8e,0x73,0x8e,0x73,0xae,0x73,0xae,0x73,0xae,0x73,
  0xae,0x73,0xae,0x73,0xae,0x73,0xae,0x73,0xae,0x73,0xae,0x73,0xae,0x73,0xae,0x73,
  0xae,0x73,0xae,0x73,0xae,0x73,0xae,0x73,0xae,0x73,0xae,0x73,0xae,0x73,0xae,0x73,
  0xae,0x73,0xae,0x73,0xae,0x73,0xae,0x73,0xcf,0x7b,0x08,0x42,0x04,0x21,0x65,0x29,
  0x65,0x29,0x65,0x29,0x65,0x29,0x65,0x29,0x65,0x29,0x65,0x29,0x65,0x29,0x45,0x29,
  0x24,0x21,0x04,0x21,0xe3,0x18,0xe3,0x18,0xc3,0x18,0xc3,0x18,0xc3,0x18,0xc3,0x18,
  0xc3,0x18,0x82,0x10,0xc7,0x39,0xae,0x73,0xcf,0x73,0x8e,0x73,0xae,0x73,0xae,0x73,
  0xae,0x73,0xae,0x73,0xae,0x73,0xae,0x73,0xae,0x73,0xae,0x73,0xae,0x73,0xae,0x73,
  0xae,0x73,0xae,0x73,0xae,0x73,0xae,0x73,0xae,0x73,0xae,0x73,0xae,0x73,0xae,0x73,
  0xae,0x73,0xae,0x73,0xae,0x73,0xae,0x73,0xae,0x73,0xae,0x73,0xae,0x73,0xae,0x73,
  0xcf,0x7b,0xcf,0x7b,0xcf,0x7b,0xcf,0x7b,0xcf,0x7b,0xcf,0x7b,0xcf,0x7b,0xcf,0x7b,
  0xcf,0x7b,0xcf,0x7b,0xcf,0x7b,0xcf,0x7b,0xcf,0x7b,0xcf,0x7b,0xcf,0x7b,0xcf,0x7b,
  0xcf,0x7b,0xcf,0x7b,0xcf,0x7b,0xcf,0x7b,0xcf,0x7b,0xcf,0x7b,0xcf,0x7b,0xcf,0x7b,
  0xcf,0x7b,0xcf,0x7b,0xcf,0x7b,0xcf,0x7b,0xcf,0x7b,0xcf,0x7b,0xcf,0x7b,0xcf,0x7b,
  0xcf,0x7b,0xcf,0x7b,0xaf,0x7b,0xef,0x7b,0xae,0x73,0xa6,0x31,0xe3,0x18,0x24,0x21,
  0x04,0x21,0x04,0x21,0x04,0x21,0x04,0x21,0x04,0x21,0x04,0x21,0x04,0x21,0x24,0x21,
  0x45,0x29,0x86,0x31,0xa6,0x31,0xa7,0x31,0x45,0x29,0xaa,0x52,0x10,0x84,0xcf,0x7b,
  0xcf,0x7b,0xcf,0x7b,0xcf,0x7b,0xcf,0x7b,0xcf,0x7b,0xcf,0x7b,0xcf,0x7b,0xcf,0x7b,
  0xcf,0x7b,0xcf,0x7b,0xcf,0x7b,0xcf,0x7b,0xcf,0x7b,0xcf,0x7b,0xcf,0x7b,0xcf,0x7b,
  0xcf,0x7b,0xcf,0x7b,0xcf,0x7b,0xcf,0x7b,0xcf,0x7b,0xcf,0x7b,0xcf,0x7b,0xcf,0x7b,
  0xcf,0x7b,0xcf,0x7b,0xcf,0x7b,0xcf,0x7b,0xcf,0x7b,0xaf,0x7b,0xaf,0x7b,0xaf,0x73,
  0xaf,0x73,0xae,0x73,0xcf,0x7b,0x08,0x42,0x45,0x29,0x45,0x29,0x45,0x29,0x45,0x29,
  0x24,0x21,0x82,0x10,0xc3,0x18,0x24,0x21,0x82,0x10,0x41,0x08,0x61,0x08,0xe3,0x18,
  0x04,0x21,0x61,0x08,0x04,0x21,0x45,0x29,0x45,0x29,0x65,0x29,0x65,0x29,0xc7,0x39,
  0x4d,0x6b,0x6d,0x6b,0x6d,0x6b,0x8d,0x73,0x8e,0x73,0x8e,0x73,0x8e,0x73,0x8e,0x73,
  0x8e,0x73,0xae,0x73,0xae,0x73,0xae,0x73,0xae,0x73,0xae,0x73,0xae,0x73,0xae,0x73,
  0xae,0x73,0xae,0x73,0xae,0x73,0xae,0x73,0xae,0x73,0xae,0x73,0xae,0x73,0xae,0x73,
  0xae,0x73,0xae,0x73,0xae,0x73,0xae,0x73,0xae,0x73,0xae,0x73,0xae,0x73,0xae,0x73,
  0xae,0x73,0xae,0x73,0xcf,0x7b,0xae,0x73,0xc7,0x39,0x04,0x21,0x65,0x29,0x65,0x29,
  0x65,0x29,0x65,0x29,0x65,0x29,0x65,0x29,0x65,0x29,0x65,0x29,0x45,0x29,0x24,0x21,
  0x04,0x21,0xe4,0x18,0xe3,0x18,0xc3,0x18,0xc3,0x18,0xc3,0x18,0xc3,0x18,0xc3,0x18,
  0xa2,0x10,0x49,0x4a,0xcf,0x7b,0xae,0x73,0xae,0x73,0xae,0x73,0xae,0x73,0xae,0x73,
  0xae,0x73,0xae,0x73,0xae,0x73,0xae,0x73,0xae,0x73,0xae,0x73,0xae,0x73,0xae,0x73,
  0xae,0x73,0xae,0x73,0xae,0x73,0xae,0x73,0xae,0x73,0xae,0x73,0xae,0x73,0xae,0x73,
  0xae,0x73,0xae,0x73,0xae,0x73,0xae,0x73,0xae,0x73,0xae,0x73,0xae,0x73,0xae,0x73,
  0xcf,0x7b,0xcf,0x7b,0xcf,0x7b,0xcf,0x7b,0xcf,0x7b,0xcf,0x7b,0xcf,0x7b,0xcf,0x7b,
  0xcf,0x7b,0xcf,0x7b,0xcf,0x7b,0xcf,0x7b,0xcf,0x7b,0xcf,0x7b,0xcf,0x7b,0xcf,0x7b,
  0xcf,0x7b,0xcf,0x7b,0xcf,0x7b,0xcf,0x7b,0xcf,0x7b,0xcf,0x7b,0xcf,0x7b,0xcf,0x7b,
  0xcf,0x7b,0xcf,0x7b,0xcf,0x7b,0xcf,0x7b,0xcf,0x7b,0xcf,0x7b,0xcf,0x7b,0xcf,0x7b,
  0xcf,0x7b,0xcf,0x7b,0xcf,0x7b,0xcf,0x7b,0xcf,0x7b,0xcf,0x7b,0x08,0x42,0xe3,0x18,
  0x24,0x21,0x24,0x21,0x04,0x21,0x04,0x21,0x04,0x21,0x24,0x21,0x24,0x21,0x24,0x21,
  0x24,0x21,0x45,0x29,0x86,0x31,0xa6,0x31,0xc7,0x39,0x45,0x21,0x49,0x4a,0xef,0x7b,
  0xcf,0x7b,0xcf,0x7b,0xcf,0x7b,0xcf,0x7b,0xcf,0x7b,0xcf,0x7b,0xcf,0x7b,0xcf,0x7b,
  0xcf,0x7b,0xcf,0x7b,0xcf,0x7b,0xcf,0x7b,0xcf,0x7b,0xcf,0x7b,0xcf,0x7b,0xcf,0x7b,
  0xcf,0x7b,0xcf,0x7b,0xcf,0x7b,0xcf,0x7b,0xcf,0x7b,0xcf,0x7b,0xcf,0x7b,0xcf,0x7b,
  0xcf,0x7b,0xcf,0x7b,0xcf,0x7b,0xcf,0x7b,0xcf,0x7b,0xaf,0x7b,0xcf,0x7b,0xcf,0x7b,
  0xaf,0x7b,0xae,0x73,0xcf,0x7b,0xeb,0x5a,0x45,0x29,0x45,0x29,0x45,0x29,0x45,0x21,
  0x24,0x21,0x04,0x21,0x45,0x29,0x04,0x21,0xa2,0x10,0x82,0x10,0x82,0x10,0xe3,0x18,
  0x45,0x29,0xe3,0x18,0xe4,0x18,0x45,0x29,0x45,0x29,0x65,0x29,0x86,0x31,0x49,0x4a,
  0x8e,0x73,0x6d,0x6b,0x8e,0x73,0x8e,0x73,0x8e,0x73,0x8e,0x73,0x8e,0x73,0x8e,0x73,
  0x8e,0x73,0xae,0x73,0xae,0x73,0xae,0x73,0xae,0x73,0xae,0x73,0xae,0x73,0xae,0x73,
  0xae,0x73,0xae,0x73,0xae,0x73,0xae,0x73,0xae,0x73,0xae,0x73,0xae,0x73,0xae,0x73,
  0xae,0x73,0xae,0x73,0xae,0x73,0xae,0x73,0xae,0x73,0xae,0x73,0xae,0x73,0xae,0x73,
  0xae,0x73,0xcf,0x7b,0x8e,0x73,0x86,0x31,0x04,0x21,0x65,0x29,0x65,0x29,0x65,0x29,
  0x65,0x29,0x65,0x29,0x65,0x29,0x65,0x29,0x65,0x29,0x45,0x29,0x24,0x21,0x04,0x21,
  0xe3,0x18,0xe3,0x18,0xc3,0x18,0xc3,0x18,0xc3,0x18,0xc3,0x18,0xc3,0x10,0xc3,0x18,
  0xcb,0x5a,0xef,0x7b,0xae,0x73,0xae,0x73,0xae,0x73,0xae,0x73,0xae,0x73,0xae,0x73,
  0xae,0x73,0xae,0x73,0xae,0x73,0xae,0x73,0xae,0x73,0xae,0x73,0xae,0x73,0xae,0x73,
  0xae,0x73,0xae,0x73,0xae,0x73,0xae,0x73,0xae,0x73,0xae,0x73,0xae,0x73,0xae,0x73,
  0xae,0x73,0xae,0x73,0xae,0x73,0xae,0x73,0xae,0x73,0xae,0x73,0xae,0x73,0xae,0x73,
  0xcf,0x7b,0xcf,0x7b,0xcf,0x7b,0xcf,0x7b,0xcf,0x7b,0xcf,0x7b,0xcf,0x7b,0xcf,0x7b,
  0xcf,0x7b,0xcf,0x7b,0xcf,0x7b,0xcf,0x7b,0xcf,0x7b,0xcf,0x7b,0xcf,0x7b,0xcf,0x7b,
  0xcf,0x7b,0xcf,0x7b,0xcf,0x7b,0xcf,0x7b,0xcf,0x7b,0xcf,0x7b,0xcf,0x7b,0xcf,0x7b,
  0xcf,0x7b,0xcf,0x7b,0xcf,0x7b,0xcf,0x7b,0xcf,0x7b,0xcf,0x7b,0xcf,0x7b,0xcf,0x7b,
  0xcf,0x7b,0xcf,0x7b,0xcf,0x7b,0xcf,0x7b,0xcf,0x7b,0xcf,0x7b,0xef,0x7b,0x49,0x4a,
  0xe4,0x18,0x24,0x21,0x24,0x21,0x24,0x21,0x24,0x21,0x24,0x21,0x24,0x21,0x04,0x21,
  0x04,0x21,0x24,0x21,0x45,0x29,0x86,0x29,0xa6,0x31,0xc7,0x39,0x45,0x29,0x28,0x42,
  0xef,0x7b,0xcf,0x7b,0xcf,0x7b,0xcf,0x7b,0xcf,0x7b,0xcf,0x7b,0xcf,0x7b,0xcf,0x7b,
  0xcf,0x7b,0xcf,0x7b,0xcf,0x7b,0xcf,0x7b,0xcf,0x7b,0xcf,0x7b,0xcf,0x7b,0xcf,0x7b,
  0xcf,0x7b,0xcf,0x7b,0xcf,0x7b,0xcf,0x7b,0xcf,0x7b,0xcf,0x7b,0xcf,0x7b,0xcf,0x7b,
  0xcf,0x7b,0xcf,0x7b,0xcf,0x7b,0xcf,0x7b,0xcf,0x7b,0xcf,0x7b,0xcf,0x7b,0xcf,0x7b,
  0xaf,0x7b,0xaf,0x7b,0xaf,0x73,0xcf,0x7b,0x8a,0x52,0x04,0x21,0x45,0x29,0x45,0x29,
  0x45,0x29,0x45,0x29,0x45,0x29,0x04,0x21,0x04,0x21,0xc3,0x18,0x24,0x21,0x04,0x21,
  0x45,0x29,0x45,0x29,0x45,0x29,0x45,0x29,0x65,0x29,0x65,0x29,0xa6,0x31,0x4d,0x6b,
  0x8e,0x73,0x8e,0x73,0x8e,0x73,0x8e,0x73,0x8e,0x73,0x8e,0x73,0x8e,0x73,0x8e,0x73,
  0xae,0x73,0xae,0x73,0xae,0x73,0xae,0x73,0xae,0x73,0xae,0x73,0xae,0x73,0xae,0x73,
  0xae,0x73,0xae,0x73,0xae,0x73,0xae,0x73,0xae,0x73,0xae,0x73,0xae,0x73,0xae,0x73,
  0xae,0x73,0xae,0x73,0xae,0x73,0xae,0x73,0xae,0x73,0xae,0x73,0xae,0x73,0xae,0x73,
  0xcf,0x7b,0x6d,0x6b,0x65,0x29,0x24,0x21,0x65,0x29,0x45,0x29,0x65,0x29,0x65,0x29,
  0x65,0x29,0x65,0x29,0x65,0x29,0x45,0x29,0x45,0x29,0x04,0x21,0x04,0x21,0xe3,0x18,
  0xe3,0x18,0xc3,0x18,0xc3,0x18,0xc3,0x18,0xc3,0x18,0xa2,0x10,0x24,0x21,0x2c,0x63,
  0xef,0x7b,0xae,0x73,0xae,0x73,0xae,0x73,0xae,0x73,0xae,0x73,0xae,0x73,0xae,0x73,
  0xae,0x73,0xae,0x73,0xae,0x73,0xae,0x73,0xae,0x73,0xae,0x73,0xae,0x73,0xae,0x73,
  0xae,0x73,0xae,0x73,0xae,0x73,0xae,0x73,0xae,0x73,0xae,0x73,0xae,0x73,0xae,0x73,
  0xae,0x73,0xae,0x73,0xae,0x73,0xae,0x73,0xae,0x73,0xae,0x73,0xae,0x73,0xae,0x73,
  0xcf,0x7b,0xcf,0x7b,0xcf,0x7b,0xcf,0x7b,0xcf,0x7b,0xcf,0x7b,0xcf,0x7b,0xcf,0x7b,
  0xcf,0x7b,0xcf,0x7b,0xcf,0x7b,0xcf,0x7b,0xcf,0x7b,0xcf,0x7b,0xaf,0x7b,0xaf,0x73,
  0xcf,0x7b,0xcf,0x7b,0xcf,0x7b,0xcf,0x7b,0xcf,0x7b,0xcf,0x7b,0xcf,0x7b,0xcf,0x7b,
  0xcf,0x7b,0xcf,0x7b,0xcf,0x7b,0xcf,0x7b,0xcf,0x7b,0xcf,0x7b,0xcf,0x7b,0xcf,0x7b,
  0xcf,0x7b,0xcf,0x7b,0xcf,0x7b,0xcf,0x7b,0xcf,0x7b,0xcf,0x7b,0xcf,0x7b,0xf0,0x7b,
  0xaa,0x52,0x04,0x21,0x24,0x21,0x24,0x21,0x24,0x21,0x24,0x21,0x24,0x21,0x24,0x21,
  0x24,0x21,0x24,0x21,0x24,0x21,0x45,0x29,0x66,0x29,0x86,0x31,0xc7,0x39,0x65,0x29,
  0xe7,0x39,0xcf,0x7b,0xcf,0x7b,0xcf,0x7b,0xcf,0x7b,0xcf,0x7b,0xcf,0x7b,0xcf,0x7b,
  0xcf,0x7b,0xcf,0x7b,0xcf,0x7b,0xcf,0x7b,0xcf,0x7b,0xcf,0x7b,0xcf,0x7b,0xcf,0x7b,
  0xcf,0x7b,0xcf,0x7b,0xcf,0x7b,0xcf,0x7b,0xcf,0x7b,0xcf,0x7b,0xcf,0x7b,0xcf,0x7b,
  0xcf,0x7b,0xcf,0x7b,0xcf,0x7b,0xcf,0x7b,0xcf,0x7b,0xcf,0x7b,0xcf,0x7b,0xcf,0x7b,
  0xaf,0x7b,0xaf,0x7b,0xcf,0x7b,0xaf,0x7b,0xef,0x7b,0x8a,0x52,0x24,0x21,0x24,0x21,
  0x45,0x29,0x45,0x29,0x65,0x29,0x24,0x21,0x04,0x21,0xc3,0x18,0x24,0x21,0x24,0x21,
  0x65,0x29,0x65,0x29,0x65,0x29,0x65,0x29,0x45,0x29,0xa6,0x31,0x4d,0x6b,0xae,0x73,
  0x8e,0x73,0x8e,0x73,0x8e,0x73,0x8e,0x73,0x8e,0x73,0x8e,0x73,0x8e,0x73,0xae,0x73,
  0xae,0x73,0xae,0x73,0xae,0x73,0xae,0x73,0xae,0x73,0xae,0x73,0xae,0x73,0xae,0x73,
  0xae,0x73,0xae,0x73,0xae,0x73,0xae,0x73,0xae,0x73,0xae,0x73,0xae,0x73,0xae,0x73,
  0xae,0x73,0xae,0x73,0xae,0x73,0xae,0x73,0xae,0x73,0xae,0x73,0xae,0x73,0xef,0x7b,
  0x2c,0x63,0x24,0x21,0x25,0x21,0x65,0x29,0x45,0x29,0x65,0x29,0x45,0x29,0x65,0x29,
  0x65,0x29,0x65,0x29,0x45,0x29,0x25,0x21,0x04,0x21,0x04,0x19,0xe3,0x18,0xe3,0x18,
  0xc3,0x18,0xc3,0x18,0xc3,0x18,0xc3,0x18,0xa2,0x10,0x85,0x29,0x8e,0x73,0xcf,0x7b,
  0xae,0x73,0xae,0x73,0xae,0x73,0xae,0x73,0xae,0x73,0xae,0x73,0xae,0x73,0xae,0x73,
  0xae,0x73,0xae,0x73,0xae,0x73,0xae,0x73,0x8e,0x73,0xae,0x73,0xae,0x73,0xae,0x73,
  0xae,0x73,0xae,0x73,0xae,0x73,0xae,0x73,0xae,0x73,0xae,0x73,0xae,0x73,0xae,0x73,
  0xae,0x73,0xae,0x73,0xae,0x73,0xae,0x73,0xae,0x73,0xae,0x73,0xae,0x73,0xae,0x73,
  0xcf,0x7b,0xcf,0x7b,0xcf,0x7b,0xcf,0x7b,0xcf,0x7b,0xcf,0x7b,0xcf,0x7b,0xcf,0x7b,
  0xcf,0x7b,0xcf,0x7b,0xcf,0x7b,0xcf,0x7b,0xcf,0x7b,0xcf,0x7b,0xcf,0x7b,0xaf,0x7b,
  0xcf,0x7b,0xcf,0x7b,0xcf,0x7b,0xcf,0x7b,0xcf,0x7b,0xcf,0x7b,0xcf,0x7b,0xcf,0x7b,
  0xcf,0x7b,0xcf,0x7b,0xcf,0x7b,0xcf,0x7b,0xcf,0x7b,0xcf,0x7b,0xcf,0x7b,0xcf,0x7b,
  0xcf,0x7b,0xcf,0x7b,0xcf,0x7b,0xcf,0x7b,0xcf,0x7b,0xcf,0x7b,0xcf,0x7b,0xcf,0x7b,
  0xf0,0x83,0x0c,0x5b,0x24,0x21,0x04,0x21,0x24,0x21,0x24,0x21,0x24,0x21,0x24,0x21,
  0x24,0x21,0x24,0x21,0x24,0x21,0x24,0x21,0x45,0x29,0x66,0x29,0x86,0x31,0xc7,0x39,
  0x65,0x29,0xc7,0x39,0xae,0x73,0xef,0x7b,0xaf,0x7b,0xcf,0x7b,0xcf,0x7b,0xcf,0x7b,
  0xcf,0x7b,0xcf,0x7b,0xcf,0x7b,0xcf,0x7b,0xcf,0x7b,0xcf,0x7b,0xcf,0x7b,0xcf,0x7b,
  0xcf,0x7b,0xcf,0x7b,0xcf,0x7b,0xcf,0x7b,0xcf,0x7b,0xcf,0x7b,0xcf,0x7b,0xcf,0x7b,
  0xcf,0x7b,0xcf,0x7b,0xcf,0x7b,0xcf,0x7b,0xcf,0x7b,0xcf,0x7b,0xcf,0x7b,0xcf,0x7b,
  0xcf,0x7b,0xcf,0x7b,0xcf,0x7b,0xcf,0x7b,0xaf,0x7b,0xef,0x7b,0x2c,0x63,0xe7,0x39,
  0x45,0x29,0x04,0x21,0x24,0x21,0x04,0x21,0x45,0x21,0xe3,0x18,0x45,0x29,0x24,0x21,
  0x25,0x21,0x24,0x21,0x24,0x21,0x65,0x29,0x49,0x4a,0x8e,0x6b,0xae,0x73,0x8e,0x73,
  0xae,0x73,0x8e,0x73,0x8e,0x73,0xae,0x73,0xae,0x73,0xae,0x73,0xae,0x73,0xae,0x73,
  0xae,0x73,0xae,0x73,0xae,0x73,0xae,0x73,0xae,0x73,0xae,0x73,0xae,0x73,0xae,0x73,
  0xae,0x73,0xae,0x73,0xae,0x73,0xae,0x73,0xae,0x73,0xae,0x73,0xae,0x73,0xae,0x73,
  0xae,0x73,0xae,0x73,0xae,0x73,0xae,0x73,0xae,0x73,0xae,0x73,0xef,0x7b,0xeb,0x5a,
  0x04,0x21,0x45,0x29,0x65,0x29,0x45,0x29,0x65,0x29,0x65,0x29,0x45,0x29,0x65,0x29,
  0x65,0x29,0x45,0x29,0x24,0x21,0x04,0x21,0xe4,0x18,0xe3,0x18,0xe3,0x18,0xc3,0x18,
  0xc3,0x18,0xc3,0x18,0xc3,0x18,0xa2,0x10,0xe7,0x39,0xae,0x73,0xcf,0x7b,0xae,0x73,
  0xae,0x73,0xae,0x73,0xae,0x73,0xae,0x73,0xae,0x73,0xae,0x73,0xae,0x73,0xae,0x73,
  0xae,0x73,0xae,0x73,0xae,0x73,0xae,0x73,0x8e,0x73,0xae,0x73,0xae,0x73,0xae,0x73,
  0xae,0x73,0xae,0x73,0xae,0x73,0xae,0x73,0xae,0x73,0xae,0x73,0xae,0x73,0xae,0x73,
  0xae,0x73,0xae,0x73,0xae,0x73,0xae,0x73,0xae,0x73,0xae,0x73,0xae,0x73,0xae,0x73,
  0xcf,0x7b,0xcf,0x7b,0xcf,0x7b,0xcf,0x7b,0xcf,0x7b,0xcf,0x7b,0xcf,0x7b,0xcf,0x7b,
  0xcf,0x7b,0xcf,0x7b,0xcf,0x7b,0xcf,0x7b,0xcf,0x7b,0xcf,0x7b,0xcf,0x7b,0xcf,0x7b,
  0xcf,0x7b,0xcf,0x7b,0xcf,0x7b,0xcf,0x7b,0xcf,0x7b,0xcf,0x7b,0xcf,0x7b,0xcf,0x7b,
  0xcf,0x7b,0xcf,0x7b,0xcf,0x7b,0xcf,0x7b,0xcf,0x7b,0xcf,0x7b,0xcf,0x7b,0xcf,0x7b,
  0xcf,0x7b,0xcf,0x7b,0xcf,0x7b,0xcf,0x7b,0xcf,0x7b,0xcf,0x7b,0xcf,0x7b,0xcf,0x7b,
  0xaf,0x7b,0xf0,0x7b,0x4d,0x6b,0x65,0x29,0x04,0x21,0x24,0x21,0x24,0x21,0x24,0x21,
  0x24,0x21,0x24,0x21,0x24,0x21,0x24,0x21,0x24,0x21,0x45,0x29,0x65,0x29,0x86,0x31,
  0xc7,0x39,0x86,0x31,0x86,0x31,0x8e,0x73,0xef,0x7b,0xaf,0x73,0xcf,0x7b,0xcf,0x7b,
  0xcf,0x7b,0xcf,0x7b,0xcf,0x7b,0xcf,0x7b,0xcf,0x7b,0xcf,0x7b,0xcf,0x7b,0xcf,0x7b,
  0xcf,0x7b,0xcf,0x7b,0xcf,0x7b,0xcf,0x7b,0xcf,0x7b,0xcf,0x7b,0xcf,0x7b,0xcf,0x7b,
  0xcf,0x7b,0xcf,0x7b,0xcf,0x7b,0xcf,0x7b,0xcf,0x7b,0xcf,0x7b,0xcf,0x7b,0xcf,0x7b,
  0xcf,0x7b,0xcf,0x7b,0xcf,0x7b,0xcf,0x7b,0xaf,0x7b,0xaf,0x73,0xcf,0x7b,0xcf,0x7b,
  0x4d,0x6b,0xaa,0x52,0x28,0x42,0x86,0x31,0x45,0x29,0xe3,0x18,0x65,0x29,0x45,0x29,
  0xa6,0x31,0x08,0x42,0xcb,0x52,0x6d,0x6b,0xcf,0x7b,0xaf,0x73,0xae,0x73,0xae,0x73,
  0xae,0x73,0xae,0x73,0xae,0x73,0xae,0x73,0xae,0x73,0xae,0x73,0xae,0x73,0xae,0x73,
  0xae,0x73,0xae,0x73,0xae,0x73,0xae,0x73,0xae,0x73,0xae,0x73,0xae,0x73,0xae,0x73,
  0xae,0x73,0xae,0x73,0xae,0x73,0xae,0x73,0xae,0x73,0xae,0x73,0xae,0x73,0xae,0x73,
  0xae,0x73,0xae,0x73,0xae,0x73,0xae,0x73,0xae,0x73,0xef,0x7b,0xaa,0x52,0x04,0x21,
  0x45,0x29,0x65,0x29,0x45,0x29,0x65,0x29,0x65,0x29,0x65,0x29,0x45,0x29,0x65,0x29,
  0x45,0x29,0x24,0x21,0x04,0x21,0xe4,0x18,0xe3,0x18,0xc3,0x18,0xc3,0x18,0xc3,0x18,
  0xc3,0x18,0xc3,0x18,0xa2,0x10,0x69,0x4a,0xef,0x7b,0xce,0x73,0xae,0x73,0xae,0x73,
  0xae,0x73,0xae,0x73,0xae,0x73,0xae,0x73,0xae,0x73,0xae,0x73,0xae,0x73,0xae,0x73,
  0xae,0x73,0xae,0x73,0xae,0x73,0xae,0x73,0xae,0x73,0xae,0x73,0xae,0x73,0xae,0x73,
  0xae,0x73,0xae,0x73,0xae,0x73,0xae,0x73,0xae,0x73,0xae,0x73,0xae,0x73,0xae,0x73,
  0xae,0x73,0xae,0x73,0xae,0x73,0xae,0x73,0xae,0x73,0xae,0x73,0xae,0x73,0xae,0x73,
  0xcf,0x7b,0xcf,0x7b,0xcf,0x7b,0xcf,0x7b,0xcf,0x7b,0xcf,0x7b,0xcf,0x7b,0xcf,0x7b,
  0xcf,0x7b,0xcf,0x7b,0xcf,0x7b,0xcf,0x7b,0xcf,0x7b,0xcf,0x7b,0xcf,0x7b,0xcf,0x7b,
  0xcf,0x7b,0xcf,0x7b,0xcf,0x7b,0xcf,0x7b,0xcf,0x7b,0xcf,0x7b,0xcf,0x7b,0xcf,0x7b,
  0xcf,0x7b,0xcf,0x7b,0xcf,0x7b,0xcf,0x7b,0xcf,0x7b,0xcf,0x7b,0xcf,0x7b,0xcf,0x7b,
  0xcf,0x7b,0xcf,0x7b,0xcf,0x7b,0xcf,0x7b,0xcf,0x7b,0xcf,0x7b,0xcf,0x7b,0xcf,0x7b,
  0xcf,0x7b,0xaf,0x7b,0xef,0x7b,0x8e,0x73,0x86,0x31,0x04,0x21,0x24,0x21,0x24,0x21,
  0x24,0x21,0x24,0x21,0x24,0x21,0x24,0x21,0x24,0x21,0x24,0x21,0x45,0x29,0x65,0x29,
  0x86,0x31,0xc7,0x39,0x86,0x31,0x65,0x29,0x4d,0x6b,0xf0,0x7b,0xaf,0x7b,0xcf,0x7b,
  0xcf,0x7b,0xcf,0x7b,0xcf,0x7b,0xcf,0x7b,0xcf,0x7b,0xcf,0x7b,0xcf,0x7b,0xcf,0x7b,
  0xcf,0x7b,0xcf,0x7b,0xcf,0x7b,0xcf,0x7b,0xcf,0x7b,0xcf,0x7b,0xcf,0x7b,0xcf,0x7b,
  0xcf,0x7b,0xcf,0x7b,0xcf,0x7b,0xcf,0x7b,0xcf,0x7b,0xcf,0x7b,0xcf,0x7b,0xcf,0x7b,
  0xcf,0x7b,0xcf,0x7b,0xcf,0x7b,0xcf,0x7b,0xcf,0x7b,0xcf,0x7b,0xaf,0x73,0xae,0x73,
  0xcf,0x7b,0xef,0x7b,0x10,0x84,0x4d,0x6b,0x65,0x29,0x04,0x21,0x45,0x29,0xcb,0x5a,
  0xcf,0x7b,0xcf,0x7b,0xef,0x7b,0xcf,0x7b,0xae,0x73,0xaf,0x73,0xaf,0x7b,0xae,0x73,
  0xae,0x73,0xae,0x73,0xae,0x73,0xae,0x73,0xae,0x73,0xae,0x73,0xae,0x73,0xae,0x73,
  0xae,0x73,0xae,0x73,0xae,0x73,0xae,0x73,0xae,0x73,0xae,0x73,0xae,0x73,0xae,0x73,
  0xae,0x73,0xae,0x73,0xae,0x73,0xae,0x73,0xae,0x73,0xae,0x73,0xae,0x73,0xae,0x73,
  0xae,0x73,0xae,0x73,0xae,0x73,0xae,0x73,0xef,0x7b,0x69,0x4a,0x04,0x21,0x45,0x29,
  0x45,0x29,0x45,0x29,0x45,0x29,0x45,0x29,0x45,0x29,0x45,0x29,0x45,0x29,0x45,0x29,
  0x24,0x21,0x04,0x21,0xe3,0x18,0xe3,0x18,0xc3,0x18,0xc3,0x18,0xc3,0x18,0xc3,0x18,
  0xa2,0x10,0xe3,0x18,0xcb,0x5a,0xef,0x7b,0xae,0x73,0xae,0x73,0xae,0x73,0xae,0x73,
  0xae,0x73,0xae,0x73,0xae,0x73,0xae,0x73,0xae,0x73,0xae,0x73,0xae,0x73,0xae,0x73,
  0xae,0x73,0xae,0x73,0xae,0x73,0xae,0x73,0xae,0x73,0xae,0x73,0xae,0x73,0xae,0x73,
  0xae,0x73,0xae,0x73,0xae,0x73,0xae,0x73,0xae,0x73,0xae,0x73,0xae,0x73,0xae,0x73,
  0xae,0x73,0xae,0x73,0xae,0x73,0xae,0x73,0xae,0x73,0xae,0x73,0xae,0x73,0xae,0x73,
  0xcf,0x7b,0xcf,0x7b,0xcf,0x7b,0xcf,0x7b,0xcf,0x7b,0xcf,0x7b,0xcf,0x7b,0xcf,0x7b,
  0xcf,0x7b,0xcf,0x7b,0xcf,0x7b,0xcf,0x7b,0xcf,0x7b,0xcf,0x7b,0xcf,0x7b,0xcf,0x7b,
  0xcf,0x7b,0xcf,0x7b,0xcf,0x7b,0xcf,0x7b,0xcf,0x7b,0xcf,0x7b,0xcf,0x7b,0xcf,0x7b,
  0xcf,0x7b,0xcf,0x7b,0xcf,0x7b,0xcf,0x7b,0xcf,0x7b,0xcf,0x7b,0xcf,0x7b,0xcf,0x7b,
  0xcf,0x7b,0xcf,0x7b,0xcf,0x7b,0xcf,0x7b,0xcf,0x7b,0xcf,0x7b,0xcf,0x7b,0xcf,0x7b,
  0xcf,0x7b,0xcf,0x7b,0xaf,0x7b,0xcf,0x7b,0xaf,0x73,0xc7,0x39,0x04,0x19,0x25,0x21,
  0x24,0x21,0x24,0x21,0x24,0x21,0x24,0x21,0x24,0x21,0x24,0x21,0x24,0x21,0x45,0x29,
  0x65,0x29,0x86,0x31,0xc7,0x39,0xa6,0x31,0x65,0x29,0x2c,0x63,0xf0,0x83,0xaf,0x7b,
  0xcf,0x7b,0xcf,0x7b,0xcf,0x7b,0xcf,0x7b,0xcf,0x7b,0xcf,0x7b,0xcf,0x7b,0xcf,0x7b,
  0xcf,0x7b,0xcf,0x7b,0xcf,0x7b,0xcf,0x7b,0xcf,0x7b,0xcf,0x7b,0xcf,0x7b,0xcf,0x7b,
  0xcf,0x7b,0xcf,0x7b,0xcf,0x7b,0xcf,0x7b,0xcf,0x7b,0xcf,0x7b,0xcf,0x7b,0xcf,0x7b,
  0xcf,0x7b,0xcf,0x7b,0xcf,0x7b,0xcf,0x7b,0xcf,0x7b,0xcf,0x7b,0xcf,0x7b,0xaf,0x7b,
  0xaf,0x73,0xae,0x73,0xcf,0x7b,0x4d,0x6b,0x66,0x29,0x04,0x21,0x45,0x29,0xec,0x62,
  0xcf,0x7b,0xae,0x73,0xae,0x73,0xaf,0x73,0xaf,0x7b,0xaf,0x7b,0xaf,0x7b,0xce,0x7b,
  0xce,0x7b,0xce,0x7b,0xce,0x7b,0xae,0x73,0xae,0x73,0xae,0x73,0xae,0x73,0xae,0x73,
  0xae,0x73,0xae,0x73,0xae,0x73,0xae,0x73,0xae,0x73,0xae,0x73,0xae,0x73,0xae,0x73,
  0xae,0x73,0xae,0x73,0xae,0x73,0xae,0x73,0xae,0x73,0xae,0x73,0xae,0x73,0xae,0x73,
  0xae,0x73,0xae,0x73,0xcf,0x7b,0xcf,0x7b,0x08,0x42,0x04,0x21,0x65,0x29,0x45,0x29,
  0x45,0x29,0x45,0x29,0x45,0x29,0x45,0x29,0x45,0x29,0x45,0x29,0x45,0x21,0x04,0x21,
  0x04,0x19,0xe3,0x18,0xe3,0x18,0xc3,0x18,0xc3,0x18,0xc3,0x18,0xc3,0x18,0xa2,0x10,
  0x24,0x21,0x2c,0x63,0xef,0x7b,0xae,0x73,0xae,0x73,0xae,0x73,0xae,0x73,0xae,0x73,
  0xae,0x73,0xae,0x73,0xae,0x73,0xae,0x73,0xae,0x73,0xae,0x73,0xae,0x73,0xae,0x73,
  0xae,0x73,0xae,0x73,0xae,0x73,0xae,0x73,0xae,0x73,0xae,0x73,0xae,0x73,0xae,0x73,
  0xae,0x73,0xae,0x73,0xae,0x73,0xae,0x73,0xae,0x73,0xae,0x73,0xae,0x73,0xae,0x73,
  0xae,0x73,0xae,0x73,0xae,0x73,0xae,0x73,0xae,0x73,0xae,0x73,0xae,0x73,0xae,0x73,
  0xcf,0x7b,0xcf,0x7b,0xcf,0x7b,0xcf,0x7b,0xcf,0x7b,0xcf,0x7b,0xcf,0x7b,0xcf,0x7b,
  0xcf,0x7b,0xcf,0x7b,0xcf,0x7b,0xcf,0x7b,0xcf,0x7b,0xcf,0x7b,0xcf,0x7b,0xcf,0x7b,
  0xcf,0x7b,0xcf,0x7b,0xcf,0x7b,0xcf,0x7b,0xcf,0x7b,0xcf,0x7b,0xcf,0x7b,0xcf,0x7b,
  0xcf,0x7b,0xcf,0x7b,0xcf,0x7b,0xcf,0x7b,0xcf,0x7b,0xcf,0x7b,0xcf,0x7b,0xcf,0x7b,
  0xcf,0x7b,0xcf,0x7b,0xcf,0x7b,0xcf,0x7b,0xcf,0x7b,0xcf,0x7b,0xcf,0x7b,0xcf,0x7b,
  0xcf,0x7b,0xcf,0x7b,0xcf,0x7b,0xcf,0x7b,0xcf,0x7b,0xcf,0x7b,0x28,0x42,0x04,0x21,
  0x24,0x21,0x24,0x21,0x24,0x21,0x24,0x21,0x24,0x21,0x24,0x21,0x24,0x21,0x24,0x21,
  0x45,0x21,0x65,0x29,0x86,0x31,0xc7,0x31,0xa7,0x31,0x45,0x29,0xeb,0x5a,0x10,0x84,
  0xaf,0x7b,0xcf,0x7b,0xcf,0x7b,0xcf,0x7b,0xcf,0x7b,0xcf,0x7b,0xcf,0x7b,0xcf,0x7b,
  0xcf,0x7b,0xcf,0x7b,0xcf,0x7b,0xcf,0x7b,0xcf,0x7b,0xcf,0x7b,0xcf,0x7b,0xcf,0x7b,
  0xcf,0x7b,0xcf,0x7b,0xcf,0x7b,0xcf,0x7b,0xcf,0x7b,0xcf,0x7b,0xcf,0x7b,0xcf,0x7b,
  0xcf,0x7b,0xcf,0x7b,0xcf,0x7b,0xcf,0x7b,0xcf,0x7b,0xcf,0x7b,0xcf,0x7b,0xcf,0x7b,
  0xcf,0x7b,0xaf,0x7b,0xcf,0x7b,0x2d,0x63,0x65,0x29,0x04,0x21,0x65,0x29,0x0c,0x63,
  0xef,0x7b,0xae,0x73,0xaf,0x7b,0xaf,0x7b,0xaf,0x7b,0xcf,0x7b,0xcf,0x7b,0xcf,0x7b,
  0xcf,0x7b,0xcf,0x7b,0xcf,0x7b,0xce,0x7b,0xce,0x7b,0xce,0x7b,0xce,0x7b,0xae,0x73,
  0xae,0x73,0xae,0x73,0xae,0x73,0xae,0x73,0xaf,0x73,0xaf,0x73,0xaf,0x73,0xae,0x73,
  0xae,0x73,0xae,0x73,0xae,0x73,0xae,0x73,0xae,0x73,0xae,0x73,0xae,0x73,0xae,0x73,
  0xae,0x73,0xcf,0x7b,0xae,0x73,0xc7,0x39,0x04,0x21,0x65,0x29,0x45,0x29,0x45,0x29,
  0x45,0x29,0x45,0x29,0x45,0x29,0x45,0x29,0x45,0x29,0x24,0x21,0x04,0x21,0x04,0x19,
  0xe3,0x18,0xe3,0x18,0xc3,0x18,0xc3,0x18,0xc3,0x18,0xc3,0x18,0xa2,0x10,0x86,0x31,
  0x8e,0x73,0xef,0x7b,0xae,0x73,0xae,0x73,0xae,0x73,0xae,0x73,0xae,0x73,0xae,0x73,
  0xae,0x73,0xae,0x73,0xae,0x73,0xae,0x73,0xae,0x73,0xae,0x73,0xae,0x73,0xae,0x73,
  0xae,0x73,0xae,0x73,0xae,0x73,0xae,0x73,0xae,0x73,0xae,0x73,0xae,0x73,0xae,0x73,
  0xae,0x73,0xae,0x73,0xae,0x73,0xae,0x73,0xae,0x73,0xae,0x73,0xae,0x73,0xae,0x73,
  0xae,0x73,0xae,0x73,0xae,0x73,0xae,0x73,0xae,0x73,0xae,0x73,0xae,0x73,0xae,0x73,
  0xcf,0x7b,0xcf,0x7b,0xcf,0x7b,0xcf,0x7b,0xcf,0x7b,0xcf,0x7b,0xcf,0x7b,0xcf,0x7b,
  0xcf,0x7b,0xcf,0x7b,0xcf,0x7b,0xcf,0x7b,0xcf,0x7b,0xcf,0x7b,0xcf,0x7b,0xcf,0x7b,
  0xcf,0x7b,0xcf,0x7b,0xcf,0x7b,0xcf,0x7b,0xcf,0x7b,0xcf,0x7b,0xcf,0x7b,0xcf,0x7b,
  0xcf,0x7b,0xcf,0x7b,0xcf,0x7b,0xcf,0x7b,0xcf,0x7b,0xcf,0x7b,0xcf,0x7b,0xcf,0x7b,
  0xcf,0x7b,0xcf,0x7b,0xcf,0x7b,0xcf,0x7b,0xcf,0x7b,0xcf,0x7b,0xcf,0x7b,0xcf,0x7b,
  0xcf,0x7b,0xcf,0x7b,0xcf,0x7b,0xcf,0x7b,0xcf,0x7b,0xcf,0x7b,0xef,0x7b,0x8a,0x52,
  0x04,0x21,0x24,0x21,0x24,0x21,0x24,0x21,0x24,0x21,0x24,0x21,0x24,0x21,0x24,0x21,
  0x24,0x21,0x45,0x21,0x65,0x29,0x86,0x31,0xc7,0x31,0xc7,0x39,0x45,0x29,0xaa,0x52,
  0x10,0x84,0xcf,0x7b,0xcf,0x7b,0xcf,0x7b,0xcf,0x7b,0xcf,0x7b,0xcf,0x7b,0xcf,0x7b,
  0xcf,0x7b,0xcf,0x7b,0xcf,0x7b,0xcf,0x7b,0xcf,0x7b,0xcf,0x7b,0xcf,0x7b,0xcf,0x7b,
  0xcf,0x7b,0xcf,0x7b,0xcf,0x7b,0xcf,0x7b,0xcf,0x7b,0xcf,0x7b,0xcf,0x7b,0xcf,0x7b,
  0xcf,0x7b,0xcf,0x7b,0xcf,0x7b,0xcf,0x7b,0xcf,0x7b,0xcf,0x7b,0xcf,0x7b,0xcf,0x7b,
  0xcf,0x7b,0xcf,0x7b,0xef,0x7b,0x2c,0x63,0x66,0x29,0x24,0x21,0x66,0x29,0x0c,0x63,
  0xef,0x7b,0xae,0x7b,0xcf,0x7b,0xcf,0x7b,0xcf,0x7b,0xcf,0x7b,0xcf,0x7b,0xcf,0x7b,
  0xcf,0x7b,0xcf,0x7b,0xcf,0x7b,0xcf,0x7b,0xcf,0x7b,0xcf,0x7b,0xcf,0x7b,0xce,0x7b,
  0xce,0x7b,0xce,0x7b,0xce,0x7b,0xaf,0x73,0xaf,0x73,0xaf,0x7b,0xaf,0x7b,0xae,0x73,
  0xae,0x73,0xae,0x73,0xae,0x73,0xae,0x73,0xae,0x73,0xae,0x73,0xae,0x7b,0xae,0x73,
  0xcf,0x7b,0x8e,0x73,0xa6,0x31,0x04,0x21,0x65,0x29,0x45,0x29,0x45,0x29,0x45,0x29,
  0x45,0x29,0x45,0x29,0x45,0x29,0x45,0x29,0x24,0x21,0x04,0x21,0xe3,0x18,0xe3,0x18,
  0xc3,0x18,0xc3,0x18,0xc3,0x18,0xc3,0x18,0xc3,0x18,0xa2,0x10,0xe7,0x39,0xcf,0x7b,
  0xcf,0x7b,0xae,0x73,0xae,0x73,0xae,0x73,0xae,0x73,0xae,0x73,0xae,0x73,0xae,0x73,
  0xae,0x73,0xae,0x73,0xae,0x73,0xae,0x73,0xae,0x73,0xae,0x73,0xae,0x73,0xae,0x73,
  0xae,0x73,0xae,0x73,0xae,0x73,0xae,0x73,0xae,0x73,0xae,0x73,0xae,0x73,0xae,0x73,
  0xae,0x73,0xae,0x73,0xae,0x73,0xae,0x73,0xae,0x73,0xae,0x73,0xae,0x73,0xae,0x73,
  0xae,0x73,0xae,0x73,0xae,0x73,0xae,0x73,0xae,0x73,0xae,0x73,0xae,0x73,0xae,0x73,
  0xcf,0x7b,0xcf,0x7b,0xcf,0x7b,0xcf,0x7b,0xcf,0x7b,0xcf,0x7b,0xcf,0x7b,0xcf,0x7b,
  0xcf,0x7b,0xcf,0x7b,0xcf,0x7b,0xcf,0x7b,0xcf,0x7b,0xcf,0x7b,0xcf,0x7b,0xcf,0x7b,
  0xcf,0x7b,0xcf,0x7b,0xcf,0x7b,0xcf,0x7b,0xcf,0x7b,0xcf,0x7b,0xcf,0x7b,0xcf,0x7b,
  0xcf,0x7b,0xcf,0x7b,0xcf,0x7b,0xcf,0x7b,0xcf,0x7b,0xcf,0x7b,0xcf,0x7b,0xcf,0x7b,
  0xcf,0x7b,0xcf,0x7b,0xcf,0x7b,0xcf,0x7b,0xcf,0x7b,0xcf,0x7b,0xcf,0x7b,0xcf,0x7b,
  0xcf,0x7b,0xcf,0x7b,0xcf,0x7b,0xcf,0x7b,0xcf,0x7b,0xcf,0x7b,0xcf,0x7b,0xf0,0x83,
  0xcb,0x5a,0x24,0x21,0x24,0x21,0x25,0x21,0x24,0x21,0x24,0x21,0x24,0x21,0x24,0x21,
  0x24,0x21,0x24,0x21,0x25,0x21,0x65,0x29,0x86,0x31,0xa6,0x31,0xc7,0x39,0x45,0x29,
  0x8a,0x52,0x10,0x7c,0xcf,0x7b,0xcf,0x7b,0xcf,0x7b,0xcf,0x7b,0xcf,0x7b,0xcf,0x7b,
  0xcf,0x7b,0xcf,0x7b,0xcf,0x7b,0xcf,0x7b,0xcf,0x7b,0xcf,0x7b,0xcf,0x7b,0xcf,0x7b,
  0xcf,0x7b,0xcf,0x7b,0xcf,0x7b,0xcf,0x7b,0xcf,0x7b,0xcf,0x7b,0xcf,0x7b,0xcf,0x7b,
  0xcf,0x7b,0xcf,0x7b,0xcf,0x7b,0xcf,0x7b,0xcf,0x7b,0xcf,0x7b,0xcf,0x7b,0xcf,0x7b,
  0xcf,0x7b,0xcf,0x7b,0xef,0x7b,0x2c,0x63,0x86,0x31,0x24,0x21,0x86,0x31,0x0c,0x63,
  0xef,0x7b,0xcf,0x7b,0xcf,0x7b,0xcf,0x7b,0xcf,0x7b,0xcf,0x7b,0xcf,0x7b,0xcf,0x7b,
  0xcf,0x7b,0xcf,0x7b,0xcf,0x7b,0xcf,0x7b,0xcf,0x7b,0xcf,0x7b,0xcf,0x7b,0xcf,0x7b,
  0xcf,0x7b,0xce,0x7b,0xce,0x7b,0xaf,0x7b,0xaf,0x7b,0xaf,0x73,0xaf,0x73,0xaf,0x73,
  0xaf,0x73,0xaf,0x73,0xaf,0x73,0xaf,0x73,0xaf,0x73,0xaf,0x73,0xae,0x73,0xef,0x7b,
  0x6d,0x6b,0x65,0x29,0x24,0x21,0x65,0x29,0x45,0x29,0x45,0x29,0x45,0x29,0x45,0x29,
  0x45,0x29,0x45,0x29,0x45,0x29,0x24,0x21,0x04,0x21,0xe3,0x18,0xc3,0x18,0xc3,0x18,
  0xc3,0x18,0xc3,0x18,0xc3,0x18,0xc3,0x18,0xc2,0x10,0x69,0x4a,0xef,0x7b,0xae,0x73,
  0xae,0x73,0xae,0x73,0xae,0x73,0xae,0x73,0xae,0x73,0xae,0x73,0xae,0x73,0xae,0x73,
  0xae,0x73,0xae,0x73,0xae,0x73,0xae,0x73,0xae,0x73,0xae,0x73,0xae,0x73,0xae,0x73,
  0xae,0x73,0xae,0x73,0xae,0x73,0xae,0x73,0xae,0x73,0xae,0x73,0xae,0x73,0xae,0x73,
  0xae,0x73,0xae,0x73,0xae,0x73,0xae,0x73,0xae,0x73,0xae,0x73,0xae,0x73,0xae,0x73,
  0xae,0x73,0xae,0x73,0xae,0x73,0xae,0x73,0xae,0x73,0xae,0x73,0xae,0x73,0xae,0x73,
  0xcf,0x7b,0xcf,0x7b,0xcf,0x7b,0xcf,0x7b,0xcf,0x7b,0xcf,0x7b,0xcf,0x7b,0xcf,0x7b,
  0xcf,0x7b,0xcf,0x7b,0xcf,0x7b,0xcf,0x7b,0xcf,0x7b,0xcf,0x7b,0xcf,0x7b,0xcf,0x7b,
  0xcf,0x7b,0xcf,0x7b,0xcf,0x7b,0xcf,0x7b,0xcf,0x7b,0xcf,0x7b,0xcf,0x7b,0xcf,0x7b,
  0xcf,0x7b,0xcf,0x7b,0xcf,0x7b,0xcf,0x7b,0xcf,0x7b,0xcf,0x7b,0xcf,0x7b,0xcf,0x7b,
  0xcf,0x7b,0xcf,0x7b,0xcf,0x7b,0xcf,0x7b,0xcf,0x7b,0xcf,0x7b,0xcf,0x7b,0xcf,0x7b,
  0xcf,0x7b,0xcf,0x7b,0xcf,0x7b,0xcf,0x7b,0xcf,0x7b,0xcf,0x7b,0xcf,0x7b,0xaf,0x7b,
  0xf0,0x83,0x2c,0x63,0x45,0x29,0x24,0x21,0x45,0x29,0x24,0x21,0x24,0x21,0x24,0x21,
  0x24,0x21,0x24,0x21,0x24,0x21,0x45,0x21,0x65,0x29,0x86,0x31,0xa6,0x31,0xc7,0x39,
  0x65,0x29,0x49,0x4a,0xef,0x7b,0xcf,0x7b,0xcf,0x7b,0xcf,0x7b,0xcf,0x7b,0xcf,0x7b,
  0xcf,0x7b,0xcf,0x7b,0xcf,0x7b,0xcf,0x7b,0xcf,0x7b,0xcf,0x7b,0xcf,0x7b,0xcf,0x7b,
  0xcf,0x7b,0xcf,0x7b,0xcf,0x7b,0xcf,0x7b,0xcf,0x7b,0xcf,0x7b,0xcf,0x7b,0xcf,0x7b,
  0xcf,0x7b,0xcf,0x7b,0xcf,0x7b,0xcf,0x7b,0xcf,0x7b,0xcf,0x7b,0xcf,0x7b,0xcf,0x7b,
  0xcf,0x7b,0xcf,0x7b,0xef,0x7b,0x4d,0x6b,0x86,0x31,0x24,0x21,0x86,0x31,0x0c,0x63,
  0xef,0x7b,0xcf,0x7b,0xcf,0x7b,0xcf,0x7b,0xcf,0x7b,0xcf,0x7b,0xcf,0x7b,0xcf,0x7b,
  0xcf,0x7b,0xcf,0x7b,0xcf,0x7b,0xcf,0x7b,0xcf,0x7b,0xcf,0x7b,0xcf,0x7b,0xcf,0x7b,
  0xcf,0x7b,0xcf,0x7b,0xcf,0x7b,0xcf,0x7b,0xcf,0x7b,0xaf,0x7b,0xaf,0x73,0xaf,0x73,
  0xaf,0x73,0xaf,0x73,0xaf,0x73,0xaf,0x73,0xaf,0x73,0xae,0x73,0xef,0x7b,0x2c,0x63,
  0x45,0x21,0x24,0x21,0x65,0x29,0x45,0x29,0x45,0x29,0x45,0x29,0x45,0x29,0x45,0x29,
  0x45,0x29,0x45,0x21,0x04,0x21,0x04,0x19,0xe3,0x18,0xc3,0x18,0xc3,0x18,0xc3,0x18,
  0xc3,0x18,0xc3,0x18,0xa2,0x10,0xe3,0x18,0xcb,0x5a,0xef,0x7b,0xae,0x73,0xae,0x73,
  0xae,0x73,0xae,0x73,0xae,0x73,0xae,0x73,0xae,0x73,0xae,0x73,0xae,0x73,0xae,0x73,
  0xae,0x73,0xae,0x73,0xae,0x73,0xae,0x73,0xae,0x73,0xae,0x73,0xae,0x73,0xae,0x73,
  0xae,0x73,0xae,0x73,0xae,0x73,0xae,0x73,0xae,0x73,0xae,0x73,0xae,0x73,0xae,0x73,
  0xae,0x73,0xae,0x73,0xae,0x73,0xae,0x73,0xae,0x73,0xae,0x73,0xae,0x73,0xae,0x73,
  0xae,0x73,0xae,0x73,0xae,0x73,0xae,0x73,0xae,0x73,0xae,0x73,0xae,0x73,0xae,0x73,
  0xcf,0x7b,0xcf,0x7b,0xcf,0x7b,0xcf,0x7b,0xcf,0x7b,0xcf,0x7b,0xcf,0x7b,0xcf,0x7b,
  0xcf,0x7b,0xcf,0x7b,0xcf,0x7b,0xcf,0x7b,0xcf,0x7b,0xcf,0x7b,0xcf,0x7b,0xcf,0x7b,
  0xcf,0x7b,0xcf,0x7b,0xcf,0x7b,0xcf,0x7b,0xcf,0x7b,0xcf,0x7b,0xcf,0x7b,0xcf,0x7b,
  0xcf,0x7b,0xcf,0x7b,0xcf,0x7b,0xcf,0x7b,0xcf,0x7b,0xcf,0x7b,0xcf,0x7b,0xcf,0x7b,
  0xcf,0x7b,0xcf,0x7b,0xcf,0x7b,0xcf,0x7b,0xcf,0x7b,0xcf,0x7b,0xcf,0x7b,0xcf,0x7b,
  0xcf,0x7b,0xcf,0x7b,0xcf,0x7b,0xcf,0x7b,0xcf,0x7b,0xcf,0x7b,0xcf,0x7b,0xcf,0x7b,
  0xaf,0x7b,0xef,0x7b,0x6d,0x6b,0x86,0x31,0x04,0x21,0x45,0x21,0x24,0x21,0x24,0x21,
  0x24,0x21,0x24,0x21,0x24,0x21,0x24,0x21,0x25,0x21,0x65,0x29,0x86,0x31,0xa6,0x31,
  0xc7,0x39,0x65,0x29,0x08,0x42,0xef,0x7b,0xcf,0x7b,0xcf,0x7b,0xcf,0x7b,0xcf,0x7b,
  0xcf,0x7b,0xcf,0x7b,0xcf,0x7b,0xcf,0x7b,0xcf,0x7b,0xcf,0x7b,0xcf,0x7b,0xcf,0x7b,
  0xcf,0x7b,0xcf,0x7b,0xcf,0x7b,0xcf,0x7b,0xcf,0x7b,0xcf,0x7b,0xcf,0x7b,0xcf,0x7b,
  0xcf,0x7b,0xcf,0x7b,0xcf,0x7b,0xcf,0x7b,0xcf,0x7b,0xcf,0x7b,0xcf,0x7b,0xcf,0x7b,
  0xcf,0x7b,0xcf,0x7b,0xef,0x7b,0x4d,0x6b,0xa6,0x31,0x24,0x21,0xa6,0x31,0x0c,0x63,
  0xf0,0x7b,0xcf,0x7b,0xcf,0x7b,0xcf,0x7b,0xcf,0x7b,0xcf,0x7b,0xcf,0x7b,0xcf,0x7b,
  0xcf,0x7b,0xcf,0x7b,0xcf,0x7b,0xcf,0x7b,0xcf,0x7b,0xcf,0x7b,0xcf,0x7b,0xcf,0x7b,
  0xcf,0x7b,0xcf,0x7b,0xcf,0x7b,0xcf,0x7b,0xaf,0x7b,0xaf,0x73,0xaf,0x73,0xaf,0x73,
  0xaf,0x73,0xaf,0x7b,0xaf,0x7b,0xae,0x73,0xae,0x73,0xf0,0x7b,0xec,0x5a,0x24,0x21,
  0x45,0x29,0x65,0x29,0x45,0x29,0x45,0x29,0x45,0x29,0x45,0x29,0x45,0x29,0x45,0x29,
  0x45,0x21,0x04,0x21,0x04,0x21,0xe3,0x18,0xc3,0x18,0xc3,0x18,0xc3,0x18,0xc3,0x18,
  0xc3,0x18,0xa2,0x10,0x24,0x21,0x4d,0x63,0xef,0x7b,0xae,0x73,0xae,0x73,0xae,0x73,
  0xae,0x73,0xae,0x73,0xae,0x73,0xae,0x73,0xae,0x73,0xae,0x73,0xae,0x73,0xae,0x73,
  0xae,0x73,0xae,0x73,0xae,0x73,0xae,0x73,0xae,0x73,0xae,0x73,0xae,0x73,0xae,0x73,
  0xae,0x73,0xae,0x73,0xae,0x73,0xae,0x73,0xae,0x73,0xae,0x73,0xae,0x73,0xae,0x73,
  0xae,0x73,0xae,0x73,0xae,0x73,0xae,0x73,0xae,0x73,0xae,0x73,0xae,0x73,0xae,0x73,
  0xae,0x73,0xae,0x73,0xae,0x73,0xae,0x73,0xae,0x73,0xae,0x73,0xae,0x73,0xae,0x73,
  0xcf,0x7b,0xcf,0x7b,0xcf,0x7b,0xcf,0x7b,0xcf,0x7b,0xcf,0x7b,0xcf,0x7b,0xcf,0x7b,
  0xcf,0x7b,0xcf,0x7b,0xcf,0x7b,0xcf,0x7b,0xcf,0x7b,0xcf,0x7b,0xcf,0x7b,0xcf,0x7b,
  0xcf,0x7b,0xcf,0x7b,0xcf,0x7b,0xcf,0x7b,0xcf,0x7b,0xcf,0x7b,0xcf,0x7b,0xcf,0x7b,
  0xcf,0x7b,0xcf,0x7b,0xcf,0x7b,0xcf,0x7b,0xcf,0x7b,0xcf,0x7b,0xcf,0x7b,0xcf,0x7b,
  0xcf,0x7b,0xcf,0x7b,0xcf,0x7b,0xcf,0x7b,0xcf,0x7b,0xcf,0x7b,0xcf,0x7b,0xcf,0x7b,
  0xcf,0x7b,0xcf,0x7b,0xcf,0x7b,0xcf,0x7b,0xcf,0x7b,0xcf,0x7b,0xcf,0x7b,0xcf,0x7b,
  0xcf,0x7b,0xaf,0x73,0xef,0x7b,0x8e,0x73,0xc7,0x39,0x04,0x21,0x45,0x29,0x25,0x21,
  0x24,0x21,0x24,0x21,0x24,0x21,0x24,0x21,0x24,0x21,0x45,0x21,0x45,0x29,0x86,0x31,
  0xa6,0x31,0xc7,0x39,0x65,0x29,0xe7,0x39,0xcf,0x7b,0xcf,0x7b,0xcf,0x7b,0xcf,0x7b,
  0xcf,0x7b,0xcf,0x7b,0xcf,0x7b,0xcf,0x7b,0xcf,0x7b,0xcf,0x7b,0xcf,0x7b,0xcf,0x7b,
  0xcf,0x7b,0xcf,0x7b,0xcf,0x7b,0xcf,0x7b,0xcf,0x7b,0xcf,0x7b,0xcf,0x7b,0xcf,0x7b,
  0xcf,0x7b,0xcf,0x7b,0xcf,0x7b,0xcf,0x7b,0xcf,0x7b,0xcf,0x7b,0xcf,0x7b,0xcf,0x7b,
  0xef,0x7b,0xcf,0x7b,0xf0,0x83,0x4d,0x63,0xa6,0x31,0x45,0x29,0xa6,0x31,0x2c,0x63,
  0xef,0x83,0xcf,0x7b,0xcf,0x7b,0xcf,0x7b,0xcf,0x7b,0xcf,0x7b,0xcf,0x7b,0xcf,0x7b,
  0xcf,0x7b,0xcf,0x7b,0xcf,0x7b,0xcf,0x7b,0xcf,0x7b,0xcf,0x7b,0xcf,0x7b,0xcf,0x7b,
  0xcf,0x7b,0xcf,0x7b,0xcf,0x7b,0xcf,0x7b,0xaf,0x7b,0xaf,0x73,0xaf,0x73,0xaf,0x73,
  0xaf,0x73,0xaf,0x7b,0xae,0x73,0xae,0x73,0xef,0x7b,0xaa,0x52,0x04,0x21,0x45,0x29,
  0x65,0x29,0x65,0x29,0x65,0x29,0x45,0x29,0x45,0x29,0x45,0x29,0x45,0x29,0x24,0x21,
  0x04,0x21,0xe4,0x18,0xe3,0x18,0xc3,0x18,0xc3,0x18,0xc3,0x10,0xc3,0x10,0xc3,0x18,
  0x82,0x10,0x86,0x31,0x8e,0x73,0xcf,0x7b,0xae,0x73,0xae,0x73,0xae,0x73,0xae,0x73,
  0xae,0x73,0xae,0x73,0xae,0x73,0xae,0x73,0xae,0x73,0xae,0x73,0xae,0x73,0xae,0x73,
  0xae,0x73,0xae,0x73,0xae,0x73,0xae,0x73,0xae,0x73,0xae,0x73,0xae,0x73,0xae,0x73,
  0xae,0x73,0xae,0x73,0xae,0x73,0xae,0x73,0xae,0x73,0xae,0x73,0xae,0x73,0xae,0x73,
  0xae,0x73,0xae,0x73,0xae,0x73,0xae,0x73,0xae,0x73,0xae,0x73,0xae,0x73,0xae,0x73,
  0xae,0x73,0xae,0x73,0xae,0x73,0xae,0x73,0xae,0x73,0xae,0x73,0xae,0x73,0xae,0x73,
  0xcf,0x7b,0xcf,0x7b,0xcf,0x7b,0xcf,0x7b,0xcf,0x7b,0xcf,0x7b,0xcf,0x7b,0xcf,0x7b,
  0xcf,0x7b,0xcf,0x7b,0xcf,0x7b,0xcf,0x7b,0xcf,0x7b,0xcf,0x7b,0xcf,0x7b,0xcf,0x7b,
  0xcf,0x7b,0xcf,0x7b,0xcf,0x7b,0xcf,0x7b,0xcf,0x7b,0xcf,0x7b,0xcf,0x7b,0xcf,0x7b,
  0xcf,0x7b,0xcf,0x7b,0xcf,0x7b,0xcf,0x7b,0xcf,0x7b,0xcf,0x7b,0xcf,0x7b,0xcf,0x7b,
  0xcf,0x7b,0xcf,0x7b,0xcf,0x7b,0xcf,0x7b,0xcf,0x7b,0xcf,0x7b,0xcf,0x7b,0xcf,0x7b,
  0xcf,0x7b,0xcf,0x7b,0xcf,0x7b,0xcf,0x7b,0xcf,0x7b,0xcf,0x7b,0xcf,0x7b,0xcf,0x7b,
  0xcf,0x7b,0xcf,0x7b,0xcf,0x7b,0xef,0x7b,0xcf,0x7b,0x08,0x42,0x04,0x21,0x45,0x29,
  0x25,0x21,0x24,0x21,0x24,0x21,0x24,0x21,0x24,0x21,0x24,0x21,0x25,0x21,0x45,0x29,
  0x86,0x31,0xa6,0x31,0xc7,0x39,0x86,0x31,0xa7,0x31,0xae,0x73,0xef,0x7b,0xcf,0x73,
  0xcf,0x7b,0xcf,0x7b,0xcf,0x7b,0xcf,0x7b,0xcf,0x7b,0xcf,0x7b,0xcf,0x7b,0xcf,0x7b,
  0xcf,0x7b,0xcf,0x7b,0xcf,0x7b,0xcf,0x7b,0xcf,0x7b,0xcf,0x7b,0xcf,0x7b,0xcf,0x7b,
  0xcf,0x7b,0xef,0x7b,0xef,0x7b,0xef,0x7b,0xef,0x7b,0xef,0x7b,0xef,0x7b,0xef,0x7b,
  0xef,0x7b,0xcf,0x7b,0x10,0x84,0x4d,0x63,0xa6,0x31,0x45,0x29,0xa6,0x31,0x4c,0x6b,
  0xef,0x83,0xcf,0x7b,0xef,0x7b,0xef,0x7b,0xef,0x7b,0xef,0x7b,0xef,0x7b,0xef,0x7b,
  0xcf,0x7b,0xcf,0x7b,0xcf,0x7b,0xcf,0x7b,0xcf,0x7b,0xcf,0x7b,0xcf,0x7b,0xcf,0x7b,
  0xcf,0x7b,0xcf,0x7b,0xcf,0x7b,0xcf,0x7b,0xcf,0x7b,0xaf,0x7b,0xaf,0x7b,0xaf,0x7b,
  0xaf,0x7b,0xaf,0x73,0xaf,0x73,0xef,0x7b,0x69,0x4a,0x04,0x21,0x65,0x29,0x65,0x29,
  0x45,0x29,0x65,0x29,0x45,0x29,0x45,0x29,0x45,0x29,0x45,0x29,0x24,0x21,0x04,0x21,
  0xe3,0x18,0xe3,0x18,0xc3,0x18,0xc3,0x18,0xc3,0x18,0xc3,0x18,0xc3,0x18,0x82,0x10,
  0xe7,0x39,0xcf,0x7b,0xcf,0x7b,0xae,0x73,0xae,0x73,0xae,0x73,0xae,0x73,0xae,0x73,
  0xae,0x73,0xae,0x73,0xae,0x73,0xae,0x73,0xae,0x73,0xae,0x73,0xae,0x73,0xae,0x73,
  0xae,0x73,0xae,0x73,0xae,0x73,0xae,0x73,0xae,0x73,0xae,0x73,0xae,0x73,0xae,0x73,
  0xae,0x73,0xae,0x73,0xae,0x73,0xae,0x73,0xae,0x73,0xae,0x73,0xae,0x73,0xae,0x73,
  0xae,0x73,0xae,0x73,0xae,0x73,0xae,0x73,0xae,0x73,0xae,0x73,0xae,0x73,0xae,0x73,
  0xae,0x73,0xae,0x73,0xae,0x73,0xae,0x73,0xae,0x73,0xae,0x73,0xae,0x73,0xae,0x73,
  0xcf,0x7b,0xcf,0x7b,0xcf,0x7b,0xcf,0x7b,0xcf,0x7b,0xcf,0x7b,0xcf,0x7b,0xcf,0x7b,
  0xcf,0x7b,0xcf,0x7b,0xcf,0x7b,0xcf,0x7b,0xcf,0x7b,0xcf,0x7b,0xcf,0x7b,0xcf,0x7b,
  0xcf,0x7b,0xcf,0x7b,0xcf,0x7b,0xcf,0x7b,0xcf,0x7b,0xcf,0x7b,0xcf,0x7b,0xcf,0x7b,
  0xcf,0x7b,0xcf,0x7b,0xcf,0x7b,0xcf,0x7b,0xcf,0x7b,0xcf,0x7b,0xcf,0x7b,0xcf,0x7b,
  0xcf,0x7b,0xcf,0x7b,0xcf,0x7b,0xcf,0x7b,0xcf,0x7b,0xcf,0x7b,0xcf,0x7b,0xcf,0x7b,
  0xcf,0x7b,0xcf,0x7b,0xcf,0x7b,0xcf,0x7b,0xcf,0x7b,0xcf,0x7b,0xcf,0x7b,0xcf,0x7b,
  0xcf,0x7b,0xcf,0x7b,0xcf,0x7b,0xcf,0x7b,0xcf,0x7b,0xef,0x7b,0x49,0x4a,0x04,0x21,
  0x45,0x29,0x45,0x29,0x45,0x21,0x25,0x21,0x24,0x21,0x24,0x21,0x24,0x21,0x25,0x21,
  0x45,0x29,0x86,0x31,0xa6,0x31,0xc7,0x39,0x86,0x31,0xa6,0x31,0x8e,0x73,0xef,0x7b,
  0xcf,0x7b,0xcf,0x7b,0xcf,0x7b,0xcf,0x7b,0xcf,0x7b,0xcf,0x7b,0xcf,0x7b,0xcf,0x7b,
  0xcf,0x7b,0xcf,0x7b,0xcf,0x7b,0xcf,0x7b,0xcf,0x7b,0xcf,0x7b,0xef,0x7b,0xef,0x7b,
  0xef,0x7b,0xef,0x7b,0xef,0x7b,0xef,0x7b,0xef,0x7b,0xef,0x7b,0xef,0x7b,0xef,0x7b,
  0xef,0x7b,0xef,0x7b,0x10,0x84,0x4d,0x6b,0xa6,0x31,0x45,0x29,0xc7,0x39,0x6d,0x6b,
  0x10,0x84,0xef,0x7b,0xef,0x7b,0xef,0x7b,0xef,0x7b,0xef,0x7b,0xef,0x7b,0xef,0x7b,
  0xef,0x7b,0xef,0x7b,0xef,0x7b,0xcf,0x7b,0xcf,0x7b,0xcf,0x7b,0xcf,0x7b,0xcf,0x7b,
  0xcf,0x7b,0xcf,0x7b,0xcf,0x7b,0xcf,0x7b,0xcf,0x7b,0xcf,0x7b,0xcf,0x7b,0xaf,0x7b,
  0xae,0x73,0xcf,0x7b,0xcf,0x7b,0x28,0x42,0x04,0x21,0x65,0x29,0x65,0x29,0x65,0x29,
  0x65,0x29,0x65,0x29,0x45,0x29,0x45,0x29,0x45,0x29,0x24,0x21,0x04,0x21,0xe3,0x18,
  0xc3,0x18,0xc3,0x18,0xc3,0x18,0xc3,0x10,0xc3,0x18,0xa3,0x10,0xa2,0x10,0x49,0x4a,
  0xef,0x7b,0xce,0x73,0xae,0x73,0xae,0x73,0xae,0x73,0xae,0x73,0xae,0x73,0xae,0x73,
  0xae,0x73,0xae,0x73,0xae,0x73,0xae,0x73,0xae,0x73,0xae,0x73,0xae,0x73,0xae,0x73,
  0xae,0x73,0xae,0x73,0xae,0x73,0xae,0x73,0xae,0x73,0xae,0x73,0xae,0x73,0xae,0x73,
  0xae,0x73,0xae,0x73,0xae,0x73,0xae,0x73,0xae,0x73,0xae,0x73,0xae,0x73,0xae,0x73,
  0xae,0x73,0xae,0x73,0xae,0x73,0xae,0x73,0xae,0x73,0xae,0x73,0xae,0x73,0xae,0x73,
  0xae,0x73,0xae,0x73,0xae,0x73,0xae,0x73,0xae,0x73,0xae,0x73,0xae,0x73,0xae,0x73,
  0xcf,0x7b,0xcf,0x7b,0xcf,0x7b,0xcf,0x7b,0xcf,0x7b,0xcf,0x7b,0xcf,0x7b,0xcf,0x7b,
  0xcf,0x7b,0xcf,0x7b,0xcf,0x7b,0xcf,0x7b,0xcf,0x7b,0xcf,0x7b,0xcf,0x7b,0xcf,0x7b,
  0xcf,0x7b,0xcf,0x7b,0xcf,0x7b,0xcf,0x7b,0xcf,0x7b,0xcf,0x7b,0xcf,0x7b,0xcf,0x7b,
  0xcf,0x7b,0xcf,0x7b,0xcf,0x7b,0xcf,0x7b,0xcf,0x7b,0xcf,0x7b,0xcf,0x7b,0xcf,0x7b,
  0xcf,0x7b,0xcf,0x7b,0xcf,0x7b,0xcf,0x7b,0xcf,0x7b,0xcf,0x7b,0xcf,0x7b,0xcf,0x7b,
  0xcf,0x7b,0xcf,0x7b,0xcf,0x7b,0xcf,0x7b,0xcf,0x7b,0xcf,0x7b,0xcf,0x7b,0xcf,0x7b,
  0xcf,0x7b,0xcf,0x7b,0xcf,0x7b,0xcf,0x7b,0xcf,0x7b,0xcf,0x7b,0x10,0x7c,0xaa,0x52,
  0x24,0x21,0x45,0x21,0x45,0x29,0x45,0x21,0x25,0x21,0x25,0x21,0x24,0x21,0x24,0x21,
  0x25,0x21,0x45,0x29,0x66,0x29,0x86,0x31,0xc7,0x39,0xa6,0x31,0x86,0x31,0x4d,0x6b,
  0x10,0x84,0xcf,0x7b,0xcf,0x7b,0xcf,0x7b,0xcf,0x7b,0xcf,0x7b,0xcf,0x7b,0xcf,0x7b,
  0xcf,0x7b,0xcf,0x7b,0xcf,0x7b,0xef,0x7b,0xef,0x7b,0xef,0x7b,0xef,0x7b,0xef,0x7b,
  0xef,0x7b,0xef,0x7b,0xef,0x7b,0xef,0x7b,0xef,0x7b,0xef,0x7b,0xef,0x7b,0xef,0x7b,
  0xef,0x7b,0xef,0x7b,0x10,0x84,0x4d,0x6b,0xc7,0x39,0x65,0x29,0xc7,0x39,0x6d,0x6b,
  0x10,0x84,0xef,0x7b,0xef,0x7b,0xef,0x7b,0xef,0x7b,0xef,0x7b,0xef,0x7b,0xef,0x7b,
  0xef,0x7b,0xef,0x7b,0xef,0x7b,0xef,0x7b,0xef,0x7b,0xef,0x7b,0xcf,0x7b,0xcf,0x7b,
  0xcf,0x7b,0xcf,0x7b,0xcf,0x7b,0xcf,0x7b,0xcf,0x7b,0xcf,0x7b,0xcf,0x7b,0xaf,0x73,
  0xcf,0x7b,0xcf,0x7b,0xe7,0x39,0x04,0x21,0x66,0x29,0x65,0x29,0x65,0x29,0x65,0x29,
  0x65,0x29,0x65,0x29,0x45,0x29,0x45,0x29,0x24,0x21,0x04,0x21,0xe3,0x18,0xc3,0x18,
  0xc3,0x18,0xc3,0x18,0xc3,0x10,0xc3,0x18,0xa2,0x10,0xe3,0x18,0xcb,0x5a,0xef,0x7b,
  0xae,0x73,0xae,0x73,0xae,0x73,0xae,0x73,0xae,0x73,0xae,0x73,0xae,0x73,0xae,0x73,
  0xae,0x73,0xae,0x73,0xae,0x73,0xae,0x73,0xae,0x73,0xae,0x73,0xae,0x73,0xae,0x73,
  0xae,0x73,0xae,0x73,0xae,0x73,0xae,0x73,0xae,0x73,0xae,0x73,0xae,0x73,0xae,0x73,
  0xae,0x73,0xae,0x73,0xae,0x73,0xae,0x73,0xae,0x73,0xae,0x73,0xae,0x73,0xae,0x73,
  0xae,0x73,0xae,0x73,0xae,0x73,0xae,0x73,0xae,0x73,0xae,0x73,0xae,0x73,0xae,0x73,
  0xae,0x73,0xae,0x73,0xae,0x73,0xae,0x73,0xae,0x73,0xae,0x73,0xae,0x73,0xae,0x73,
  0xcf,0x7b,0xcf,0x7b,0xcf,0x7b,0xcf,0x7b,0xcf,0x7b,0xcf,0x7b,0xcf,0x7b,0xcf,0x7b,
  0xcf,0x7b,0xcf,0x7b,0xcf,0x7b,0xcf,0x7b,0xcf,0x7b,0xcf,0x7b,0xcf,0x7b,0xcf,0x7b,
  0xcf,0x7b,0xcf,0x7b,0xcf,0x7b,0xcf,0x7b,0xcf,0x7b,0xcf,0x7b,0xcf,0x7b,0xcf,0x7b,
  0xcf,0x7b,0xcf,0x7b,0xcf,0x7b,0xcf,0x7b,0xcf,0x7b,0xcf,0x7b,0xcf,0x7b,0xcf,0x7b,
  0xcf,0x7b,0xcf,0x7b,0xcf,0x7b,0xcf,0x7b,0xcf,0x7b,0xcf,0x7b,0xcf,0x7b,0xcf,0x7b,
  0xcf,0x7b,0xcf,0x7b,0xcf,0x7b,0xcf,0x7b,0xcf,0x7b,0xcf,0x7b,0xcf,0x7b,0xcf,0x7b,
  0xcf,0x7b,0xcf,0x7b,0xcf,0x7b,0xcf,0x7b,0xcf,0x7b,0xcf,0x7b,0xcf,0x7b,0x10,0x84,
  0x0c,0x63,0x45,0x21,0x24,0x21,0x45,0x29,0x45,0x21,0x45,0x21,0x45,0x21,0x45,0x21,
  0x25,0x21,0x24,0x21,0x45,0x29,0x65,0x29,0x86,0x31,0xc7,0x39,0xa6,0x31,0x65,0x29,
  0x2c,0x63,0x10,0x84,0xcf,0x7b,0xcf,0x7b,0xcf,0x7b,0xcf,0x7b,0xcf,0x7b,0xcf,0x7b,
  0xcf,0x7b,0xef,0x7b,0xef,0x7b,0xef,0x7b,0xef,0x7b,0xef,0x7b,0xef,0x7b,0xef,0x7b,
  0xef,0x7b,0xef,0x7b,0xef,0x7b,0xef,0x7b,0xef,0x7b,0xef,0x7b,0xef,0x83,0xef,0x83,
  0xef,0x83,0xef,0x7b,0x30,0x84,0x6d,0x6b,0xe7,0x39,0x85,0x31,0xe7,0x39,0x4d,0x6b,
  0x30,0x84,0xef,0x7b,0xef,0x83,0xef,0x83,0xef,0x83,0xef,0x83,0xef,0x83,0xef,0x7b,
  0xef,0x7b,0xef,0x7b,0xef,0x7b,0xef,0x7b,0xef,0x7b,0xef,0x7b,0xef,0x7b,0xcf,0x7b,
  0xcf,0x7b,0xcf,0x7b,0xcf,0x7b,0xcf,0x7b,0xcf,0x7b,0xcf,0x7b,0xaf,0x73,0xcf,0x7b,
  0xae,0x73,0xa6,0x31,0x24,0x21,0x86,0x31,0x65,0x29,0x65,0x29,0x65,0x29,0x65,0x29,
  0x65,0x29,0x65,0x29,0x45,0x29,0x24,0x21,0x04,0x21,0xe3,0x18,0xc3,0x18,0xc3,0x18,
  0xc3,0x10,0xc3,0x18,0xc3,0x18,0x82,0x10,0x24,0x21,0x2d,0x63,0xef,0x7b,0xae,0x73,
  0xae,0x73,0xae,0x73,0xae,0x73,0xae,0x73,0xae,0x73,0xae,0x73,0xae,0x73,0xae,0x73,
  0xae,0x73,0xae,0x73,0xae,0x73,0xae,0x73,0xae,0x73,0xae,0x73,0xae,0x73,0xae,0x73,
  0xae,0x73,0xae,0x73,0xae,0x73,0xae,0x73,0xae,0x73,0xae,0x73,0xae,0x73,0xae,0x73,
  0xae,0x73,0xae,0x73,0xae,0x73,0xae,0x73,0xae,0x73,0xae,0x73,0xae,0x73,0xae,0x73,
  0xae,0x73,0xae,0x73,0xae,0x73,0xae,0x73,0xae,0x73,0xae,0x73,0xae,0x73,0xae,0x73,
  0xae,0x73,0xae,0x73,0xae,0x73,0xae,0x73,0xae,0x73,0xae,0x73,0xae,0x73,0xae,0x73,
  0xcf,0x7b,0xcf,0x7b,0xcf,0x7b,0xcf,0x7b,0xcf,0x7b,0xcf,0x7b,0xcf,0x7b,0xcf,0x7b,
  0xcf,0x7b,0xcf,0x7b,0xcf,0x7b,0xcf,0x7b,0xcf,0x7b,0xcf,0x7b,0xcf,0x7b,0xcf,0x7b,
  0xcf,0x7b,0xcf,0x7b,0xcf,0x7b,0xcf,0x7b,0xcf,0x7b,0xcf,0x7b,0xcf,0x7b,0xcf,0x7b,
  0xcf,0x7b,0xcf,0x7b,0xcf,0x7b,0xcf,0x7b,0xcf,0x7b,0xcf,0x7b,0xcf,0x7b,0xcf,0x7b,
  0xcf,0x7b,0xcf,0x7b,0xcf,0x7b,0xcf,0x7b,0xcf,0x7b,0xcf,0x7b,0xcf,0x7b,0xcf,0x7b,
  0xcf,0x7b,0xcf,0x7b,0xcf,0x7b,0xcf,0x7b,0xcf,0x7b,0xcf,0x7b,0xcf,0x7b,0xcf,0x7b,
  0xcf,0x7b,0xcf,0x7b,0xcf,0x7b,0xcf,0x7b,0xcf,0x7b,0xcf,0x7b,0xcf,0x7b,0xcf,0x7b,
  0x10,0x84,0x4d,0x6b,0x65,0x29,0x24,0x21,0x45,0x29,0x45,0x21,0x45,0x21,0x45,0x21,
  0x45,0x21,0x45,0x21,0x25,0x21,0x45,0x29,0x65,0x29,0xa6,0x31,0xc7,0x39,0xc7,0x39,
  0x65,0x29,0x0c,0x5b,0x10,0x84,0xcf,0x7b,0xef,0x7b,0xef,0x7b,0xcf,0x7b,0xef,0x7b,
  0xef,0x7b,0xef,0x7b,0xef,0x7b,0xef,0x7b,0xef,0x7b,0xef,0x7b,0xef,0x83,0xf0,0x83,
  0xf0,0x83,0xf0,0x83,0xf0,0x83,0x10,0x84,0x10,0x84,0x10,0x84,0x10,0x84,0x10,0x84,
  0x10,0x84,0x10,0x84,0x30,0x84,0x6d,0x6b,0xe7,0x39,0xa6,0x31,0xe7,0x41,0x6d,0x6b,
  0x30,0x84,0x0f,0x84,0x0f,0x84,0x0f,0x84,0x0f,0x84,0x0f,0x84,0xef,0x83,0xef,0x83,
  0xef,0x7b,0xef,0x7b,0xef,0x7b,0xef,0x7b,0xef,0x7b,0xef,0x7b,0xef,0x7b,0xef,0x7b,
  0xef,0x7b,0xcf,0x7b,0xcf,0x7b,0xcf,0x7b,0xcf,0x7b,0xcf,0x7b,0xef,0x7b,0x6e,0x6b,
  0x86,0x31,0x45,0x29,0x86,0x31,0x65,0x29,0x65,0x29,0x65,0x29,0x65,0x29,0x65,0x29,
  0x45,0x29,0x45,0x29,0x24,0x21,0x04,0x19,0xe3,0x18,0xc3,0x18,0xc3,0x18,0xc3,0x18,
  0xc3,0x10,0xc3,0x18,0x82,0x10,0x86,0x29,0x8e,0x73,0xef,0x7b,0xae,0x73,0xae,0x73,
  0xae,0x73,0xae,0x73,0xae,0x73,0xae,0x73,0xae,0x73,0xae,0x73,0xae,0x73,0xae,0x73,
  0xae,0x73,0xae,0x73,0xae,0x73,0xae,0x73,0xae,0x73,0xae,0x73,0xae,0x73,0xae,0x73,
  0xae,0x73,0xae,0x73,0xae,0x73,0xae,0x73,0xae,0x73,0xae,0x73,0xae,0x73,0xae,0x73,
  0xae,0x73,0xae,0x73,0xae,0x73,0xae,0x73,0xae,0x73,0xae,0x73,0xae,0x73,0xae,0x73,
  0xae,0x73,0xae,0x73,0xae,0x73,0xae,0x73,0xae,0x73,0xae,0x73,0xae,0x73,0xae,0x73,
  0xae,0x73,0xae,0x73,0xae,0x73,0xae,0x73,0xae,0x73,0xae,0x73,0xae,0x73,0xae,0x73,
  0xcf,0x7b,0xcf,0x7b,0xcf,0x7b,0xcf,0x7b,0xcf,0x7b,0xcf,0x7b,0xcf,0x7b,0xcf,0x7b,
  0xcf,0x7b,0xcf,0x7b,0xcf,0x7b,0xcf,0x7b,0xcf,0x7b,0xcf,0x7b,0xcf,0x7b,0xcf,0x7b,
  0xcf,0x7b,0xcf,0x7b,0xcf,0x7b,0xcf,0x7b,0xcf,0x7b,0xcf,0x7b,0xcf,0x7b,0xcf,0x7b,
  0xcf,0x7b,0xcf,0x7b,0xcf,0x7b,0xcf,0x7b,0xcf,0x7b,0xcf,0x7b,0xcf,0x7b,0xcf,0x7b,
  0xcf,0x7b,0xcf,0x7b,0xcf,0x7b,0xcf,0x7b,0xcf,0x7b,0xcf,0x7b,0xcf,0x7b,0xcf,0x7b,
  0xcf,0x7b,0xcf,0x7b,0xcf,0x7b,0xcf,0x7b,0xcf,0x7b,0xcf,0x7b,0xcf,0x7b,0xcf,0x7b,
  0xcf,0x7b,0xcf,0x7b,0xcf,0x7b,0xcf,0x7b,0xcf,0x7b,0xcf,0x7b,0xcf,0x7b,0xcf,0x7b,
  0xcf,0x7b,0x10,0x7c,0x8e,0x73,0xa6,0x31,0x24,0x21,0x45,0x29,0x45,0x29,0x45,0x29,
  0x45,0x29,0x45,0x29,0x25,0x21,0x45,0x29,0x45,0x29,0x66,0x29,0xa6,0x31,0xc7,0x39,
  0xc7,0x39,0x65,0x29,0xcb,0x5a,0x10,0x84,0xcf,0x7b,0xef,0x7b,0xef,0x7b,0xef,0x7b,
  0xef,0x7b,0xef,0x7b,0xef,0x7b,0xef,0x83,0xef,0x83,0xf0,0x83,0xf0,0x83,0x10,0x84,
  0x10,0x84,0x10,0x84,0x10,0x84,0x10,0x84,0x10,0x84,0x10,0x84,0x10,0x84,0x10,0x84,
  0x10,0x84,0x10,0x84,0x50,0x8c,0x6d,0x6b,0x07,0x42,0xa6,0x31,0x08,0x42,0x8d,0x73,
  0x30,0x84,0x10,0x84,0x10,0x84,0x10,0x84,0x10,0x84,0x10,0x84,0x0f,0x84,0x0f,0x84,
  0x0f,0x84,0x0f,0x84,0xef,0x83,0xef,0x7b,0xef,0x7b,0xef,0x7b,0xef,0x7b,0xef,0x7b,
  0xef,0x7b,0xef,0x7b,0xcf,0x7b,0xcf,0x7b,0xcf,0x7b,0x10,0x84,0x4d,0x6b,0x65,0x29,
  0x65,0x29,0x86,0x31,0x65,0x29,0x65,0x29,0x65,0x29,0x65,0x29,0x65,0x29,0x45,0x29,
  0x45,0x21,0x04,0x21,0x04,0x19,0xe3,0x18,0xc3,0x18,0xc3,0x18,0xc3,0x10,0xc3,0x18,
  0xc3,0x18,0x82,0x10,0xe7,0x39,0xcf,0x7b,0xcf,0x7b,0xae,0x73,0xce,0x73,0xae,0x73,
  0xae,0x73,0xae,0x73,0xae,0x73,0xae,0x73,0xae,0x73,0xae,0x73,0xae,0x73,0xae,0x73,
  0xae,0x73,0xae,0x73,0xae,0x73,0xae,0x73,0xae,0x73,0xae,0x73,0xae,0x73,0xae,0x73,
  0xae,0x73,0xae,0x73,0xae,0x73,0xae,0x73,0xae,0x73,0xae,0x73,0xae,0x73,0xae,0x73,
  0xae,0x73,0xce,0x73,0xce,0x73,0xae,0x73,0xae,0x73,0xae,0x73,0xae,0x73,0xae,0x73,
  0xae,0x73,0xae,0x73,0xae,0x73,0xae,0x73,0xae,0x73,0xae,0x73,0xae,0x73,0xae,0x73,
  0xae,0x73,0xae,0x73,0xae,0x73,0xae,0x73,0xae,0x73,0xae,0x73,0xae,0x73,0xae,0x73,
  0xcf,0x7b,0xcf,0x7b,0xcf,0x7b,0xcf,0x7b,0xcf,0x7b,0xcf,0x7b,0xcf,0x7b,0xcf,0x7b,
  0xcf,0x7b,0xcf,0x7b,0xcf,0x7b,0xcf,0x7b,0xcf,0x7b,0xcf,0x7b,0xcf,0x7b,0xcf,0x7b,
  0xcf,0x7b,0xcf,0x7b,0xcf,0x7b,0xcf,0x7b,0xcf,0x7b,0xcf,0x7b,0xcf,0x7b,0xcf,0x7b,
  0xcf,0x7b,0xcf,0x7b,0xcf,0x7b,0xcf,0x7b,0xcf,0x7b,0xcf,0x7b,0xcf,0x7b,0xcf,0x7b,
  0xcf,0x7b,0xcf,0x7b,0xcf,0x7b,0xcf,0x7b,0xcf,0x7b,0xcf,0x7b,0xcf,0x7b,0xcf,0x7b,
  0xcf,0x7b,0xcf,0x7b,0xcf,0x7b,0xcf,0x7b,0xcf,0x7b,0xcf,0x7b,0xcf,0x7b,0xcf,0x7b,
  0xcf,0x7b,0xcf,0x7b,0xcf,0x7b,0xcf,0x7b,0xcf,0x7b,0xcf,0x7b,0xcf,0x7b,0xcf,0x7b,
  0xcf,0x7b,0xcf,0x7b,0xef,0x7b,0xaf,0x73,0xe7,0x39,0x04,0x21,0x45,0x29,0x45,0x29,
  0x45,0x29,0x45,0x21,0x45,0x29,0x45,0x29,0x45,0x29,0x45,0x29,0x85,0x29,0xa6,0x31,
  0xc7,0x39,0xe7,0x39,0x65,0x29,0xaa,0x52,0x10,0x84,0xef,0x7b,0xef,0x7b,0xef,0x7b,
  0xef,0x7b,0xef,0x83,0xf0,0x83,0xf0,0x83,0x10,0x84,0x10,0x84,0x10,0x84,0x10,0x84,
  0x10,0x84,0x10,0x84,0x10,0x84,0x10,0x84,0x30,0x84,0x30,0x84,0x30,0x84,0x30,0x84,
  0x30,0x84,0x30,0x84,0x51,0x8c,0x6d,0x73,0x08,0x42,0xc6,0x39,0x28,0x42,0xae,0x73,
  0x50,0x8c,0x10,0x84,0x30,0x84,0x30,0x84,0x30,0x84,0x10,0x84,0x10,0x84,0x10,0x84,
  0x10,0x84,0x10,0x84,0x0f,0x84,0x0f,0x84,0x0f,0x84,0xef,0x83,0xef,0x7b,0xef,0x7b,
  0xef,0x7b,0xef,0x7b,0xef,0x7b,0xcf,0x7b,0x10,0x84,0x0c,0x63,0x45,0x29,0x66,0x29,
  0x86,0x31,0x66,0x29,0x65,0x29,0x65,0x29,0x65,0x29,0x65,0x29,0x45,0x29,0x45,0x21,
  0x04,0x21,0xe4,0x18,0xe3,0x18,0xc3,0x18,0xc3,0x18,0xc3,0x10,0xc3,0x18,0xc3,0x10,
  0xa2,0x10,0x69,0x4a,0xef,0x7b,0xcf,0x73,0xae,0x73,0xcf,0x7b,0xae,0x73,0xae,0x73,
  0xae,0x73,0xae,0x73,0xae,0x73,0xae,0x73,0xae,0x73,0xae,0x73,0xae,0x73,0xae,0x73,
  0xae,0x73,0xae,0x73,0xae,0x73,0xae,0x73,0xae,0x73,0xae,0x73,0xae,0x73,0xae,0x73,
  0xae,0x73,0xae,0x73,0xae,0x73,0xae,0x73,0xae,0x73,0xae,0x73,0xae,0x73,0xae,0x73,
  0xae,0x73,0xae,0x73,0xae,0x73,0xae,0x73,0xae,0x73,0xae,0x73,0xae,0x73,0xae,0x73,
  0xae,0x73,0xae,0x73,0xae,0x73,0xae,0x73,0xae,0x73,0xae,0x73,0xae,0x73,0xae,0x73,
  0xae,0x73,0xae,0x73,0xae,0x73,0xae,0x73,0xae,0x73,0xae,0x73,0xae,0x73,0xae,0x73,
  0xcf,0x7b,0xcf,0x7b,0xcf,0x7b,0xcf,0x7b,0xcf,0x7b,0xcf,0x7b,0xcf,0x7b,0xcf,0x7b,
  0xcf,0x7b,0xcf,0x7b,0xcf,0x7b,0xcf,0x7b,0xcf,0x7b,0xcf,0x7b,0xcf,0x7b,0xcf,0x7b,
  0xcf,0x7b,0xcf,0x7b,0xcf,0x7b,0xcf,0x7b,0xcf,0x7b,0xcf,0x7b,0xcf,0x7b,0xcf,0x7b,
  0xcf,0x7b,0xcf,0x7b,0xcf,0x7b,0xcf,0x7b,0xcf,0x7b,0xcf,0x7b,0xcf,0x7b,0xcf,0x7b,
  0xcf,0x7b,0xcf,0x7b,0xcf,0x7b,0xcf,0x7b,0xcf,0x7b,0xcf,0x7b,0xcf,0x7b,0xcf,0x7b,
  0xcf,0x7b,0xcf,0x7b,0xcf,0x7b,0xcf,0x7b,0xcf,0x7b,0xcf,0x7b,0xcf,0x7b,0xcf,0x7b,
  0xcf,0x7b,0xcf,0x7b,0xcf,0x7b,0xcf,0x7b,0xcf,0x7b,0xcf,0x7b,0xcf,0x7b,0xcf,0x7b,
  0xcf,0x7b,0xcf,0x7b,0xcf,0x7b,0xef,0x7b,0xef,0x7b,0x28,0x42,0x04,0x21,0x45,0x29,
  0x45,0x29,0x45,0x29,0x45,0x29,0x45,0x29,0x45,0x29,0x45,0x29,0x65,0x29,0x86,0x31,
  0xa6,0x31,0xc7,0x39,0xe7,0x39,0x86,0x31,0x8a,0x52,0x10,0x84,0xf0,0x83,0xef,0x83,
  0x10,0x84,0x10,0x84,0x10,0x84,0x10,0x84,0x10,0x84,0x10,0x84,0x10,0x84,0x10,0x84,
  0x30,0x84,0x30,0x84,0x30,0x84,0x30,0x84,0x30,0x84,0x30,0x8c,0x30,0x8c,0x30,0x8c,
  0x30,0x8c,0x30,0x8c,0x71,0x8c,0x8d,0x73,0x28,0x42,0xe7,0x39,0x69,0x4a,0xae,0x7b,
  0x51,0x8c,0x30,0x84,0x30,0x84,0x30,0x84,0x30,0x84,0x30,0x84,0x30,0x84,0x30,0x84,
  0x30,0x84,0x10,0x84,0x10,0x84,0x10,0x84,0x10,0x84,0x0f,0x84,0x0f,0x84,0xef,0x83,
  0xef,0x7b,0xef,0x7b,0xef,0x7b,0x10,0x84,0xeb,0x5a,0x45,0x29,0x86,0x31,0x86,0x31,
  0x86,0x31,0x86,0x31,0x86,0x29,0x65,0x29,0x65,0x29,0x65,0x29,0x45,0x29,0x04,0x21,
  0xe3,0x18,0xe3,0x18,0xc3,0x18,0xc3,0x18,0xc3,0x10,0xc3,0x18,0xa2,0x10,0xc3,0x18,
  0xcb,0x5a,0x10,0x7c,0xaf,0x73,0xcf,0x73,0xce,0x73,0xce,0x73,0xae,0x73,0xae,0x73,
  0xae,0x73,0xae,0x73,0xae,0x73,0xae,0x73,0xae,0x73,0xae,0x73,0xae,0x73,0xae,0x73,
  0xae,0x73,0xae,0x73,0xae,0x73,0xae,0x73,0xae,0x73,0xae,0x73,0xae,0x73,0xae,0x73,
  0xae,0x73,0xae,0x73,0xae,0x73,0xae,0x73,0xae,0x73,0xae,0x73,0xae,0x73,0xae,0x73,
  0xae,0x73,0xae,0x73,0xae,0x73,0xae,0x73,0xae,0x73,0xae,0x73,0xae,0x73,0xce,0x73,
  0xae,0x73,0xae,0x73,0xae,0x73,0xae,0x73,0xae,0x73,0xae,0x73,0xae,0x73,0xae,0x73,
  0xae,0x73,0xae,0x73,0xae,0x73,0xae,0x73,0xae,0x73,0xae,0x73,0xae,0x73,0xae,0x73,
  0xcf,0x7b,0xcf,0x7b,0xcf,0x7b,0xcf,0x7b,0xcf,0x7b,0xcf,0x7b,0xcf,0x7b,0xcf,0x7b,
  0xcf,0x7b,0xcf,0x7b,0xcf,0x7b,0xcf,0x7b,0xcf,0x7b,0xcf,0x7b,0xcf,0x7b,0xcf,0x7b,
  0xcf,0x7b,0xcf,0x7b,0xcf,0x7b,0xcf,0x7b,0xcf,0x7b,0xcf,0x7b,0xcf,0x7b,0xcf,0x7b,
  0xcf,0x7b,0xcf,0x7b,0xcf,0x7b,0xcf,0x7b,0xcf,0x7b,0xcf,0x7b,0xcf,0x7b,0xcf,0x7b,
  0xcf,0x7b,0xcf,0x7b,0xcf,0x7b,0xcf,0x7b,0xcf,0x7b,0xcf,0x7b,0xcf,0x7b,0xcf,0x7b,
  0xcf,0x7b,0xcf,0x7b,0xcf,0x7b,0xcf,0x7b,0xcf,0x7b,0xcf,0x7b,0xcf,0x7b,0xcf,0x7b,
  0xcf,0x7b,0xcf,0x7b,0xcf,0x7b,0xcf,0x7b,0xcf,0x7b,0xcf,0x7b,0xcf,0x7b,0xcf,0x7b,
  0xcf,0x7b,0xcf,0x7b,0xcf,0x7b,0xcf,0x7b,0xcf,0x7b,0xef,0x7b,0x69,0x4a,0x04,0x21,
  0x45,0x29,0x45,0x29,0x45,0x29,0x45,0x29,0x45,0x29,0x45,0x29,0x65,0x29,0x65,0x29,
  0x86,0x31,0xc7,0x31,0xe7,0x39,0x08,0x42,0xa6,0x31,0x69,0x4a,0x10,0x84,0x10,0x84,
  0x10,0x84,0x10,0x84,0x10,0x84,0x10,0x84,0x10,0x84,0x30,0x84,0x30,0x84,0x30,0x84,
  0x30,0x84,0x30,0x8c,0x30,0x8c,0x30,0x8c,0x30,0x8c,0x50,0x8c,0x50,0x8c,0x50,0x8c,
  0x51,0x8c,0x51,0x8c,0x71,0x94,0xae,0x73,0x48,0x4a,0x07,0x42,0x69,0x52,0xce,0x7b,
  0x71,0x8c,0x50,0x8c,0x50,0x8c,0x50,0x8c,0x30,0x8c,0x30,0x8c,0x30,0x8c,0x30,0x84,
  0x30,0x84,0x30,0x84,0x30,0x84,0x30,0x84,0x10,0x84,0x0f,0x84,0x0f,0x84,0xf0,0x83,
  0xef,0x7b,0xef,0x83,0x30,0x84,0xaa,0x52,0x65,0x29,0xa6,0x31,0xa6,0x31,0x86,0x31,
  0x86,0x31,0x86,0x31,0x86,0x31,0x65,0x29,0x65,0x29,0x45,0x29,0x04,0x21,0xe4,0x18,
  0xe3,0x18,0xc3,0x18,0xc3,0x18,0xc3,0x18,0xc3,0x18,0xa2,0x10,0x24,0x21,0x2c,0x63,
  0xef,0x7b,0xae,0x73,0xce,0x73,0xce,0x73,0xce,0x73,0xce,0x73,0xce,0x73,0xce,0x73,
  0xce,0x73,0xce,0x73,0xce,0x73,0xce,0x73,0xae,0x73,0xae,0x73,0xae,0x73,0xae,0x73,
  0xae,0x73,0xae,0x73,0xae,0x73,0xae,0x73,0xae,0x73,0xae,0x73,0xae,0x73,0xae,0x73,
  0xae,0x73,0xae,0x73,0xae,0x73,0xae,0x73,0xae,0x73,0xae,0x73,0xae,0x73,0xae,0x73,
  0xae,0x73,0xae,0x73,0xce,0x73,0xae,0x73,0xae,0x73,0xae,0x73,0xae,0x73,0xae,0x73,
  0xae,0x73,0xae,0x73,0xae,0x73,0xae,0x73,0xae,0x73,0xae,0x73,0xae,0x73,0xae,0x73,
  0xae,0x73,0xae,0x73,0xae,0x73,0xae,0x73,0xae,0x73,0xae,0x73,0xae,0x73,0xae,0x73,
  0xcf,0x7b,0xcf,0x7b,0xcf,0x7b,0xcf,0x7b,0xcf,0x7b,0xcf,0x7b,0xcf,0x7b,0xcf,0x7b,
  0xcf,0x7b,0xcf,0x7b,0xcf,0x7b,0xcf,0x7b,0xcf,0x7b,0xcf,0x7b,0xcf,0x7b,0xcf,0x7b,
  0xcf,0x7b,0xcf,0x7b,0xcf,0x7b,0xcf,0x7b,0xcf,0x7b,0xcf,0x7b,0xcf,0x7b,0xcf,0x7b,
  0xcf,0x7b,0xcf,0x7b,0xcf,0x7b,0xcf,0x7b,0xcf,0x7b,0xcf,0x7b,0xcf,0x7b,0xcf,0x7b,
  0xcf,0x7b,0xcf,0x7b,0xcf,0x7b,0xcf,0x7b,0xcf,0x7b,0xcf,0x7b,0xcf,0x7b,0xcf,0x7b,
  0xcf,0x7b,0xcf,0x7b,0xcf,0x7b,0xcf,0x7b,0xcf,0x7b,0xcf,0x7b,0xcf,0x7b,0xcf,0x7b,
  0xcf,0x7b,0xcf,0x7b,0xcf,0x7b,0xcf,0x7b,0xcf,0x7b,0xcf,0x7b,0xcf,0x7b,0xcf,0x7b,
  0xcf,0x7b,0xcf,0x7b,0xcf,0x7b,0xcf,0x7b,0xcf,0x7b,0xcf,0x7b,0x10,0x84,0xcb,0x5a,
  0x25,0x21,0x45,0x29,0x65,0x29,0x45,0x29,0x65,0x29,0x65,0x29,0x65,0x29,0x65,0x29,
  0x65,0x29,0x86,0x31,0xc7,0x39,0xe7,0x39,0x08,0x42,0xc7,0x39,0x48,0x4a,0x10,0x84,
  0x30,0x84,0x10,0x84,0x30,0x84,0x30,0x84,0x30,0x84,0x30,0x84,0x30,0x8c,0x30,0x8c,
  0x30,0x8c,0x50,0x8c,0x51,0x8c,0x51,0x8c,0x51,0x8c,0x51,0x8c,0x51,0x8c,0x51,0x8c,
  0x51,0x8c,0x51,0x8c,0x91,0x94,0xae,0x7b,0x69,0x52,0x28,0x4a,0x89,0x52,0xce,0x7b,
  0x91,0x94,0x50,0x8c,0x51,0x8c,0x50,0x8c,0x50,0x8c,0x50,0x8c,0x50,0x8c,0x50,0x8c,
  0x30,0x8c,0x30,0x8c,0x30,0x84,0x30,0x84,0x30,0x84,0x30,0x84,0x10,0x84,0x0f,0x84,
  0x10,0x84,0x10,0x84,0x89,0x52,0x65,0x31,0xc7,0x39,0xa6,0x31,0xa6,0x31,0xa6,0x31,
  0x86,0x31,0x86,0x31,0x86,0x31,0x65,0x29,0x45,0x29,0x04,0x21,0x03,0x19,0xe3,0x18,
  0xc3,0x18,0xc3,0x18,0xc3,0x18,0xc3,0x18,0xa2,0x10,0x86,0x29,0x8e,0x73,0xef,0x7b,
  0xae,0x73,0xcf,0x7b,0xce,0x73,0xae,0x73,0xce,0x73,0xce,0x73,0xce,0x73,0xce,0x73,
  0xce,0x73,0xce,0x73,0xce,0x73,0xce,0x73,0xae,0x73,0xae,0x73,0xae,0x73,0xae,0x73,
  0xae,0x73,0xae,0x73,0xae,0x73,0xae,0x73,0xae,0x73,0xae,0x73,0xae,0x73,0xae,0x73,
  0xae,0x73,0xae,0x73,0xae,0x73,0xae,0x73,0xae,0x73,0xae,0x73,0xae,0x73,0xae,0x73,
  0xae,0x73,0xae,0x73,0xce,0x73,0xae,0x73,0xae,0x73,0xae,0x73,0xae,0x73,0xae,0x73,
  0xae,0x73,0xae,0x73,0xae,0x73,0xae,0x73,0xae,0x73,0xae,0x73,0xae,0x73,0xae,0x73,
  0xae,0x73,0xae,0x73,0xae,0x73,0xae,0x73,0xae,0x73,0xae,0x73,0xae,0x73,0xae,0x73,
  0xcf,0x7b,0xcf,0x7b,0xcf,0x7b,0xcf,0x7b,0xcf,0x7b,0xcf,0x7b,0xcf,0x7b,0xcf,0x7b,
  0xcf,0x7b,0xcf,0x7b,0xcf,0x7b,0xcf,0x7b,0xcf,0x7b,0xcf,0x7b,0xcf,0x7b,0xcf,0x7b,
  0xcf,0x7b,0xcf,0x7b,0xcf,0x7b,0xcf,0x7b,0xcf,0x7b,0xcf,0x7b,0xcf,0x7b,0xcf,0x7b,
  0xcf,0x7b,0xcf,0x7b,0xcf,0x7b,0xcf,0x7b,0xcf,0x7b,0xcf,0x7b,0xcf,0x7b,0xcf,0x7b,
  0xcf,0x7b,0xcf,0x7b,0xcf,0x7b,0xcf,0x7b,0xcf,0x7b,0xcf,0x7b,0xcf,0x7b,0xcf,0x7b,
  0xcf,0x7b,0xcf,0x7b,0xcf,0x7b,0xcf,0x7b,0xcf,0x7b,0xcf,0x7b,0xcf,0x7b,0xcf,0x7b,
  0xcf,0x7b,0xcf,0x7b,0xcf,0x7b,0xcf,0x7b,0xcf,0x7b,0xcf,0x7b,0xcf,0x7b,0xcf,0x7b,
  0xcf,0x7b,0xcf,0x7b,0xcf,0x7b,0xcf,0x7b,0xcf,0x7b,0xcf,0x7b,0xcf,0x7b,0x10,0x84,
  0x0c,0x63,0x45,0x29,0x45,0x29,0x65,0x29,0x65,0x29,0x65,0x29,0x65,0x29,0x65,0x29,
  0x65,0x31,0x86,0x31,0xa6,0x31,0xc7,0x39,0x07,0x42,0x28,0x42,0xe7,0x39,0x28,0x4a,
  0x10,0x84,0x51,0x8c,0x30,0x84,0x30,0x8c,0x30,0x8c,0x50,0x8c,0x51,0x8c,0x51,0x8c,
  0x51,0x8c,0x51,0x8c,0x71,0x8c,0x71,0x8c,0x71,0x8c,0x71,0x8c,0x71,0x94,0x71,0x94,
  0x71,0x94,0x71,0x94,0xb2,0x94,0xcf,0x7b,0x89,0x52,0x48,0x4a,0xaa,0x5a,0xef,0x83,
  0x91,0x94,0x71,0x94,0x71,0x94,0x71,0x8c,0x71,0x8c,0x71,0x8c,0x51,0x8c,0x50,0x8c,
  0x50,0x8c,0x50,0x8c,0x50,0x8c,0x30,0x8c,0x30,0x84,0x30,0x84,0x30,0x84,0x30,0x84,
  0x10,0x84,0x49,0x4a,0x86,0x31,0xe7,0x39,0xc6,0x39,0xc6,0x39,0xa6,0x31,0xa6,0x31,
  0xa6,0x31,0x86,0x31,0x65,0x29,0x45,0x29,0x24,0x21,0x04,0x21,0xe3,0x18,0xc3,0x18,
  0xc3,0x18,0xc3,0x18,0xc3,0x18,0x82,0x10,0xe7,0x39,0xcf,0x7b,0xcf,0x7b,0xaf,0x73,
  0xcf,0x7b,0xcf,0x7b,0xcf,0x7b,0xcf,0x7b,0xcf,0x7b,0xcf,0x7b,0xcf,0x7b,0xcf,0x7b,
  0xcf,0x7b,0xcf,0x7b,0xcf,0x7b,0xcf,0x7b,0xce,0x73,0xce,0x73,0xcf,0x7b,0xcf,0x7b,
  0xce,0x73,0xae,0x73,0xae,0x73,0xce,0x73,0xce,0x73,0xae,0x73,0xae,0x73,0xae,0x73,
  0xae,0x73,0xae,0x73,0xae,0x73,0xae,0x73,0xae,0x73,0xae,0x73,0xae,0x73,0xae,0x73,
  0xae,0x73,0xae,0x73,0xae,0x73,0xae,0x73,0xae,0x73,0xae,0x73,0xae,0x73,0xae,0x73,
  0xae,0x73,0xae,0x73,0xae,0x73,0xae,0x73,0xae,0x73,0xae,0x73,0xae,0x73,0xae,0x73,
  0xae,0x73,0xae,0x73,0xae,0x73,0xae,0x73,0xae,0x73,0xae,0x73,0xae,0x73,0xae,0x73,
  0xcf,0x7b,0xcf,0x7b,0xef,0x7b,0xef,0x7b,0xcf,0x7b,0xcf,0x7b,0xcf,0x7b,0xcf,0x7b,
  0xcf,0x7b,0xcf,0x7b,0xcf,0x7b,0xcf,0x7b,0xcf,0x7b,0xcf,0x7b,0xcf,0x7b,0xcf,0x7b,
  0xcf,0x7b,0xcf,0x7b,0xcf,0x7b,0xcf,0x7b,0xcf,0x7b,0xcf,0x7b,0xcf,0x7b,0xcf,0x7b,
  0xcf,0x7b,0xcf,0x7b,0xcf,0x7b,0xcf,0x7b,0xcf,0x7b,0xcf,0x7b,0xcf,0x7b,0xcf,0x7b,
  0xcf,0x7b,0xcf,0x7b,0xcf,0x7b,0xcf,0x7b,0xcf,0x7b,0xcf,0x7b,0xcf,0x7b,0xcf,0x7b,
  0xcf,0x7b,0xcf,0x7b,0xcf,0x7b,0xcf,0x7b,0xcf,0x7b,0xcf,0x7b,0xcf,0x7b,0xcf,0x7b,
  0xcf,0x7b,0xcf,0x7b,0xcf,0x7b,0xcf,0x7b,0xcf,0x7b,0xcf,0x7b,0xcf,0x7b,0xcf,0x7b,
  0xcf,0x7b,0xcf,0x7b,0xcf,0x7b,0xcf,0x7b,0xcf,0x7b,0xcf,0x7b,0xef,0x7b,0xcf,0x7b,
  0x10,0x84,0x6d,0x6b,0x86,0x31,0x45,0x29,0x66,0x29,0x65,0x29,0x85,0x29,0x86,0x31,
  0x86,0x31,0x86,0x31,0x86,0x31,0xa6,0x39,0xe7,0x39,0x08,0x42,0x28,0x4a,0x07,0x42,
  0x48,0x4a,0xef,0x83,0x71,0x8c,0x30,0x8c,0x51,0x8c,0x51,0x8c,0x51,0x8c,0x71,0x8c,
  0x71,0x8c,0x71,0x8c,0x71,0x94,0x71,0x94,0x91,0x94,0x91,0x94,0x91,0x94,0x91,0x94,
  0x91,0x94,0x91,0x94,0xb2,0x9c,0xef,0x83,0xca,0x5a,0x69,0x52,0xca,0x5a,0x0f,0x84,
  0xb2,0x94,0x91,0x94,0x91,0x94,0x91,0x94,0x91,0x94,0x71,0x94,0x71,0x8c,0x71,0x8c,
  0x71,0x8c,0x50,0x8c,0x50,0x8c,0x50,0x8c,0x50,0x8c,0x30,0x84,0x50,0x8c,0x0f,0x84,
  0x48,0x4a,0xa6,0x39,0xe7,0x41,0xc7,0x39,0xe7,0x39,0xc7,0x39,0xc6,0x39,0xa6,0x31,
  0xa6,0x31,0x85,0x31,0x45,0x29,0x24,0x21,0x04,0x21,0xe3,0x18,0xe3,0x18,0xc3,0x18,
  0xc3,0x18,0xc3,0x18,0xc2,0x10,0x69,0x4a,0xef,0x7b,0xcf,0x7b,0xcf,0x73,0xcf,0x7b,
  0xcf,0x7b,0xcf,0x7b,0xcf,0x7b,0xcf,0x7b,0xcf,0x7b,0xcf,0x7b,0xcf,0x7b,0xcf,0x7b,
  0xcf,0x7b,0xcf,0x7b,0xcf,0x7b,0xcf,0x7b,0xcf,0x7b,0xcf,0x7b,0xcf,0x7b,0xcf,0x7b,
  0xcf,0x7b,0xcf,0x7b,0xcf,0x7b,0xae,0x73,0xae,0x73,0xae,0x73,0xae,0x73,0xae,0x73,
  0xae,0x73,0xae,0x73,0xae,0x73,0xae,0x73,0xae,0x73,0xae,0x73,0xae,0x73,0xae,0x73,
  0xae,0x73,0xae,0x73,0xae,0x73,0xae,0x73,0xae,0x73,0xae,0x73,0xae,0x73,0xae,0x73,
  0xae,0x73,0xae,0x73,0xae,0x73,0xae,0x73,0xae,0x73,0xae,0x73,0xae,0x73,0xae,0x73,
  0xae,0x73,0xae,0x73,0xae,0x73,0xae,0x73,0xae,0x73,0xae,0x73,0xae,0x73,0xae,0x73,
  0xef,0x7b,0xef,0x7b,0xcf,0x7b,0xcf,0x7b,0xcf,0x7b,0xcf,0x7b,0xcf,0x7b,0xcf,0x7b,
  0xcf,0x7b,0xcf,0x7b,0xcf,0x7b,0xcf,0x7b,0xcf,0x7b,0xcf,0x7b,0xcf,0x7b,0xcf,0x7b,
  0xcf,0x7b,0xcf,0x7b,0xcf,0x7b,0xcf,0x7b,0xcf,0x7b,0xcf,0x7b,0xcf,0x7b,0xcf,0x7b,
  0xcf,0x7b,0xcf,0x7b,0xcf,0x7b,0xcf,0x7b,0xcf,0x7b,0xcf,0x7b,0xcf,0x7b,0xcf,0x7b,
  0xcf,0x7b,0xcf,0x7b,0xcf,0x7b,0xcf,0x7b,0xcf,0x7b,0xcf,0x7b,0xcf,0x7b,0xcf,0x7b,
  0xcf,0x7b,0xcf,0x7b,0xcf,0x7b,0xcf,0x7b,0xcf,0x7b,0xcf,0x7b,0xcf,0x7b,0xcf,0x7b,
  0xcf,0x7b,0xcf,0x7b,0xcf,0x7b,0xcf,0x7b,0xcf,0x7b,0xcf,0x7b,0xcf,0x7b,0xcf,0x7b,
  0xcf,0x7b,0xcf,0x7b,0xcf,0x7b,0xcf,0x7b,0xcf,0x7b,0xef,0x7b,0xef,0x7b,0xef,0x7b,
  0xcf,0x7b,0x10,0x84,0xae,0x73,0xc7,0x39,0x45,0x29,0x86,0x31,0x86,0x31,0x86,0x31,
  0x86,0x31,0x86,0x31,0xa6,0x31,0xa6,0x39,0xc7,0x39,0x07,0x42,0x28,0x42,0x49,0x4a,
  0x28,0x4a,0x48,0x4a,0xef,0x7b,0x91,0x94,0x51,0x8c,0x71,0x8c,0x71,0x94,0x71,0x94,
  0x71,0x94,0x91,0x94,0x91,0x94,0x91,0x94,0x92,0x94,0xb2,0x94,0xb2,0x94,0xb2,0x94,
  0xb2,0x94,0xb2,0x94,0xd2,0x9c,0x0f,0x84,0xea,0x62,0xa9,0x5a,0x0b,0x63,0x30,0x8c,
  0xb2,0x9c,0x92,0x94,0x92,0x94,0xb1,0x94,0x91,0x94,0x91,0x94,0x91,0x94,0x91,0x94,
  0x71,0x94,0x71,0x8c,0x71,0x8c,0x51,0x8c,0x50,0x8c,0x71,0x8c,0xef,0x83,0x28,0x4a,
  0xe7,0x39,0x28,0x42,0x07,0x42,0xe7,0x41,0xe7,0x39,0xc7,0x39,0xc7,0x39,0xa6,0x39,
  0x86,0x31,0x65,0x29,0x24,0x29,0x24,0x21,0x04,0x21,0xe3,0x18,0xe3,0x18,0xe3,0x18,
  0xc3,0x18,0xe3,0x18,0xcb,0x5a,0x10,0x84,0xcf,0x7b,0xcf,0x7b,0xcf,0x7b,0xcf,0x7b,
  0xcf,0x7b,0xcf,0x7b,0xcf,0x7b,0xcf,0x7b,0xcf,0x7b,0xcf,0x7b,0xcf,0x7b,0xcf,0x7b,
  0xcf,0x7b,0xcf,0x7b,0xcf,0x7b,0xcf,0x7b,0xcf,0x7b,0xcf,0x7b,0xcf,0x7b,0xcf,0x7b,
  0xcf,0x7b,0xcf,0x7b,0xce,0x73,0xae,0x73,0xae,0x73,0xae,0x73,0xce,0x73,0xae,0x73,
  0xae,0x73,0xae,0x73,0xae,0x73,0xae,0x73,0xae,0x73,0xce,0x73,0xce,0x73,0xae,0x73,
  0xae,0x73,0xae,0x73,0xae,0x73,0xae,0x73,0xae,0x73,0xae,0x73,0xae,0x73,0xae,0x73,
  0xae,0x73,0xae,0x73,0xae,0x73,0xae,0x73,0xae,0x73,0xae,0x73,0xae,0x73,0xae,0x73,
  0xae,0x73,0xae,0x73,0xae,0x73,0xae,0x73,0xae,0x73,0xae,0x73,0xae,0x73,0xae,0x73,
  0xef,0x7b,0xef,0x7b,0xcf,0x7b,0xcf,0x7b,0xcf,0x7b,0xcf,0x7b,0xcf,0x7b,0xcf,0x7b,
  0xcf,0x7b,0xcf,0x7b,0xcf,0x7b,0xcf,0x7b,0xcf,0x7b,0xcf,0x7b,0xcf,0x7b,0xcf,0x7b,
  0xcf,0x7b,0xcf,0x7b,0xcf,0x7b,0xcf,0x7b,0xcf,0x7b,0xcf,0x7b,0xcf,0x7b,0xcf,0x7b,
  0xcf,0x7b,0xcf,0x7b,0xcf,0x7b,0xcf,0x7b,0xcf,0x7b,0xcf,0x7b,0xcf,0x7b,0xcf,0x7b,
  0xcf,0x7b,0xcf,0x7b,0xcf,0x7b,0xcf,0x7b,0xcf,0x7b,0xcf,0x7b,0xcf,0x7b,0xcf,0x7b,
  0xcf,0x7b,0xcf,0x7b,0xcf,0x7b,0xcf,0x7b,0xcf,0x7b,0xcf,0x7b,0xcf,0x7b,0xcf,0x7b,
  0xcf,0x7b,0xcf,0x7b,0xcf,0x7b,0xcf,0x7b,0xcf,0x7b,0xcf,0x7b,0xcf,0x7b,0xcf,0x7b,
  0xcf,0x7b,0xcf,0x7b,0xcf,0x7b,0xcf,0x7b,0xef,0x7b,0xef,0x7b,0xef,0x7b,0xef,0x7b,
  0xef,0x7b,0xcf,0x7b,0x10,0x84,0xef,0x7b,0x28,0x42,0x45,0x29,0xa6,0x31,0xa6,0x31,
  0xa6,0x31,0xa6,0x31,0xa6,0x39,0xc6,0x39,0xc7,0x39,0xe7,0x39,0x28,0x42,0x48,0x4a,
  0x69,0x52,0x69,0x4a,0x48,0x4a,0xef,0x7b,0xb2,0x94,0x71,0x94,0x91,0x94,0x91,0x94,
  0x91,0x94,0x92,0x94,0xb2,0x94,0xb2,0x94,0xb2,0x9c,0xb2,0x9c,0xb2,0x9c,0xd2,0x9c,
  0xd2,0x9c,0xd2,0x9c,0x13,0xa5,0x50,0x8c,0x2b,0x63,0xca,0x5a,0x2b,0x6b,0x71,0x94,
  0xf3,0xa4,0xd2,0x9c,0xb2,0x9c,0xb2,0x9c,0xb2,0x9c,0xb2,0x94,0xb2,0x94,0x91,0x94,
  0x91,0x94,0x91,0x94,0x71,0x94,0x71,0x8c,0x91,0x94,0xef,0x7b,0x28,0x4a,0x28,0x42,
  0x48,0x4a,0x28,0x42,0x08,0x42,0x07,0x42,0xe7,0x41,0xe7,0x39,0xc7,0x39,0xa6,0x31,
  0x65,0x29,0x45,0x29,0x24,0x21,0x04,0x21,0x04,0x21,0xe3,0x18,0x04,0x19,0xc3,0x18,
  0x24,0x21,0x4d,0x6b,0x10,0x84,0xcf,0x7b,0xcf,0x7b,0xcf,0x7b,0xcf,0x7b,0xcf,0x7b,
  0xcf,0x7b,0xcf,0x7b,0xcf,0x7b,0xcf,0x7b,0xcf,0x7b,0xcf,0x7b,0xcf,0x7b,0xcf,0x7b,
  0xcf,0x7b,0xcf,0x7b,0xcf,0x7b,0xcf,0x7b,0xcf,0x7b,0xcf,0x7b,0xcf,0x7b,0xcf,0x7b,
  0xcf,0x7b,0xcf,0x7b,0xce,0x73,0xce,0x73,0xce,0x73,0xce,0x73,0xae,0x73,0xae,0x73,
  0xae,0x73,0xae,0x73,0xae,0x73,0xae,0x73,0xae,0x73,0xce,0x73,0xce,0x73,0xae,0x73,
  0xae,0x73,0xae,0x73,0xae,0x73,0xae,0x73,0xae,0x73,0xae,0x73,0xae,0x73,0xae,0x73,
  0xae,0x73,0xae,0x73,0xae,0x73,0xae,0x73,0xae,0x73,0xae,0x73,0xae,0x73,0xae,0x73,
  0xae,0x73,0xae,0x73,0xae,0x73,0xae,0x73,0xae,0x73,0xce,0x7b,0xae,0x73,0xae,0x73,
  0xef,0x7b,0xef,0x7b,0xef,0x7b,0xef,0x7b,0xef,0x7b,0xef,0x7b,0xcf,0x7b,0xcf,0x7b,
  0xcf,0x7b,0xcf,0x7b,0xcf,0x7b,0xcf,0x7b,0xcf,0x7b,0xcf,0x7b,0xcf,0x7b,0xcf,0x7b,
  0xcf,0x7b,0xcf,0x7b,0xcf,0x7b,0xcf,0x7b,0xcf,0x7b,0xcf,0x7b,0xcf,0x7b,0xcf,0x7b,
  0xcf,0x7b,0xcf,0x7b,0xcf,0x7b,0xcf,0x7b,0xcf,0x7b,0xcf,0x7b,0xcf,0x7b,0xcf,0x7b,
  0xcf,0x7b,0xcf,0x7b,0xcf,0x7b,0xcf,0x7b,0xcf,0x7b,0xcf,0x7b,0xcf,0x7b,0xcf,0x7b,
  0xcf,0x7b,0xcf,0x7b,0xcf,0x7b,0xcf,0x7b,0xcf,0x7b,0xcf,0x7b,0xcf,0x7b,0xcf,0x7b,
  0xcf,0x7b,0xcf,0x7b,0xcf,0x7b,0xcf,0x7b,0xcf,0x7b,0xcf,0x7b,0xcf,0x7b,0xcf,0x7b,
  0xcf,0x7b,0xcf,0x7b,0xcf,0x7b,0xef,0x7b,0xef,0x7b,0xef,0x7b,0xef,0x7b,0xef,0x7b,
  0xef,0x7b,0xef,0x7b,0xef,0x7b,0x10,0x84,0x10,0x84,0x69,0x4a,0x65,0x29,0xa6,0x31,
  0xa6,0x39,0xc6,0x39,0xc7,0x39,0xc7,0x39,0xe7,0x39,0xe7,0x41,0x07,0x42,0x48,0x4a,
  0x69,0x4a,0x89,0x52,0x89,0x52,0x69,0x52,0xcf,0x7b,0xd2,0x9c,0x91,0x94,0xb2,0x94,
  0xb2,0x94,0xb2,0x9c,0xb2,0x9c,0xd2,0x9c,0xd2,0x9c,0xd2,0x9c,0xd2,0x9c,0xd3,0x9c,
  0xf3,0xa4,0x91,0x94,0x0f,0x84,0x6c,0x73,0xea,0x5a,0xca,0x5a,0xca,0x5a,0x6c,0x73,
  0x0f,0x84,0xb2,0x9c,0xf3,0xa4,0xd2,0x9c,0xd2,0x9c,0xd2,0x9c,0xb2,0x9c,0xb2,0x9c,
  0xb2,0x94,0x91,0x94,0x91,0x94,0xb2,0x9c,0xce,0x7b,0x48,0x4a,0x48,0x4a,0x69,0x4a,
  0x48,0x4a,0x48,0x4a,0x28,0x42,0x28,0x42,0x07,0x42,0xe7,0x39,0xc6,0x39,0x86,0x31,
  0x65,0x29,0x44,0x29,0x24,0x21,0x04,0x21,0x04,0x21,0x04,0x21,0xc3,0x18,0x86,0x31,
  0xae,0x73,0x0f,0x84,0xcf,0x7b,0xcf,0x7b,0xcf,0x7b,0xcf,0x7b,0xcf,0x7b,0xcf,0x7b,
  0xcf,0x7b,0xcf,0x7b,0xcf,0x7b,0xcf,0x7b,0xcf,0x7b,0xcf,0x7b,0xcf,0x7b,0xcf,0x7b,
  0xcf,0x7b,0xcf,0x7b,0xcf,0x7b,0xcf,0x7b,0xcf,0x7b,0xcf,0x7b,0xcf,0x7b,0xcf,0x7b,
  0xcf,0x7b,0xcf,0x7b,0xcf,0x7b,0xcf,0x7b,0xce,0x73,0xce,0x73,0xce,0x73,0xce,0x73,
  0xce,0x73,0xce,0x73,0xce,0x73,0xce,0x73,0xce,0x73,0xce,0x73,0xce,0x73,0xcf,0x7b,
  0xcf,0x7b,0xce,0x73,0xce,0x73,0xce,0x73,0xce,0x73,0xae,0x73,0xae,0x73,0xce,0x7b,
  0xce,0x7b,0xce,0x7b,0xce,0x7b,0xae,0x73,0xae,0x73,0xae,0x73,0xae,0x73,0xae,0x73,
  0xae,0x73,0xae,0x73,0xae,0x73,0xae,0x73,0xae,0x73,0xae,0x73,0xae,0x73,0xae,0x73,
  0xef,0x7b,0xef,0x7b,0xef,0x7b,0xef,0x7b,0xef,0x7b,0xef,0x7b,0xcf,0x7b,0xcf,0x7b,
  0xcf,0x7b,0xcf,0x7b,0xcf,0x7b,0xcf,0x7b,0xcf,0x7b,0xcf,0x7b,0xcf,0x7b,0xcf,0x7b,
  0xcf,0x7b,0xcf,0x7b,0xcf,0x7b,0xaf,0x73,0xcf,0x7b,0xcf,0x7b,0xcf,0x7b,0xcf,0x7b,
  0xcf,0x7b,0xcf,0x7b,0xcf,0x7b,0xcf,0x7b,0xcf,0x7b,0xcf,0x7b,0xcf,0x7b,0xcf,0x7b,
  0xcf,0x7b,0xcf,0x7b,0xcf,0x7b,0xcf,0x7b,0xcf,0x7b,0xcf,0x7b,0xcf,0x7b,0xcf,0x7b,
  0xcf,0x7b,0xcf,0x7b,0xcf,0x7b,0xcf,0x7b,0xcf,0x7b,0xcf,0x7b,0xcf,0x7b,0xcf,0x7b,
  0xcf,0x7b,0xcf,0x7b,0xcf,0x7b,0xcf,0x7b,0xcf,0x7b,0xcf,0x7b,0xcf,0x7b,0xcf,0x7b,
  0xcf,0x7b,0xcf,0x7b,0xef,0x7b,0xef,0x7b,0xef,0x7b,0xef,0x7b,0xef,0x7b,0xef,0x7b,
  0xef,0x7b,0xef,0x7b,0xef,0x7b,0xf0,0x7b,0x10,0x84,0x30,0x84,0xcb,0x5a,0x86,0x31,
  0xc6,0x39,0xc7,0x39,0xe7,0x39,0xe7,0x39,0xe7,0x41,0x07,0x42,0x08,0x42,0x28,0x4a,
  0x69,0x52,0x89,0x52,0xaa,0x5a,0xca,0x5a,0x89,0x52,0xce,0x7b,0xd3,0x9c,0xb2,0x9c,
  0xd2,0x9c,0xd2,0x9c,0xd2,0x9c,0xf2,0x9c,0xf3,0xa4,0xf3,0xa4,0xf3,0xa4,0xf3,0xa4,
  0xce,0x7b,0x0a,0x63,0x2b,0x6b,0x0b,0x6b,0xea,0x62,0xca,0x62,0xca,0x62,0xea,0x62,
  0x2b,0x6b,0x2b,0x6b,0x2f,0x8c,0x13,0xa5,0xf2,0x9c,0xd2,0x9c,0xd2,0x9c,0xd2,0x9c,
  0xd2,0x9c,0xb2,0x9c,0xd2,0x9c,0xce,0x7b,0x69,0x52,0x89,0x52,0x89,0x52,0x69,0x52,
  0x69,0x4a,0x48,0x4a,0x48,0x4a,0x28,0x4a,0x07,0x42,0xc7,0x39,0xa6,0x31,0x85,0x31,
  0x65,0x29,0x44,0x29,0x24,0x21,0x24,0x21,0x24,0x21,0xe3,0x18,0x08,0x42,0xef,0x7b,
  0xef,0x7b,0xcf,0x7b,0xef,0x7b,0xcf,0x7b,0xcf,0x7b,0xcf,0x7b,0xcf,0x7b,0xcf,0x7b,
  0xcf,0x7b,0xcf,0x7b,0xcf,0x7b,0xcf,0x7b,0xcf,0x7b,0xcf,0x7b,0xcf,0x7b,0xcf,0x7b,
  0xcf,0x7b,0xcf,0x7b,0xcf,0x7b,0xcf,0x7b,0xcf,0x7b,0xcf,0x7b,0xcf,0x7b,0xcf,0x7b,
  0xcf,0x7b,0xcf,0x7b,0xcf,0x7b,0xcf,0x7b,0xce,0x73,0xce,0x73,0xce,0x73,0xce,0x73,
  0xce,0x73,0xce,0x73,0xce,0x73,0xce,0x73,0xce,0x73,0xce,0x73,0xce,0x73,0xcf,0x7b,
  0xcf,0x7b,0xce,0x73,0xce,0x73,0xce,0x73,0xce,0x73,0xae,0x73,0xae,0x73,0xce,0x7b,
  0xce,0x7b,0xce,0x7b,0xce,0x7b,0xae,0x73,0xae,0x73,0xae,0x73,0xae,0x73,0xae,0x73,
  0xae,0x73,0xae,0x73,0xae,0x73,0xae,0x73,0xae,0x73,0xae,0x73,0xae,0x73,0xae,0x73,
  0xcf,0x7b,0xcf,0x7b,0xef,0x7b,0xef,0x7b,0xef,0x7b,0xef,0x7b,0xef,0x7b,0xef,0x7b,
  0xef,0x7b,0xef,0x7b,0xef,0x7b,0xef,0x7b,0xcf,0x7b,0xcf,0x7b,0xcf,0x7b,0xcf,0x7b,
  0xcf,0x7b,0xcf,0x7b,0xcf,0x7b,0xcf,0x7b,0xcf,0x7b,0xcf,0x7b,0xcf,0x7b,0xcf,0x7b,
  0xcf,0x7b,0xcf,0x7b,0xcf,0x7b,0xcf,0x7b,0xcf,0x7b,0xcf,0x7b,0xcf,0x7b,0xcf,0x7b,
  0xcf,0x7b,0xcf,0x7b,0xcf,0x7b,0xcf,0x7b,0xcf,0x7b,0xcf,0x7b,0xcf,0x7b,0xcf,0x7b,
  0xcf,0x7b,0xcf,0x7b,0xcf,0x7b,0xcf,0x7b,0xcf,0x7b,0xcf,0x7b,0xcf,0x7b,0xcf,0x7b,
  0xcf,0x7b,0xcf,0x7b,0xcf,0x7b,0xcf,0x7b,0xcf,0x7b,0xcf,0x7b,0xcf,0x7b,0xcf,0x7b,
  0xcf,0x7b,0xcf,0x7b,0xef,0x7b,0xef,0x7b,0xef,0x7b,0xef,0x7b,0xef,0x7b,0xef,0x7b,
  0xef,0x7b,0xef,0x7b,0xf0,0x83,0x10,0x84,0x10,0x84,0x10,0x84,0x51,0x8c,0x2c,0x63,
  0xc6,0x39,0xe7,0x39,0xe7,0x41,0x07,0x42,0x08,0x42,0x28,0x42,0x28,0x4a,0x48,0x4a,
  0x69,0x52,0x89,0x52,0xca,0x5a,0xea,0x5a,0xeb,0x62,0xca,0x5a,0xee,0x7b,0x13,0xa5,
  0xd2,0x9c,0xf3,0x9c,0xf3,0xa4,0xf3,0xa4,0xf3,0xa4,0x13,0xa5,0x34,0xad,0x91,0x94,
  0x0b,0x63,0x4b,0x6b,0x8d,0x73,0x6c,0x73,0x2b,0x6b,0x0b,0x6b,0x0b,0x6b,0x2b,0x6b,
  0x8d,0x73,0x4c,0x6b,0x2b,0x6b,0xb2,0x9c,0x13,0xa5,0xf3,0xa4,0xf3,0xa4,0xf2,0x9c,
  0xd2,0x9c,0xf3,0xa4,0xce,0x7b,0x89,0x52,0xca,0x5a,0xaa,0x5a,0x89,0x52,0x89,0x52,
  0x89,0x52,0x69,0x52,0x48,0x4a,0x28,0x4a,0x07,0x42,0xc6,0x39,0xa6,0x31,0x65,0x31,
  0x45,0x29,0x45,0x29,0x44,0x29,0x24,0x21,0x03,0x21,0x8a,0x52,0x10,0x84,0xef,0x7b,
  0xcf,0x7b,0xef,0x7b,0xcf,0x7b,0xcf,0x7b,0xcf,0x7b,0xcf,0x7b,0xcf,0x7b,0xcf,0x7b,
  0xcf,0x7b,0xcf,0x7b,0xcf,0x7b,0xcf,0x7b,0xcf,0x7b,0xcf,0x7b,0xcf,0x7b,0xcf,0x7b,
  0xcf,0x7b,0xcf,0x7b,0xcf,0x7b,0xcf,0x7b,0xcf,0x7b,0xcf,0x7b,0xcf,0x7b,0xcf,0x7b,
  0xce,0x73,0xce,0x73,0xcf,0x7b,0xcf,0x7b,0xce,0x73,0xce,0x73,0xce,0x73,0xce,0x73,
  0xce,0x73,0xce,0x73,0xce,0x73,0xce,0x73,0xce,0x73,0xce,0x73,0xce,0x73,0xce,0x73,
  0xce,0x73,0xce,0x7b,0xcf,0x7b,0xcf,0x7b,0xcf,0x7b,0xce,0x7b,0xce,0x7b,0xcf,0x7b,
  0xcf,0x7b,0xcf,0x7b,0xcf,0x7b,0xaf,0x7b,0xaf,0x7b,0xaf,0x7b,0xaf,0x7b,0xae,0x7b,
  0xae,0x7b,0xae,0x73,0xae,0x73,0xae,0x73,0xae,0x73,0xcf,0x7b,0xcf,0x7b,0xef,0x7b,
  0x10,0x84,0x10,0x84,0xf0,0x7b,0xef,0x7b,0xcf,0x7b,0xcf,0x7b,0xcf,0x7b,0xcf,0x7b,
  0xcf,0x7b,0xcf,0x7b,0xef,0x7b,0xef,0x7b,0xcf,0x7b,0xcf,0x7b,0xcf,0x7b,0xcf,0x7b,
  0xcf,0x7b,0xcf,0x7b,0xcf,0x7b,0xcf,0x7b,0xcf,0x7b,0xcf,0x7b,0xcf,0x7b,0xcf,0x7b,
  0xcf,0x7b,0xcf,0x7b,0xcf,0x7b,0xcf,0x7b,0xcf,0x7b,0xcf,0x7b,0xcf,0x7b,0xcf,0x7b,
  0xcf,0x7b,0xcf,0x7b,0xcf,0x7b,0xcf,0x7b,0xcf,0x7b,0xcf,0x7b,0xcf,0x7b,0xcf,0x7b,
  0xcf,0x7b,0xcf,0x7b,0xcf,0x7b,0xcf,0x7b,0xcf,0x7b,0xcf,0x7b,0xcf,0x7b,0xcf,0x7b,
  0xcf,0x7b,0xcf,0x7b,0xcf,0x7b,0xcf,0x7b,0xcf,0x7b,0xcf,0x7b,0xcf,0x7b,0xcf,0x7b,
  0xcf,0x7b,0xef,0x7b,0xef,0x7b,0xef,0x7b,0xef,0x7b,0xef,0x7b,0xef,0x7b,0xef,0x7b,
  0xef,0x7b,0xf0,0x83,0x10,0x84,0x10,0x84,0x10,0x84,0x10,0x84,0x10,0x84,0x51,0x8c,
  0x8e,0x73,0x07,0x42,0xe7,0x41,0x28,0x42,0x28,0x4a,0x48,0x4a,0x48,0x4a,0x69,0x52,
  0x89,0x52,0x89,0x52,0xca,0x5a,0xeb,0x62,0x0b,0x63,0x2b,0x6b,0x0b,0x63,0xee,0x83,
  0x13,0xa5,0x13,0xa5,0x13,0xa5,0x34,0xad,0x54,0xad,0x33,0xad,0x54,0xad,0x91,0x94,
  0x4c,0x73,0x6c,0x73,0xad,0x7b,0x8d,0x7b,0x4b,0x73,0x4b,0x6b,0x4b,0x6b,0x6c,0x73,
  0xad,0x7b,0x8d,0x73,0x6c,0x73,0xb2,0x9c,0x34,0xad,0x13,0xa5,0x33,0xa5,0x13,0xa5,
  0x13,0xa5,0xce,0x7b,0xca,0x5a,0x0b,0x63,0xea,0x62,0xca,0x5a,0xca,0x5a,0xaa,0x5a,
  0xa9,0x52,0x89,0x52,0x48,0x4a,0x07,0x42,0xe7,0x41,0xc6,0x39,0xa6,0x31,0x85,0x31,
  0x65,0x31,0x65,0x29,0x44,0x29,0x44,0x29,0x0b,0x63,0x30,0x84,0xef,0x7b,0xef,0x7b,
  0xef,0x7b,0xef,0x7b,0xcf,0x7b,0xcf,0x7b,0xcf,0x7b,0xcf,0x7b,0xcf,0x7b,0xcf,0x7b,
  0xcf,0x7b,0xcf,0x7b,0xcf,0x7b,0xcf,0x7b,0xcf,0x7b,0xcf,0x7b,0xcf,0x7b,0xcf,0x7b,
  0xcf,0x7b,0xcf,0x7b,0xcf,0x7b,0xcf,0x7b,0xcf,0x7b,0xcf,0x7b,0xcf,0x7b,0xcf,0x7b,
  0xcf,0x7b,0xcf,0x7b,0xcf,0x7b,0xcf,0x7b,0xce,0x73,0xce,0x73,0xce,0x73,0xce,0x73,
  0xce,0x73,0xce,0x73,0xce,0x73,0xce,0x73,0xce,0x73,0xce,0x73,0xce,0x73,0xce,0x73,
  0xce,0x73,0xce,0x7b,0xcf,0x7b,0xcf,0x7b,0xcf,0x7b,0xcf,0x7b,0xcf,0x7b,0xcf,0x7b,
  0xce,0x7b,0xaf,0x73,0xae,0x73,0xae,0x73,0xae,0x73,0xaf,0x7b,0xcf,0x7b,0xcf,0x7b,
  0xef,0x7b,0xef,0x7b,0xef,0x7b,0xef,0x7b,0xcf,0x7b,0xae,0x73,0x4d,0x6b,0x0c,0x63,
  0xcb,0x5a,0x2d,0x63,0x8e,0x73,0xcf,0x7b,0x10,0x7c,0x10,0x84,0x10,0x84,0x10,0x84,
  0x10,0x84,0xef,0x7b,0xef,0x7b,0xcf,0x7b,0xcf,0x7b,0xcf,0x7b,0xcf,0x7b,0xcf,0x7b,
  0xcf,0x7b,0xcf,0x7b,0xcf,0x7b,0xcf,0x7b,0xcf,0x7b,0xcf,0x7b,0xcf,0x7b,0xef,0x7b,
  0xcf,0x7b,0xcf,0x7b,0xcf,0x7b,0xcf,0x7b,0xcf,0x7b,0xcf,0x7b,0xcf,0x7b,0xcf,0x7b,
  0xcf,0x7b,0xcf,0x7b,0xcf,0x7b,0xcf,0x7b,0xcf,0x7b,0xef,0x7b,0xef,0x7b,0xcf,0x7b,
  0xcf,0x7b,0xcf,0x7b,0xcf,0x7b,0xcf,0x7b,0xcf,0x7b,0xcf,0x7b,0xcf,0x7b,0xcf,0x7b,
  0xcf,0x7b,0xcf,0x7b,0xcf,0x7b,0xcf,0x7b,0xcf,0x7b,0xcf,0x7b,0xcf,0x7b,0xcf,0x7b,
  0xef,0x7b,0xef,0x7b,0xef,0x7b,0xef,0x7b,0xef,0x7b,0xef,0x7b,0xef,0x7b,0xef,0x7b,
  0xef,0x83,0x10,0x84,0x10,0x84,0x10,0x84,0x10,0x84,0x30,0x84,0x30,0x84,0x30,0x84,
  0x71,0x8c,0xef,0x7b,0x48,0x4a,0x07,0x42,0x48,0x4a,0x69,0x4a,0x69,0x52,0x89,0x52,
  0xa9,0x52,0xaa,0x5a,0xca,0x5a,0xeb,0x62,0x2b,0x6b,0x4c,0x6b,0x6c,0x73,0x4b,0x6b,
  0x0f,0x84,0x34,0xad,0x34,0xad,0xb2,0x9c,0x70,0x94,0x13,0xa5,0x75,0xb5,0x90,0x94,
  0x8c,0x7b,0xad,0x7b,0xad,0x7b,0x8c,0x7b,0x8c,0x73,0x8c,0x73,0x8c,0x73,0x8c,0x73,
  0xad,0x7b,0xad,0x7b,0x8c,0x7b,0x91,0x9c,0x74,0xb5,0x34,0xad,0xb2,0x9c,0xd2,0x9c,
  0xce,0x7b,0x0a,0x63,0x2b,0x6b,0x0b,0x63,0x0b,0x63,0xeb,0x62,0xea,0x62,0xca,0x5a,
  0xaa,0x5a,0x89,0x52,0x48,0x4a,0x28,0x42,0xe7,0x41,0xc6,0x39,0xa6,0x39,0xa6,0x31,
  0x86,0x31,0x45,0x29,0x86,0x31,0x8d,0x73,0x50,0x8c,0xef,0x7b,0x0f,0x84,0xef,0x7b,
  0xef,0x7b,0xef,0x7b,0xef,0x7b,0xcf,0x7b,0xcf,0x7b,0xcf,0x7b,0xcf,0x7b,0xcf,0x7b,
  0xcf,0x7b,0xcf,0x7b,0xcf,0x7b,0xcf,0x7b,0xcf,0x7b,0xcf,0x7b,0xcf,0x7b,0xcf,0x7b,
  0xcf,0x7b,0xcf,0x7b,0xcf,0x7b,0xcf,0x7b,0xcf,0x7b,0xcf,0x7b,0xcf,0x7b,0xcf,0x7b,
  0xcf,0x7b,0xcf,0x7b,0xcf,0x7b,0xcf,0x7b,0xcf,0x7b,0xcf,0x7b,0xcf,0x7b,0xcf,0x7b,
  0xcf,0x7b,0xcf,0x7b,0xcf,0x7b,0xcf,0x7b,0xcf,0x7b,0xcf,0x7b,0xcf,0x7b,0xcf,0x7b,
  0xce,0x73,0xce,0x7b,0xae,0x73,0xae,0x73,0xae,0x73,0xae,0x73,0xce,0x7b,0xcf,0x7b,
  0xcf,0x7b,0xef,0x7b,0xef,0x7b,0xf0,0x7b,0xef,0x7b,0xcf,0x7b,0xae,0x73,0x6d,0x6b,
  0x0c,0x63,0xaa,0x52,0x49,0x4a,0xe7,0x39,0xa6,0x31,0x65,0x29,0x24,0x21,0x04,0x21,
  0x24,0x21,0x24,0x21,0x45,0x29,0x86,0x31,0xc7,0x39,0x28,0x42,0x8a,0x4a,0xeb,0x5a,
  0x4d,0x6b,0xae,0x73,0xef,0x7b,0x10,0x84,0x10,0x84,0x10,0x84,0x10,0x84,0xf0,0x7b,
  0xef,0x7b,0xcf,0x7b,0xcf,0x7b,0xcf,0x7b,0xcf,0x7b,0xcf,0x7b,0xcf,0x7b,0xcf,0x7b,
  0xcf,0x7b,0xcf,0x7b,0xcf,0x7b,0xcf,0x7b,0xcf,0x7b,0xcf,0x7b,0xcf,0x7b,0xcf,0x7b,
  0xcf,0x7b,0xcf,0x7b,0xcf,0x7b,0xef,0x7b,0xef,0x7b,0xef,0x7b,0xef,0x7b,0xcf,0x7b,
  0xcf,0x7b,0xcf,0x7b,0xcf,0x7b,0xcf,0x7b,0xcf,0x7b,0xef,0x7b,0xef,0x7b,0xef,0x7b,
  0xef,0x7b,0xcf,0x7b,0xcf,0x7b,0xcf,0x7b,0xcf,0x7b,0xcf,0x7b,0xcf,0x7b,0xef,0x7b,
  0xef,0x7b,0xef,0x7b,0xef,0x7b,0xef,0x7b,0xef,0x7b,0xef,0x7b,0xef,0x7b,0xef,0x7b,
  0x10,0x84,0x10,0x84,0x10,0x84,0x10,0x84,0x30,0x84,0x30,0x84,0x30,0x84,0x50,0x8c,
  0x50,0x8c,0x71,0x94,0x30,0x84,0xaa,0x52,0x48,0x4a,0x89,0x52,0x89,0x52,0xa9,0x5a,
  0xca,0x5a,0xea,0x5a,0xea,0x62,0x0b,0x63,0x2b,0x6b,0x6c,0x73,0x8d,0x73,0xad,0x7b,
  0x6c,0x73,0x0f,0x84,0x0e,0x84,0x8c,0x73,0x6b,0x73,0xad,0x7b,0xee,0x83,0xcd,0x7b,
  0xee,0x83,0xee,0x83,0xcd,0x83,0xcd,0x7b,0xcd,0x7b,0xad,0x7b,0xad,0x7b,0xad,0x7b,
  0xad,0x7b,0xcd,0x7b,0xcd,0x83,0xad,0x7b,0xee,0x83,0xcd,0x7b,0x4c,0x73,0x6c,0x73,
  0x4b,0x6b,0x6c,0x73,0x4c,0x6b,0x4b,0x6b,0x2b,0x6b,0x0b,0x63,0x0b,0x63,0xea,0x62,
  0xca,0x5a,0x89,0x52,0x68,0x4a,0x28,0x4a,0x07,0x42,0xe7,0x41,0xc6,0x39,0xc6,0x39,
  0x65,0x31,0x07,0x42,0xef,0x7b,0x50,0x8c,0x0f,0x84,0x10,0x84,0x0f,0x84,0x0f,0x7c,
  0xef,0x7b,0xef,0x7b,0xef,0x7b,0xef,0x7b,0xcf,0x7b,0xcf,0x7b,0xcf,0x7b,0xcf,0x7b,
  0xcf,0x7b,0xcf,0x7b,0xcf,0x7b,0xcf,0x7b,0xcf,0x7b,0xcf,0x7b,0xcf,0x7b,0xcf,0x7b,
  0xcf,0x7b,0xcf,0x7b,0xcf,0x7b,0xcf,0x7b,0xcf,0x7b,0xcf,0x7b,0xcf,0x7b,0xcf,0x7b,
  0xcf,0x7b,0xcf,0x7b,0xcf,0x7b,0xcf,0x7b,0xcf,0x7b,0xcf,0x7b,0xcf,0x7b,0xcf,0x7b,
  0xcf,0x7b,0xcf,0x7b,0xce,0x73,0xce,0x73,0xae,0x73,0xae,0x73,0xae,0x73,0xce,0x73,
  0xcf,0x7b,0xcf,0x7b,0xef,0x7b,0xef,0x7b,0xef,0x7b,0xef,0x7b,0xcf,0x7b,0xae,0x73,
  0x6d,0x6b,0x0c,0x63,0xaa,0x52,0x49,0x4a,0xe7,0x39,0xa6,0x31,0x65,0x29,0x24,0x21,
  0x04,0x21,0x04,0x21,0x04,0x21,0x24,0x21,0x24,0x21,0x45,0x29,0x45,0x29,0x65,0x29,
  0x65,0x29,0x65,0x29,0x65,0x29,0x65,0x29,0x45,0x29,0x25,0x21,0x24,0x21,0x24,0x21,
  0x45,0x21,0x45,0x29,0x86,0x31,0x08,0x3a,0x49,0x4a,0xaa,0x52,0x0c,0x63,0x6d,0x6b,
  0xae,0x73,0xef,0x7b,0x10,0x84,0x10,0x84,0x10,0x84,0x10,0x84,0xef,0x7b,0xef,0x7b,
  0xcf,0x7b,0xcf,0x7b,0xcf,0x7b,0xcf,0x7b,0xcf,0x7b,0xcf,0x7b,0xcf,0x7b,0xcf,0x7b,
  0xef,0x7b,0xef,0x7b,0xef,0x7b,0xef,0x7b,0xef,0x7b,0xef,0x7b,0xef,0x7b,0xcf,0x7b,
  0xcf,0x7b,0xcf,0x7b,0xcf,0x7b,0xcf,0x7b,0xcf,0x7b,0xcf,0x7b,0xef,0x7b,0xcf,0x7b,
  0xcf,0x7b,0xcf,0x7b,0xcf,0x7b,0xcf,0x7b,0xcf,0x7b,0xcf,0x7b,0xcf,0x7b,0xef,0x7b,
  0xef,0x7b,0xef,0x7b,0xef,0x7b,0xef,0x7b,0xef,0x7b,0xef,0x7b,0xef,0x7b,0x10,0x84,
  0x10,0x84,0x10,0x84,0x10,0x84,0x30,0x84,0x30,0x84,0x30,0x8c,0x50,0x8c,0x51,0x8c,
  0x51,0x8c,0x71,0x8c,0x91,0x94,0x71,0x94,0x0b,0x63,0x69,0x52,0xaa,0x5a,0xca,0x5a,
  0xea,0x62,0xea,0x62,0x0b,0x6b,0x2b,0x6b,0x4b,0x6b,0x6c,0x73,0x8d,0x7b,0xad,0x7b,
  0xcd,0x7b,0xad,0x7b,0xad,0x7b,0xee,0x83,0x8c,0x7b,0xac,0x7b,0xee,0x83,0x0e,0x8c,
  0x0e,0x8c,0x0e,0x8c,0x0e,0x84,0x0e,0x84,0xee,0x83,0xed,0x83,0xed,0x83,0xed,0x83,
  0xed,0x83,0xed,0x83,0xee,0x83,0xee,0x83,0xcd,0x83,0x8c,0x7b,0xad,0x7b,0x8d,0x7b,
  0x8c,0x7b,0x8c,0x73,0x6c,0x73,0x4c,0x73,0x4c,0x6b,0x2b,0x6b,0x2b,0x6b,0xea,0x62,
  0xca,0x5a,0x89,0x52,0x68,0x52,0x48,0x4a,0x27,0x42,0x07,0x42,0xe7,0x41,0xa5,0x31,
  0x89,0x52,0x30,0x8c,0x50,0x8c,0x30,0x84,0x30,0x84,0x10,0x84,0x10,0x84,0x0f,0x84,
  0xef,0x7b,0xef,0x7b,0xef,0x7b,0xef,0x7b,0xcf,0x7b,0xcf,0x7b,0xcf,0x7b,0xcf,0x7b,
  0xcf,0x7b,0xcf,0x7b,0xcf,0x7b,0xcf,0x7b,0xcf,0x7b,0xcf,0x7b,0xcf,0x7b,0xcf,0x7b,
  0xcf,0x7b,0xcf,0x7b,0xcf,0x7b,0xcf,0x7b,0xcf,0x7b,0xcf,0x7b,0xcf,0x7b,0xcf,0x7b,
  0xcf,0x7b,0xcf,0x7b,0xcf,0x7b,0xce,0x7b,0xae,0x73,0xae,0x73,0xae,0x73,0xae,0x73,
  0xce,0x73,0xcf,0x7b,0xcf,0x7b,0xef,0x7b,0xef,0x7b,0xf0,0x7b,0xef,0x7b,0xcf,0x7b,
  0xcf,0x73,0x6d,0x6b,0x0c,0x63,0xab,0x52,0x69,0x4a,0x08,0x3a,0xa6,0x31,0x45,0x29,
  0x24,0x21,0x04,0x21,0x04,0x21,0x04,0x21,0x24,0x21,0x24,0x21,0x45,0x29,0x45,0x29,
  0x65,0x29,0x65,0x29,0x65,0x29,0x45,0x29,0x45,0x29,0x45,0x29,0x45,0x21,0x45,0x21,
  0x45,0x29,0x45,0x29,0x45,0x29,0x45,0x29,0x45,0x29,0x45,0x29,0x65,0x29,0x65,0x29,
  0x65,0x29,0x65,0x29,0x45,0x29,0x45,0x29,0x45,0x21,0x24,0x21,0x24,0x21,0x45,0x29,
  0x65,0x29,0xa6,0x31,0x08,0x3a,0x49,0x4a,0xcb,0x5a,0x2c,0x63,0x8e,0x73,0xcf,0x7b,
  0x10,0x7c,0x10,0x84,0x10,0x84,0x10,0x84,0x10,0x7c,0xef,0x7b,0xef,0x7b,0xcf,0x7b,
  0xcf,0x7b,0xcf,0x7b,0xcf,0x7b,0xcf,0x7b,0xcf,0x7b,0xef,0x7b,0xef,0x7b,0xcf,0x7b,
  0xcf,0x7b,0xcf,0x7b,0xcf,0x7b,0xcf,0x7b,0xcf,0x7b,0xef,0x7b,0xcf,0x7b,0xcf,0x7b,
  0xcf,0x7b,0xcf,0x7b,0xcf,0x7b,0xcf,0x7b,0xcf,0x7b,0xcf,0x7b,0xcf,0x7b,0xef,0x7b,
  0xef,0x7b,0xef,0x7b,0xef,0x7b,0xef,0x7b,0xef,0x7b,0xef,0x7b,0xef,0x83,0x10,0x84,
  0x10,0x84,0x10,0x84,0x10,0x84,0x30,0x84,0x30,0x8c,0x30,0x8c,0x51,0x8c,0x51,0x8c,
  0x71,0x8c,0x71,0x94,0x91,0x94,0x92,0x94,0xb2,0x9c,0x6d,0x73,0xa9,0x5a,0x0b,0x63,
  0x0b,0x63,0x2b,0x6b,0x4b,0x6b,0x4c,0x73,0x6c,0x73,0x6c,0x73,0x8c,0x7b,0xcd,0x7b,
  0xed,0x83,0xee,0x83,0xee,0x83,0x0e,0x84,0xcd,0x83,0x0e,0x8c,0x4f,0x94,0x6f,0x94,
  0x4f,0x94,0x4f,0x94,0x4f,0x8c,0x2f,0x8c,0x2e,0x8c,0x2e,0x8c,0x2e,0x8c,0x2e,0x8c,
  0x2e,0x8c,0x2e,0x8c,0x2e,0x8c,0x4f,0x8c,0x4f,0x94,0x0e,0x84,0xed,0x83,0xcd,0x83,
  0xcd,0x7b,0xad,0x7b,0x8c,0x7b,0x6c,0x73,0x6c,0x73,0x4c,0x6b,0x2b,0x6b,0xea,0x62,
  0xca,0x5a,0xa9,0x5a,0x89,0x52,0x68,0x4a,0x48,0x4a,0x27,0x4a,0xe6,0x39,0x0b,0x63,
  0x71,0x94,0x51,0x8c,0x50,0x8c,0x30,0x8c,0x30,0x84,0x30,0x84,0x10,0x84,0x10,0x84,
  0x0f,0x84,0xef,0x83,0xef,0x7b,0xef,0x7b,0xef,0x7b,0xcf,0x7b,0xcf,0x7b,0xcf,0x7b,
  0xcf,0x7b,0xcf,0x7b,0xcf,0x7b,0xcf,0x7b,0xcf,0x7b,0xcf,0x7b,0xcf,0x7b,0xcf,0x7b,
  0xcf,0x7b,0xcf,0x7b,0xcf,0x7b,0xcf,0x7b,0xce,0x7b,0xae,0x7b,0xae,0x73,0xae,0x73,
  0xae,0x73,0xce,0x7b,0xcf,0x7b,0xcf,0x7b,0xef,0x7b,0xef,0x7b,0xef,0x7b,0xef,0x7b,
  0xef,0x7b,0xae,0x73,0x6d,0x6b,0x2c,0x63,0xeb,0x5a,0x69,0x4a,0x08,0x3a,0xc7,0x39,
  0x66,0x29,0x25,0x21,0x04,0x21,0x24,0x21,0x04,0x21,0x24,0x21,0x45,0x29,0x45,0x29,
  0x45,0x29,0x65,0x29,0x65,0x29,0x65,0x29,0x65,0x29,0x45,0x29,0x45,0x29,0x45,0x29,
  0x45,0x29,0x45,0x21,0x24,0x21,0x24,0x21,0x24,0x21,0x24,0x21,0x04,0x21,0x04,0x21,
  0x24,0x21,0x24,0x21,0x45,0x29,0x45,0x29,0x45,0x29,0x45,0x29,0x45,0x29,0x45,0x29,
  0x45,0x29,0x45,0x29,0x45,0x29,0x45,0x29,0x65,0x29,0x65,0x29,0x65,0x29,0x65,0x29,
  0x65,0x29,0x65,0x29,0x45,0x29,0x45,0x21,0x24,0x21,0x25,0x21,0x45,0x29,0x86,0x29,
  0xc7,0x39,0x28,0x42,0x8a,0x52,0x0c,0x63,0x6d,0x6b,0xae,0x73,0xef,0x7b,0x10,0x84,
  0x10,0x84,0x10,0x84,0x10,0x84,0xef,0x7b,0xef,0x7b,0xcf,0x7b,0xcf,0x7b,0xcf,0x7b,
  0xcf,0x7b,0xcf,0x7b,0xcf,0x7b,0xef,0x7b,0xef,0x7b,0xef,0x7b,0xef,0x7b,0xef,0x7b,
  0xef,0x7b,0xef,0x7b,0xef,0x7b,0xef,0x7b,0xcf,0x7b,0xcf,0x7b,0xef,0x7b,0xef,0x7b,
  0xef,0x7b,0xef,0x7b,0xef,0x7b,0xef,0x7b,0xef,0x7b,0xef,0x7b,0x10,0x84,0x10,0x84,
  0x10,0x84,0x30,0x84,0x30,0x84,0x30,0x8c,0x30,0x8c,0x51,0x8c,0x51,0x8c,0x71,0x8c,
  0x71,0x94,0x91,0x94,0x92,0x94,0x92,0x94,0xb2,0x9c,0xf3,0x9c,0xee,0x83,0xea,0x62,
  0x2b,0x6b,0x4c,0x6b,0x6c,0x73,0x6c,0x73,0x8c,0x7b,0xad,0x7b,0xad,0x7b,0xcd,0x83,
  0xed,0x83,0x0e,0x84,0x0e,0x8c,0x2e,0x8c,0x2e,0x8c,0x4f,0x94,0x90,0x9c,0x90,0x9c,
  0x90,0x9c,0x90,0x9c,0x6f,0x94,0x6f,0x94,0x6f,0x94,0x6f,0x94,0x6f,0x94,0x6f,0x94,
  0x6f,0x94,0x4f,0x94,0x6f,0x94,0x70,0x94,0x2e,0x8c,0x0e,0x8c,0x0e,0x8c,0xee,0x83,
  0xed,0x83,0xcd,0x83,0xad,0x7b,0xad,0x7b,0x8c,0x73,0x6c,0x73,0x2b,0x6b,0x0b,0x6b,
  0xea,0x62,0xca,0x5a,0xa9,0x5a,0x89,0x52,0x68,0x4a,0x28,0x4a,0x8d,0x73,0xb2,0x94,
  0x71,0x8c,0x51,0x8c,0x50,0x8c,0x50,0x8c,0x30,0x84,0x30,0x84,0x10,0x84,0x10,0x84,
  0x10,0x84,0x0f,0x84,0xef,0x7b,0xef,0x7b,0xef,0x7b,0xef,0x7b,0xcf,0x7b,0xcf,0x7b,
  0xcf,0x7b,0xcf,0x7b,0xcf,0x7b,0xcf,0x7b,0xcf,0x7b,0xcf,0x7b,0xcf,0x7b,0xcf,0x7b,
  0xcf,0x7b,0xae,0x73,0xcf,0x7b,0xcf,0x7b,0xcf,0x7b,0xef,0x7b,0xef,0x7b,0xef,0x7b,
  0xef,0x7b,0xcf,0x7b,0xcf,0x7b,0x8e,0x73,0x2c,0x63,0xcb,0x5a,0x8a,0x52,0x28,0x42,
  0xc7,0x39,0x86,0x31,0x45,0x29,0x24,0x21,0x24,0x21,0x04,0x21,0x24,0x21,0x45,0x29,
  0x45,0x29,0x65,0x29,0x65,0x29,0x65,0x29,0x65,0x29,0x65,0x29,0x45,0x29,0x45,0x29,
  0x45,0x29,0x45,0x21,0x45,0x29,0x25,0x21,0x24,0x21,0x24,0x21,0x24,0x21,0x04,0x21,
  0x04,0x21,0x04,0x21,0xe3,0x18,0xe3,0x18,0xe3,0x18,0xe3,0x18,0xc3,0x18,0xc3,0x18,
  0xa6,0x31,0x45,0x29,0x24,0x21,0x24,0x21,0x04,0x21,0x04,0x21,0x24,0x21,0x24,0x21,
  0x45,0x29,0x45,0x29,0x45,0x29,0x45,0x29,0x45,0x29,0x45,0x29,0x45,0x29,0x45,0x29,
  0x45,0x29,0x45,0x29,0x65,0x29,0x65,0x29,0x65,0x29,0x86,0x29,0x86,0x29,0x65,0x29,
  0x45,0x29,0x45,0x29,0x25,0x21,0x24,0x21,0x45,0x21,0x65,0x29,0xa7,0x31,0x08,0x42,
  0x49,0x4a,0xaa,0x52,0x2c,0x63,0x8e,0x73,0xcf,0x73,0x10,0x7c,0x10,0x84,0x10,0x84,
  0x10,0x84,0x10,0x7c,0xef,0x7b,0xef,0x7b,0xcf,0x7b,0xcf,0x7b,0xcf,0x7b,0xcf,0x7b,
  0xcf,0x7b,0xef,0x7b,0xef,0x7b,0xef,0x7b,0xcf,0x7b,0xef,0x7b,0xef,0x7b,0xef,0x7b,
  0xef,0x7b,0xef,0x7b,0xef,0x7b,0xef,0x7b,0xef,0x7b,0x10,0x84,0x10,0x84,0x10,0x84,
  0x30,0x84,0x30,0x84,0x30,0x84,0x30,0x8c,0x51,0x8c,0x51,0x8c,0x71,0x8c,0x71,0x94,
  0x91,0x94,0x92,0x94,0xb2,0x94,0xb2,0x9c,0xd2,0x9c,0xd2,0x9c,0x13,0xa5,0x50,0x8c,
  0x4b,0x6b,0x6c,0x73,0x8d,0x7b,0xad,0x7b,0xad,0x7b,0xcd,0x7b,0xcd,0x83,0xee,0x83,
  0xee,0x83,0x0e,0x8c,0x2e,0x8c,0x4f,0x8c,0x4f,0x94,0x6f,0x94,0xb0,0x9c,0xd1,0xa4,
  0xb0,0x9c,0xb0,0x9c,0xb0,0x9c,0xb0,0x9c,0xb0,0x9c,0xb0,0x9c,0xb0,0x9c,0x90,0x9c,
  0x90,0x9c,0x90,0x9c,0x90,0x9c,0x6f,0x94,0x4f,0x94,0x4f,0x94,0x2f,0x8c,0x2e,0x8c,
  0x0e,0x8c,0xee,0x83,0xcd,0x83,0xad,0x7b,0x8c,0x7b,0x8c,0x73,0x6c,0x73,0x4b,0x6b,
  0x2b,0x6b,0xea,0x62,0xea,0x62,0x89,0x52,0xa9,0x5a,0x30,0x84,0xd2,0x9c,0x91,0x94,
  0x71,0x94,0x71,0x8c,0x51,0x8c,0x50,0x8c,0x30,0x8c,0x30,0x84,0x30,0x84,0x10,0x84,
  0x10,0x84,0x0f,0x84,0xef,0x83,0xef,0x7b,0xef,0x7b,0xef,0x7b,0xcf,0x7b,0xcf,0x7b,
  0xcf,0x7b,0xcf,0x7b,0xcf,0x7b,0xcf,0x7b,0xcf,0x7b,0xcf,0x7b,0xef,0x7b,0xef,0x7b,
  0xef,0x7b,0xef,0x7b,0xcf,0x7b,0xcf,0x7b,0x8e,0x73,0x4d,0x6b,0xeb,0x5a,0x8a,0x52,
  0x28,0x42,0xc7,0x39,0x86,0x31,0x65,0x29,0x25,0x21,0x25,0x21,0x24,0x21,0x25,0x21,
  0x45,0x29,0x45,0x29,0x65,0x29,0x65,0x29,0x65,0x29,0x65,0x29,0x65,0x29,0x45,0x29,
  0x45,0x29,0x45,0x29,0x45,0x29,0x45,0x29,0x45,0x21,0x24,0x21,0x24,0x21,0x24,0x21,
  0x04,0x21,0x04,0x21,0x04,0x21,0xe4,0x18,0xe3,0x18,0xe3,0x18,0xe3,0x18,0xc3,0x18,
  0xc3,0x18,0xc3,0x18,0xc3,0x18,0xc3,0x18,0xc3,0x18,0xc3,0x18,0xc3,0x18,0xe3,0x18,
  0xef,0x7b,0xae,0x73,0x4d,0x6b,0x0c,0x63,0xaa,0x52,0x28,0x42,0xe7,0x39,0xa6,0x31,
  0x45,0x29,0x24,0x21,0x24,0x21,0x04,0x21,0x24,0x21,0x24,0x21,0x25,0x21,0x45,0x29,
  0x45,0x29,0x45,0x29,0x45,0x29,0x45,0x29,0x45,0x29,0x45,0x29,0x45,0x29,0x45,0x29,
  0x65,0x29,0x65,0x29,0x66,0x29,0x86,0x31,0x86,0x31,0x86,0x29,0x65,0x29,0x45,0x29,
  0x45,0x29,0x45,0x21,0x45,0x21,0x45,0x29,0x65,0x29,0xc7,0x39,0x28,0x42,0x8a,0x52,
  0xeb,0x5a,0x6d,0x6b,0xae,0x73,0xef,0x7b,0x10,0x84,0x10,0x84,0x10,0x84,0x10,0x84,
  0xef,0x7b,0xef,0x7b,0xcf,0x7b,0xcf,0x7b,0xcf,0x7b,0xcf,0x7b,0xef,0x7b,0xef,0x7b,
  0xef,0x7b,0xef,0x7b,0xef,0x7b,0x10,0x7c,0x10,0x84,0x10,0x84,0x10,0x84,0x10,0x84,
  0x30,0x84,0x30,0x84,0x30,0x8c,0x51,0x8c,0x51,0x8c,0x71,0x8c,0x71,0x8c,0x71,0x94,
  0x92,0x94,0xb2,0x94,0xb2,0x9c,0xd2,0x9c,0xd3,0x9c,0xf3,0xa4,0x13,0xa5,0x54,0xad,
  0xb2,0x9c,0x8d,0x7b,0xad,0x7b,0xcd,0x83,0xcd,0x83,0xed,0x83,0xee,0x83,0x0e,0x8c,
  0x2e,0x8c,0x2e,0x8c,0x4f,0x94,0x6f,0x94,0x6f,0x9c,0x8f,0x9c,0xb0,0x9c,0xf1,0xa4,
  0xf1,0xa4,0xf1,0xa4,0xf1,0xa4,0xf1,0xa4,0xd1,0xa4,0xd1,0xa4,0xd1,0xa4,0xd1,0xa4,
  0xd1,0xa4,0xd1,0xa4,0xb0,0x9c,0x90,0x9c,0x90,0x9c,0x6f,0x94,0x6f,0x94,0x4f,0x94,
  0x2e,0x8c,0x0e,0x8c,0xee,0x83,0xcd,0x83,0xcd,0x7b,0xad,0x7b,0x8c,0x73,0x6c,0x73,
  0x4b,0x6b,0x2b,0x6b,0xca,0x62,0x2b,0x6b,0x91,0x94,0xf3,0xa4,0xb2,0x94,0xb1,0x94,
  0x91,0x94,0x71,0x94,0x71,0x8c,0x51,0x8c,0x50,0x8c,0x30,0x8c,0x30,0x84,0x10,0x84,
  0x10,0x84,0x0f,0x84,0xef,0x83,0xef,0x7b,0xef,0x7b,0xef,0x7b,0xef,0x7b,0xef,0x7b,
  0x10,0x84,0x10,0x84,0x10,0x84,0xef,0x7b,0xcf,0x7b,0x8e,0x73,0x4d,0x6b,0x2c,0x63,
  0xcb,0x5a,0x28,0x42,0xe7,0x39,0xa6,0x31,0x65,0x29,0x45,0x21,0x24,0x21,0x24,0x21,
  0x24,0x21,0x45,0x29,0x65,0x29,0x65,0x29,0x65,0x29,0x65,0x29,0x65,0x29,0x65,0x29,
  0x65,0x29,0x45,0x29,0x45,0x29,0x45,0x29,0x45,0x29,0x45,0x21,0x45,0x21,0x24,0x21,
  0x24,0x21,0x04,0x21,0x04,0x21,0x04,0x21,0x04,0x19,0xe3,0x18,0xe3,0x18,0xc3,0x18,
  0xc3,0x18,0xc3,0x18,0xc3,0x18,0xc3,0x18,0xc3,0x18,0xc3,0x18,0xc3,0x18,0xc3,0x18,
  0xc3,0x18,0xe3,0x18,0xe3,0x18,0xe3,0x18,0xe4,0x18,0xe4,0x18,0x04,0x21,0x04,0x21,
  0xef,0x7b,0xef,0x7b,0x10,0x84,0x10,0x84,0x10,0x84,0x10,0x84,0x10,0x7c,0xcf,0x7b,
  0x8e,0x73,0x4d,0x63,0x0c,0x5b,0x8a,0x52,0x08,0x42,0xc7,0x39,0x86,0x31,0x45,0x29,
  0x24,0x21,0x24,0x21,0x04,0x21,0x24,0x21,0x24,0x21,0x45,0x29,0x45,0x29,0x45,0x29,
  0x45,0x29,0x45,0x29,0x45,0x29,0x45,0x29,0x45,0x29,0x45,0x29,0x65,0x29,0x65,0x29,
  0x66,0x29,0x86,0x31,0x86,0x31,0x66,0x29,0x86,0x29,0x65,0x29,0x45,0x29,0x45,0x29,
  0x45,0x29,0x45,0x29,0x65,0x29,0xa6,0x31,0x08,0x42,0x69,0x4a,0xab,0x52,0x2c,0x63,
  0x8e,0x73,0xcf,0x7b,0xef,0x7b,0x10,0x84,0x10,0x84,0x10,0x84,0x10,0x84,0x0f,0x7c,
  0xef,0x7b,0xef,0x7b,0xef,0x7b,0xef,0x7b,0x10,0x7c,0x10,0x84,0x10,0x84,0x30,0x84,
  0x30,0x84,0x30,0x84,0x30,0x8c,0x51,0x8c,0x51,0x8c,0x71,0x94,0x71,0x94,0x91,0x94,
  0xb2,0x94,0xb2,0x9c,0xd2,0x9c,0xd3,0x9c,0xf3,0xa4,0x13,0xa5,0x13,0xa5,0x34,0xad,
  0x75,0xb5,0x13,0xa5,0xee,0x83,0xcd,0x83,0x0e,0x84,0x0e,0x8c,0x0e,0x8c,0x2e,0x8c,
  0x4f,0x94,0x6f,0x94,0x8f,0x9c,0x90,0x9c,0xb0,0x9c,0xd0,0xa4,0xd0,0xa4,0xf1,0xac,
  0x11,0xad,0xf1,0xac,0x11,0xad,0x11,0xad,0x11,0xad,0x11,0xad,0x11,0xad,0xf1,0xac,
  0xf1,0xac,0xf1,0xa4,0xd0,0xa4,0xd0,0xa4,0xb0,0xa4,0xb0,0x9c,0x90,0x9c,0x6f,0x94,
  0x4f,0x94,0x2e,0x8c,0x0e,0x8c,0x0e,0x8c,0xee,0x83,0xcd,0x83,0xad,0x7b,0x8c,0x7b,
  0x6c,0x73,0x2b,0x6b,0xad,0x7b,0xf3,0xa4,0x13,0xa5,0xd2,0x9c,0xd2,0x9c,0xb2,0x9c,
  0xb1,0x94,0x91,0x94,0x71,0x94,0x51,0x8c,0x50,0x8c,0x50,0x8c,0x30,0x8c,0x30,0x84,
  0x30,0x84,0x30,0x84,0x30,0x84,0x30,0x84,0x10,0x84,0xef,0x7b,0xcf,0x7b,0x6d,0x6b,
  0x0c,0x63,0xcb,0x5a,0x69,0x52,0x08,0x42,0xc7,0x39,0x66,0x29,0x45,0x29,0x45,0x29,
  0x24,0x21,0x25,0x21,0x45,0x29,0x45,0x29,0x65,0x29,0x65,0x29,0x65,0x29,0x65,0x29,
  0x65,0x29,0x65,0x29,0x45,0x29,0x45,0x29,0x45,0x29,0x45,0x29,0x45,0x29,0x25,0x21,
  0x24,0x21,0x24,0x21,0x24,0x21,0x04,0x21,0x04,0x21,0x04,0x21,0xe3,0x18,0xe3,0x18,
  0xe3,0x18,0xc3,0x18,0xc3,0x18,0xc3,0x18,0xc3,0x18,0xc3,0x18,0xc3,0x18,0xc3,0x18,
  0xc3,0x18,0xc3,0x18,0xc3,0x18,0xc3,0x18,0xe3,0x18,0xe3,0x18,0xe3,0x18,0xe4,0x18,
  0x04,0x19,0x04,0x21,0xe4,0x18,0xe3,0x18,0xe3,0x18,0xc3,0x18,0xc3,0x18,0xa3,0x10,
  0xef,0x7b,0xef,0x7b,0xcf,0x7b,0xcf,0x7b,0xcf,0x7b,0xcf,0x7b,0xef,0x7b,0xef,0x7b,
  0xef,0x7b,0x10,0x84,0x10,0x84,0x10,0x84,0x10,0x84,0xef,0x7b,0xcf,0x7b,0x6d,0x6b,
  0x2c,0x63,0xcb,0x5a,0x69,0x4a,0x28,0x42,0xc7,0x31,0x65,0x29,0x45,0x29,0x24,0x21,
  0x24,0x21,0x04,0x21,0x24,0x21,0x25,0x21,0x45,0x29,0x45,0x29,0x45,0x29,0x45,0x29,
  0x45,0x29,0x45,0x29,0x45,0x29,0x45,0x29,0x65,0x29,0x65,0x29,0x66,0x29,0x86,0x29,
  0x86,0x31,0x86,0x31,0x66,0x29,0x65,0x29,0x45,0x29,0x45,0x29,0x24,0x21,0x45,0x29,
  0x65,0x29,0x86,0x31,0xc7,0x31,0x28,0x42,0xaa,0x52,0xeb,0x5a,0x4d,0x6b,0xcf,0x7b,
  0xef,0x7b,0x10,0x84,0x30,0x84,0x30,0x84,0x30,0x84,0x30,0x84,0x10,0x84,0x30,0x84,
  0x30,0x84,0x30,0x84,0x50,0x8c,0x51,0x8c,0x71,0x8c,0x71,0x94,0x91,0x94,0x92,0x94,
  0xb2,0x9c,0xd2,0x9c,0xd2,0x9c,0xf3,0xa4,0x13,0xa5,0x13,0xa5,0x34,0xad,0x54,0xad,
  0x54,0xad,0x95,0xb5,0x74,0xb5,0x4f,0x8c,0xee,0x83,0x2e,0x8c,0x2e,0x94,0x4f,0x94,
  0x6f,0x9c,0x90,0x9c,0xb0,0x9c,0xd0,0xa4,0xd1,0xa4,0xf1,0xac,0x11,0xad,0x32,0xad,
  0x32,0xb5,0x52,0xb5,0x73,0xb5,0x52,0xb5,0x52,0xb5,0x52,0xb5,0x52,0xb5,0x52,0xb5,
  0x32,0xad,0x11,0xad,0x11,0xad,0xf1,0xac,0xf1,0xa4,0xd1,0xa4,0xd0,0xa4,0xb0,0x9c,
  0x8f,0x9c,0x6f,0x94,0x4f,0x94,0x2e,0x8c,0x0e,0x8c,0xee,0x83,0xed,0x83,0xad,0x7b,
  0x6c,0x73,0x2f,0x8c,0x54,0xad,0x13,0xa5,0xf3,0xa4,0xf3,0x9c,0xd2,0x9c,0xd2,0x9c,
  0xb2,0x9c,0xb2,0x94,0xb2,0x94,0x91,0x94,0x91,0x94,0x71,0x8c,0x50,0x8c,0x10,0x84,
  0xcf,0x7b,0x6d,0x73,0x2c,0x63,0xaa,0x52,0x48,0x4a,0xe7,0x39,0xa6,0x31,0x65,0x29,
  0x45,0x29,0x45,0x29,0x45,0x29,0x45,0x29,0x65,0x29,0x65,0x29,0x65,0x29,0x65,0x29,
  0x65,0x29,0x65,0x29,0x65,0x29,0x45,0x29,0x45,0x29,0x45,0x29,0x45,0x29,0x45,0x29,
  0x45,0x29,0x25,0x21,0x24,0x21,0x24,0x21,0x04,0x21,0x04,0x21,0x04,0x21,0xe3,0x18,
  0xe3,0x18,0xe3,0x18,0xc3,0x18,0xc3,0x18,0xc3,0x18,0xc3,0x18,0xc3,0x18,0xc3,0x18,
  0xc3,0x18,0xc3,0x18,0xc3,0x18,0xc3,0x18,0xc3,0x18,0xe3,0x18,0xe3,0x18,0xe3,0x18,
  0xe3,0x18,0xe3,0x18,0xe3,0x18,0xe3,0x18,0xe3,0x18,0xc3,0x18,0xc3,0x18,0xa2,0x10,
  0xa3,0x10,0xa2,0x10,0xc3,0x18,0x04,0x21,0x45,0x29,0x86,0x31,0xe7,0x39,0x49,0x4a,
  0xef,0x7b,0xef,0x7b,0xef,0x7b,0xef,0x7b,0xef,0x7b,0xef,0x7b,0xef,0x7b,0xef,0x7b,
  0xef,0x7b,0xcf,0x7b,0xcf,0x7b,0xcf,0x7b,0xcf,0x7b,0xef,0x7b,0xef,0x7b,0x10,0x7c,
  0x10,0x84,0x10,0x84,0x10,0x84,0x10,0x84,0xef,0x7b,0xae,0x73,0x6e,0x6b,0x2c,0x63,
  0xaa,0x52,0x69,0x4a,0x08,0x42,0xa6,0x31,0x65,0x29,0x45,0x29,0x24,0x21,0x24,0x21,
  0x24,0x21,0x24,0x21,0x45,0x29,0x45,0x29,0x45,0x29,0x45,0x29,0x65,0x29,0x65,0x29,
  0x45,0x29,0x65,0x29,0x65,0x29,0x65,0x29,0x65,0x29,0x66,0x29,0x86,0x31,0x86,0x31,
  0x86,0x29,0x65,0x29,0x65,0x29,0x65,0x29,0x45,0x29,0x45,0x29,0x65,0x29,0x86,0x31,
  0xc7,0x39,0x08,0x42,0x8a,0x52,0x0c,0x63,0x4d,0x6b,0xcf,0x7b,0x10,0x84,0x50,0x8c,
  0x71,0x8c,0x71,0x8c,0x71,0x94,0x91,0x94,0x91,0x94,0x91,0x94,0x91,0x94,0xb2,0x94,
  0xb2,0x9c,0xd2,0x9c,0xf3,0xa4,0x13,0xa5,0x13,0xa5,0x34,0xad,0x54,0xad,0x74,0xb5,
  0x75,0xb5,0x95,0xb5,0xb6,0xbd,0xb5,0xbd,0xb1,0x9c,0x4e,0x94,0x6f,0x94,0x8f,0x9c,
  0xb0,0x9c,0xd0,0xa4,0xf1,0xa4,0x11,0xad,0x31,0xad,0x32,0xb5,0x52,0xb5,0x52,0xb5,
  0x73,0xbd,0x73,0xbd,0x93,0xbd,0x93,0xbd,0x93,0xbd,0x93,0xbd,0x73,0xbd,0x72,0xb5,
  0x52,0xb5,0x52,0xb5,0x32,0xb5,0x32,0xad,0x32,0xad,0x11,0xad,0xf1,0xac,0xd1,0xa4,
  0xb0,0x9c,0x90,0x9c,0x6f,0x94,0x4f,0x94,0x2e,0x94,0x2e,0x8c,0xee,0x83,0xcd,0x83,
  0xb1,0x9c,0x75,0xb5,0x54,0xad,0x54,0xad,0x34,0xad,0x33,0xa5,0x13,0xa5,0xf3,0x9c,
  0xb1,0x94,0x50,0x8c,0x0f,0x84,0xae,0x7b,0x4c,0x6b,0xea,0x5a,0x89,0x52,0x28,0x4a,
  0xe7,0x39,0xc6,0x39,0xa6,0x31,0x86,0x31,0x86,0x31,0x86,0x31,0x86,0x31,0x86,0x31,
  0x86,0x31,0x86,0x31,0x86,0x29,0x85,0x29,0x65,0x29,0x65,0x29,0x45,0x29,0x45,0x29,
  0x45,0x29,0x45,0x29,0x45,0x21,0x24,0x21,0x24,0x21,0x04,0x21,0x04,0x21,0x04,0x21,
  0xe4,0x18,0xe3,0x18,0xe3,0x18,0xc3,0x18,0xc3,0x18,0xc3,0x18,0xc3,0x18,0xc3,0x18,
  0xc3,0x18,0xc3,0x18,0xc3,0x18,0xc3,0x18,0xc3,0x18,0xc3,0x18,0xc3,0x18,0xc3,0x18,
  0xe3,0x18,0xe3,0x18,0xe3,0x18,0xe3,0x18,0xe3,0x18,0xc3,0x18,0xc3,0x18,0xa2,0x10,
  0xa2,0x10,0xa2,0x10,0xc3,0x18,0xc3,0x18,0xe3,0x18,0x24,0x21,0xa6,0x31,0x28,0x42,
  0x69,0x4a,0xab,0x52,0x0c,0x63,0x8e,0x73,0xcf,0x73,0xcf,0x7b,0xef,0x7b,0x10,0x7c,
  0xef,0x7b,0xef,0x7b,0xef,0x7b,0xef,0x7b,0xef,0x7b,0xef,0x7b,0xef,0x7b,0xef,0x7b,
  0xef,0x7b,0xef,0x7b,0xef,0x7b,0xef,0x7b,0xef,0x7b,0xef,0x7b,0xef,0x7b,0xef,0x7b,
  0xcf,0x7b,0xcf,0x7b,0xcf,0x7b,0xcf,0x7b,0xef,0x7b,0xef,0x7b,0x10,0x7c,0x10,0x84,
  0x10,0x84,0x10,0x84,0x10,0x84,0xcf,0x7b,0xae,0x73,0x6d,0x6b,0x0c,0x5b,0x8a,0x52,
  0x49,0x4a,0xe7,0x39,0x86,0x31,0x45,0x29,0x45,0x21,0x24,0x21,0x24,0x21,0x24,0x21,
  0x45,0x21,0x45,0x29,0x45,0x29,0x65,0x29,0x65,0x29,0x65,0x29,0x65,0x29,0x45,0x29,
  0x65,0x29,0x65,0x29,0x65,0x29,0x85,0x29,0x86,0x31,0x86,0x31,0xa6,0x31,0xa6,0x31,
  0x86,0x31,0x86,0x31,0x86,0x31,0x86,0x31,0x86,0x31,0xc6,0x39,0x08,0x42,0x49,0x4a,
  0xca,0x5a,0x4c,0x6b,0xae,0x73,0x0f,0x84,0x51,0x8c,0x92,0x94,0xd2,0x9c,0xf3,0x9c,
  0xf3,0xa4,0x13,0xa5,0x13,0xa5,0x13,0xa5,0x34,0xad,0x54,0xad,0x54,0xad,0x75,0xb5,
  0x95,0xb5,0xb5,0xbd,0xb5,0xbd,0xf6,0xc5,0x74,0xb5,0x6f,0x94,0x8f,0x9c,0xb0,0xa4,
  0xd0,0xa4,0xf1,0xac,0x11,0xad,0x32,0xb5,0x52,0xb5,0x72,0xb5,0x73,0xbd,0x93,0xbd,
  0x93,0xbd,0xb3,0xbd,0xb3,0xc5,0xb4,0xc5,0xb4,0xc5,0xb4,0xc5,0xb3,0xbd,0x93,0xbd,
  0x93,0xbd,0x73,0xbd,0x73,0xbd,0x72,0xb5,0x52,0xb5,0x52,0xb5,0x32,0xad,0x11,0xad,
  0xf1,0xa4,0xb0,0xa4,0xb0,0x9c,0x8f,0x9c,0x4f,0x94,0x2e,0x8c,0x2f,0x8c,0x53,0xad,
  0xd6,0xbd,0x74,0xb5,0x34,0xad,0xf2,0xa4,0x91,0x94,0x30,0x8c,0xce,0x7b,0x6c,0x73,
  0x0b,0x63,0xca,0x5a,0xa9,0x52,0x68,0x52,0x48,0x4a,0x28,0x4a,0x28,0x42,0x07,0x42,
  0x07,0x42,0xe7,0x39,0xe7,0x39,0xc7,0x39,0xc6,0x31,0xa6,0x31,0x86,0x31,0x86,0x31,
  0x65,0x29,0x65,0x29,0x65,0x29,0x45,0x29,0x45,0x21,0x24,0x21,0x04,0x21,0x04,0x21,
  0x04,0x21,0xe3,0x18,0xe3,0x18,0xe3,0x18,0xc3,0x18,0xc3,0x18,0xc3,0x18,0xc3,0x18,
  0xc3,0x18,0xc3,0x18,0xc3,0x18,0xc3,0x18,0xc3,0x18,0xc3,0x18,0xc3,0x18,0xc3,0x18,
  0xc3,0x18,0xe3,0x18,0xe3,0x18,0xe3,0x18,0xe3,0x18,0xc3,0x18,0xc3,0x18,0xa3,0x10,
  0xa2,0x10,0xa2,0x10,0x82,0x10,0xa2,0x10,0xc3,0x18,0x24,0x21,0x45,0x29,0x86,0x31,
  0x08,0x42,0x8a,0x52,0xeb,0x5a,0x4d,0x6b,0x8e,0x6b,0xcf,0x7b,0xef,0x7b,0xef,0x7b,
  0xef,0x7b,0xef,0x7b,0xef,0x7b,0xcf,0x7b,0xcf,0x7b,0xcf,0x73,0xae,0x73,0xae,0x73,
  0xef,0x7b,0xef,0x7b,0xef,0x7b,0xef,0x7b,0xef,0x7b,0xef,0x7b,0xef,0x7b,0xef,0x7b,
  0xef,0x7b,0xef,0x7b,0xef,0x7b,0xef,0x7b,0xef,0x7b,0xef,0x7b,0xef,0x7b,0xef,0x7b,
  0xef,0x7b,0xef,0x7b,0xef,0x7b,0xef,0x7b,0xef,0x7b,0xef,0x7b,0xef,0x7b,0xcf,0x7b,
  0xcf,0x7b,0xcf,0x7b,0xef,0x7b,0xef,0x7b,0xef,0x7b,0x10,0x84,0x10,0x84,0x10,0x84,
  0x10,0x84,0xef,0x7b,0xcf,0x7b,0x8e,0x73,0x4d,0x63,0x0c,0x63,0x8a,0x52,0x08,0x42,
  0xc7,0x39,0xa6,0x31,0x45,0x29,0x25,0x21,0x24,0x21,0x24,0x21,0x24,0x21,0x45,0x29,
  0x45,0x29,0x65,0x29,0x65,0x29,0x65,0x29,0x65,0x29,0x65,0x29,0x65,0x29,0x86,0x31,
  0x86,0x31,0xa6,0x31,0xc7,0x39,0xe7,0x39,0xe7,0x39,0xe7,0x41,0x07,0x42,0x07,0x42,
  0x07,0x42,0x07,0x42,0x28,0x42,0x48,0x4a,0x89,0x52,0xea,0x5a,0x4c,0x6b,0xae,0x7b,
  0x2f,0x8c,0x91,0x94,0xf3,0xa4,0x33,0xad,0x74,0xad,0x95,0xb5,0x95,0xb5,0xb5,0xbd,
  0xb5,0xbd,0xd6,0xbd,0xd6,0xc5,0xf6,0xc5,0xd1,0xa4,0xd0,0xa4,0xf1,0xa4,0xf1,0xa4,
  0x11,0xad,0x32,0xad,0x52,0xb5,0x73,0xb5,0x93,0xbd,0xb3,0xbd,0xb4,0xc5,0xd4,0xc5,
  0xd4,0xc5,0xd4,0xc5,0xf4,0xc5,0xf4,0xc5,0xf4,0xcd,0xf4,0xc5,0xf4,0xc5,0xd4,0xc5,
  0xb4,0xc5,0xb4,0xc5,0xb3,0xbd,0x93,0xbd,0x93,0xbd,0x73,0xb5,0x52,0xb5,0x32,0xb5,
  0x11,0xad,0xf1,0xa4,0xd0,0xa4,0xb0,0x9c,0x6f,0x9c,0x6f,0x94,0xd1,0x9c,0x12,0xa5,
  0x90,0x9c,0x4f,0x94,0x0e,0x84,0xad,0x7b,0x8d,0x7b,0x6c,0x73,0x4b,0x6b,0x0b,0x6b,
  0x0b,0x63,0xea,0x62,0xca,0x5a,0xaa,0x52,0x89,0x52,0x69,0x4a,0x48,0x4a,0x28,0x42,
  0x07,0x42,0xe7,0x39,0xc6,0x39,0xa6,0x31,0x86,0x31,0x85,0x31,0x65,0x29,0x45,0x29,
  0x24,0x21,0x24,0x21,0x04,0x21,0x04,0x19,0xe3,0x18,0xc3,0x18,0xc3,0x18,0xc3,0x18,
  0xc3,0x18,0xc3,0x10,0xa3,0x10,0xc3,0x10,0xc3,0x10,0xc3,0x18,0xc3,0x18,0xc3,0x18,
  0xc3,0x18,0xc3,0x18,0xc3,0x18,0xc3,0x18,0xe3,0x18,0xc3,0x18,0xc3,0x18,0xc3,0x10,
  0xa2,0x10,0xa2,0x10,0x82,0x10,0x82,0x10,0xa2,0x10,0xc3,0x18,0x04,0x21,0x65,0x29,
  0xc7,0x39,0x28,0x42,0x8a,0x52,0xeb,0x5a,0x4d,0x6b,0xae,0x73,0xcf,0x7b,0xef,0x7b,
  0x10,0x84,0xef,0x7b,0xef,0x7b,0xef,0x7b,0xcf,0x7b,0xcf,0x7b,0xce,0x7b,0xae,0x73,
  0xae,0x73,0xae,0x73,0xce,0x73,0xcf,0x7b,0xcf,0x7b,0xcf,0x7b,0xcf,0x7b,0xcf,0x7b,
  0xef,0x7b,0xef,0x7b,0xef,0x7b,0xef,0x7b,0xef,0x7b,0xef,0x7b,0xef,0x7b,0xef,0x7b,
  0xef,0x7b,0xef,0x7b,0xef,0x7b,0xef,0x7b,0xef,0x7b,0xef,0x7b,0xef,0x7b,0xef,0x7b,
  0xef,0x7b,0xef,0x7b,0xef,0x7b,0xef,0x7b,0xef,0x7b,0xef,0x7b,0xef,0x7b,0xef,0x7b,
  0xef,0x7b,0xef,0x7b,0xef,0x7b,0xef,0x7b,0xef,0x7b,0xcf,0x7b,0xcf,0x7b,0xcf,0x7b,
  0xcf,0x7b,0xcf,0x7b,0xef,0x7b,0xef,0x7b,0x10,0x84,0x10,0x84,0x10,0x84,0x10,0x84,
  0xef,0x7b,0xcf,0x7b,0x6d,0x6b,0x0c,0x63,0xeb,0x5a,0x69,0x4a,0xe7,0x39,0xc7,0x39,
  0x86,0x31,0x45,0x29,0x44,0x21,0x45,0x21,0x45,0x29,0x45,0x29,0x65,0x29,0x66,0x29,
  0x86,0x31,0xa6,0x31,0xa6,0x31,0xc6,0x39,0xc7,0x39,0xc7,0x39,0xe7,0x41,0x07,0x42,
  0x28,0x4a,0x49,0x4a,0x69,0x52,0x89,0x52,0xaa,0x5a,0xca,0x5a,0xca,0x5a,0xea,0x62,
  0x0b,0x63,0x2b,0x6b,0x6c,0x73,0xcd,0x7b,0x2f,0x8c,0x90,0x94,0xf2,0xa4,0x53,0xad,
  0x95,0xbd,0xd6,0xbd,0x17,0xc6,0xd5,0xbd,0xf1,0xa4,0x32,0xad,0x52,0xb5,0x32,0xb5,
  0x52,0xb5,0x73,0xbd,0xb3,0xbd,0xd4,0xc5,0xf4,0xc5,0xf5,0xcd,0xf5,0xcd,0xf5,0xcd,
  0x15,0xce,0x15,0xce,0x15,0xce,0x15,0xce,0x15,0xce,0x15,0xce,0x15,0xce,0x15,0xce,
  0xf4,0xcd,0xf4,0xcd,0xd4,0xc5,0xd4,0xc5,0xb4,0xc5,0x93,0xbd,0x73,0xbd,0x52,0xb5,
  0x52,0xb5,0x11,0xad,0xf1,0xac,0xd0,0xa4,0xb0,0x9c,0x90,0x9c,0x6f,0x94,0x4f,0x94,
  0x4f,0x94,0x2f,0x8c,0x0e,0x8c,0xee,0x83,0xce,0x83,0xad,0x7b,0x8c,0x73,0x4c,0x6b,
  0x2b,0x6b,0xea,0x62,0xca,0x5a,0xa9,0x52,0x69,0x52,0x48,0x4a,0x28,0x4a,0x07,0x42,
  0xe7,0x39,0xa6,0x39,0x86,0x31,0x65,0x29,0x45,0x29,0x24,0x21,0x04,0x21,0x04,0x21,
  0xe3,0x18,0xe3,0x18,0xc3,0x18,0xc3,0x18,0xc3,0x18,0xc3,0x18,0xc3,0x18,0xc3,0x10,
  0xc3,0x18,0xc3,0x18,0xc3,0x18,0xc3,0x18,0xc3,0x18,0xc3,0x18,0xc3,0x18,0xc3,0x18,
  0xa2,0x10,0xa2,0x10,0x82,0x10,0x82,0x10,0x82,0x10,0xc3,0x18,0xe3,0x18,0x04,0x21,
  0x45,0x29,0xc7,0x39,0x49,0x4a,0x8a,0x52,0xeb,0x5a,0x4d,0x6b,0xae,0x73,0xcf,0x7b,
  0xef,0x7b,0xef,0x7b,0x0f,0x84,0xef,0x7b,0xef,0x7b,0xcf,0x7b,0xcf,0x7b,0xcf,0x7b,
  0xce,0x7b,0xce,0x7b,0xce,0x7b,0xcf,0x7b,0xcf,0x7b,0xcf,0x7b,0xcf,0x7b,0xcf,0x7b,
  0xcf,0x7b,0xcf,0x7b,0xcf,0x7b,0xcf,0x7b,0xcf,0x7b,0xcf,0x7b,0xcf,0x7b,0xcf,0x7b,
  0xef,0x7b,0xef,0x7b,0xef,0x7b,0xef,0x7b,0xef,0x7b,0xef,0x7b,0xef,0x7b,0xef,0x7b,
  0xef,0x7b,0xef,0x7b,0xef,0x7b,0xef,0x7b,0xef,0x7b,0xef,0x7b,0xef,0x7b,0xef,0x7b,
  0xef,0x7b,0xef,0x7b,0xef,0x7b,0xef,0x7b,0xef,0x7b,0xef,0x7b,0xef,0x7b,0xef,0x7b,
  0xef,0x7b,0xef,0x7b,0xef,0x7b,0xef,0x7b,0xef,0x7b,0xef,0x7b,0xef,0x7b,0xef,0x7b,
  0xef,0x7b,0xef,0x7b,0xcf,0x7b,0xcf,0x7b,0xcf,0x7b,0xcf,0x7b,0xcf,0x7b,0xcf,0x7b,
  0xef,0x7b,0xef,0x7b,0x10,0x7c,0x10,0x84,0x10,0x84,0x10,0x84,0x10,0x84,0xcf,0x7b,
  0xae,0x73,0x4d,0x6b,0x0c,0x63,0xcb,0x5a,0x49,0x4a,0xe7,0x39,0xc7,0x31,0xa6,0x31,
  0x65,0x29,0x65,0x29,0x85,0x31,0x86,0x31,0xa6,0x39,0xc7,0x39,0xe7,0x41,0x08,0x42,
  0x28,0x42,0x48,0x4a,0x69,0x4a,0x89,0x52,0xaa,0x5a,0xca,0x5a,0xeb,0x62,0x2b,0x6b,
  0x4c,0x73,0x8c,0x73,0xad,0x7b,0xcd,0x7b,0xee,0x83,0xee,0x83,0x2e,0x8c,0x4f,0x94,
  0x90,0x9c,0xd1,0xa4,0x32,0xad,0x53,0xad,0x32,0xb5,0x52,0xb5,0x52,0xb5,0x73,0xb5,
  0x93,0xbd,0xd4,0xc5,0xf5,0xc5,0x15,0xce,0x36,0xce,0x36,0xd6,0x36,0xd6,0x35,0xd6,
  0x36,0xd6,0x36,0xd6,0x56,0xd6,0x56,0xd6,0x56,0xd6,0x56,0xd6,0x36,0xd6,0x35,0xd6,
  0x35,0xce,0x15,0xce,0x15,0xce,0xf4,0xcd,0xd4,0xc5,0xd4,0xc5,0xb3,0xc5,0x93,0xbd,
  0x72,0xb5,0x52,0xb5,0x32,0xad,0x11,0xad,0xd0,0xa4,0xb0,0x9c,0x90,0x9c,0x90,0x9c,
  0x90,0x9c,0x70,0x94,0x2f,0x8c,0x0e,0x8c,0xee,0x83,0xad,0x7b,0x6c,0x73,0x4c,0x6b,
  0x0b,0x63,0xea,0x62,0xa9,0x5a,0x89,0x52,0x48,0x4a,0x27,0x42,0xe7,0x41,0xc6,0x39,
  0xa6,0x31,0x65,0x31,0x65,0x29,0x44,0x29,0x24,0x21,0x04,0x21,0x03,0x21,0xe3,0x18,
  0xe3,0x18,0xe3,0x18,0xe3,0x18,0xc3,0x18,0xc3,0x18,0xc3,0x18,0xc3,0x18,0xc3,0x18,
  0xa2,0x10,0xa2,0x10,0xa2,0x10,0x82,0x10,0x82,0x10,0x82,0x10,0xa2,0x10,0xe3,0x18,
  0x45,0x29,0x86,0x31,0xa7,0x31,0x49,0x4a,0xcb,0x5a,0x2c,0x63,0x6d,0x6b,0xae,0x73,
  0xcf,0x7b,0xf0,0x7b,0x10,0x84,0x10,0x84,0xef,0x7b,0xef,0x7b,0xcf,0x7b,0xce,0x7b,
  0xae,0x7b,0xae,0x73,0xae,0x73,0xcf,0x7b,0xcf,0x7b,0xcf,0x7b,0xcf,0x7b,0xcf,0x7b,
  0xcf,0x7b,0xcf,0x7b,0xcf,0x7b,0xcf,0x7b,0xcf,0x7b,0xcf,0x7b,0xcf,0x7b,0xcf,0x7b,
  0xcf,0x7b,0xcf,0x7b,0xcf,0x7b,0xcf,0x7b,0xcf,0x7b,0xcf,0x7b,0xcf,0x7b,0xcf,0x7b,
  0xef,0x7b,0xef,0x7b,0xef,0x7b,0xef,0x7b,0xef,0x7b,0xef,0x7b,0xef,0x7b,0xef,0x7b,
  0xef,0x7b,0xef,0x7b,0xef,0x7b,0xef,0x7b,0xef,0x7b,0xef,0x7b,0xef,0x7b,0xef,0x7b,
  0xef,0x7b,0xef,0x7b,0xef,0x7b,0xef,0x7b,0xef,0x7b,0xef,0x7b,0xef,0x7b,0xef,0x7b,
  0xef,0x7b,0xef,0x7b,0xef,0x7b,0xef,0x7b,0xef,0x7b,0xef,0x7b,0xef,0x7b,0xef,0x7b,
  0xef,0x7b,0xef,0x7b,0xef,0x7b,0xef,0x7b,0xef,0x7b,0xef,0x7b,0xef,0x7b,0xef,0x7b,
  0xef,0x7b,0xef,0x7b,0xcf,0x7b,0xcf,0x7b,0xcf,0x7b,0xcf,0x7b,0xcf,0x7b,0xef,0x7b,
  0xef,0x7b,0x10,0x84,0x10,0x84,0x10,0x84,0x10,0x84,0x10,0x7c,0xcf,0x7b,0xae,0x73,
  0x6d,0x6b,0xeb,0x62,0xcb,0x5a,0x89,0x52,0x28,0x42,0x07,0x42,0xe7,0x41,0xe7,0x39,
  0x07,0x42,0x28,0x42,0x48,0x4a,0x89,0x52,0xa9,0x5a,0xca,0x5a,0x0b,0x63,0x2b,0x6b,
  0x4c,0x6b,0x6c,0x73,0xad,0x7b,0xce,0x83,0x0e,0x84,0x2f,0x8c,0x6f,0x94,0x90,0x9c,
  0xb0,0x9c,0xd1,0xa4,0xf1,0xa4,0xf1,0xac,0x11,0xad,0x32,0xad,0x52,0xb5,0x73,0xbd,
  0xb3,0xbd,0xf5,0xc5,0x15,0xce,0x36,0xd6,0x56,0xd6,0x77,0xd6,0x77,0xde,0x76,0xd6,
  0x76,0xd6,0x76,0xde,0x76,0xde,0x76,0xde,0x76,0xde,0x76,0xde,0x76,0xde,0x56,0xde,
  0x56,0xd6,0x56,0xd6,0x35,0xd6,0x35,0xd6,0x15,0xce,0xf5,0xcd,0xf4,0xc5,0xd4,0xc5,
  0xb3,0xbd,0x93,0xbd,0x73,0xb5,0x32,0xad,0xf1,0xac,0xd0,0xa4,0xb0,0x9c,0xb0,0x9c,
  0x90,0x9c,0x70,0x94,0x4f,0x8c,0x0e,0x8c,0xcd,0x83,0x8d,0x7b,0x6c,0x73,0x2b,0x6b,
  0xea,0x62,0xa9,0x5a,0x89,0x52,0x48,0x4a,0x27,0x4a,0x07,0x42,0xc6,0x39,0xa6,0x39,
  0x85,0x31,0x65,0x31,0x65,0x29,0x44,0x29,0x24,0x29,0x24,0x21,0x04,0x21,0x04,0x21,
  0xe3,0x18,0xe3,0x18,0xc3,0x18,0xa2,0x10,0x82,0x10,0x82,0x10,0xa2,0x10,0xa2,0x10,
  0xe3,0x18,0x04,0x21,0x86,0x31,0xe7,0x39,0x69,0x4a,0xaa,0x52,0x0c,0x63,0x8e,0x73,
  0xcf,0x7b,0xef,0x7b,0xf0,0x83,0x10,0x84,0xef,0x7b,0xef,0x7b,0xef,0x7b,0xcf,0x7b,
  0xcf,0x7b,0xce,0x7b,0xce,0x7b,0xce,0x7b,0xce,0x7b,0xce,0x7b,0xcf,0x7b,0xcf,0x7b,
  0xcf,0x7b,0xcf,0x7b,0xcf,0x7b,0xcf,0x7b,0xcf,0x7b,0xcf,0x7b,0xcf,0x7b,0xcf,0x7b,
  0xcf,0x7b,0xcf,0x7b,0xcf,0x7b,0xcf,0x7b,0xcf,0x7b,0xcf,0x7b,0xcf,0x7b,0xcf,0x7b,
  0xcf,0x7b,0xcf,0x7b,0xcf,0x7b,0xcf,0x7b,0xcf,0x7b,0xcf,0x7b,0xcf,0x7b,0xcf,0x7b,
  0xef,0x7b,0xef,0x7b,0xef,0x7b,0xef,0x7b,0xef,0x7b,0xef,0x7b,0xef,0x7b,0xef,0x7b,
  0xef,0x7b,0xef,0x7b,0xef,0x7b,0xef,0x7b,0xef,0x7b,0xef,0x7b,0xef,0x7b,0xef,0x7b,
  0xef,0x7b,0xef,0x7b,0xef,0x7b,0xef,0x7b,0xef,0x7b,0xef,0x7b,0xef,0x7b,0xef,0x7b,
  0xef,0x7b,0xef,0x7b,0xef,0x7b,0xef,0x7b,0xef,0x7b,0xef,0x7b,0xef,0x7b,0xef,0x7b,
  0xef,0x7b,0xef,0x7b,0xef,0x7b,0xef,0x7b,0xef,0x7b,0xef,0x7b,0xef,0x7b,0xef,0x7b,
  0xef,0x7b,0xef,0x7b,0xef,0x7b,0xef,0x7b,0xef,0x7b,0xef,0x7b,0xef,0x7b,0xef,0x7b,
  0xcf,0x7b,0xef,0x7b,0xef,0x7b,0xef,0x7b,0xef,0x7b,0xef,0x7b,0x10,0x7c,0x10,0x84,
  0x10,0x84,0x30,0x84,0x51,0x84,0x51,0x8c,0x30,0x84,0x0f,0x84,0xef,0x7b,0x8d,0x73,
  0x4c,0x6b,0x2c,0x6b,0xeb,0x62,0xaa,0x5a,0xca,0x5a,0xca,0x5a,0xea,0x62,0x2b,0x63,
  0x4b,0x6b,0x8c,0x73,0xad,0x7b,0xee,0x83,0x0e,0x8c,0x4f,0x8c,0x70,0x94,0x90,0x9c,
  0xb1,0xa4,0xf1,0xa4,0x12,0xad,0x12,0xad,0x32,0xad,0x52,0xb5,0x73,0xbd,0xb3,0xbd,
  0xd4,0xc5,0x15,0xce,0x36,0xd6,0x56,0xd6,0x56,0xd6,0x76,0xde,0x76,0xde,0x76,0xde,
  0x76,0xde,0x97,0xde,0x97,0xde,0x97,0xde,0x97,0xde,0x97,0xde,0x96,0xde,0x96,0xde,
  0x76,0xde,0x76,0xde,0x76,0xde,0x56,0xd6,0x56,0xd6,0x56,0xd6,0x56,0xd6,0x36,0xd6,
  0x36,0xce,0xf5,0xc5,0x93,0xbd,0x52,0xb5,0x32,0xad,0xf1,0xac,0xd0,0xa4,0xb0,0x9c,
  0x90,0x9c,0x6f,0x94,0x2e,0x8c,0xee,0x83,0xcd,0x7b,0x8c,0x73,0x4b,0x73,0x2b,0x6b,
  0xea,0x62,0xc9,0x5a,0x89,0x52,0x68,0x52,0x47,0x4a,0x07,0x42,0xe7,0x41,0xc6,0x39,
  0xa6,0x31,0x85,0x31,0x65,0x29,0x24,0x29,0x04,0x21,0xe3,0x18,0xe3,0x18,0xe3,0x18,
  0xe3,0x18,0x04,0x21,0x24,0x21,0x86,0x31,0x07,0x42,0x69,0x4a,0xcb,0x5a,0x2c,0x63,
  0x8e,0x73,0xcf,0x7b,0xef,0x7b,0x10,0x84,0x10,0x84,0x10,0x84,0xef,0x7b,0xef,0x7b,
  0xcf,0x7b,0xcf,0x7b,0xce,0x7b,0xce,0x7b,0xce,0x7b,0xcf,0x7b,0xcf,0x7b,0xcf,0x7b,
  0xcf,0x7b,0xcf,0x7b,0xcf,0x7b,0xcf,0x7b,0xcf,0x7b,0xcf,0x7b,0xcf,0x7b,0xcf,0x7b,
  0xcf,0x7b,0xcf,0x7b,0xcf,0x7b,0xcf,0x7b,0xcf,0x7b,0xcf,0x7b,0xcf,0x7b,0xcf,0x7b,
  0xcf,0x7b,0xcf,0x7b,0xcf,0x7b,0xcf,0x7b,0xcf,0x7b,0xcf,0x7b,0xcf,0x7b,0xcf,0x7b,
  0xcf,0x7b,0xcf,0x7b,0xcf,0x7b,0xcf,0x7b,0xcf,0x7b,0xcf,0x7b,0xcf,0x7b,0xcf,0x7b,
  0xef,0x7b,0xef,0x7b,0xef,0x7b,0xef,0x7b,0xef,0x7b,0xef,0x7b,0xef,0x7b,0xef,0x7b,
  0xef,0x7b,0xef,0x7b,0xef,0x7b,0xef,0x7b,0xef,0x7b,0xef,0x7b,0xef,0x7b,0xef,0x7b,
  0xef,0x7b,0xef,0x7b,0xef,0x7b,0xef,0x7b,0xef,0x7b,0xef,0x7b,0xef,0x7b,0xef,0x7b,
  0xef,0x7b,0xef,0x7b,0xef,0x7b,0xef,0x7b,0xef,0x7b,0xef,0x7b,0xef,0x7b,0xef,0x7b,
  0xef,0x7b,0xef,0x7b,0xef,0x7b,0xef,0x7b,0xef,0x7b,0xef,0x7b,0xef,0x7b,0xef,0x7b,
  0xef,0x7b,0xef,0x7b,0xef,0x7b,0xef,0x7b,0xef,0x7b,0xef,0x7b,0xef,0x7b,0xef,0x7b,
  0xef,0x7b,0xef,0x7b,0xef,0x7b,0xef,0x7b,0xef,0x7b,0xef,0x7b,0xef,0x7b,0xef,0x7b,
  0xf0,0x83,0xef,0x83,0x10,0x84,0x10,0x84,0x30,0x84,0x50,0x8c,0x51,0x8c,0x71,0x94,
  0x92,0x94,0xb2,0x94,0xb2,0x94,0x91,0x94,0x91,0x94,0x71,0x94,0x2f,0x84,0x0f,0x84,
  0x0f,0x84,0xee,0x83,0xee,0x83,0xee,0x83,0x0e,0x8c,0x4f,0x8c,0x6f,0x94,0x90,0x9c,
  0xd1,0xa4,0xf1,0xac,0x32,0xad,0x52,0xb5,0x52,0xb5,0x73,0xbd,0x93,0xbd,0xd4,0xc5,
  0xf5,0xcd,0x15,0xce,0x36,0xd6,0x56,0xd6,0x77,0xde,0x97,0xde,0xb7,0xe6,0xb8,0xe6,
  0xb7,0xe6,0xb7,0xe6,0xb7,0xe6,0xb7,0xe6,0xb7,0xe6,0xb7,0xe6,0xb7,0xe6,0xb7,0xe6,
  0xb7,0xe6,0x97,0xde,0x97,0xde,0x77,0xde,0x76,0xde,0x56,0xd6,0x56,0xd6,0x35,0xd6,
  0x15,0xce,0xf5,0xc5,0xb4,0xc5,0x93,0xbd,0x52,0xb5,0x11,0xad,0xf1,0xa4,0xb0,0xa4,
  0x90,0x9c,0x6f,0x94,0x4f,0x8c,0x0e,0x8c,0xcd,0x83,0xac,0x7b,0x6c,0x73,0x4b,0x6b,
  0x0a,0x63,0xea,0x62,0xa9,0x5a,0x68,0x52,0x28,0x4a,0x07,0x42,0xc6,0x39,0xa6,0x39,
  0x85,0x31,0x65,0x31,0xa6,0x31,0xc7,0x39,0x07,0x42,0x49,0x4a,0xaa,0x52,0x0c,0x63,
  0x6d,0x6b,0xae,0x73,0xcf,0x7b,0x10,0x84,0x10,0x84,0x10,0x84,0x10,0x84,0x0f,0x84,
  0xef,0x7b,0xcf,0x7b,0xcf,0x7b,0xcf,0x7b,0xcf,0x7b,0xcf,0x7b,0xcf,0x7b,0xcf,0x7b,
  0xcf,0x7b,0xcf,0x7b,0xcf,0x7b,0xcf,0x7b,0xcf,0x7b,0xcf,0x7b,0xcf,0x7b,0xcf,0x7b,
  0xcf,0x7b,0xcf,0x7b,0xcf,0x7b,0xcf,0x7b,0xcf,0x7b,0xcf,0x7b,0xcf,0x7b,0xcf,0x7b,
  0xcf,0x7b,0xcf,0x7b,0xcf,0x7b,0xcf,0x7b,0xcf,0x7b,0xcf,0x7b,0xcf,0x7b,0xcf,0x7b,
  0xcf,0x7b,0xcf,0x7b,0xcf,0x7b,0xcf,0x7b,0xcf,0x7b,0xcf,0x7b,0xcf,0x7b,0xcf,0x7b,
  0xcf,0x7b,0xcf,0x7b,0xcf,0x7b,0xcf,0x7b,0xcf,0x7b,0xcf,0x7b,0xcf,0x7b,0xcf,0x7b,
  0xef,0x7b,0xef,0x7b,0xef,0x7b,0xef,0x7b,0xef,0x7b,0xef,0x7b,0xef,0x7b,0xef,0x7b,
  0xef,0x7b,0xef,0x7b,0xef,0x7b,0xef,0x7b,0xef,0x7b,0xef,0x7b,0xef,0x7b,0xef,0x7b,
  0xef,0x7b,0xef,0x7b,0xef,0x7b,0xef,0x7b,0xef,0x7b,0xef,0x7b,0xef,0x7b,0xef,0x7b,
  0xef,0x7b,0xef,0x7b,0xef,0x7b,0xef,0x7b,0xef,0x7b,0xef,0x7b,0xef,0x7b,0xef,0x7b,
  0xef,0x7b,0xef,0x7b,0xef,0x7b,0xef,0x7b,0xef,0x7b,0xef,0x7b,0xef,0x7b,0xef,0x7b,
  0xef,0x7b,0xef,0x7b,0xef,0x7b,0xef,0x7b,0xef,0x7b,0xef,0x7b,0xef,0x7b,0xef,0x7b,
  0xef,0x7b,0xef,0x7b,0xef,0x7b,0xef,0x7b,0xef,0x7b,0xef,0x7b,0xef,0x7b,0x10,0x7c,
  0x10,0x84,0x10,0x84,0x10,0x84,0x30,0x84,0x30,0x84,0x30,0x8c,0x51,0x8c,0x51,0x8c,
  0x71,0x8c,0x71,0x94,0x92,0x94,0xb2,0x9c,0xd3,0x9c,0x13,0xa5,0x34,0xa5,0x54,0xad,
  0x54,0xad,0x54,0xad,0x54,0xad,0x54,0xad,0x53,0xad,0x33,0xad,0x12,0xad,0x12,0xad,
  0x12,0xad,0x11,0xad,0x12,0xad,0x52,0xb5,0x73,0xbd,0xb3,0xbd,0xd4,0xc5,0xf4,0xcd,
  0x15,0xce,0x56,0xd6,0x97,0xde,0xb8,0xde,0xb8,0xe6,0xd8,0xe6,0xd8,0xe6,0xd8,0xe6,
  0xd7,0xe6,0xd7,0xe6,0xd7,0xe6,0xd8,0xe6,0xd8,0xe6,0xd8,0xe6,0xd7,0xe6,0xd7,0xe6,
  0xb7,0xe6,0xb7,0xe6,0xb7,0xe6,0x97,0xde,0x97,0xde,0x97,0xde,0x97,0xde,0x97,0xde,
  0x56,0xd6,0x15,0xce,0xd4,0xc5,0xb3,0xbd,0x93,0xbd,0x52,0xb5,0x11,0xad,0xf1,0xa4,
  0xb0,0xa4,0x90,0x9c,0x4f,0x94,0x2e,0x8c,0xee,0x83,0xad,0x7b,0x8c,0x73,0x4b,0x6b,
  0x0a,0x63,0xc9,0x5a,0xa9,0x5a,0x89,0x5a,0xa9,0x5a,0xca,0x5a,0x2b,0x63,0x4c,0x6b,
  0x8d,0x73,0xae,0x7b,0x10,0x84,0x30,0x8c,0x50,0x8c,0x50,0x8c,0x30,0x8c,0x30,0x84,
  0x10,0x84,0x0f,0x84,0xef,0x7b,0xcf,0x7b,0xcf,0x7b,0xcf,0x7b,0xcf,0x7b,0xcf,0x7b,
  0xcf,0x7b,0xcf,0x7b,0xcf,0x7b,0xcf,0x7b,0xcf,0x7b,0xcf,0x7b,0xcf,0x7b,0xcf,0x7b,
  0xcf,0x7b,0xcf,0x7b,0xcf,0x7b,0xcf,0x7b,0xcf,0x7b,0xcf,0x7b,0xcf,0x7b,0xcf,0x7b,
  0xcf,0x7b,0xcf,0x7b,0xcf,0x7b,0xcf,0x7b,0xcf,0x7b,0xcf,0x7b,0xcf,0x7b,0xcf,0x7b,
  0xcf,0x7b,0xcf,0x7b,0xcf,0x7b,0xcf,0x7b,0xcf,0x7b,0xcf,0x7b,0xcf,0x7b,0xcf,0x7b,
  0xcf,0x7b,0xcf,0x7b,0xcf,0x7b,0xcf,0x7b,0xce,0x7b,0xcf,0x7b,0xcf,0x7b,0xcf,0x7b,
  0xcf,0x7b,0xcf,0x7b,0xcf,0x7b,0xcf,0x7b,0xcf,0x7b,0xcf,0x7b,0xcf,0x7b,0xcf,0x7b,
  0xef,0x7b,0xef,0x7b,0xef,0x7b,0xef,0x7b,0xef,0x7b,0xef,0x7b,0xef,0x7b,0xef,0x7b,
  0xef,0x7b,0xef,0x7b,0xef,0x7b,0xef,0x7b,0xef,0x7b,0xef,0x7b,0xef,0x7b,0xef,0x7b,
  0xef,0x7b,0xef,0x7b,0xef,0x7b,0xef,0x7b,0xef,0x7b,0xef,0x7b,0xef,0x7b,0xef,0x7b,
  0xef,0x7b,0xef,0x7b,0xef,0x7b,0xef,0x7b,0xef,0x7b,0xef,0x7b,0xef,0x7b,0xef,0x7b,
  0xef,0x7b,0xef,0x7b,0xef,0x7b,0xef,0x7b,0xef,0x7b,0xef,0x7b,0xef,0x7b,0xef,0x7b,
  0xef,0x7b,0xef,0x7b,0xef,0x7b,0xef,0x7b,0xef,0x7b,0xef,0x7b,0xef,0x7b,0xef,0x7b,
  0xef,0x7b,0xef,0x7b,0xef,0x7b,0xef,0x7b,0xef,0x7b,0xef,0x7b,0xf0,0x7b,0x10,0x7c,
  0x10,0x84,0x10,0x84,0x10,0x84,0x30,0x84,0x30,0x84,0x50,0x8c,0x51,0x8c,0x71,0x8c,
  0x71,0x94,0x91,0x94,0xb2,0x94,0xb2,0x9c,0xd2,0x9c,0xf3,0xa4,0x13,0xa5,0x33,0xa5,
  0x34,0xad,0x74,0xb5,0x95,0xb5,0xb5,0xbd,0xd6,0xbd,0xf6,0xc5,0x17,0xc6,0x37,0xce,
  0x57,0xce,0x37,0xce,0x57,0xce,0x16,0xc6,0xb4,0xc5,0xd4,0xc5,0xf4,0xcd,0x15,0xce,
  0x56,0xd6,0x76,0xde,0x97,0xde,0x97,0xde,0x97,0xe6,0xb7,0xe6,0xd8,0xe6,0xd8,0xe6,
  0xd8,0xee,0xf8,0xee,0xf8,0xee,0xf8,0xee,0xf8,0xee,0xf8,0xee,0xf8,0xee,0xd8,0xee,
  0xd8,0xee,0xd7,0xe6,0xd7,0xe6,0xb7,0xe6,0xb7,0xe6,0x97,0xde,0x76,0xde,0x76,0xde,
  0x77,0xd6,0x56,0xd6,0x15,0xce,0xd4,0xc5,0x93,0xbd,0x73,0xbd,0x32,0xb5,0x11,0xad,
  0xd0,0xa4,0xb0,0x9c,0x6f,0x94,0x4f,0x94,0x0e,0x8c,0xee,0x83,0xcd,0x7b,0xee,0x83,
  0x2f,0x8c,0x70,0x94,0xb2,0x9c,0xd2,0x9c,0xd2,0x9c,0xf3,0x9c,0xd2,0x9c,0xb2,0x9c,
  0x91,0x94,0x71,0x94,0x51,0x8c,0x30,0x8c,0x30,0x84,0x10,0x84,0xef,0x83,0xef,0x83,
  0xef,0x7b,0xef,0x7b,0xef,0x7b,0xef,0x7b,0xef,0x7b,0xef,0x7b,0xcf,0x7b,0xcf,0x7b,
  0xcf,0x7b,0xcf,0x7b,0xcf,0x7b,0xcf,0x7b,0xcf,0x7b,0xcf,0x7b,0xcf,0x7b,0xcf,0x7b,
  0xcf,0x7b,0xcf,0x7b,0xcf,0x7b,0xcf,0x7b,0xcf,0x7b,0xcf,0x7b,0xcf,0x7b,0xcf,0x7b,
  0xcf,0x7b,0xcf,0x7b,0xcf,0x7b,0xcf,0x7b,0xcf,0x7b,0xcf,0x7b,0xcf,0x7b,0xcf,0x7b,
  0xcf,0x7b,0xcf,0x7b,0xcf,0x7b,0xcf,0x7b,0xcf,0x7b,0xcf,0x7b,0xcf,0x7b,0xcf,0x7b,
  0xcf,0x7b,0xcf,0x7b,0xcf,0x7b,0xcf,0x7b,0xcf,0x7b,0xcf,0x7b,0xcf,0x7b,0xcf,0x7b,
  0xcf,0x7b,0xcf,0x7b,0xcf,0x7b,0xcf,0x7b,0xcf,0x7b,0xcf,0x7b,0xcf,0x7b,0xcf,0x7b,
  0xef,0x7b,0xef,0x7b,0xef,0x7b,0xef,0x7b,0xef,0x7b,0xef,0x7b,0xef,0x7b,0xef,0x7b,
  0xef,0x7b,0xef,0x7b,0xef,0x7b,0xef,0x7b,0xef,0x7b,0xef,0x7b,0xef,0x7b,0xef,0x7b,
  0xef,0x7b,0xef,0x7b,0xef,0x7b,0xef,0x7b,0xef,0x7b,0xef,0x7b,0xef,0x7b,0xef,0x7b,
  0xef,0x7b,0xef,0x7b,0xef,0x7b,0xef,0x7b,0xef,0x7b,0xef,0x7b,0xef,0x7b,0xef,0x7b,
  0xef,0x7b,0xef,0x7b,0xef,0x7b,0xef,0x7b,0xef,0x7b,0xef,0x7b,0xef,0x7b,0xef,0x7b,
  0xef,0x7b,0xef,0x7b,0xef,0x7b,0xef,0x7b,0xef,0x7b,0xef,0x7b,0xef,0x7b,0xef,0x7b,
  0xef,0x7b,0xef,0x7b,0xef,0x7b,0xef,0x7b,0xef,0x7b,0xef,0x7b,0xf0,0x7b,0x10,0x84,
  0x10,0x84,0x10,0x84,0x30,0x84,0x30,0x84,0x30,0x84,0x51,0x8c,0x51,0x8c,0x71,0x8c,
  0x91,0x94,0x92,0x94,0xb2,0x94,0xd2,0x9c,0xd2,0x9c,0xf3,0xa4,0x13,0xa5,0x34,0xad,
  0x54,0xad,0x74,0xb5,0xb5,0xbd,0xd6,0xbd,0xf6,0xc5,0x16,0xc6,0x17,0xc6,0x16,0xc6,
  0x16,0xce,0x16,0xce,0x16,0xce,0x16,0xce,0xd4,0xc5,0xf5,0xcd,0x15,0xce,0x36,0xd6,
  0x56,0xd6,0x76,0xde,0x96,0xde,0xb7,0xe6,0xd7,0xe6,0xd8,0xe6,0xd8,0xee,0xf8,0xee,
  0xf8,0xee,0xf8,0xee,0xf8,0xee,0x18,0xef,0x18,0xef,0x18,0xef,0xf8,0xee,0xf8,0xee,
  0xf8,0xee,0xf8,0xee,0xd8,0xee,0xd8,0xe6,0xb7,0xe6,0xb7,0xe6,0x97,0xde,0x76,0xde,
  0x56,0xd6,0x36,0xd6,0x15,0xce,0xf5,0xcd,0xb4,0xc5,0x93,0xbd,0x73,0xb5,0x32,0xb5,
  0x12,0xad,0xf1,0xa4,0xd1,0xa4,0xb1,0x9c,0x90,0x9c,0x6f,0x94,0x2f,0x8c,0x2f,0x8c,
  0x0f,0x84,0x0f,0x84,0x2f,0x8c,0x30,0x8c,0x50,0x8c,0x71,0x8c,0x91,0x94,0x91,0x94,
  0x91,0x94,0x71,0x94,0x51,0x8c,0x50,0x8c,0x30,0x84,0x10,0x84,0x10,0x84,0x10,0x84,
  0xef,0x83,0xef,0x7b,0xef,0x7b,0xef,0x7b,0xef,0x7b,0xef,0x7b,0xef,0x7b,0xef,0x7b,
  0xcf,0x7b,0xcf,0x7b,0xcf,0x7b,0xcf,0x7b,0xcf,0x7b,0xcf,0x7b,0xcf,0x7b,0xcf,0x7b,
  0xcf,0x7b,0xcf,0x7b,0xcf,0x7b,0xcf,0x7b,0xcf,0x7b,0xcf,0x7b,0xcf,0x7b,0xcf,0x7b,
  0xcf,0x7b,0xcf,0x7b,0xcf,0x7b,0xcf,0x7b,0xcf,0x7b,0xcf,0x7b,0xcf,0x7b,0xcf,0x7b,
  0xcf,0x7b,0xcf,0x7b,0xcf,0x7b,0xcf,0x7b,0xcf,0x7b,0xcf,0x7b,0xcf,0x7b,0xcf,0x7b,
  0xcf,0x7b,0xcf,0x7b,0xcf,0x7b,0xcf,0x7b,0xcf,0x7b,0xcf,0x7b,0xcf,0x7b,0xcf,0x7b,
  0xcf,0x7b,0xcf,0x7b,0xcf,0x7b,0xcf,0x7b,0xcf,0x7b,0xcf,0x7b,0xcf,0x7b,0xcf,0x7b,
  0xef,0x7b,0xef,0x7b,0xef,0x7b,0xef,0x7b,0xef,0x7b,0xef,0x7b,0xef,0x7b,0xef,0x7b,
  0xef,0x7b,0xef,0x7b,0xef,0x7b,0xef,0x7b,0xef,0x7b,0xef,0x7b,0xef,0x7b,0xef,0x7b,
  0xef,0x7b,0xef,0x7b,0xef,0x7b,0xef,0x7b,0xef,0x7b,0xef,0x7b,0xef,0x7b,0xef,0x7b,
  0xef,0x7b,0xef,0x7b,0xef,0x7b,0xef,0x7b,0xef,0x7b,0xef,0x7b,0xef,0x7b,0xef,0x7b,
  0xef,0x7b,0xef,0x7b,0xef,0x7b,0xef,0x7b,0xef,0x7b,0xef,0x7b,0xef,0x7b,0xef,0x7b,
  0xef,0x7b,0xef,0x7b,0xef,0x7b,0xef,0x7b,0xef,0x7b,0xef,0x7b,0xef,0x7b,0xef,0x7b,
  0xef,0x7b,0xef,0x7b,0xef,0x7b,0xef,0x7b,0xef,0x7b,0xef,0x7b,0xf0,0x7b,0x10,0x84,
  0x10,0x84,0x10,0x84,0x30,0x84,0x30,0x84,0x30,0x8c,0x51,0x8c,0x51,0x8c,0x71,0x8c,
  0x91,0x94,0x92,0x94,0xb2,0x94,0xd2,0x9c,0xf3,0xa4,0x33,0xa5,0x54,0xad,0x54,0xad,
  0x74,0xb5,0x74,0xb5,0x54,0xad,0x53,0xad,0x33,0xad,0x33,0xad,0x32,0xad,0x32,0xad,
  0x73,0xb5,0x94,0xbd,0xb4,0xc5,0xd4,0xc5,0xf5,0xc5,0x15,0xce,0x56,0xd6,0x56,0xd6,
  0x76,0xde,0x97,0xde,0xb7,0xe6,0xb7,0xe6,0xd7,0xe6,0xf8,0xee,0xf8,0xee,0x19,0xef,
  0x19,0xf7,0x19,0xf7,0x19,0xf7,0x39,0xf7,0x39,0xf7,0x19,0xf7,0x19,0xf7,0x19,0xf7,
  0x18,0xef,0x18,0xef,0xf8,0xee,0xf8,0xee,0xd8,0xe6,0xb7,0xe6,0xb7,0xe6,0x96,0xde,
  0x77,0xde,0x77,0xde,0x35,0xd6,0x15,0xce,0xf5,0xcd,0xb4,0xc5,0x93,0xbd,0x73,0xbd,
  0x73,0xb5,0x32,0xad,0x12,0xad,0xd1,0xa4,0xb0,0x9c,0x70,0x94,0x4f,0x8c,0x0e,0x84,
  0xcd,0x7b,0x8d,0x73,0x6c,0x6b,0x2b,0x6b,0x0b,0x63,0x0b,0x63,0x0b,0x63,0x4c,0x6b,
  0x6d,0x6b,0xae,0x7b,0xef,0x83,0x10,0x84,0x30,0x8c,0x50,0x8c,0x30,0x8c,0x30,0x84,
  0x10,0x84,0xef,0x83,0xef,0x7b,0xef,0x7b,0xcf,0x7b,0xef,0x7b,0xcf,0x7b,0xef,0x7b,
  0xcf,0x7b,0xcf,0x7b,0xcf,0x7b,0xcf,0x7b,0xcf,0x7b,0xcf,0x7b,0xcf,0x7b,0xcf,0x7b,
  0xcf,0x7b,0xcf,0x7b,0xcf,0x7b,0xcf,0x7b,0xcf,0x7b,0xcf,0x7b,0xcf,0x7b,0xcf,0x7b,
  0xcf,0x7b,0xcf,0x7b,0xcf,0x7b,0xcf,0x7b,0xcf,0x7b,0xcf,0x7b,0xcf,0x7b,0xcf,0x7b,
  0xcf,0x7b,0xcf,0x7b,0xcf,0x7b,0xcf,0x7b,0xcf,0x7b,0xcf,0x7b,0xcf,0x7b,0xcf,0x7b,
  0xcf,0x7b,0xcf,0x7b,0xcf,0x7b,0xcf,0x7b,0xcf,0x7b,0xcf,0x7b,0xcf,0x7b,0xcf,0x7b,
  0xcf,0x7b,0xcf,0x7b,0xcf,0x7b,0xcf,0x7b,0xcf,0x7b,0xcf,0x7b,0xcf,0x7b,0xcf,0x7b,
  0xef,0x7b,0xef,0x7b,0xef,0x7b,0xef,0x7b,0xef,0x7b,0xef,0x7b,0xef,0x7b,0xef,0x7b,
  0xef,0x7b,0xef,0x7b,0xef,0x7b,0xef,0x7b,0xef,0x7b,0xef,0x7b,0xef,0x7b,0xef,0x7b,
  0xef,0x7b,0xef,0x7b,0xef,0x7b,0xef,0x7b,0xef,0x7b,0xef,0x7b,0xef,0x7b,0xef,0x7b,
  0xef,0x7b,0xef,0x7b,0xef,0x7b,0xef,0x7b,0xef,0x7b,0xef,0x7b,0xef,0x7b,0xef,0x7b,
  0xef,0x7b,0xef,0x7b,0xef,0x7b,0xef,0x7b,0xef,0x7b,0xef,0x7b,0xef,0x7b,0xef,0x7b,
  0xef,0x7b,0xef,0x7b,0xef,0x7b,0xef,0x7b,0xef,0x7b,0xef,0x7b,0xef,0x7b,0xef,0x7b,
  0xef,0x7b,0xef,0x7b,0xef,0x7b,0xef,0x7b,0xef,0x7b,0xef,0x7b,0x10,0x7c,0x10,0x84,
  0x10,0x84,0x10,0x84,0x10,0x84,0x30,0x84,0x30,0x8c,0x51,0x8c,0x71,0x8c,0x91,0x94,
  0xb2,0x94,0xd2,0x9c,0xd2,0x9c,0xd2,0x9c,0xb2,0x9c,0x91,0x94,0x70,0x94,0x50,0x8c,
  0x4f,0x8c,0x2f,0x8c,0x6f,0x94,0x90,0x94,0xb1,0x9c,0xf2,0xa4,0x32,0xad,0x73,0xb5,
  0x94,0xbd,0xd4,0xc5,0xf5,0xc5,0xf5,0xcd,0x15,0xce,0x56,0xd6,0x56,0xd6,0x76,0xde,
  0x97,0xde,0xb7,0xe6,0xb7,0xe6,0xd7,0xe6,0xf8,0xee,0x19,0xef,0x39,0xf7,0x39,0xf7,
  0x39,0xf7,0x39,0xf7,0x39,0xf7,0x39,0xf7,0x39,0xf7,0x39,0xf7,0x39,0xf7,0x39,0xf7,
  0x39,0xf7,0x39,0xf7,0x19,0xef,0x19,0xef,0x19,0xef,0xd8,0xe6,0xb7,0xe6,0xb7,0xe6,
  0x97,0xde,0x97,0xde,0x56,0xd6,0x15,0xce,0x15,0xce,0xf5,0xcd,0xb4,0xbd,0x93,0xbd,
  0x52,0xb5,0x32,0xad,0x11,0xad,0xd1,0xa4,0xb0,0x9c,0x70,0x94,0x4f,0x8c,0x0e,0x84,
  0xee,0x83,0xad,0x7b,0x8d,0x73,0x4c,0x73,0x2b,0x6b,0x0b,0x63,0xca,0x5a,0x89,0x52,
  0x69,0x52,0x69,0x4a,0x69,0x4a,0x69,0x4a,0xaa,0x52,0xeb,0x5a,0x2c,0x63,0x8e,0x73,
  0xce,0x7b,0xef,0x7b,0x10,0x84,0x10,0x84,0x10,0x84,0xef,0x7b,0xef,0x7b,0xcf,0x7b,
  0xcf,0x7b,0xcf,0x7b,0xcf,0x7b,0xcf,0x7b,0xcf,0x7b,0xcf,0x7b,0xcf,0x7b,0xcf,0x7b,
  0xcf,0x7b,0xcf,0x7b,0xcf,0x7b,0xcf,0x7b,0xcf,0x7b,0xcf,0x7b,0xcf,0x7b,0xcf,0x7b,
  0xcf,0x7b,0xcf,0x7b,0xcf,0x7b,0xcf,0x7b,0xcf,0x7b,0xcf,0x7b,0xcf,0x7b,0xcf,0x7b,
  0xcf,0x7b,0xcf,0x7b,0xcf,0x7b,0xcf,0x7b,0xcf,0x7b,0xcf,0x7b,0xcf,0x7b,0xcf,0x7b,
  0xcf,0x7b,0xcf,0x7b,0xcf,0x7b,0xcf,0x7b,0xcf,0x7b,0xcf,0x7b,0xcf,0x7b,0xcf,0x7b,
  0xcf,0x7b,0xcf,0x7b,0xcf,0x7b,0xcf,0x7b,0xcf,0x7b,0xcf,0x7b,0xcf,0x7b,0xcf,0x7b,
  0xef,0x7b,0xef,0x7b,0xef,0x7b,0xef,0x7b,0xef,0x7b,0xef,0x7b,0xef,0x7b,0xef,0x7b,
  0xef,0x7b,0xef,0x7b,0xef,0x7b,0xef,0x7b,0xef,0x7b,0xef,0x7b,0xef,0x7b,0xef,0x7b,
  0xef,0x7b,0xef,0x7b,0xef,0x7b,0xef,0x7b,0xef,0x7b,0xef,0x7b,0xef,0x7b,0xef,0x7b,
  0xef,0x7b,0xef,0x7b,0xef,0x7b,0xef,0x7b,0xef,0x7b,0xef,0x7b,0xef,0x7b,0xef,0x7b,
  0xef,0x7b,0xef,0x7b,0xef,0x7b,0xef,0x7b,0xef,0x7b,0xef,0x7b,0xef,0x7b,0xef,0x7b,
  0xef,0x7b,0xef,0x7b,0xef,0x7b,0xef,0x7b,0xef,0x7b,0xef,0x7b,0xef,0x7b,0xef,0x7b,
  0xef,0x7b,0xef,0x7b,0xef,0x7b,0xef,0x7b,0xef,0x7b,0xef,0x7b,0xef,0x7b,0x10,0x84,
  0x10,0x84,0x30,0x84,0x51,0x8c,0x71,0x8c,0x71,0x8c,0x51,0x8c,0x30,0x8c,0x0f,0x84,
  0xef,0x7b,0x8d,0x73,0x6c,0x6b,0x4c,0x6b,0x4c,0x6b,0x6c,0x73,0x8d,0x73,0xce,0x83,
  0x0e,0x84,0x4f,0x94,0x90,0x94,0xb1,0x9c,0xf1,0xa4,0x12,0xad,0x53,0xad,0x73,0xb5,
  0x94,0xbd,0xd4,0xc5,0xf5,0xc5,0x15,0xce,0x36,0xd6,0x56,0xd6,0x76,0xd6,0x97,0xde,
  0xb7,0xe6,0xd8,0xe6,0xd8,0xee,0xf8,0xee,0xf8,0xee,0x19,0xef,0x3a,0xf7,0x5a,0xf7,
  0x5a,0xf7,0x5a,0xf7,0x5a,0xf7,0x59,0xf7,0x59,0xf7,0x59,0xf7,0x59,0xf7,0x39,0xf7,
  0x39,0xf7,0x39,0xf7,0x39,0xf7,0x39,0xf7,0x19,0xef,0xf8,0xee,0xd8,0xe6,0xd7,0xe6,
  0xb7,0xe6,0x97,0xde,0x76,0xd6,0x56,0xd6,0x15,0xce,0x15,0xce,0xd4,0xc5,0x93,0xbd,
  0x52,0xb5,0x12,0xad,0xf1,0xa4,0xb0,0x9c,0x90,0x9c,0x4f,0x94,0x2e,0x8c,0xee,0x83,
  0xcd,0x83,0xad,0x7b,0x8c,0x73,0x4c,0x6b,0x2b,0x6b,0x0b,0x63,0xca,0x5a,0xaa,0x5a,
  0x89,0x52,0x69,0x52,0x48,0x4a,0x28,0x42,0x07,0x42,0xc7,0x39,0xc7,0x39,0xe7,0x39,
  0xe7,0x41,0x28,0x42,0x8a,0x52,0x0b,0x63,0x0c,0x63,0x8e,0x73,0xcf,0x7b,0xef,0x7b,
  0x0f,0x84,0xef,0x7b,0xef,0x7b,0xcf,0x7b,0xcf,0x7b,0xcf,0x7b,0xcf,0x7b,0xcf,0x7b,
  0xcf,0x7b,0xcf,0x7b,0xcf,0x7b,0xcf,0x7b,0xcf,0x7b,0xcf,0x7b,0xcf,0x7b,0xcf,0x7b,
  0xcf,0x7b,0xcf,0x7b,0xcf,0x7b,0xcf,0x7b,0xcf,0x7b,0xcf,0x7b,0xcf,0x7b,0xcf,0x7b,
  0xcf,0x7b,0xcf,0x7b,0xcf,0x7b,0xcf,0x7b,0xcf,0x7b,0xcf,0x7b,0xcf,0x7b,0xcf,0x7b,
  0xcf,0x7b,0xcf,0x7b,0xcf,0x7b,0xcf,0x7b,0xcf,0x7b,0xcf,0x7b,0xcf,0x7b,0xcf,0x7b,
  0xcf,0x7b,0xcf,0x7b,0xcf,0x7b,0xcf,0x7b,0xcf,0x7b,0xcf,0x7b,0xcf,0x7b,0xcf,0x7b,
  0xef,0x7b,0xef,0x7b,0xef,0x7b,0xef,0x7b,0xef,0x7b,0xef,0x7b,0xef,0x7b,0xef,0x7b,
  0xef,0x7b,0xef,0x7b,0xef,0x7b,0xef,0x7b,0xef,0x7b,0xef,0x7b,0xef,0x7b,0xef,0x7b,
  0xef,0x7b,0xef,0x7b,0xef,0x7b,0xef,0x7b,0xef,0x7b,0xef,0x7b,0xef,0x7b,0xef,0x7b,
  0xef,0x7b,0xef,0x7b,0xef,0x7b,0xef,0x7b,0xef,0x7b,0xef,0x7b,0xef,0x7b,0xef,0x7b,
  0xef,0x7b,0xef,0x7b,0xef,0x7b,0xef,0x7b,0xef,0x7b,0xef,0x7b,0xef,0x7b,0xef,0x7b,
  0xef,0x7b,0xef,0x7b,0xef,0x7b,0xef,0x7b,0xef,0x7b,0xcf,0x7b,0xcf,0x7b,0xcf,0x7b,
  0xcf,0x7b,0xcf,0x7b,0xef,0x7b,0x0f,0x7c,0x10,0x84,0x30,0x84,0x30,0x84,0x30,0x84,
  0x10,0x84,0xcf,0x7b,0x6d,0x6b,0x0c,0x63,0xcb,0x5a,0x8a,0x52,0x69,0x52,0x89,0x52,
  0xaa,0x52,0xca,0x5a,0x0b,0x63,0x2b,0x6b,0x6c,0x73,0xad,0x7b,0xcd,0x7b,0xee,0x83,
  0x2f,0x8c,0x4f,0x94,0x90,0x94,0xb1,0x9c,0xf1,0xa4,0x12,0xad,0x53,0xb5,0x73,0xb5,
  0xb4,0xbd,0xd4,0xc5,0xf5,0xc5,0x15,0xce,0x56,0xd6,0x56,0xd6,0x97,0xde,0xb7,0xde,
  0xb7,0xe6,0xd8,0xe6,0xf8,0xee,0xf8,0xee,0x19,0xef,0x39,0xf7,0x5a,0xf7,0x5a,0xf7,
  0x5a,0xf7,0x5a,0xf7,0x7a,0xf7,0x7a,0xff,0x5a,0xff,0x5a,0xff,0x5a,0xf7,0x5a,0xf7,
  0x5a,0xf7,0x5a,0xf7,0x39,0xf7,0x3a,0xf7,0x39,0xf7,0x18,0xef,0xf8,0xee,0xd8,0xe6,
  0xd8,0xe6,0xb7,0xe6,0x76,0xde,0x56,0xd6,0x36,0xd6,0x15,0xce,0xf5,0xcd,0xb4,0xbd,
  0x73,0xb5,0x32,0xad,0xf1,0xac,0xb0,0xa4,0x90,0x9c,0x4f,0x94,0x0e,0x8c,0xcd,0x83,
  0xad,0x7b,0x6c,0x73,0x4b,0x6b,0x2b,0x6b,0x0a,0x63,0xea,0x5a,0xca,0x5a,0xa9,0x52,
  0x89,0x52,0x69,0x4a,0x48,0x4a,0x28,0x4a,0x28,0x42,0x07,0x42,0xe7,0x39,0xc7,0x39,
  0xc6,0x39,0xa6,0x31,0x86,0x31,0xa6,0x31,0x86,0x31,0xa6,0x31,0x08,0x42,0x28,0x42,
  0xaa,0x52,0x0c,0x63,0x4d,0x6b,0xae,0x73,0xcf,0x7b,0xef,0x7b,0xef,0x7b,0xef,0x7b,
  0xcf,0x7b,0xcf,0x7b,0xcf,0x7b,0xce,0x7b,0xcf,0x7b,0xcf,0x7b,0xcf,0x7b,0xcf,0x7b,
  0xcf,0x7b,0xcf,0x7b,0xcf,0x7b,0xcf,0x7b,0xcf,0x7b,0xcf,0x7b,0xcf,0x7b,0xcf,0x7b,
  0xcf,0x7b,0xcf,0x7b,0xcf,0x7b,0xcf,0x7b,0xcf,0x7b,0xcf,0x7b,0xcf,0x7b,0xcf,0x7b,
  0xcf,0x7b,0xcf,0x7b,0xcf,0x7b,0xcf,0x7b,0xcf,0x7b,0xcf,0x7b,0xcf,0x7b,0xcf,0x7b,
  0xcf,0x7b,0xcf,0x7b,0xcf,0x7b,0xcf,0x7b,0xcf,0x7b,0xcf,0x7b,0xcf,0x7b,0xcf,0x7b,
  0xef,0x7b,0xef,0x7b,0xef,0x7b,0xef,0x7b,0xef,0x7b,0xef,0x7b,0xef,0x7b,0xef,0x7b,
  0xef,0x7b,0xef,0x7b,0xef,0x7b,0xef,0x7b,0xef,0x7b,0xef,0x7b,0xef,0x7b,0xef,0x7b,
  0xef,0x7b,0xef,0x7b,0xef,0x7b,0xef,0x7b,0xef,0x7b,0xef,0x7b,0xef,0x7b,0xef,0x7b,
  0xef,0x7b,0xef,0x7b,0xef,0x7b,0xef,0x7b,0xef,0x7b,0xef,0x7b,0xef,0x7b,0xef,0x7b,
  0xef,0x7b,0xef,0x7b,0xef,0x7b,0xef,0x7b,0xef,0x7b,0xef,0x7b,0xef,0x7b,0xef,0x7b,
  0xef,0x7b,0xcf,0x7b,0xcf,0x7b,0xcf,0x7b,0xcf,0x7b,0xef,0x7b,0xf0,0x7b,0x10,0x84,
  0x10,0x84,0x10,0x84,0x0f,0x7c,0xae,0x73,0x4d,0x6b,0x0c,0x63,0xaa,0x52,0x49,0x4a,
  0x07,0x42,0xe7,0x39,0x07,0x42,0x07,0x42,0x28,0x42,0x69,0x4a,0x89,0x52,0xaa,0x5a,
  0xca,0x5a,0xeb,0x62,0x0b,0x63,0x2c,0x6b,0x6c,0x6b,0x8d,0x73,0xad,0x7b,0xee,0x83,
  0x2f,0x8c,0x4f,0x94,0x90,0x94,0xb0,0x9c,0xd1,0xa4,0x12,0xad,0x32,0xb5,0x73,0xb5,
  0xb4,0xbd,0xf5,0xc5,0x36,0xce,0x56,0xd6,0x56,0xd6,0x77,0xde,0x97,0xde,0xb7,0xe6,
  0xd8,0xe6,0xf8,0xee,0x19,0xef,0x19,0xef,0x39,0xf7,0x5a,0xf7,0x5a,0xf7,0x7a,0xff,
  0x7a,0xff,0x7a,0xff,0x7a,0xff,0x7a,0xff,0x7a,0xff,0x7a,0xff,0x7a,0xff,0x7a,0xff,
  0x7a,0xff,0x5a,0xf7,0x5a,0xf7,0x5a,0xf7,0x3a,0xf7,0x19,0xef,0xf8,0xee,0xf8,0xee,
  0xd8,0xe6,0xb7,0xe6,0x97,0xde,0x76,0xde,0x56,0xd6,0x36,0xce,0xf5,0xcd,0xb4,0xc5,
  0x73,0xbd,0x52,0xb5,0x12,0xad,0xf1,0xa4,0xb0,0x9c,0x6f,0x94,0x2e,0x8c,0xed,0x83,
  0xad,0x7b,0x6c,0x73,0x2b,0x6b,0xea,0x62,0xca,0x5a,0xa9,0x5a,0x69,0x52,0x48,0x4a,
  0x48,0x4a,0x28,0x4a,0x07,0x42,0x07,0x42,0xe7,0x41,0xe7,0x39,0xc7,0x39,0xc7,0x39,
  0xc6,0x39,0xa6,0x31,0xa6,0x31,0xa6,0x31,0xa6,0x31,0x86,0x31,0x86,0x31,0x85,0x29,
  0x65,0x29,0x86,0x31,0x86,0x31,0xe7,0x39,0x28,0x42,0x69,0x4a,0x0c,0x63,0x2d,0x63,
  0x8e,0x73,0xcf,0x7b,0xcf,0x7b,0xef,0x7b,0xef,0x7b,0xcf,0x7b,0xcf,0x7b,0xcf,0x7b,
  0xcf,0x7b,0xcf,0x7b,0xcf,0x7b,0xcf,0x7b,0xcf,0x7b,0xcf,0x7b,0xcf,0x7b,0xcf,0x7b,
  0xcf,0x7b,0xcf,0x7b,0xcf,0x7b,0xcf,0x7b,0xcf,0x7b,0xcf,0x7b,0xcf,0x7b,0xcf,0x7b,
  0xcf,0x7b,0xcf,0x7b,0xcf,0x7b,0xcf,0x7b,0xcf,0x7b,0xcf,0x7b,0xcf,0x7b,0xcf,0x7b,
  0xcf,0x7b,0xcf,0x7b,0xcf,0x7b,0xcf,0x7b,0xcf,0x7b,0xcf,0x7b,0xcf,0x7b,0xcf,0x7b,
  0xef,0x7b,0xef,0x7b,0xef,0x7b,0xef,0x7b,0xef,0x7b,0xef,0x7b,0xef,0x7b,0xef,0x7b,
  0xef,0x7b,0xef,0x7b,0xef,0x7b,0xef,0x7b,0xef,0x7b,0xef,0x7b,0xef,0x7b,0xef,0x7b,
  0xef,0x7b,0xef,0x7b,0xef,0x7b,0xef,0x7b,0xef,0x7b,0xef,0x7b,0xef,0x7b,0xef,0x7b,
  0xef,0x7b,0xef,0x7b,0xef,0x7b,0xef,0x7b,0xef,0x7b,0xef,0x7b,0xef,0x7b,0xef,0x7b,
  0xef,0x7b,0xef,0x7b,0xef,0x7b,0xef,0x7b,0xcf,0x7b,0xcf,0x7b,0xcf,0x7b,0xef,0x7b,
  0xef,0x7b,0x10,0x84,0x10,0x84,0x10,0x84,0xef,0x7b,0xcf,0x73,0x6e,0x6b,0x2c,0x63,
  0xaa,0x52,0x48,0x42,0x08,0x3a,0xc7,0x31,0x86,0x31,0x86,0x31,0xc7,0x39,0xe7,0x39,
  0xe7,0x39,0x08,0x42,0x28,0x42,0x48,0x4a,0x48,0x4a,0x49,0x4a,0x69,0x52,0x89,0x52,
  0xaa,0x5a,0xea,0x5a,0x0b,0x63,0x2b,0x6b,0x4c,0x73,0x8c,0x73,0xad,0x7b,0xce,0x83,
  0x0e,0x84,0x2f,0x8c,0x70,0x94,0xd1,0xa4,0x32,0xad,0x74,0xb5,0xd5,0xbd,0x16,0xce,
  0x77,0xd6,0x98,0xde,0xd9,0xde,0xd9,0xe6,0x77,0xd6,0x77,0xde,0xb7,0xde,0xd8,0xe6,
  0xd8,0xe6,0xf8,0xee,0x19,0xef,0x3a,0xf7,0x5a,0xf7,0x5a,0xf7,0x7b,0xf7,0x7b,0xff,
  0x9b,0xff,0x9b,0xff,0x9b,0xff,0x9b,0xff,0x9b,0xff,0x9b,0xff,0x9b,0xff,0x9b,0xff,
  0x7b,0xff,0x7a,0xff,0x7a,0xf7,0x5a,0xf7,0x5a,0xf7,0x39,0xf7,0x19,0xef,0xf9,0xee,
  0xd8,0xe6,0xb7,0xe6,0x97,0xde,0x77,0xde,0x56,0xd6,0x36,0xce,0x36,0xce,0x36,0xce,
  0xd5,0xc5,0x73,0xb5,0x32,0xad,0xf1,0xa4,0xb0,0x9c,0x6f,0x94,0x2e,0x8c,0x0e,0x84,
  0xcd,0x7b,0x8c,0x73,0x4b,0x6b,0x0b,0x63,0xca,0x62,0xa9,0x5a,0x68,0x52,0x48,0x4a,
  0x07,0x42,0xe7,0x41,0xc6,0x39,0xa6,0x39,0xa6,0x31,0xa6,0x31,0x86,0x31,0x86,0x31,
  0x86,0x31,0x86,0x31,0x86,0x31,0x86,0x31,0x86,0x31,0x86,0x31,0x86,0x31,0x86,0x31,
  0x86,0x31,0x86,0x31,0x86,0x31,0x65,0x29,0x65,0x29,0x65,0x29,0x65,0x29,0x86,0x31,
  0xa6,0x31,0x08,0x42,0x69,0x4a,0xaa,0x52,0x4c,0x6b,0x6d,0x6b,0xae,0x73,0xcf,0x7b,
  0xef,0x7b,0xef,0x7b,0xcf,0x7b,0xcf,0x7b,0xcf,0x7b,0xcf,0x7b,0xcf,0x7b,0xcf,0x7b,
  0xcf,0x7b,0xcf,0x7b,0xcf,0x7b,0xcf,0x7b,0xcf,0x7b,0xcf,0x7b,0xcf,0x7b,0xcf,0x7b,
  0xcf,0x7b,0xcf,0x7b,0xcf,0x7b,0xcf,0x7b,0xcf,0x7b,0xcf,0x7b,0xcf,0x7b,0xcf,0x7b,
  0xcf,0x7b,0xcf,0x7b,0xcf,0x7b,0xcf,0x7b,0xcf,0x7b,0xcf,0x7b,0xcf,0x7b,0xcf,0x7b,
  0xef,0x7b,0xef,0x7b,0xef,0x7b,0xef,0x7b,0xef,0x7b,0xef,0x7b,0xef,0x7b,0xef,0x7b,
  0xef,0x7b,0xef,0x7b,0xef,0x7b,0xef,0x7b,0xef,0x7b,0xef,0x7b,0xef,0x7b,0xef,0x7b,
  0xef,0x7b,0xef,0x7b,0xef,0x7b,0xef,0x7b,0xef,0x7b,0xef,0x7b,0xef,0x7b,0xef,0x7b,
  0xef,0x7b,0xef,0x7b,0xef,0x7b,0xef,0x7b,0xef,0x7b,0xef,0x7b,0xef,0x7b,0xcf,0x7b,
  0xcf,0x7b,0xef,0x7b,0xef,0x7b,0x10,0x7c,0x10,0x84,0x10,0x84,0x10,0x84,0xef,0x7b,
  0xae,0x73,0x4d,0x6b,0xcb,0x5a,0x69,0x4a,0x08,0x3a,0xa6,0x31,0x86,0x31,0x86,0x31,
  0x86,0x31,0x86,0x31,0xa6,0x31,0xc7,0x39,0xc7,0x39,0xe7,0x39,0xe7,0x39,0xe7,0x39,
  0xe7,0x39,0xe7,0x41,0x07,0x42,0x08,0x42,0x28,0x4a,0x48,0x4a,0x69,0x52,0x89,0x52,
  0xa9,0x52,0xaa,0x5a,0xea,0x5a,0x0b,0x63,0x4c,0x6b,0x8d,0x73,0xee,0x83,0x50,0x8c,
  0xd1,0x9c,0x33,0xad,0x94,0xb5,0xd6,0xbd,0x17,0xc6,0x57,0xce,0x78,0xd6,0x98,0xd6,
  0xb9,0xde,0xb9,0xde,0xd9,0xde,0xfa,0xe6,0xf9,0xe6,0x97,0xde,0xb7,0xe6,0xd8,0xe6,
  0xf8,0xee,0x19,0xef,0x3a,0xf7,0x5a,0xf7,0x5a,0xf7,0x7b,0xf7,0x9b,0xff,0x9c,0xff,
  0x9c,0xff,0xbc,0xff,0xbc,0xff,0xbc,0xff,0xbc,0xff,0xbc,0xff,0xbc,0xff,0xbc,0xff,
  0xbc,0xff,0x9c,0xff,0x9b,0xff,0x7b,0xff,0x7b,0xf7,0x5a,0xf7,0x39,0xef,0x19,0xef,
  0x19,0xef,0xd8,0xe6,0x97,0xde,0x97,0xde,0x76,0xd6,0x36,0xd6,0xb9,0xde,0xd9,0xde,
  0x98,0xde,0x78,0xd6,0x37,0xce,0xd6,0xc5,0x74,0xb5,0x12,0xad,0xb0,0x9c,0x2e,0x8c,
  0xcd,0x83,0x8c,0x73,0x4b,0x6b,0x0a,0x63,0xea,0x62,0xc9,0x5a,0x89,0x52,0x48,0x4a,
  0x27,0x42,0xe7,0x41,0xc6,0x39,0xa6,0x31,0x85,0x31,0x45,0x29,0x44,0x29,0x24,0x29,
  0x24,0x21,0x24,0x21,0x24,0x21,0x24,0x21,0x45,0x29,0x45,0x29,0x45,0x29,0x45,0x29,
  0x65,0x29,0x65,0x29,0x65,0x29,0x65,0x29,0x65,0x29,0x86,0x29,0x86,0x29,0x86,0x29,
  0x66,0x29,0x65,0x29,0x65,0x29,0x65,0x29,0x86,0x31,0xc6,0x39,0xc7,0x39,0x69,0x4a,
  0x8a,0x52,0xeb,0x5a,0x6d,0x6b,0x8e,0x73,0xcf,0x7b,0xef,0x7b,0xef,0x7b,0xef,0x7b,
  0xcf,0x7b,0xcf,0x7b,0xcf,0x7b,0xcf,0x7b,0xcf,0x7b,0xcf,0x7b,0xcf,0x7b,0xcf,0x7b,
  0xcf,0x7b,0xcf,0x7b,0xcf,0x7b,0xcf,0x7b,0xcf,0x7b,0xcf,0x7b,0xcf,0x7b,0xcf,0x7b,
  0xcf,0x7b,0xcf,0x7b,0xcf,0x7b,0xcf,0x7b,0xcf,0x7b,0xcf,0x7b,0xcf,0x7b,0xcf,0x7b,
  0xef,0x7b,0xef,0x7b,0xef,0x7b,0xef,0x7b,0xef,0x7b,0xef,0x7b,0xef,0x7b,0xef,0x7b,
  0xef,0x7b,0xef,0x7b,0xef,0x7b,0xef,0x7b,0xef,0x7b,0xef,0x7b,0xef,0x7b,0xef,0x7b,
  0xef,0x7b,0xef,0x7b,0xef,0x7b,0xef,0x7b,0xef,0x7b,0xef,0x7b,0xef,0x7b,0xef,0x7b,
  0xef,0x7b,0xef,0x7b,0xef,0x7b,0xef,0x7b,0xef,0x7b,0xf0,0x7b,0x10,0x84,0x10,0x84,
  0x10,0x84,0x10,0x84,0xcf,0x7b,0x8e,0x73,0x0c,0x63,0xaa,0x52,0x49,0x4a,0xc7,0x39,
  0xa6,0x31,0x86,0x31,0x86,0x29,0x86,0x31,0x86,0x31,0xa6,0x31,0xa7,0x31,0xa7,0x31,
  0xa7,0x31,0xc7,0x39,0xa6,0x31,0xa6,0x31,0xa6,0x31,0xa6,0x31,0xc7,0x39,0xc7,0x39,
  0xe7,0x39,0xe7,0x39,0xe7,0x39,0xe7,0x41,0x07,0x42,0x07,0x42,0x48,0x4a,0x89,0x52,
  0xca,0x5a,0x2c,0x6b,0xae,0x7b,0x0f,0x84,0x91,0x94,0xf3,0xa4,0x54,0xad,0x75,0xb5,
  0xb5,0xbd,0xd6,0xbd,0xf6,0xc5,0x16,0xc6,0x17,0xc6,0x37,0xce,0x58,0xd6,0x78,0xd6,
  0x98,0xde,0xb9,0xde,0xd9,0xe6,0xfa,0xe6,0x1a,0xef,0xf9,0xe6,0xb8,0xe6,0xd8,0xe6,
  0xf9,0xee,0x19,0xef,0x3a,0xf7,0x5a,0xf7,0x7b,0xf7,0x9c,0xff,0xbc,0xff,0xbd,0xff,
  0xbd,0xff,0xbd,0xff,0xbd,0xff,0xbd,0xff,0xbd,0xff,0xbd,0xff,0xbd,0xff,0xbd,0xff,
  0xbd,0xff,0xbd,0xff,0xbc,0xff,0x9c,0xff,0x9c,0xff,0x7c,0xf7,0x5b,0xf7,0x3a,0xef,
  0xf9,0xee,0xd8,0xe6,0xb7,0xe6,0x97,0xde,0x77,0xde,0x56,0xd6,0x36,0xd6,0xb9,0xde,
  0x98,0xde,0x78,0xd6,0x58,0xd6,0x57,0xce,0x37,0xce,0x16,0xc6,0xd6,0xbd,0x95,0xb5,
  0x33,0xad,0xd2,0x9c,0x2f,0x8c,0xce,0x7b,0x4c,0x6b,0xca,0x5a,0x89,0x52,0x48,0x4a,
  0x07,0x42,0xe7,0x41,0xe6,0x39,0xc6,0x39,0xa6,0x31,0x65,0x31,0x45,0x29,0x24,0x29,
  0x24,0x21,0x04,0x21,0x03,0x19,0xe3,0x18,0xe3,0x18,0xe3,0x18,0xe3,0x18,0x04,0x21,
  0x04,0x21,0x24,0x21,0x24,0x21,0x25,0x21,0x45,0x29,0x45,0x29,0x65,0x29,0x65,0x29,
  0x65,0x29,0x86,0x29,0x86,0x31,0x86,0x31,0x86,0x31,0x66,0x29,0x65,0x29,0x65,0x29,
  0x65,0x29,0x65,0x29,0xc7,0x31,0xc7,0x39,0x28,0x42,0xaa,0x52,0xcb,0x5a,0x4d,0x6b,
  0x8e,0x73,0xaf,0x7b,0xef,0x7b,0xef,0x7b,0xef,0x7b,0xcf,0x7b,0xcf,0x7b,0xcf,0x7b,
  0xcf,0x7b,0xcf,0x7b,0xcf,0x7b,0xcf,0x7b,0xcf,0x7b,0xcf,0x7b,0xcf,0x7b,0xcf,0x7b,
  0xcf,0x7b,0xcf,0x7b,0xcf,0x7b,0xcf,0x7b,0xcf,0x7b,0xcf,0x7b,0xcf,0x7b,0xcf,0x7b,
  0xef,0x7b,0xef,0x7b,0xef,0x7b,0xef,0x7b,0xef,0x7b,0xef,0x7b,0xef,0x7b,0xef,0x7b,
  0xef,0x7b,0xef,0x7b,0xef,0x7b,0xef,0x7b,0xef,0x7b,0xef,0x7b,0xef,0x7b,0xef,0x7b,
  0xef,0x7b,0xef,0x7b,0xef,0x7b,0xef,0x7b,0xef,0x7b,0xef,0x7b,0xef,0x7b,0xef,0x7b,
  0x10,0x7c,0x10,0x84,0x30,0x84,0x30,0x84,0xf0,0x7b,0xae,0x73,0x6d,0x6b,0x0c,0x63,
  0x8a,0x4a,0x08,0x42,0xc7,0x39,0xa6,0x31,0x66,0x29,0x86,0x31,0xa6,0x31,0xa6,0x31,
  0xa6,0x31,0xc7,0x31,0xa6,0x31,0xa6,0x31,0xa6,0x31,0x86,0x31,0x86,0x31,0xa6,0x31,
  0x86,0x31,0x86,0x31,0xa6,0x31,0xa6,0x31,0x86,0x31,0x86,0x31,0x86,0x31,0x86,0x31,
  0xa6,0x31,0xc7,0x39,0x08,0x42,0x69,0x4a,0xca,0x5a,0x2c,0x6b,0xce,0x7b,0x30,0x84,
  0x71,0x94,0xd2,0x9c,0xf3,0xa4,0x13,0xa5,0x34,0xad,0x34,0xad,0x54,0xad,0x74,0xb5,
  0x95,0xb5,0xb5,0xbd,0xd6,0xbd,0xf6,0xc5,0x17,0xce,0x57,0xce,0x58,0xd6,0x78,0xd6,
  0x99,0xde,0xb9,0xde,0xd9,0xe6,0xfa,0xe6,0xd9,0xe6,0xb8,0xde,0xd8,0xe6,0xf9,0xe6,
  0x19,0xef,0x39,0xef,0x7b,0xf7,0x9c,0xff,0x9c,0xff,0x9c,0xff,0xbc,0xff,0xbd,0xff,
  0xbd,0xff,0xbd,0xff,0xbd,0xff,0xbd,0xff,0xbd,0xff,0xbd,0xff,0xbd,0xff,0xbd,0xff,
  0xbd,0xff,0xbd,0xff,0xbc,0xff,0x9c,0xff,0x9c,0xff,0x9c,0xff,0x9c,0xf7,0x7b,0xf7,
  0x3a,0xf7,0xf9,0xe6,0xb8,0xe6,0x97,0xde,0x77,0xde,0x56,0xd6,0x15,0xce,0x15,0xce,
  0x98,0xd6,0x98,0xd6,0x57,0xce,0x37,0xce,0x16,0xc6,0xf6,0xc5,0xd6,0xbd,0xb5,0xbd,
  0x95,0xb5,0x95,0xb5,0x74,0xb5,0x34,0xad,0x13,0xa5,0xb1,0x94,0x50,0x8c,0xce,0x7b,
  0x2c,0x6b,0xaa,0x5a,0x48,0x4a,0xc6,0x39,0x85,0x31,0x65,0x29,0x44,0x29,0x24,0x29,
  0x24,0x21,0x24,0x21,0x04,0x21,0x04,0x21,0xe3,0x18,0xe3,0x18,0xc3,0x18,0xc3,0x18,
  0xc3,0x18,0xc3,0x18,0xc3,0x18,0xc3,0x18,0xe3,0x18,0xe4,0x18,0x04,0x21,0x04,0x21,
  0x24,0x21,0x45,0x21,0x45,0x29,0x45,0x29,0x65,0x29,0x65,0x29,0x65,0x29,0x86,0x29,
  0x86,0x29,0x86,0x31,0x65,0x29,0x66,0x29,0x65,0x29,0x65,0x29,0x66,0x29,0x65,0x29,
  0xc7,0x39,0x08,0x42,0x49,0x4a,0xeb,0x5a,0x0c,0x63,0x8e,0x73,0xae,0x73,0xcf,0x7b,
  0xef,0x7b,0xef,0x7b,0xef,0x7b,0xcf,0x7b,0xcf,0x7b,0xcf,0x7b,0xcf,0x7b,0xcf,0x7b,
  0xcf,0x7b,0xcf,0x7b,0xcf,0x7b,0xcf,0x7b,0xcf,0x7b,0xcf,0x7b,0xcf,0x7b,0xcf,0x7b,
  0xef,0x7b,0xef,0x7b,0xef,0x7b,0xef,0x7b,0xef,0x7b,0xef,0x7b,0xef,0x7b,0xef,0x7b,
  0xef,0x7b,0xef,0x7b,0xef,0x7b,0xef,0x7b,0xef,0x7b,0xef,0x7b,0xef,0x7b,0xef,0x7b,
  0xef,0x7b,0xef,0x7b,0xef,0x7b,0x10,0x84,0x10,0x84,0x30,0x84,0x10,0x84,0xef,0x7b,
  0xae,0x73,0x2c,0x63,0xcb,0x5a,0x69,0x4a,0x08,0x3a,0x86,0x31,0x86,0x31,0xa6,0x31,
  0x86,0x31,0x86,0x31,0xa6,0x31,0xa7,0x31,0xa6,0x31,0xa6,0x31,0xa6,0x31,0xa6,0x31,
  0x86,0x31,0x86,0x31,0x86,0x31,0x86,0x31,0x86,0x31,0x86,0x31,0x86,0x31,0x86,0x29,
  0x65,0x29,0x65,0x29,0x65,0x29,0x65,0x29,0xa6,0x31,0xc7,0x39,0x28,0x42,0xaa,0x5a,
  0x0c,0x63,0x6d,0x73,0x0f,0x84,0x50,0x84,0x71,0x8c,0x91,0x94,0x92,0x94,0xb2,0x94,
  0xb2,0x94,0xb2,0x9c,0xd2,0x9c,0xf3,0xa4,0x13,0xa5,0x34,0xad,0x54,0xad,0x74,0xb5,
  0x95,0xb5,0xb5,0xbd,0xd6,0xbd,0xf6,0xc5,0x17,0xce,0x57,0xce,0x78,0xd6,0x78,0xd6,
  0x99,0xde,0xb9,0xde,0xfa,0xe6,0xb8,0xde,0x77,0xde,0xb8,0xde,0xd8,0xe6,0xf8,0xee,
  0x19,0xef,0x5b,0xf7,0x9c,0xf7,0x9c,0xff,0x9c,0xff,0x9c,0xff,0xbc,0xff,0xbd,0xff,
  0xbd,0xff,0xbd,0xff,0xbd,0xff,0xbd,0xff,0xbd,0xff,0xbd,0xff,0xbd,0xff,0xbd,0xff,
  0xbc,0xff,0xbc,0xff,0xbc,0xff,0x9c,0xff,0x9c,0xff,0x9c,0xff,0x9c,0xf7,0x7c,0xf7,
  0x5b,0xf7,0x3a,0xef,0xd8,0xe6,0x97,0xde,0x77,0xde,0x56,0xd6,0x36,0xce,0xf5,0xcd,
  0xf5,0xc5,0x78,0xd6,0x78,0xd6,0x37,0xce,0x17,0xce,0xf6,0xc5,0xd6,0xbd,0xb5,0xbd,
  0x95,0xb5,0x54,0xb5,0x34,0xad,0x33,0xa5,0x13,0xa5,0xf3,0xa4,0xf3,0x9c,0xd2,0x9c,
  0xb2,0x9c,0x91,0x94,0x51,0x8c,0xef,0x7b,0x6d,0x73,0xeb,0x62,0x49,0x4a,0xc7,0x39,
  0x85,0x29,0x04,0x21,0xe3,0x18,0xc3,0x18,0xe3,0x18,0xe3,0x18,0xe3,0x18,0xe3,0x18,
  0xc3,0x18,0xc3,0x18,0xc3,0x18,0xa3,0x10,0xa3,0x10,0xc3,0x10,0xc3,0x10,0xc3,0x18,
  0xc3,0x18,0xe3,0x18,0xe3,0x18,0x04,0x21,0x04,0x21,0x24,0x21,0x45,0x21,0x45,0x29,
  0x45,0x29,0x65,0x29,0x65,0x29,0x65,0x29,0x86,0x29,0x86,0x29,0x86,0x31,0x86,0x29,
  0x65,0x29,0x65,0x29,0x65,0x29,0x86,0x29,0x86,0x29,0xa6,0x31,0x08,0x3a,0x28,0x42,
  0xcb,0x52,0x0c,0x63,0x6d,0x6b,0xae,0x73,0xcf,0x7b,0xef,0x7b,0xef,0x7b,0xef,0x7b,
  0xcf,0x7b,0xcf,0x7b,0xcf,0x7b,0xcf,0x7b,0xcf,0x7b,0xcf,0x7b,0xcf,0x7b,0xcf,0x7b,
  0xef,0x7b,0xef,0x7b,0xef,0x7b,0xef,0x7b,0xef,0x7b,0xef,0x7b,0xef,0x7b,0xef,0x7b,
  0xef,0x7b,0xef,0x7b,0xef,0x7b,0xef,0x7b,0xef,0x7b,0xf0,0x7b,0x10,0x84,0x10,0x84,
  0x30,0x84,0x10,0x84,0xef,0x7b,0x8e,0x73,0x0c,0x63,0xaa,0x52,0x28,0x42,0xc7,0x39,
  0x86,0x31,0x66,0x29,0x65,0x29,0x86,0x31,0xa6,0x31,0xa6,0x31,0xa6,0x31,0xa6,0x31,
  0xa6,0x31,0xa6,0x31,0x86,0x31,0x86,0x31,0x86,0x31,0x86,0x31,0x86,0x31,0x86,0x31,
  0x86,0x31,0x86,0x31,0x65,0x29,0x45,0x29,0x45,0x29,0x45,0x29,0x65,0x29,0x86,0x31,
  0xe7,0x39,0x49,0x4a,0xaa,0x52,0x2c,0x63,0xae,0x73,0xcf,0x7b,0x10,0x84,0x30,0x84,
  0x51,0x8c,0x30,0x8c,0x30,0x84,0x50,0x84,0x50,0x8c,0x51,0x8c,0x71,0x8c,0x91,0x94,
  0xb2,0x94,0xb2,0x9c,0xd2,0x9c,0xf3,0xa4,0x13,0xa5,0x34,0xad,0x54,0xad,0x74,0xb5,
  0x95,0xb5,0xb5,0xbd,0xd6,0xbd,0xf6,0xc5,0x17,0xce,0x57,0xce,0x58,0xd6,0x78,0xd6,
  0x99,0xde,0xd9,0xde,0x78,0xd6,0x56,0xd6,0x97,0xde,0xb8,0xde,0xb8,0xe6,0xd8,0xe6,
  0x19,0xef,0x5b,0xf7,0x9c,0xf7,0x9c,0xff,0x9c,0xff,0x9c,0xff,0xbc,0xff,0xbc,0xff,
  0xbd,0xff,0xbd,0xff,0xbd,0xff,0xbd,0xff,0xbd,0xff,0xbd,0xff,0xbd,0xff,0xbc,0xff,
  0xbc,0xff,0xbc,0xff,0x9c,0xff,0x9c,0xff,0x9c,0xff,0x9c,0xf7,0x9c,0xf7,0x7c,0xf7,
  0x7c,0xf7,0x3a,0xef,0xd8,0xe6,0x97,0xde,0x77,0xde,0x56,0xd6,0x36,0xce,0xf5,0xcd,
  0xd4,0xc5,0xb4,0xbd,0x57,0xce,0x57,0xce,0x17,0xc6,0xf6,0xc5,0xd6,0xbd,0xb5,0xbd,
  0x95,0xb5,0x74,0xb5,0x54,0xad,0x33,0xa5,0x13,0xa5,0xf2,0x9c,0xd2,0x9c,0xb2,0x94,
  0x91,0x94,0x71,0x94,0x71,0x8c,0x71,0x8c,0x71,0x8c,0x71,0x8c,0x50,0x8c,0x10,0x84,
  0xcf,0x7b,0x4d,0x6b,0xeb,0x5a,0x69,0x4a,0xa6,0x31,0x65,0x29,0x04,0x21,0xc3,0x18,
  0xa2,0x10,0xa2,0x10,0xa2,0x10,0xc3,0x18,0xc3,0x18,0xc3,0x18,0xc3,0x18,0xc3,0x18,
  0xc3,0x10,0xa2,0x10,0xa2,0x10,0xc3,0x10,0xc3,0x18,0xc3,0x18,0xc3,0x18,0xe3,0x18,
  0x04,0x19,0x04,0x21,0x24,0x21,0x24,0x21,0x45,0x29,0x45,0x29,0x65,0x29,0x65,0x29,
  0x65,0x29,0x86,0x29,0x86,0x31,0x86,0x29,0x86,0x31,0x86,0x29,0x66,0x29,0x65,0x29,
  0x65,0x29,0x86,0x31,0x86,0x31,0xe7,0x39,0x28,0x42,0x8a,0x52,0xeb,0x5a,0x4c,0x6b,
  0x8e,0x73,0xcf,0x7b,0xef,0x7b,0xef,0x7b,0xef,0x7b,0xcf,0x7b,0xcf,0x7b,0xcf,0x7b,
  0xef,0x7b,0xef,0x7b,0xef,0x7b,0xef,0x7b,0xef,0x7b,0xef,0x7b,0xef,0x7b,0xef,0x7b,
  0x10,0x7c,0x10,0x84,0x30,0x84,0x30,0x84,0x10,0x84,0xcf,0x7b,0x6d,0x6b,0x0c,0x63,
  0x8a,0x52,0x08,0x42,0xc7,0x31,0x86,0x31,0x65,0x29,0x66,0x29,0x86,0x31,0x86,0x31,
  0xa6,0x31,0xa6,0x31,0xa6,0x31,0xa6,0x31,0x86,0x31,0x86,0x31,0x86,0x31,0x86,0x31,
  0x86,0x31,0x86,0x31,0x86,0x31,0x86,0x29,0x65,0x29,0x65,0x29,0x45,0x29,0x45,0x29,
  0x45,0x29,0x66,0x29,0xa6,0x31,0x08,0x42,0x69,0x4a,0xcb,0x5a,0x4d,0x6b,0xae,0x73,
  0xef,0x7b,0x10,0x84,0x10,0x84,0x10,0x84,0x10,0x84,0x10,0x84,0x10,0x7c,0x10,0x84,
  0x10,0x84,0x10,0x84,0x30,0x84,0x30,0x84,0x51,0x8c,0x71,0x8c,0x71,0x94,0x91,0x94,
  0xb2,0x94,0xb2,0x9c,0xd2,0x9c,0xf3,0xa4,0x13,0xa5,0x34,0xad,0x54,0xad,0x74,0xb5,
  0x95,0xb5,0xb5,0xbd,0xd6,0xbd,0xf6,0xc5,0x17,0xce,0x37,0xce,0x58,0xd6,0x78,0xd6,
  0xb9,0xde,0x57,0xd6,0x36,0xce,0x77,0xd6,0x77,0xde,0x97,0xde,0xb8,0xe6,0xd8,0xe6,
  0x19,0xef,0x5b,0xf7,0x7c,0xf7,0x9c,0xff,0x9c,0xff,0x9c,0xff,0xbc,0xff,0xbc,0xff,
  0xbd,0xff,0xbd,0xff,0xbd,0xff,0xbd,0xff,0xbd,0xff,0xbd,0xff,0xbc,0xff,0xbc,0xff,
  0xbc,0xff,0xbc,0xff,0x9c,0xff,0x9c,0xff,0x9c,0xff,0x9c,0xf7,0x7c,0xf7,0x7b,0xf7,
  0x7c,0xf7,0x3a,0xef,0xd8,0xe6,0x97,0xde,0x77,0xde,0x56,0xd6,0x15,0xce,0xf5,0xcd,
  0xd4,0xc5,0x93,0xbd,0x73,0xb5,0x37,0xce,0x37,0xce,0xf6,0xc5,0xd6,0xbd,0xb5,0xbd,
  0x95,0xb5,0x74,0xb5,0x54,0xad,0x33,0xa5,0xf3,0xa4,0xf3,0x9c,0xd2,0x9c,0xb2,0x9c,
  0x91,0x94,0x71,0x94,0x71,0x8c,0x50,0x8c,0x30,0x8c,0x30,0x84,0x10,0x84,0x10,0x84,
  0x10,0x84,0x30,0x84,0x30,0x84,0x30,0x84,0x0f,0x84,0xcf,0x7b,0x8e,0x73,0x0c,0x63,
  0x8a,0x52,0x08,0x42,0x86,0x31,0x04,0x21,0xc3,0x18,0xa2,0x10,0xa2,0x10,0xa2,0x10,
  0xa2,0x10,0xc3,0x10,0xc3,0x18,0xc3,0x18,0xc3,0x18,0xc3,0x10,0xa2,0x10,0xa3,0x10,
  0xc3,0x10,0xc3,0x18,0xc3,0x18,0xc3,0x18,0xe3,0x18,0xe4,0x18,0x04,0x21,0x24,0x21,
  0x24,0x21,0x45,0x29,0x45,0x29,0x65,0x29,0x65,0x29,0x65,0x29,0x86,0x29,0x86,0x29,
  0x86,0x31,0x86,0x31,0x86,0x29,0x65,0x29,0x65,0x29,0x65,0x29,0x65,0x29,0x86,0x31,
  0xa6,0x31,0x08,0x42,0x69,0x4a,0xcb,0x5a,0x2c,0x63,0x8e,0x73,0xae,0x73,0xef,0x7b,
  0xef,0x7b,0xef,0x7b,0xef,0x7b,0x10,0x84,0x10,0x84,0x30,0x84,0x30,0x84,0xef,0x7b,
  0xaf,0x73,0x4d,0x6b,0xcb,0x5a,0x69,0x4a,0xe7,0x39,0xa6,0x31,0x86,0x29,0x66,0x29,
  0x66,0x29,0x86,0x31,0x86,0x31,0xa6,0x31,0xa6,0x31,0xa6,0x31,0xa6,0x31,0x86,0x31,
  0x86,0x31,0x86,0x31,0x86,0x31,0x86,0x31,0x86,0x31,0x86,0x29,0x65,0x29,0x65,0x29,
  0x45,0x29,0x45,0x29,0x45,0x29,0x45,0x29,0x86,0x31,0xc7,0x39,0x28,0x42,0xcb,0x52,
  0x2c,0x63,0x8e,0x73,0xcf,0x7b,0x10,0x7c,0x10,0x84,0x10,0x84,0x10,0x84,0x10,0x7c,
  0xef,0x7b,0xef,0x7b,0xef,0x7b,0xef,0x7b,0xef,0x7b,0xf0,0x83,0x10,0x84,0x10,0x84,
  0x10,0x84,0x30,0x84,0x30,0x84,0x30,0x8c,0x51,0x8c,0x71,0x8c,0x71,0x94,0x91,0x94,
  0xb2,0x94,0xb2,0x9c,0xd2,0x9c,0xf3,0xa4,0x13,0xa5,0x34,0xad,0x54,0xad,0x74,0xb5,
  0x95,0xb5,0xb5,0xbd,0xd6,0xbd,0xf6,0xc5,0x17,0xce,0x37,0xce,0x58,0xd6,0x98,0xd6,
  0x16,0xce,0xf5,0xcd,0x36,0xd6,0x56,0xd6,0x77,0xde,0x97,0xde,0xb7,0xe6,0xd8,0xe6,
  0x19,0xef,0x5b,0xf7,0x7c,0xf7,0x9c,0xf7,0x9c,0xff,0x9c,0xff,0x9c,0xff,0xbc,0xff,
  0xbc,0xff,0xbc,0xff,0xbd,0xff,0xbd,0xff,0xbd,0xff,0xbc,0xff,0xbc,0xff,0xbc,0xff,
  0xbc,0xff,0xbc,0xff,0x9c,0xff,0x9c,0xff,0x9c,0xff,0x7c,0xf7,0x7c,0xf7,0x7b,0xf7,
  0x7b,0xf7,0x1a,0xef,0xb7,0xde,0x97,0xde,0x56,0xd6,0x36,0xd6,0x15,0xce,0xf5,0xc5,
  0xb4,0xc5,0x94,0xbd,0x53,0xb5,0x53,0xb5,0xf6,0xc5,0xf6,0xc5,0xd6,0xbd,0xb5,0xbd,
  0x95,0xb5,0x74,0xb5,0x54,0xad,0x33,0xa5,0xf3,0xa4,0xf2,0x9c,0xd2,0x9c,0xb2,0x94,
  0x91,0x94,0x71,0x94,0x71,0x8c,0x50,0x8c,0x50,0x8c,0x30,0x84,0x10,0x84,0x10,0x84,
  0xef,0x83,0xef,0x7b,0xef,0x7b,0xcf,0x7b,0xef,0x7b,0xef,0x7b,0xef,0x7b,0x0f,0x84,
  0x10,0x84,0x10,0x84,0xef,0x7b,0xae,0x73,0x4d,0x6b,0xcb,0x5a,0x29,0x4a,0xc7,0x39,
  0x45,0x21,0xe3,0x18,0xa2,0x10,0x82,0x10,0x82,0x10,0xa2,0x10,0xa2,0x10,0xc3,0x10,
  0xc3,0x18,0xc3,0x18,0xc3,0x10,0xa3,0x10,0xa2,0x10,0xa3,0x10,0xc3,0x18,0xc3,0x18,
  0xc3,0x18,0xe3,0x18,0xe3,0x18,0x04,0x21,0x04,0x21,0x24,0x21,0x25,0x21,0x45,0x29,
  0x45,0x29,0x65,0x29,0x65,0x29,0x65,0x29,0x65,0x29,0x86,0x29,0x86,0x31,0x86,0x29,
  0x65,0x29,0x65,0x29,0x65,0x29,0x45,0x29,0x86,0x31,0xa6,0x31,0xc7,0x39,0x49,0x4a,
  0x30,0x84,0x10,0x84,0xef,0x7b,0x8e,0x73,0x2c,0x63,0xcb,0x52,0x49,0x4a,0xc7,0x39,
  0x86,0x31,0x86,0x31,0x65,0x29,0x65,0x29,0x86,0x31,0xa6,0x31,0xa6,0x31,0xa6,0x31,
  0xa6,0x31,0x86,0x31,0x86,0x31,0x86,0x31,0x86,0x31,0x86,0x31,0x86,0x31,0x86,0x31,
  0x86,0x29,0x65,0x29,0x65,0x29,0x45,0x29,0x45,0x29,0x45,0x29,0x65,0x29,0x86,0x31,
  0x08,0x42,0x69,0x4a,0xcb,0x5a,0x4d,0x6b,0xae,0x73,0xef,0x7b,0x10,0x84,0x10,0x84,
  0x10,0x84,0x10,0x84,0xef,0x7b,0xef,0x7b,0xef,0x7b,0xef,0x7b,0xef,0x7b,0xef,0x7b,
  0xef,0x7b,0xef,0x7b,0x0f,0x7c,0x10,0x7c,0x10,0x84,0x10,0x84,0x10,0x84,0x10,0x84,
  0x30,0x84,0x30,0x84,0x30,0x84,0x50,0x8c,0x51,0x8c,0x71,0x8c,0x71,0x94,0x91,0x94,
  0xb2,0x94,0xb2,0x9c,0xd2,0x9c,0xf3,0xa4,0x13,0xa5,0x33,0xad,0x54,0xad,0x74,0xb5,
  0x95,0xb5,0xb5,0xbd,0xd6,0xbd,0xf6,0xc5,0x17,0xc6,0x37,0xce,0x78,0xd6,0xf5,0xc5,
  0xd4,0xc5,0x15,0xce,0x16,0xce,0x36,0xd6,0x56,0xd6,0x77,0xde,0xb7,0xde,0xd8,0xe6,
  0xf9,0xee,0x5b,0xf7,0x7c,0xf7,0x7c,0xf7,0x9c,0xff,0x9c,0xff,0x9c,0xff,0xbc,0xff,
  0xbc,0xff,0xbc,0xff,0xbd,0xff,0xbc,0xff,0xbc,0xff,0xbc,0xff,0xbc,0xff,0xbc,0xff,
  0xbc,0xff,0x9c,0xff,0x9c,0xff,0x9c,0xff,0x9c,0xf7,0x7c,0xf7,0x7c,0xf7,0x7b,0xf7,
  0x5b,0xf7,0xf9,0xe6,0x97,0xde,0x77,0xde,0x56,0xd6,0x36,0xce,0x15,0xce,0xf5,0xc5,
  0xb4,0xc5,0x93,0xbd,0x53,0xb5,0x12,0xad,0x12,0xad,0xd6,0xbd,0xd6,0xbd,0x95,0xbd,
  0x95,0xb5,0x74,0xad,0x34,0xad,0x13,0xa5,0xf3,0xa4,0xd2,0x9c,0xd2,0x9c,0xb2,0x94,
  0x91,0x94,0x71,0x94,0x71,0x8c,0x50,0x8c,0x50,0x8c,0x30,0x84,0x10,0x84,0x10,0x84,
  0x0f,0x84,0xef,0x83,0xef,0x7b,0xef,0x7b,0xef,0x7b,0xcf,0x7b,0xcf,0x7b,0xcf,0x7b,
  0xcf,0x7b,0xcf,0x7b,0xcf,0x7b,0xcf,0x7b,0xef,0x7b,0xf0,0x83,0x10,0x84,0xf0,0x83,
  0xcf,0x7b,0x6d,0x6b,0x0c,0x63,0x6a,0x4a,0x08,0x3a,0x86,0x29,0x04,0x21,0xc3,0x18,
  0x82,0x10,0x82,0x10,0x82,0x10,0xa2,0x10,0xa2,0x10,0xc3,0x10,0xc3,0x18,0xc3,0x18,
  0xc3,0x18,0xc3,0x10,0xc3,0x10,0xc3,0x18,0xc3,0x18,0xc3,0x18,0xe3,0x18,0xe3,0x18,
  0xe4,0x18,0x04,0x21,0x24,0x21,0x24,0x21,0x45,0x29,0x45,0x29,0x45,0x29,0x65,0x29,
  0x65,0x29,0x66,0x29,0x86,0x29,0x86,0x31,0x65,0x29,0x65,0x29,0x65,0x29,0x45,0x29,
  0x8a,0x52,0x08,0x42,0xc7,0x39,0x86,0x31,0x65,0x29,0x65,0x29,0x86,0x31,0x86,0x31,
  0x86,0x31,0xa6,0x31,0xa6,0x31,0x86,0x31,0x86,0x31,0x86,0x31,0x86,0x31,0x86,0x31,
  0x86,0x29,0x86,0x29,0x86,0x29,0x65,0x29,0x65,0x29,0x45,0x29,0x45,0x29,0x45,0x29,
  0x45,0x29,0x86,0x31,0xc7,0x39,0x28,0x42,0x8a,0x52,0x0c,0x63,0x6d,0x6b,0xcf,0x73,
  0x10,0x7c,0x10,0x84,0x30,0x84,0x10,0x84,0x10,0x7c,0xef,0x7b,0xef,0x7b,0xef,0x7b,
  0xef,0x7b,0xef,0x7b,0xef,0x7b,0xef,0x7b,0xef,0x7b,0xef,0x7b,0xef,0x7b,0xef,0x7b,
  0xef,0x7b,0xef,0x7b,0x0f,0x7c,0x10,0x7c,0x10,0x84,0x10,0x84,0x10,0x84,0x10,0x84,
  0x30,0x84,0x30,0x84,0x30,0x84,0x50,0x8c,0x51,0x8c,0x71,0x8c,0x71,0x94,0x91,0x94,
  0x92,0x94,0xb2,0x9c,0xd2,0x9c,0xf3,0x9c,0x13,0xa5,0x33,0xa5,0x54,0xad,0x74,0xb5,
  0x95,0xb5,0xb5,0xbd,0xd6,0xbd,0xf6,0xc5,0x17,0xc6,0x37,0xce,0xb4,0xbd,0x94,0xbd,
  0xd5,0xc5,0xf5,0xc5,0x15,0xce,0x36,0xce,0x56,0xd6,0x77,0xde,0x97,0xde,0xb8,0xe6,
  0xd8,0xe6,0x19,0xef,0x7c,0xf7,0x7c,0xf7,0x9c,0xf7,0x9c,0xff,0x9c,0xff,0x9c,0xff,
  0x9c,0xff,0xbc,0xff,0xbc,0xff,0xbc,0xff,0xbc,0xff,0xbc,0xff,0xbc,0xff,0x9c,0xff,
  0x9c,0xff,0x9c,0xff,0x9c,0xff,0x9c,0xff,0x9c,0xf7,0x7c,0xf7,0x7b,0xf7,0x7b,0xf7,
  0x3b,0xef,0xb7,0xe6,0x97,0xde,0x76,0xd6,0x56,0xd6,0x15,0xce,0xf5,0xcd,0xd4,0xc5,
  0xb4,0xbd,0x73,0xb5,0x53,0xb5,0x12,0xad,0xd1,0xa4,0xd1,0xa4,0xb5,0xbd,0xb5,0xbd,
  0x75,0xb5,0x54,0xad,0x34,0xad,0x13,0xa5,0xf3,0xa4,0xd2,0x9c,0xd2,0x9c,0xb2,0x94,
  0x91,0x94,0x71,0x94,0x71,0x8c,0x50,0x8c,0x30,0x8c,0x30,0x84,0x10,0x84,0x10,0x84,
  0x0f,0x84,0xef,0x7b,0xef,0x7b,0xef,0x7b,0xef,0x7b,0xef,0x7b,0xef,0x7b,0xcf,0x7b,
  0xcf,0x7b,0xcf,0x7b,0xcf,0x7b,0xcf,0x7b,0xcf,0x7b,0xcf,0x7b,0xcf,0x7b,0xcf,0x7b,
  0xcf,0x7b,0xef,0x7b,0xef,0x7b,0x10,0x84,0x10,0x84,0xef,0x7b,0xcf,0x73,0x4d,0x6b,
  0xcb,0x5a,0x49,0x4a,0xc7,0x39,0x25,0x21,0xe3,0x18,0xa2,0x10,0x82,0x10,0x82,0x10,
  0x82,0x10,0xa2,0x10,0xc3,0x18,0xc3,0x18,0xc3,0x18,0xc3,0x18,0xc3,0x18,0xc3,0x10,
  0xc3,0x10,0xc3,0x18,0xc3,0x18,0xc3,0x18,0xe3,0x18,0xe3,0x18,0x04,0x19,0x04,0x21,
  0x24,0x21,0x24,0x21,0x45,0x29,0x45,0x29,0x45,0x29,0x65,0x29,0x65,0x29,0x66,0x29,
  0x65,0x29,0x65,0x29,0x86,0x31,0xa6,0x31,0xa6,0x31,0xa6,0x31,0x86,0x31,0x86,0x31,
  0x86,0x31,0x86,0x31,0x86,0x31,0x86,0x31,0x86,0x29,0x86,0x29,0x65,0x29,0x65,0x29,
  0x45,0x29,0x45,0x29,0x45,0x29,0x45,0x29,0x86,0x31,0xe7,0x39,0x49,0x4a,0xcb,0x5a,
  0x2c,0x63,0xae,0x73,0xef,0x7b,0x10,0x84,0x30,0x84,0x10,0x84,0x10,0x84,0x10,0x7c,
  0xef,0x7b,0xef,0x7b,0xef,0x7b,0xef,0x7b,0xef,0x7b,0xef,0x7b,0xef,0x7b,0xef,0x7b,
  0xef,0x7b,0xef,0x7b,0xef,0x7b,0xef,0x7b,0xef,0x7b,0xef,0x7b,0xef,0x7b,0xef,0x7b,
  0xef,0x7b,0xef,0x7b,0xef,0x7b,0x0f,0x7c,0x10,0x84,0x10,0x84,0x10,0x84,0x10,0x84,
  0x30,0x84,0x30,0x84,0x30,0x84,0x50,0x8c,0x51,0x8c,0x71,0x8c,0x71,0x94,0x91,0x94,
  0x92,0x94,0xb2,0x9c,0xd2,0x9c,0xf3,0x9c,0x13,0xa5,0x33,0xa5,0x54,0xad,0x74,0xad,
  0x95,0xb5,0xb5,0xbd,0xb5,0xbd,0xf6,0xc5,0x17,0xc6,0x74,0xb5,0x53,0xb5,0x94,0xbd,
  0xb4,0xbd,0xd4,0xc5,0xf5,0xc5,0x15,0xce,0x36,0xd6,0x76,0xd6,0x97,0xde,0xb7,0xe6,
  0xd8,0xe6,0xd8,0xe6,0x5b,0xf7,0x7c,0xf7,0x7c,0xf7,0x9c,0xf7,0x9c,0xff,0x9c,0xff,
  0x9c,0xff,0x9c,0xff,0xbc,0xff,0xbc,0xff,0xbc,0xff,0xbc,0xff,0x9c,0xff,0x9c,0xff,
  0x9c,0xff,0x9c,0xff,0x9c,0xff,0x9c,0xf7,0x7c,0xf7,0x7b,0xf7,0x7b,0xf7,0x3b,0xef,
  0xb8,0xe6,0x97,0xde,0x77,0xde,0x56,0xd6,0x35,0xd6,0x15,0xce,0xf4,0xc5,0xb4,0xc5,
  0x94,0xbd,0x73,0xb5,0x32,0xad,0x12,0xad,0xd1,0xa4,0x90,0x9c,0x90,0x9c,0x74,0xb5,
  0x95,0xb5,0x54,0xad,0x34,0xad,0x13,0xa5,0xf3,0xa4,0xd2,0x9c,0xb2,0x9c,0xb2,0x94,
  0x91,0x94,0x71,0x94,0x71,0x8c,0x50,0x8c,0x30,0x8c,0x30,0x84,0x10,0x84,0x10,0x84,
  0x0f,0x84,0xef,0x7b,0xef,0x7b,0xef,0x7b,0xef,0x7b,0xef,0x7b,0xcf,0x7b,0xcf,0x7b,
  0xcf,0x7b,0xcf,0x7b,0xcf,0x7b,0xcf,0x7b,0xcf,0x7b,0xcf,0x7b,0xcf,0x7b,0xcf,0x7b,
  0xcf,0x7b,0xcf,0x7b,0xcf,0x7b,0xcf,0x7b,0xcf,0x7b,0xcf,0x7b,0xef,0x7b,0xef,0x7b,
  0x10,0x84,0x10,0x84,0x10,0x84,0xcf,0x7b,0x8e,0x73,0x0c,0x63,0x8a,0x52,0x08,0x42,
  0x65,0x29,0x04,0x21,0xc3,0x18,0x82,0x10,0x82,0x10,0x82,0x10,0xa2,0x10,0xa3,0x10,
  0xc3,0x10,0xc3,0x18,0xc3,0x18,0xc3,0x18,0xc3,0x10,0xc3,0x10,0xc3,0x18,0xc3,0x18,
  0xc3,0x18,0xc3,0x18,0xe3,0x18,0xe4,0x18,0x04,0x21,0x04,0x21,0x24,0x21,0x45,0x21,
  0x86,0x31,0x86,0x31,0x86,0x31,0x86,0x31,0x86,0x31,0x86,0x31,0x86,0x31,0x66,0x29,
  0x66,0x29,0x65,0x29,0x45,0x29,0x45,0x29,0x45,0x21,0x45,0x29,0x65,0x29,0x86,0x31,
  0x08,0x42,0x8a,0x52,0xeb,0x5a,0x4d,0x6b,0xcf,0x7b,0xf0,0x7b,0x10,0x84,0x10,0x84,
  0x10,0x84,0x10,0x84,0xef,0x7b,0xef,0x7b,0xef,0x7b,0xef,0x7b,0xef,0x7b,0xef,0x7b,
  0xef,0x7b,0xef,0x7b,0xef,0x7b,0xef,0x7b,0xef,0x7b,0xef,0x7b,0xef,0x7b,0xef,0x7b,
  0xef,0x7b,0xef,0x7b,0xef,0x7b,0xef,0x7b,0xef,0x7b,0xef,0x7b,0xef,0x7b,0xef,0x7b,
  0xef,0x7b,0xef,0x7b,0xef,0x7b,0x0f,0x7c,0x10,0x84,0x10,0x84,0x10,0x84,0x10,0x84,
  0x30,0x84,0x30,0x84,0x30,0x84,0x50,0x8c,0x51,0x8c,0x71,0x8c,0x71,0x8c,0x91,0x94,
  0xb2,0x94,0xb2,0x9c,0xd2,0x9c,0xf3,0x9c,0x13,0xa5,0x13,0xa5,0x34,0xad,0x54,0xad,
  0x75,0xb5,0x95,0xb5,0xd6,0xbd,0xf6,0xc5,0x33,0xad,0x12,0xad,0x53,0xb5,0x73,0xb5,
  0x94,0xbd,0xb4,0xbd,0xd5,0xc5,0x15,0xce,0x36,0xd6,0x56,0xd6,0x77,0xde,0x97,0xde,
  0xb8,0xe6,0x3a,0xef,0x5b,0xf7,0x5b,0xf7,0x7b,0xf7,0x7c,0xf7,0x9c,0xf7,0x9c,0xff,
  0x9c,0xff,0x9c,0xff,0x9c,0xff,0x9c,0xff,0x9c,0xff,0x9c,0xff,0x9c,0xff,0x9c,0xff,
  0x9c,0xff,0x9c,0xff,0x7c,0xf7,0x7c,0xf7,0x7b,0xf7,0x5b,0xf7,0x5b,0xf7,0x5b,0xef,
  0xd8,0xe6,0x76,0xde,0x76,0xd6,0x36,0xd6,0x15,0xce,0xf5,0xcd,0xd4,0xc5,0x94,0xbd,
  0x73,0xbd,0x53,0xb5,0x32,0xad,0xf1,0xa4,0xd1,0x9c,0x90,0x9c,0x4f,0x94,0x4f,0x94,
  0x54,0xad,0x54,0xad,0x33,0xad,0x13,0xa5,0xf3,0xa4,0xd2,0x9c,0xb2,0x9c,0xb2,0x94,
  0x91,0x94,0x71,0x8c,0x51,0x8c,0x50,0x8c,0x30,0x8c,0x30,0x84,0x10,0x84,0x10,0x84,
  0x0f,0x84,0xef,0x7b,0xef,0x7b,0xef,0x7b,0xef,0x7b,0xef,0x7b,0xcf,0x7b,0xcf,0x7b,
  0xcf,0x7b,0xcf,0x7b,0xcf,0x7b,0xcf,0x7b,0xcf,0x7b,0xcf,0x7b,0xcf,0x7b,0xcf,0x7b,
  0xcf,0x7b,0xcf,0x7b,0xcf,0x7b,0xcf,0x7b,0xcf,0x7b,0xcf,0x7b,0xcf,0x7b,0xcf,0x7b,
  0xcf,0x7b,0xcf,0x7b,0xcf,0x7b,0xcf,0x7b,0xef,0x7b,0x10,0x84,0x10,0x84,0x10,0x84,
  0xef,0x7b,0xae,0x73,0x4d,0x6b,0xcb,0x5a,0x49,0x4a,0xc7,0x39,0x45,0x29,0xc3,0x18,
  0xa2,0x10,0x82,0x10,0x82,0x10,0x82,0x10,0xa2,0x10,0xa3,0x10,0xc3,0x10,0xc3,0x18,
  0xc3,0x18,0xc3,0x10,0xa3,0x10,0xa3,0x10,0xc3,0x18,0xc3,0x18,0xc3,0x18,0xe3,0x18,
  0x86,0x31,0x86,0x29,0x66,0x29,0x65,0x29,0x65,0x29,0x45,0x29,0x45,0x29,0x45,0x29,
  0x45,0x29,0x86,0x29,0xc7,0x39,0x28,0x42,0x8a,0x52,0x0c,0x63,0x8e,0x73,0xcf,0x7b,
  0x10,0x84,0x30,0x84,0x30,0x84,0x10,0x84,0x10,0x7c,0xef,0x7b,0xef,0x7b,0xef,0x7b,
  0xef,0x7b,0xef,0x7b,0xef,0x7b,0xef,0x7b,0xef,0x7b,0xef,0x7b,0xef,0x7b,0xef,0x7b,
  0xef,0x7b,0xef,0x7b,0xef,0x7b,0xef,0x7b,0xef,0x7b,0xef,0x7b,0xef,0x7b,0xef,0x7b,
  0xef,0x7b,0xef,0x7b,0xef,0x7b,0xef,0x7b,0xef,0x7b,0xef,0x7b,0xef,0x7b,0xef,0x7b,
  0xef,0x7b,0xef,0x7b,0xef,0x7b,0x0f,0x7c,0x10,0x7c,0x10,0x84,0x10,0x84,0x10,0x84,
  0x30,0x84,0x30,0x84,0x30,0x84,0x50,0x8c,0x51,0x8c,0x71,0x8c,0x71,0x8c,0x91,0x94,
  0x92,0x94,0xb2,0x94,0xd2,0x9c,0xf2,0x9c,0xf3,0xa4,0x13,0xa5,0x34,0xad,0x54,0xad,
  0x74,0xb5,0x95,0xb5,0xb5,0xbd,0xf2,0xa4,0xd1,0xa4,0x12,0xad,0x32,0xad,0x53,0xb5,
  0x73,0xb5,0x94,0xbd,0xd4,0xc5,0xf5,0xcd,0x15,0xce,0x56,0xd6,0x76,0xd6,0x97,0xde,
  0x1a,0xef,0x5b,0xef,0x5b,0xef,0x5b,0xf7,0x5b,0xf7,0x7b,0xf7,0x7c,0xf7,0x7c,0xf7,
  0x9c,0xf7,0x9c,0xff,0x9c,0xff,0x9c,0xff,0x9c,0xff,0x9c,0xff,0x9c,0xff,0x9c,0xff,
  0x9c,0xf7,0x7c,0xf7,0x7c,0xf7,0x7b,0xf7,0x5b,0xf7,0x5b,0xf7,0x5b,0xef,0x3b,0xef,
  0x3b,0xef,0xb8,0xe6,0x56,0xd6,0x36,0xd6,0x15,0xce,0xd4,0xc5,0xb4,0xc5,0x93,0xbd,
  0x73,0xb5,0x32,0xad,0x12,0xad,0xf1,0xa4,0xb0,0x9c,0x90,0x94,0x4f,0x94,0x0e,0x84,
  0x0f,0x84,0x33,0xad,0x34,0xad,0xf3,0xa4,0xf3,0xa4,0xd2,0x9c,0xb2,0x9c,0x92,0x94,
  0x91,0x94,0x71,0x8c,0x51,0x8c,0x50,0x8c,0x30,0x8c,0x30,0x84,0x10,0x84,0x10,0x84,
  0x0f,0x84,0xef,0x7b,0xef,0x7b,0xef,0x7b,0xef,0x7b,0xef,0x7b,0xcf,0x7b,0xcf,0x7b,
  0xcf,0x7b,0xcf,0x7b,0xcf,0x7b,0xcf,0x7b,0xcf,0x7b,0xcf,0x7b,0xcf,0x7b,0xcf,0x7b,
  0xcf,0x7b,0xcf,0x7b,0xcf,0x7b,0xcf,0x7b,0xcf,0x7b,0xcf,0x7b,0xcf,0x7b,0xcf,0x7b,
  0xcf,0x7b,0xcf,0x7b,0xcf,0x7b,0xcf,0x7b,0xcf,0x7b,0xcf,0x7b,0xcf,0x7b,0xcf,0x7b,
  0xcf,0x7b,0xcf,0x7b,0xef,0x7b,0x10,0x84,0x10,0x84,0x10,0x7c,0xcf,0x7b,0x8e,0x73,
  0x2c,0x63,0x8a,0x52,0xe7,0x39,0x86,0x31,0x04,0x21,0xa2,0x10,0x82,0x10,0x82,0x08,
  0x82,0x10,0x82,0x10,0xa2,0x10,0xa3,0x10,0xc3,0x18,0xc3,0x18,0xc3,0x10,0xc3,0x10,
  0x45,0x29,0x45,0x21,0x45,0x21,0x65,0x29,0x86,0x31,0xc7,0x39,0x49,0x4a,0xcb,0x5a,
  0x2c,0x63,0xae,0x73,0xef,0x7b,0x10,0x84,0x30,0x84,0x10,0x84,0x10,0x84,0x10,0x7c,
  0xef,0x7b,0xef,0x7b,0xef,0x7b,0xef,0x7b,0xef,0x7b,0xef,0x7b,0xef,0x7b,0xef,0x7b,
  0xef,0x7b,0xef,0x7b,0xef,0x7b,0xef,0x7b,0xef,0x7b,0xef,0x7b,0xef,0x7b,0xef,0x7b,
  0xef,0x7b,0xef,0x7b,0xef,0x7b,0xef,0x7b,0xef,0x7b,0xef,0x7b,0xef,0x7b,0xef,0x7b,
  0xef,0x7b,0xef,0x7b,0xef,0x7b,0xef,0x7b,0xef,0x7b,0xef,0x7b,0xef,0x7b,0xef,0x7b,
  0xef,0x7b,0xef,0x7b,0xef,0x7b,0x0f,0x7c,0x10,0x7c,0x10,0x84,0x10,0x84,0x10,0x84,
  0x10,0x84,0x30,0x84,0x30,0x84,0x50,0x84,0x51,0x8c,0x51,0x8c,0x71,0x8c,0x91,0x94,
  0x91,0x94,0xb2,0x94,0xd2,0x9c,0xd2,0x9c,0xf3,0xa4,0x13,0xa5,0x33,0xad,0x54,0xad,
  0x74,0xb5,0x95,0xb5,0xb1,0x9c,0x90,0x94,0xd1,0xa4,0xf1,0xa4,0x12,0xa5,0x32,0xad,
  0x53,0xb5,0x93,0xbd,0xb4,0xbd,0xf5,0xc5,0x15,0xce,0x36,0xce,0x56,0xd6,0xf9,0xe6,
  0x3b,0xef,0x3a,0xef,0x3b,0xef,0x5b,0xf7,0x5b,0xf7,0x5b,0xf7,0x7b,0xf7,0x7b,0xf7,
  0x7c,0xf7,0x7c,0xf7,0x7c,0xf7,0x7c,0xf7,0x9c,0xf7,0x9c,0xf7,0x7c,0xf7,0x7c,0xf7,
  0x7c,0xf7,0x7b,0xf7,0x7b,0xf7,0x5b,0xf7,0x5b,0xf7,0x5b,0xf7,0x3b,0xef,0x3a,0xef,
  0x1a,0xef,0x1a,0xef,0x97,0xde,0x15,0xce,0xf5,0xc5,0xd4,0xc5,0x93,0xbd,0x73,0xb5,
  0x52,0xb5,0x12,0xad,0xf1,0xa4,0xd1,0xa4,0x90,0x9c,0x70,0x94,0x2f,0x8c,0x0e,0x8c,
  0xad,0x7b,0xce,0x7b,0x13,0xa5,0x13,0xa5,0xd2,0x9c,0xd2,0x9c,0xb2,0x94,0x91,0x94,
  0x71,0x94,0x71,0x8c,0x51,0x8c,0x50,0x8c,0x30,0x84,0x30,0x84,0x10,0x84,0x10,0x84,
  0xef,0x83,0xef,0x7b,0xef,0x7b,0xef,0x7b,0xef,0x7b,0xef,0x7b,0xcf,0x7b,0xcf,0x7b,
  0xcf,0x7b,0xcf,0x7b,0xcf,0x7b,0xcf,0x7b,0xcf,0x7b,0xcf,0x7b,0xcf,0x7b,0xcf,0x7b,
  0xcf,0x7b,0xcf,0x7b,0xcf,0x7b,0xcf,0x7b,0xcf,0x7b,0xcf,0x7b,0xcf,0x7b,0xcf,0x7b,
  0xcf,0x7b,0xcf,0x7b,0xcf,0x7b,0xcf,0x7b,0xcf,0x7b,0xcf,0x7b,0xcf,0x7b,0xcf,0x7b,
  0xcf,0x7b,0xcf,0x7b,0xcf,0x7b,0xcf,0x7b,0xcf,0x7b,0xcf,0x7b,0xcf,0x7b,0xef,0x7b,
  0xef,0x7b,0x10,0x84,0x10,0x84,0xef,0x7b,0xae,0x73,0x4d,0x6b,0xeb,0x5a,0x49,0x4a,
  0xa6,0x31,0x45,0x29,0xc3,0x18,0x82,0x10,0x82,0x08,0x82,0x08,0x82,0x10,0xa2,0x10,
  0x08,0x42,0x69,0x4a,0xcb,0x5a,0x6d,0x6b,0xae,0x73,0xef,0x7b,0x30,0x84,0x30,0x84,
  0x10,0x84,0x10,0x84,0xef,0x7b,0xef,0x7b,0xef,0x7b,0xef,0x7b,0xef,0x7b,0xef,0x7b,
  0xef,0x7b,0xef,0x7b,0xef,0x7b,0xef,0x7b,0xef,0x7b,0xef,0x7b,0xef,0x7b,0xef,0x7b,
  0xef,0x7b,0xef,0x7b,0xef,0x7b,0xef,0x7b,0xef,0x7b,0xef,0x7b,0xef,0x7b,0xef,0x7b,
  0xef,0x7b,0xef,0x7b,0xef,0x7b,0xef,0x7b,0xef,0x7b,0xef,0x7b,0xef,0x7b,0xef,0x7b,
  0xef,0x7b,0xef,0x7b,0xef,0x7b,0xef,0x7b,0xef,0x7b,0xef,0x7b,0xef,0x7b,0xef,0x7b,
  0xef,0x7b,0xef,0x7b,0xef,0x7b,0x0f,0x7c,0x10,0x7c,0x10,0x84,0x10,0x84,0x10,0x84,
  0x10,0x84,0x30,0x84,0x30,0x84,0x30,0x84,0x51,0x8c,0x51,0x8c,0x71,0x8c,0x71,0x94,
  0x91,0x94,0xb2,0x94,0xb2,0x9c,0xd2,0x9c,0xf3,0xa4,0x13,0xa5,0x13,0xa5,0x54,0xad,
  0x74,0xad,0x70,0x94,0x4f,0x8c,0x90,0x9c,0xb0,0x9c,0xb1,0x9c,0xf1,0xa4,0x12,0xad,
  0x32,0xb5,0x73,0xb5,0x94,0xbd,0xd4,0xc5,0xf5,0xc5,0x16,0xce,0xd9,0xde,0x1a,0xe7,
  0x1a,0xef,0x3a,0xef,0x3b,0xef,0x3b,0xef,0x5b,0xf7,0x5b,0xf7,0x5b,0xf7,0x7b,0xf7,
  0x7b,0xf7,0x7b,0xf7,0x7b,0xf7,0x7c,0xf7,0x7c,0xf7,0x7c,0xf7,0x7b,0xf7,0x7b,0xf7,
  0x7b,0xf7,0x7b,0xf7,0x5b,0xf7,0x5b,0xf7,0x5b,0xf7,0x3b,0xef,0x3b,0xef,0x3a,0xef,
  0x1a,0xef,0xfa,0xe6,0xfa,0xe6,0x77,0xd6,0xd4,0xc5,0xb4,0xbd,0x73,0xbd,0x52,0xb5,
  0x32,0xad,0xf1,0xa4,0xd1,0xa4,0xb0,0x9c,0x90,0x94,0x4f,0x94,0x2f,0x8c,0xee,0x83,
  0xce,0x7b,0x8c,0x73,0x8d,0x73,0xd2,0x9c,0xf3,0xa4,0xb2,0x9c,0xb2,0x94,0x91,0x94,
  0x71,0x94,0x71,0x8c,0x51,0x8c,0x30,0x8c,0x30,0x84,0x10,0x84,0x10,0x84,0x10,0x84,
  0xef,0x83,0xef,0x7b,0xef,0x7b,0xef,0x7b,0xef,0x7b,0xef,0x7b,0xcf,0x7b,0xcf,0x7b,
  0xcf,0x7b,0xcf,0x7b,0xcf,0x7b,0xcf,0x7b,0xcf,0x7b,0xcf,0x7b,0xcf,0x7b,0xcf,0x7b,
  0xcf,0x7b,0xcf,0x7b,0xcf,0x7b,0xcf,0x7b,0xcf,0x7b,0xcf,0x7b,0xcf,0x7b,0xcf,0x7b,
  0xcf,0x7b,0xcf,0x7b,0xcf,0x7b,0xcf,0x7b,0xcf,0x7b,0xcf,0x7b,0xcf,0x7b,0xcf,0x7b,
  0xcf,0x7b,0xcf,0x7b,0xcf,0x7b,0xcf,0x7b,0xcf,0x7b,0xcf,0x7b,0xcf,0x7b,0xcf,0x7b,
  0xcf,0x7b,0xcf,0x7b,0xcf,0x7b,0xcf,0x7b,0xcf,0x7b,0xef,0x7b,0x10,0x84,0x10,0x84,
  0xef,0x7b,0xcf,0x7b,0x6d,0x6b,0x0c,0x63,0xaa,0x52,0x08,0x42,0x45,0x29,0x04,0x21,
  0x10,0x84,0x30,0x84,0x30,0x84,0x10,0x84,0x10,0x84,0xef,0x7b,0xef,0x7b,0xef,0x7b,
  0xef,0x7b,0xef,0x7b,0xef,0x7b,0xef,0x7b,0xef,0x7b,0xef,0x7b,0xef,0x7b,0xef,0x7b,
  0xef,0x7b,0xef,0x7b,0xef,0x7b,0xef,0x7b,0xef,0x7b,0xef,0x7b,0xef,0x7b,0xef,0x7b,
  0xef,0x7b,0xef,0x7b,0xef,0x7b,0xef,0x7b,0xef,0x7b,0xef,0x7b,0xef,0x7b,0xef,0x7b,
  0xef,0x7b,0xef,0x7b,0xef,0x7b,0xef,0x7b,0xef,0x7b,0xef,0x7b,0xef,0x7b,0xef,0x7b,
  0xef,0x7b,0xef,0x7b,0xef,0x7b,0xef,0x7b,0xef,0x7b,0xef,0x7b,0xef,0x7b,0xef,0x7b,
  0xef,0x7b,0xef,0x7b,0xef,0x7b,0x0f,0x7c,0x10,0x7c,0x10,0x84,0x10,0x84,0x10,0x84,
  0x10,0x84,0x30,0x84,0x30,0x84,0x30,0x84,0x51,0x8c,0x51,0x8c,0x71,0x8c,0x71,0x8c,
  0x91,0x94,0xb2,0x94,0xb2,0x9c,0xd2,0x9c,0xf3,0x9c,0xf3,0xa4,0x33,0xa5,0x34,0xad,
  0x2f,0x8c,0x0e,0x84,0x4f,0x8c,0x6f,0x94,0x70,0x94,0x90,0x9c,0xd1,0xa4,0xf1,0xa4,
  0x32,0xad,0x53,0xb5,0x93,0xbd,0xb4,0xbd,0xf5,0xc5,0xb8,0xde,0xfa,0xe6,0xfa,0xe6,
  0x1a,0xe7,0x1a,0xef,0x3a,0xef,0x3b,0xef,0x3b,0xef,0x5b,0xef,0x5b,0xf7,0x5b,0xf7,
  0x5b,0xf7,0x5b,0xf7,0x7b,0xf7,0x7b,0xf7,0x7b,0xf7,0x7b,0xf7,0x7b,0xf7,0x5b,0xf7,
  0x5b,0xf7,0x5b,0xf7,0x5b,0xf7,0x5b,0xef,0x3b,0xef,0x3b,0xef,0x3a,0xef,0x1a,0xef,
  0xfa,0xe6,0xfa,0xe6,0xd9,0xe6,0xd9,0xe6,0x57,0xce,0x73,0xbd,0x53,0xb5,0x32,0xad,
  0x11,0xad,0xd1,0xa4,0xb0,0x9c,0x90,0x94,0x4f,0x94,0x2f,0x8c,0x0e,0x84,0xee,0x83,
  0xad,0x7b,0x8d,0x73,0x4b,0x6b,0x6c,0x73,0xb2,0x9c,0xd2,0x9c,0x91,0x94,0x91,0x94,
  0x71,0x94,0x71,0x8c,0x50,0x8c,0x30,0x8c,0x30,0x84,0x10,0x84,0x10,0x84,0x0f,0x84,
  0xef,0x7b,0xef,0x7b,0xef,0x7b,0xef,0x7b,0xef,0x7b,0xef,0x7b,0xcf,0x7b,0xcf,0x7b,
  0xcf,0x7b,0xcf,0x7b,0xcf,0x7b,0xcf,0x7b,0xcf,0x7b,0xcf,0x7b,0xcf,0x7b,0xcf,0x7b,
  0xcf,0x7b,0xcf,0x7b,0xcf,0x7b,0xcf,0x7b,0xcf,0x7b,0xcf,0x7b,0xcf,0x7b,0xcf,0x7b,
  0xcf,0x7b,0xcf,0x7b,0xcf,0x7b,0xcf,0x7b,0xcf,0x7b,0xcf,0x7b,0xcf,0x7b,0xcf,0x7b,
  0xcf,0x7b,0xcf,0x7b,0xcf,0x7b,0xcf,0x7b,0xcf,0x7b,0xcf,0x7b,0xcf,0x7b,0xcf,0x7b,
  0xcf,0x7b,0xcf,0x7b,0xcf,0x7b,0xcf,0x7b,0xcf,0x7b,0xcf,0x7b,0xcf,0x7b,0xcf,0x7b,
  0xcf,0x7b,0xcf,0x7b,0xef,0x7b,0xef,0x7b,0x10,0x84,0x10,0x84,0xef,0x7b,0xae,0x73,
  0xef,0x7b,0xef,0x7b,0xef,0x7b,0xef,0x7b,0xef,0x7b,0xef,0x7b,0xef,0x7b,0xef,0x7b,
  0xef,0x7b,0xef,0x7b,0xef,0x7b,0xef,0x7b,0xef,0x7b,0xef,0x7b,0xef,0x7b,0xef,0x7b,
  0xef,0x7b,0xef,0x7b,0xef,0x7b,0xef,0x7b,0xef,0x7b,0xef,0x7b,0xef,0x7b,0xef,0x7b,
  0xef,0x7b,0xef,0x7b,0xef,0x7b,0xef,0x7b,0xef,0x7b,0xef,0x7b,0xef,0x7b,0xef,0x7b,
  0xef,0x7b,0xef,0x7b,0xef,0x7b,0xef,0x7b,0xef,0x7b,0xef,0x7b,0xef,0x7b,0xef,0x7b,
  0xef,0x7b,0xef,0x7b,0xef,0x7b,0xef,0x7b,0xef,0x7b,0xef,0x7b,0xef,0x7b,0xef,0x7b,
  0xef,0x7b,0xef,0x7b,0xf0,0x7b,0xf0,0x7b,0x10,0x7c,0x10,0x84,0x10,0x84,0x10,0x84,
  0x10,0x84,0x30,0x84,0x30,0x84,0x30,0x84,0x50,0x8c,0x51,0x8c,0x71,0x8c,0x71,0x8c,
  0x91,0x94,0x91,0x94,0xb2,0x94,0xd2,0x9c,0xd2,0x9c,0x13,0xa5,0x13,0xa5,0xee,0x83,
  0xcd,0x7b,0x0e,0x84,0x0e,0x8c,0x2f,0x8c,0x4f,0x8c,0x70,0x94,0xb0,0x9c,0xd1,0xa4,
  0x12,0xad,0x32,0xb5,0x53,0xb5,0xb4,0xbd,0x98,0xd6,0xd9,0xde,0xd9,0xde,0xd9,0xe6,
  0xfa,0xe6,0x1a,0xe7,0x1a,0xef,0x1a,0xef,0x3b,0xef,0x3b,0xef,0x3b,0xef,0x5b,0xef,
  0x5b,0xf7,0x5b,0xf7,0x5b,0xf7,0x5b,0xf7,0x5b,0xf7,0x5b,0xf7,0x5b,0xf7,0x5b,0xf7,
  0x5b,0xf7,0x5b,0xef,0x3b,0xef,0x3b,0xef,0x3b,0xef,0x1a,0xef,0x1a,0xef,0x1a,0xe7,
  0xfa,0xe6,0xd9,0xe6,0xd9,0xde,0xb9,0xde,0xb9,0xde,0x16,0xce,0x32,0xad,0x11,0xad,
  0xf1,0xa4,0xb0,0x9c,0x90,0x9c,0x6f,0x94,0x2f,0x8c,0x0e,0x8c,0xee,0x83,0xcd,0x7b,
  0xad,0x7b,0x6c,0x73,0x4c,0x6b,0x0b,0x63,0x2b,0x6b,0x91,0x94,0xb2,0x94,0x71,0x94,
  0x71,0x8c,0x51,0x8c,0x50,0x8c,0x30,0x8c,0x30,0x84,0x30,0x84,0x10,0x84,0x0f,0x84,
  0x0f,0x84,0xef,0x7b,0xef,0x7b,0xef,0x7b,0xef,0x7b,0xef,0x7b,0xef,0x7b,0xef,0x7b,
  0xcf,0x7b,0xcf,0x7b,0xcf,0x7b,0xcf,0x7b,0xcf,0x7b,0xcf,0x7b,0xcf,0x7b,0xcf,0x7b,
  0xcf,0x7b,0xcf,0x7b,0xcf,0x7b,0xcf,0x7b,0xcf,0x7b,0xcf,0x7b,0xcf,0x7b,0xcf,0x7b,
  0xcf,0x7b,0xcf,0x7b,0xcf,0x7b,0xcf,0x7b,0xcf,0x7b,0xcf,0x7b,0xcf,0x7b,0xcf,0x7b,
  0xcf,0x7b,0xcf,0x7b,0xcf,0x7b,0xcf,0x7b,0xcf,0x7b,0xcf,0x7b,0xcf,0x7b,0xcf,0x7b,
  0xcf,0x7b,0xcf,0x7b,0xcf,0x7b,0xcf,0x7b,0xcf,0x7b,0xcf,0x7b,0xcf,0x7b,0xcf,0x7b,
  0xcf,0x7b,0xcf,0x7b,0xcf,0x7b,0xcf,0x7b,0xcf,0x7b,0xcf,0x7b,0xcf,0x7b,0xcf,0x7b,
  0xef,0x7b,0xef,0x7b,0xef,0x7b,0xef,0x7b,0xef,0x7b,0xef,0x7b,0xef,0x7b,0xef,0x7b,
  0xef,0x7b,0xef,0x7b,0xef,0x7b,0xef,0x7b,0xef,0x7b,0xef,0x7b,0xef,0x7b,0xef,0x7b,
  0xef,0x7b,0xef,0x7b,0xef,0x7b,0xef,0x7b,0xef,0x7b,0xef,0x7b,0xef,0x7b,0xef,0x7b,
  0xef,0x7b,0xef,0x7b,0xef,0x7b,0xef,0x7b,0xef,0x7b,0xef,0x7b,0xef,0x7b,0xef,0x7b,
  0xef,0x7b,0xef,0x7b,0xef,0x7b,0xef,0x7b,0xef,0x7b,0xef,0x7b,0xef,0x7b,0xef,0x7b,
  0xef,0x7b,0xef,0x7b,0xef,0x7b,0xef,0x7b,0xef,0x7b,0xef,0x7b,0xef,0x7b,0xef,0x7b,
  0xef,0x7b,0xef,0x7b,0xf0,0x7b,0xf0,0x7b,0x10,0x7c,0x10,0x7c,0x10,0x84,0x10,0x84,
  0x10,0x84,0x10,0x84,0x30,0x84,0x30,0x84,0x30,0x84,0x50,0x8c,0x51,0x8c,0x71,0x8c,
  0x71,0x94,0x91,0x94,0xb2,0x94,0xb2,0x9c,0xd3,0x9c,0xd2,0x9c,0x8d,0x73,0x8d,0x73,
  0xce,0x7b,0xcd,0x7b,0xee,0x83,0xee,0x83,0x2f,0x8c,0x6f,0x94,0x90,0x9c,0xd1,0x9c,
  0xf1,0xa4,0x12,0xad,0x73,0xb5,0x58,0xd6,0x99,0xd6,0x99,0xde,0xb9,0xde,0xd9,0xde,
  0xd9,0xe6,0xfa,0xe6,0xfa,0xe6,0x1a,0xe7,0x1a,0xef,0x3a,0xef,0x3b,0xef,0x3b,0xef,
  0x3b,0xef,0x3b,0xef,0x5b,0xef,0x5b,0xf7,0x5b,0xf7,0x5b,0xf7,0x5b,0xef,0x3b,0xef,
  0x3b,0xef,0x3b,0xef,0x3b,0xef,0x3a,0xef,0x1a,0xef,0x1a,0xe7,0xfa,0xe6,0xfa,0xe6,
  0xd9,0xe6,0xd9,0xde,0xb9,0xde,0x99,0xde,0x98,0xd6,0x98,0xd6,0xf6,0xc5,0xf1,0xa4,
  0xb0,0xa4,0x90,0x9c,0x6f,0x94,0x4f,0x8c,0x0e,0x8c,0xee,0x83,0xcd,0x7b,0xad,0x7b,
  0x8c,0x73,0x6c,0x73,0x2b,0x6b,0x0b,0x63,0xaa,0x5a,0xeb,0x62,0x71,0x8c,0x91,0x94,
  0x51,0x8c,0x50,0x8c,0x50,0x8c,0x30,0x84,0x30,0x84,0x10,0x84,0x0f,0x84,0xef,0x83,
  0xef,0x83,0xef,0x7b,0xef,0x7b,0xef,0x7b,0xef,0x7b,0xef,0x7b,0xef,0x7b,0xef,0x7b,
  0xcf,0x7b,0xcf,0x7b,0xcf,0x7b,0xcf,0x7b,0xcf,0x7b,0xcf,0x7b,0xcf,0x7b,0xcf,0x7b,
  0xcf,0x7b,0xcf,0x7b,0xcf,0x7b,0xcf,0x7b,0xcf,0x7b,0xcf,0x7b,0xcf,0x7b,0xcf,0x7b,
  0xcf,0x7b,0xcf,0x7b,0xcf,0x7b,0xcf,0x7b,0xcf,0x7b,0xcf,0x7b,0xcf,0x7b,0xcf,0x7b,
  0xcf,0x7b,0xcf,0x7b,0xcf,0x7b,0xcf,0x7b,0xcf,0x7b,0xcf,0x7b,0xcf,0x7b,0xcf,0x7b,
  0xcf,0x7b,0xcf,0x7b,0xcf,0x7b,0xcf,0x7b,0xcf,0x7b,0xcf,0x7b,0xcf,0x7b,0xcf,0x7b,
  0xcf,0x7b,0xcf,0x7b,0xcf,0x7b,0xcf,0x7b,0xcf,0x7b,0xcf,0x7b,0xcf,0x7b,0xcf,0x7b,
  0xef,0x7b,0xef,0x7b,0xef,0x7b,0xef,0x7b,0xef,0x7b,0xef,0x7b,0xef,0x7b,0xef,0x7b,
  0xef,0x7b,0xef,0x7b,0xef,0x7b,0xef,0x7b,0xef,0x7b,0xef,0x7b,0xef,0x7b,0xef,0x7b,
  0xef,0x7b,0xef,0x7b,0xef,0x7b,0xef,0x7b,0xef,0x7b,0xef,0x7b,0xef,0x7b,0xef,0x7b,
  0xef,0x7b,0xef,0x7b,0xef,0x7b,0xef,0x7b,0xef,0x7b,0xef,0x7b,0xef,0x7b,0xef,0x7b,
  0xef,0x7b,0xef,0x7b,0xef,0x7b,0xef,0x7b,0xef,0x7b,0xef,0x7b,0xef,0x7b,0xef,0x7b,
  0xef,0x7b,0xef,0x7b,0xef,0x7b,0xef,0x7b,0xef,0x7b,0xef,0x7b,0xef,0x7b,0xef,0x7b,
  0xef,0x7b,0xef,0x7b,0xf0,0x7b,0xf0,0x7b,0x10,0x84,0x10,0x84,0x10,0x84,0x10,0x84,
  0x10,0x84,0x10,0x84,0x30,0x84,0x30,0x84,0x30,0x84,0x50,0x8c,0x51,0x8c,0x71,0x8c,
  0x71,0x8c,0x91,0x94,0x91,0x94,0xd2,0x9c,0xb2,0x9c,0x6c,0x6b,0x4c,0x6b,0x8d,0x73,
  0x8d,0x73,0x8d,0x7b,0xad,0x7b,0xee,0x83,0x0e,0x8c,0x4f,0x8c,0x70,0x94,0xb0,0x9c,
  0xb0,0x9c,0x32,0xad,0x37,0xce,0x78,0xd6,0x78,0xd6,0x98,0xd6,0xb9,0xde,0xb9,0xde,
  0xd9,0xde,0xd9,0xe6,0xfa,0xe6,0xfa,0xe6,0x1a,0xe7,0x1a,0xef,0x1a,0xef,0x3a,0xef,
  0x3a,0xef,0x3b,0xef,0x3b,0xef,0x3b,0xef,0x3b,0xef,0x3b,0xef,0x3b,0xef,0x3b,0xef,
  0x3a,0xef,0x3a,0xef,0x1a,0xef,0x1a,0xef,0x1a,0xe7,0xfa,0xe6,0xfa,0xe6,0xd9,0xe6,
  0xd9,0xde,0xb9,0xde,0x99,0xde,0x98,0xd6,0x78,0xd6,0x57,0xd6,0x58,0xce,0xd5,0xbd,
  0x90,0x9c,0x6f,0x94,0x4f,0x94,0x0e,0x8c,0xee,0x83,0xcd,0x7b,0x8d,0x7b,0x6c,0x73,
  0x4c,0x73,0x4c,0x6b,0x2b,0x6b,0xea,0x62,0xca,0x5a,0x89,0x52,0xca,0x5a,0x51,0x8c,
  0x71,0x8c,0x50,0x8c,0x30,0x8c,0x30,0x84,0x30,0x84,0x10,0x84,0x10,0x84,0x0f,0x84,
  0xef,0x7b,0xef,0x7b,0xef,0x7b,0xef,0x7b,0xef,0x7b,0xef,0x7b,0xef,0x7b,0xef,0x7b,
  0xcf,0x7b,0xcf,0x7b,0xcf,0x7b,0xcf,0x7b,0xcf,0x7b,0xcf,0x7b,0xcf,0x7b,0xcf,0x7b,
  0xcf,0x7b,0xcf,0x7b,0xcf,0x7b,0xcf,0x7b,0xcf,0x7b,0xcf,0x7b,0xcf,0x7b,0xcf,0x7b,
  0xcf,0x7b,0xcf,0x7b,0xcf,0x7b,0xcf,0x7b,0xcf,0x7b,0xcf,0x7b,0xcf,0x7b,0xcf,0x7b,
  0xcf,0x7b,0xcf,0x7b,0xcf,0x7b,0xcf,0x7b,0xcf,0x7b,0xcf,0x7b,0xcf,0x7b,0xcf,0x7b,
  0xcf,0x7b,0xcf,0x7b,0xcf,0x7b,0xcf,0x7b,0xcf,0x7b,0xcf,0x7b,0xcf,0x7b,0xcf,0x7b,
  0xcf,0x7b,0xcf,0x7b,0xcf,0x7b,0xcf,0x7b,0xcf,0x7b,0xcf,0x7b,0xcf,0x7b,0xcf,0x7b,
  0xef,0x7b,0xef,0x7b,0xef,0x7b,0xef,0x7b,0xef,0x7b,0xef,0x7b,0xef,0x7b,0xef,0x7b,
  0xef,0x7b,0xef,0x7b,0xef,0x7b,0xef,0x7b,0xef,0x7b,0xef,0x7b,0xef,0x7b,0xef,0x7b,
  0xef,0x7b,0xef,0x7b,0xef,0x7b,0xef,0x7b,0xef,0x7b,0xef,0x7b,0xef,0x7b,0xef,0x7b,
  0xef,0x7b,0xef,0x7b,0xef,0x7b,0xef,0x7b,0xef,0x7b,0xef,0x7b,0xef,0x7b,0xef,0x7b,
  0xef,0x7b,0xef,0x7b,0xef,0x7b,0xef,0x7b,0xef,0x7b,0xef,0x7b,0xef,0x7b,0xef,0x7b,
  0xef,0x7b,0xef,0x7b,0xef,0x7b,0xef,0x7b,0xef,0x7b,0xef,0x7b,0xef,0x7b,0xef,0x7b,
  0xef,0x7b,0xef,0x7b,0xf0,0x7b,0xf0,0x7b,0xf0,0x83,0x10,0x84,0x10,0x84,0x10,0x84,
  0x10,0x84,0x10,0x84,0x30,0x84,0x30,0x84,0x30,0x84,0x50,0x8c,0x51,0x8c,0x71,0x8c,
  0x71,0x8c,0x71,0x8c,0xb2,0x94,0x91,0x94,0x2b,0x63,0x0b,0x63,0x4c,0x6b,0x4c,0x6b,
  0x4c,0x6b,0x6c,0x73,0x8d,0x7b,0xcd,0x7b,0xee,0x83,0x2e,0x8c,0x4f,0x94,0x6f,0x94,
  0xf2,0xa4,0x17,0xc6,0x37,0xce,0x57,0xce,0x78,0xd6,0x78,0xd6,0x98,0xd6,0xb9,0xde,
  0xb9,0xde,0xd9,0xde,0xd9,0xe6,0xfa,0xe6,0xfa,0xe6,0xfa,0xe6,0x1a,0xe7,0x1a,0xe7,
  0x1a,0xef,0x1a,0xef,0x1a,0xef,0x1a,0xef,0x1a,0xef,0x1a,0xef,0x1a,0xef,0x1a,0xef,
  0x1a,0xef,0x1a,0xe7,0x1a,0xe7,0xfa,0xe6,0xfa,0xe6,0xfa,0xe6,0xd9,0xe6,0xd9,0xde,
  0xb9,0xde,0x99,0xde,0x98,0xd6,0x78,0xd6,0x58,0xd6,0x57,0xce,0x37,0xce,0x37,0xce,
  0x95,0xbd,0x4f,0x94,0x0e,0x8c,0xee,0x83,0xcd,0x7b,0x8d,0x7b,0x6c,0x73,0x4c,0x6b,
  0x2b,0x6b,0x0b,0x63,0x0b,0x63,0xea,0x62,0xaa,0x5a,0xaa,0x5a,0x68,0x4a,0xa9,0x52,
  0x50,0x8c,0x71,0x8c,0x30,0x84,0x30,0x84,0x10,0x84,0x10,0x84,0x10,0x84,0x0f,0x84,
  0xef,0x7b,0xef,0x7b,0xef,0x7b,0xef,0x7b,0xef,0x7b,0xef,0x7b,0xef,0x7b,0xcf,0x7b,
  0xcf,0x7b,0xcf,0x7b,0xcf,0x7b,0xcf,0x7b,0xcf,0x7b,0xcf,0x7b,0xcf,0x7b,0xcf,0x7b,
  0xcf,0x7b,0xcf,0x7b,0xcf,0x7b,0xcf,0x7b,0xcf,0x7b,0xcf,0x7b,0xcf,0x7b,0xcf,0x7b,
  0xcf,0x7b,0xcf,0x7b,0xcf,0x7b,0xcf,0x7b,0xcf,0x7b,0xcf,0x7b,0xcf,0x7b,0xcf,0x7b,
  0xcf,0x7b,0xcf,0x7b,0xcf,0x7b,0xcf,0x7b,0xcf,0x7b,0xcf,0x7b,0xcf,0x7b,0xcf,0x7b,
  0xcf,0x7b,0xcf,0x7b,0xcf,0x7b,0xcf,0x7b,0xcf,0x7b,0xcf,0x7b,0xcf,0x7b,0xcf,0x7b,
  0xcf,0x7b,0xcf,0x7b,0xcf,0x7b,0xcf,0x7b,0xcf,0x7b,0xcf,0x7b,0xcf,0x7b,0xcf,0x7b,
  0xef,0x7b,0xef,0x7b,0xef,0x7b,0xef,0x7b,0xef,0x7b,0xef,0x7b,0xef,0x7b,0xef,0x7b,
  0xef,0x7b,0xef,0x7b,0xef,0x7b,0xef,0x7b,0xef,0x7b,0xef,0x7b,0xef,0x7b,0xef,0x7b,
  0xef,0x7b,0xef,0x7b,0xef,0x7b,0xef,0x7b,0xef,0x7b,0xef,0x7b,0xef,0x7b,0xef,0x7b,
  0xef,0x7b,0xef,0x7b,0xef,0x7b,0xef,0x7b,0xef,0x7b,0xef,0x7b,0xef,0x7b,0xef,0x7b,
  0xef,0x7b,0xef,0x7b,0xef,0x7b,0xef,0x7b,0xef,0x7b,0xef,0x7b,0xef,0x7b,0xef,0x7b,
  0xef,0x7b,0xef,0x7b,0xef,0x7b,0xef,0x7b,0xef,0x7b,0xef,0x7b,0xef,0x7b,0xef,0x7b,
  0xef,0x7b,0xef,0x7b,0x0f,0x7c,0x10,0x7c,0x10,0x7c,0x10,0x84,0x10,0x84,0x10,0x84,
  0x10,0x84,0x10,0x84,0x10,0x84,0x30,0x84,0x30,0x84,0x30,0x84,0x51,0x8c,0x51,0x8c,
  0x51,0x8c,0x92,0x94,0x71,0x8c,0xeb,0x5a,0xea,0x5a,0x0b,0x63,0x0b,0x63,0x0b,0x63,
  0x2b,0x6b,0x4c,0x6b,0x6c,0x73,0xad,0x7b,0xcd,0x83,0x0e,0x84,0x0e,0x8c,0xb1,0x9c,
  0xf6,0xc5,0x17,0xc6,0x17,0xc6,0x37,0xce,0x57,0xce,0x78,0xd6,0x78,0xd6,0x98,0xd6,
  0xb9,0xde,0xb9,0xde,0xd9,0xde,0xd9,0xde,0xd9,0xe6,0xfa,0xe6,0xfa,0xe6,0xfa,0xe6,
  0xfa,0xe6,0x1a,0xe7,0x1a,0xe7,0x1a,0xe7,0x1a,0xe7,0x1a,0xe7,0x1a,0xe7,0x1a,0xe7,
  0xfa,0xe6,0xfa,0xe6,0xfa,0xe6,0xfa,0xe6,0xd9,0xe6,0xd9,0xde,0xb9,0xde,0xb9,0xde,
  0x98,0xde,0x98,0xd6,0x78,0xd6,0x58,0xd6,0x57,0xce,0x37,0xce,0x17,0xc6,0xf6,0xc5,
  0xf6,0xc5,0x74,0xb5,0x0e,0x8c,0xad,0x7b,0xad,0x7b,0x6c,0x73,0x4b,0x6b,0x2b,0x6b,
  0x0b,0x63,0xea,0x62,0xea,0x62,0xca,0x5a,0xaa,0x5a,0x89,0x52,0x89,0x52,0x28,0x4a,
  0x69,0x52,0x30,0x84,0x50,0x8c,0x10,0x84,0x10,0x84,0x10,0x84,0x0f,0x84,0xef,0x83,
  0xef,0x7b,0xef,0x7b,0xef,0x7b,0xef,0x7b,0xef,0x7b,0xef,0x7b,0xef,0x7b,0xcf,0x7b,
  0xcf,0x7b,0xcf,0x7b,0xcf,0x7b,0xcf,0x7b,0xcf,0x7b,0xcf,0x7b,0xcf,0x7b,0xcf,0x7b,
  0xcf,0x7b,0xcf,0x7b,0xcf,0x7b,0xcf,0x7b,0xcf,0x7b,0xcf,0x7b,0xcf,0x7b,0xcf,0x7b,
  0xcf,0x7b,0xcf,0x7b,0xcf,0x7b,0xcf,0x7b,0xcf,0x7b,0xcf,0x7b,0xcf,0x7b,0xcf,0x7b,
  0xcf,0x7b,0xcf,0x7b,0xcf,0x7b,0xcf,0x7b,0xcf,0x7b,0xcf,0x7b,0xcf,0x7b,0xcf,0x7b,
  0xcf,0x7b,0xcf,0x7b,0xcf,0x7b,0xcf,0x7b,0xcf,0x7b,0xcf,0x7b,0xcf,0x7b,0xcf,0x7b,
  0xcf,0x7b,0xcf,0x7b,0xcf,0x7b,0xcf,0x7b,0xcf,0x7b,0xcf,0x7b,0xcf,0x7b,0xcf,0x7b,
  0xef,0x7b,0xef,0x7b,0xef,0x7b,0xef,0x7b,0xef,0x7b,0xef,0x7b,0xef,0x7b,0xef,0x7b,
  0xef,0x7b,0xef,0x7b,0xef,0x7b,0xef,0x7b,0xef,0x7b,0xef,0x7b,0xef,0x7b,0xef,0x7b,
  0xef,0x7b,0xef,0x7b,0xef,0x7b,0xef,0x7b,0xef,0x7b,0xef,0x7b,0xef,0x7b,0xef,0x7b,
  0xef,0x7b,0xef,0x7b,0xef,0x7b,0xef,0x7b,0xef,0x7b,0xef,0x7b,0xef,0x7b,0xef,0x7b,
  0xef,0x7b,0xef,0x7b,0xef,0x7b,0xef,0x7b,0xef,0x7b,0xef,0x7b,0xef,0x7b,0xef,0x7b,
  0xef,0x7b,0xef,0x7b,0xef,0x7b,0xef,0x7b,0xef,0x7b,0xef,0x7b,0xef,0x7b,0xef,0x7b,
  0xef,0x7b,0xef,0x7b,0x0f,0x7c,0x10,0x7c,0x10,0x7c,0x10,0x7c,0x10,0x84,0x10,0x84,
  0x10,0x84,0x10,0x84,0x10,0x84,0x30,0x84,0x30,0x84,0x30,0x84,0x51,0x8c,0x50,0x8c,
  0x71,0x8c,0x50,0x8c,0xaa,0x5a,0xaa,0x5a,0xeb,0x5a,0xca,0x5a,0xca,0x5a,0xea,0x62,
  0x0b,0x63,0x2b,0x6b,0x6c,0x73,0x8c,0x73,0xcd,0x7b,0xcd,0x7b,0x90,0x94,0xb5,0xbd,
  0xd6,0xbd,0xf6,0xc5,0x16,0xc6,0x17,0xce,0x37,0xce,0x57,0xce,0x58,0xd6,0x78,0xd6,
  0x98,0xd6,0x98,0xde,0xb9,0xde,0xb9,0xde,0xd9,0xde,0xd9,0xde,0xd9,0xe6,0xd9,0xe6,
  0xfa,0xe6,0xfa,0xe6,0xfa,0xe6,0xfa,0xe6,0xfa,0xe6,0xfa,0xe6,0xfa,0xe6,0xfa,0xe6,
  0xf9,0xe6,0xd9,0xe6,0xd9,0xe6,0xd9,0xde,0xb9,0xde,0xb9,0xde,0xb9,0xde,0x98,0xd6,
  0x78,0xd6,0x78,0xd6,0x58,0xd6,0x57,0xce,0x37,0xce,0x17,0xce,0xf6,0xc5,0xf6,0xc5,
  0xd6,0xbd,0xd6,0xbd,0x54,0xad,0xcd,0x83,0x6c,0x73,0x6c,0x73,0x2b,0x6b,0x0b,0x63,
  0xea,0x62,0xca,0x5a,0xaa,0x5a,0xa9,0x52,0x89,0x52,0x89,0x52,0x69,0x4a,0x48,0x4a,
  0x07,0x42,0x49,0x4a,0x10,0x84,0x30,0x84,0x0f,0x84,0x10,0x84,0x0f,0x84,0xef,0x7b,
  0xef,0x7b,0xef,0x7b,0xef,0x7b,0xef,0x7b,0xef,0x7b,0xef,0x7b,0xef,0x7b,0xcf,0x7b,
  0xcf,0x7b,0xcf,0x7b,0xcf,0x7b,0xcf,0x7b,0xcf,0x7b,0xcf,0x7b,0xcf,0x7b,0xcf,0x7b,
  0xef,0x7b,0xef,0x7b,0xcf,0x7b,0xcf,0x7b,0xcf,0x7b,0xcf,0x7b,0xcf,0x7b,0xcf,0x7b,
  0xcf,0x7b,0xcf,0x7b,0xcf,0x7b,0xcf,0x7b,0xcf,0x7b,0xcf,0x7b,0xcf,0x7b,0xcf,0x7b,
  0xcf,0x7b,0xcf,0x7b,0xcf,0x7b,0xcf,0x7b,0xcf,0x7b,0xcf,0x7b,0xcf,0x7b,0xcf,0x7b,
  0xcf,0x7b,0xcf,0x7b,0xcf,0x7b,0xcf,0x7b,0xcf,0x7b,0xcf,0x7b,0xcf,0x7b,0xcf,0x7b,
  0xcf,0x7b,0xcf,0x7b,0xcf,0x7b,0xcf,0x7b,0xcf,0x7b,0xcf,0x7b,0xcf,0x7b,0xcf,0x7b,
  0xef,0x7b,0xef,0x7b,0xef,0x7b,0xef,0x7b,0xef,0x7b,0xef,0x7b,0xef,0x7b,0xef,0x7b,
  0xef,0x7b,0xef,0x7b,0xef,0x7b,0xef,0x7b,0xef,0x7b,0xef,0x7b,0xef,0x7b,0xef,0x7b,
  0xef,0x7b,0xef,0x7b,0xef,0x7b,0xef,0x7b,0xef,0x7b,0xef,0x7b,0xef,0x7b,0xef,0x7b,
  0xef,0x7b,0xef,0x7b,0xef,0x7b,0xef,0x7b,0xef,0x7b,0xef,0x7b,0xef,0x7b,0xef,0x7b,
  0xef,0x7b,0xef,0x7b,0xef,0x7b,0xef,0x7b,0xef,0x7b,0xef,0x7b,0xef,0x7b,0xef,0x7b,
  0xef,0x7b,0xef,0x7b,0xef,0x7b,0xef,0x7b,0xef,0x7b,0xef,0x7b,0xef,0x7b,0xef,0x7b,
  0xef,0x7b,0xef,0x7b,0xef,0x7b,0x0f,0x7c,0x10,0x7c,0x10,0x7c,0x10,0x84,0x10,0x84,
  0x10,0x84,0x10,0x84,0x10,0x84,0x30,0x84,0x30,0x84,0x30,0x84,0x30,0x84,0x71,0x8c,
  0x10,0x84,0x89,0x52,0x89,0x52,0xaa,0x5a,0xa9,0x52,0x89,0x52,0xa9,0x5a,0xca,0x5a,
  0xea,0x62,0x0b,0x6b,0x4b,0x6b,0x6c,0x73,0x6c,0x73,0x50,0x8c,0x95,0xb5,0xb5,0xbd,
  0xb5,0xbd,0xd6,0xbd,0xf6,0xc5,0x16,0xc6,0x17,0xc6,0x37,0xce,0x57,0xce,0x58,0xd6,
  0x78,0xd6,0x78,0xd6,0x98,0xd6,0x99,0xde,0xb9,0xde,0xb9,0xde,0xd9,0xde,0xd9,0xde,
  0xd9,0xde,0xd9,0xe6,0xd9,0xe6,0xd9,0xe6,0xd9,0xe6,0xd9,0xe6,0xd9,0xe6,0xd9,0xe6,
  0xd9,0xde,0xd9,0xde,0xb9,0xde,0xb9,0xde,0xb9,0xde,0x98,0xde,0x98,0xd6,0x78,0xd6,
  0x78,0xd6,0x58,0xce,0x37,0xce,0x37,0xce,0x17,0xc6,0xf6,0xc5,0xf6,0xc5,0xd6,0xbd,
  0xb5,0xbd,0x95,0xb5,0x95,0xb5,0x33,0xad,0x8c,0x73,0x0b,0x63,0x0b,0x63,0xea,0x62,
  0xca,0x5a,0xa9,0x5a,0x89,0x52,0x69,0x52,0x69,0x52,0x69,0x4a,0x48,0x4a,0x28,0x4a,
  0x28,0x42,0xe7,0x39,0x48,0x4a,0x10,0x84,0x30,0x84,0xef,0x7b,0x0f,0x84,0xef,0x7b,
  0xef,0x7b,0xef,0x7b,0xef,0x7b,0xef,0x7b,0xef,0x7b,0xef,0x7b,0xcf,0x7b,0xcf,0x7b,
  0xcf,0x7b,0xcf,0x7b,0xcf,0x7b,0xcf,0x7b,0xef,0x7b,0xef,0x7b,0xef,0x7b,0xcf,0x7b,
  0xcf,0x7b,0xef,0x7b,0xef,0x7b,0xef,0x7b,0xef,0x7b,0xef,0x7b,0xef,0x7b,0xef,0x7b,
  0xcf,0x7b,0xcf,0x7b,0xef,0x7b,0xcf,0x7b,0xcf,0x7b,0xcf,0x7b,0xcf,0x7b,0xcf,0x7b,
  0xcf,0x7b,0xcf,0x7b,0xcf,0x7b,0xcf,0x7b,0xcf,0x7b,0xcf,0x7b,0xcf,0x7b,0xcf,0x7b,
  0xcf,0x7b,0xcf,0x7b,0xcf,0x7b,0xcf,0x7b,0xcf,0x7b,0xcf,0x7b,0xcf,0x7b,0xcf,0x7b,
  0xcf,0x7b,0xcf,0x7b,0xcf,0x7b,0xcf,0x7b,0xcf,0x7b,0xcf,0x7b,0xcf,0x7b,0xcf,0x7b,
  0xef,0x7b,0xef,0x7b,0xef,0x7b,0xef,0x7b,0xef,0x7b,0xef,0x7b,0xef,0x7b,0xef,0x7b,
  0xef,0x7b,0xef,0x7b,0xef,0x7b,0xef,0x7b,0xef,0x7b,0xef,0x7b,0xef,0x7b,0xef,0x7b,
  0xef,0x7b,0xef,0x7b,0xef,0x7b,0xef,0x7b,0xef,0x7b,0xef,0x7b,0xef,0x7b,0xef,0x7b,
  0xef,0x7b,0xef,0x7b,0xef,0x7b,0xef,0x7b,0xef,0x7b,0xef,0x7b,0xef,0x7b,0xef,0x7b,
  0xef,0x7b,0xef,0x7b,0xef,0x7b,0xef,0x7b,0xef,0x7b,0xef,0x7b,0xef,0x7b,0xef,0x7b,
  0xef,0x7b,0xef,0x7b,0xef,0x7b,0xef,0x7b,0xef,0x7b,0xef,0x7b,0xef,0x7b,0xef,0x7b,
  0xef,0x7b,0xef,0x7b,0xef,0x7b,0x0f,0x7c,0x10,0x7c,0x10,0x7c,0x10,0x84,0x10,0x84,
  0x10,0x84,0x10,0x84,0x10,0x84,0x10,0x84,0x30,0x84,0x10,0x84,0x51,0x8c,0x10,0x84,
  0x69,0x4a,0x69,0x4a,0x89,0x52,0x69,0x4a,0x69,0x4a,0x69,0x52,0x89,0x52,0xaa,0x5a,
  0xca,0x5a,0x0b,0x63,0x2b,0x6b,0x2b,0x6b,0x2f,0x8c,0x74,0xb5,0x75,0xb5,0x95,0xb5,
  0xb5,0xbd,0xb5,0xbd,0xd6,0xbd,0xf6,0xc5,0x16,0xc6,0x17,0xc6,0x37,0xce,0x37,0xce,
  0x57,0xce,0x78,0xd6,0x78,0xd6,0x98,0xd6,0x98,0xd6,0x98,0xde,0xb9,0xde,0xb9,0xde,
  0xb9,0xde,0xb9,0xde,0xb9,0xde,0xb9,0xde,0xb9,0xde,0xb9,0xde,0xb9,0xde,0xb9,0xde,
  0xb9,0xde,0xb9,0xde,0x99,0xde,0x98,0xde,0x98,0xd6,0x78,0xd6,0x78,0xd6,0x58,0xd6,
  0x57,0xce,0x37,0xce,0x37,0xce,0x17,0xc6,0xf6,0xc5,0xf6,0xc5,0xd6,0xbd,0xb5,0xbd,
  0x95,0xb5,0x95,0xb5,0x74,0xb5,0x74,0xb5,0x13,0xa5,0x4c,0x73,0xa9,0x5a,0xca,0x5a,
  0xa9,0x5a,0x89,0x52,0x68,0x52,0x48,0x4a,0x48,0x4a,0x48,0x4a,0x28,0x4a,0x28,0x42,
  0x08,0x42,0x07,0x42,0xc6,0x39,0x28,0x42,0xef,0x7b,0x10,0x84,0xef,0x7b,0xef,0x7b,
  0xef,0x7b,0xef,0x7b,0xef,0x7b,0xef,0x7b,0xef,0x7b,0xef,0x7b,0xef,0x7b,0xef,0x7b,
  0xef,0x7b,0xef,0x7b,0xcf,0x7b,0xcf,0x7b,0xef,0x7b,0xef,0x7b,0xef,0x7b,0xcf,0x7b,
  0xcf,0x7b,0xef,0x7b,0xef,0x7b,0xef,0x7b,0xef,0x7b,0xef,0x7b,0xef,0x7b,0xef,0x7b,
  0xef,0x7b,0xef,0x7b,0xef,0x7b,0xef,0x7b,0xcf,0x7b,0xcf,0x7b,0xcf,0x7b,0xcf,0x7b,
  0xcf,0x7b,0xcf,0x7b,0xcf,0x7b,0xcf,0x7b,0xcf,0x7b,0xcf,0x7b,0xcf,0x7b,0xcf,0x7b,
  0xcf,0x7b,0xcf,0x7b,0xcf,0x7b,0xcf,0x7b,0xcf,0x7b,0xcf,0x7b,0xcf,0x7b,0xcf,0x7b,
  0xcf,0x7b,0xcf,0x7b,0xcf,0x7b,0xcf,0x7b,0xcf,0x7b,0xcf,0x7b,0xcf,0x7b,0xcf,0x7b,
  0xef,0x7b,0xef,0x7b,0xef,0x7b,0xef,0x7b,0xef,0x7b,0xef,0x7b,0xef,0x7b,0xef,0x7b,
  0xef,0x7b,0xef,0x7b,0xef,0x7b,0xef,0x7b,0xef,0x7b,0xef,0x7b,0xef,0x7b,0xef,0x7b,
  0xef,0x7b,0xef,0x7b,0xef,0x7b,0xef,0x7b,0xef,0x7b,0xef,0x7b,0xef,0x7b,0xef,0x7b,
  0xef,0x7b,0xef,0x7b,0xef,0x7b,0xef,0x7b,0xef,0x7b,0xef,0x7b,0xef,0x7b,0xef,0x7b,
  0xef,0x7b,0xef,0x7b,0xef,0x7b,0xef,0x7b,0xef,0x7b,0xef,0x7b,0xef,0x7b,0xef,0x7b,
  0xef,0x7b,0xef,0x7b,0xef,0x7b,0xef,0x7b,0xef,0x7b,0xef,0x7b,0xef,0x7b,0xef,0x7b,
  0xef,0x7b,0xef,0x7b,0xef,0x7b,0x0f,0x7c,0x10,0x7c,0x10,0x7c,0x10,0x84,0x10,0x84,
  0x10,0x84,0x10,0x84,0x10,0x84,0x10,0x84,0x10,0x84,0x51,0x8c,0xef,0x7b,0x49,0x4a,
  0x48,0x4a,0x69,0x4a,0x48,0x4a,0x28,0x4a,0x48,0x4a,0x48,0x4a,0x69,0x52,0xa9,0x52,
  0xca,0x5a,0xea,0x62,0xea,0x62,0x0f,0x84,0x54,0xad,0x54,0xad,0x54,0xad,0x74,0xb5,
  0x95,0xb5,0xb5,0xbd,0xb5,0xbd,0xd6,0xbd,0xf6,0xc5,0xf6,0xc5,0x17,0xc6,0x37,0xce,
  0x37,0xce,0x57,0xce,0x58,0xce,0x78,0xd6,0x78,0xd6,0x78,0xd6,0x98,0xd6,0x98,0xd6,
  0x98,0xde,0x98,0xde,0x99,0xde,0x99,0xde,0x99,0xde,0x99,0xde,0x99,0xde,0x98,0xde,
  0x98,0xde,0x98,0xd6,0x98,0xd6,0x78,0xd6,0x78,0xd6,0x58,0xd6,0x57,0xce,0x37,0xce,
  0x37,0xce,0x17,0xce,0x17,0xc6,0xf6,0xc5,0xd6,0xc5,0xd6,0xbd,0xb5,0xbd,0x95,0xbd,
  0x95,0xb5,0x74,0xb5,0x54,0xad,0x34,0xad,0x34,0xad,0xf3,0xa4,0x2b,0x6b,0x69,0x52,
  0x89,0x52,0x68,0x52,0x48,0x4a,0x28,0x4a,0x28,0x42,0x28,0x42,0x07,0x42,0x08,0x42,
  0x07,0x42,0xe7,0x41,0xe7,0x39,0xa6,0x31,0x08,0x42,0xef,0x7b,0x10,0x84,0xef,0x7b,
  0xef,0x7b,0xef,0x7b,0xef,0x7b,0xef,0x7b,0xef,0x7b,0xef,0x7b,0xef,0x7b,0xef,0x7b,
  0xef,0x7b,0xef,0x7b,0xef,0x7b,0xef,0x7b,0xef,0x7b,0xef,0x7b,0xef,0x7b,0xcf,0x7b,
  0xef,0x7b,0xef,0x7b,0xef,0x7b,0xef,0x7b,0xef,0x7b,0xef,0x7b,0xef,0x7b,0xef,0x7b,
  0xef,0x7b,0xef,0x7b,0xef,0x7b,0xef,0x7b,0xcf,0x7b,0xcf,0x7b,0xcf,0x7b,0xcf,0x7b,
  0xcf,0x7b,0xcf,0x7b,0xcf,0x7b,0xcf,0x7b,0xcf,0x7b,0xcf,0x7b,0xcf,0x7b,0xcf,0x7b,
  0xcf,0x7b,0xcf,0x7b,0xcf,0x7b,0xcf,0x7b,0xcf,0x7b,0xcf,0x7b,0xcf,0x7b,0xcf,0x7b,
  0xcf,0x7b,0xcf,0x7b,0xcf,0x7b,0xcf,0x7b,0xcf,0x7b,0xcf,0x7b,0xcf,0x7b,0xcf,0x7b,
  0xef,0x7b,0xef,0x7b,0xef,0x7b,0xef,0x7b,0xef,0x7b,0xef,0x7b,0xef,0x7b,0xef,0x7b,
  0xef,0x7b,0xef,0x7b,0xef,0x7b,0xef,0x7b,0xef,0x7b,0xef,0x7b,0xef,0x7b,0xef,0x7b,
  0xef,0x7b,0xef,0x7b,0xef,0x7b,0xef,0x7b,0xef,0x7b,0xef,0x7b,0xef,0x7b,0xef,0x7b,
  0xef,0x7b,0xef,0x7b,0xef,0x7b,0xef,0x7b,0xef,0x7b,0xef,0x7b,0xef,0x7b,0xef,0x7b,
  0xef,0x7b,0xef,0x7b,0xef,0x7b,0xef,0x7b,0xef,0x7b,0xef,0x7b,0xef,0x7b,0xef,0x7b,
  0xef,0x7b,0xef,0x7b,0xef,0x7b,0xef,0x7b,0xef,0x7b,0xef,0x7b,0xef,0x7b,0xef,0x7b,
  0xef,0x7b,0xef,0x7b,0xef,0x7b,0xef,0x7b,0x10,0x7c,0x10,0x7c,0x10,0x7c,0x10,0x84,
  0x10,0x84,0x10,0x84,0x10,0x84,0x10,0x84,0x30,0x84,0xcf,0x7b,0x28,0x42,0x28,0x42,
  0x48,0x4a,0x08,0x42,0x07,0x42,0x07,0x42,0x28,0x4a,0x48,0x4a,0x69,0x4a,0x89,0x52,
  0xa9,0x5a,0xa9,0x5a,0xee,0x7b,0x34,0xa5,0x13,0xa5,0x34,0xad,0x54,0xad,0x54,0xad,
  0x74,0xb5,0x95,0xb5,0xb5,0xbd,0xb5,0xbd,0xd6,0xbd,0xf6,0xc5,0xf6,0xc5,0x16,0xc6,
  0x17,0xc6,0x37,0xce,0x37,0xce,0x57,0xce,0x58,0xce,0x58,0xd6,0x78,0xd6,0x78,0xd6,
  0x78,0xd6,0x78,0xd6,0x98,0xd6,0x78,0xd6,0x78,0xd6,0x78,0xd6,0x78,0xd6,0x78,0xd6,
  0x78,0xd6,0x78,0xd6,0x78,0xd6,0x58,0xd6,0x57,0xce,0x57,0xce,0x37,0xce,0x17,0xce,
  0x17,0xc6,0xf6,0xc5,0xf6,0xc5,0xd6,0xbd,0xd6,0xbd,0xb5,0xbd,0x95,0xb5,0x95,0xb5,
  0x74,0xb5,0x54,0xad,0x34,0xad,0x33,0xad,0x13,0xa5,0x13,0xa5,0xd2,0x9c,0x0b,0x63,
  0x27,0x4a,0x48,0x4a,0x28,0x4a,0x07,0x42,0x07,0x42,0xe7,0x41,0xe7,0x41,0xe7,0x39,
  0xe7,0x39,0xe7,0x39,0xc7,0x39,0xc7,0x39,0x86,0x31,0x28,0x42,0xef,0x7b,0x0f,0x84,
  0xef,0x7b,0xef,0x7b,0xef,0x7b,0xef,0x7b,0xef,0x7b,0xef,0x7b,0xef,0x7b,0xef,0x7b,
  0xef,0x7b,0xef,0x7b,0xef,0x7b,0xef,0x7b,0xef,0x7b,0xef,0x7b,0xef,0x7b,0xef,0x7b,
  0xef,0x7b,0xef,0x7b,0xef,0x7b,0xef,0x7b,0xef,0x7b,0xef,0x7b,0xcf,0x7b,0xcf,0x7b,
  0xcf,0x7b,0xcf,0x7b,0xcf,0x7b,0xcf,0x7b,0xcf,0x7b,0xcf,0x7b,0xcf,0x7b,0xcf,0x7b,
  0xcf,0x7b,0xcf,0x7b,0xcf,0x7b,0xcf,0x7b,0xcf,0x7b,0xcf,0x7b,0xcf,0x7b,0xcf,0x7b,
  0xcf,0x7b,0xcf,0x7b,0xcf,0x7b,0xcf,0x7b,0xcf,0x7b,0xcf,0x7b,0xcf,0x7b,0xcf,0x7b,
  0xcf,0x7b,0xcf,0x7b,0xcf,0x7b,0xcf,0x7b,0xcf,0x7b,0xcf,0x7b,0xcf,0x7b,0xcf,0x7b,
  0xef,0x7b,0xef,0x7b,0xef,0x7b,0xef,0x7b,0xef,0x7b,0xef,0x7b,0xef,0x7b,0xef,0x7b,
  0xef,0x7b,0xef,0x7b,0xef,0x7b,0xef,0x7b,0xef,0x7b,0xef,0x7b,0xef,0x7b,0xef,0x7b,
  0xef,0x7b,0xef,0x7b,0xef,0x7b,0xef,0x7b,0xef,0x7b,0xef,0x7b,0xef,0x7b,0xef,0x7b,
  0xef,0x7b,0xef,0x7b,0xef,0x7b,0xef,0x7b,0xef,0x7b,0xef,0x7b,0xef,0x7b,0xef,0x7b,
  0xef,0x7b,0xef,0x7b,0xef,0x7b,0xef,0x7b,0xef,0x7b,0xef,0x7b,0xef,0x7b,0xef,0x7b,
  0xef,0x7b,0xef,0x7b,0xef,0x7b,0xef,0x7b,0xef,0x7b,0xef,0x7b,0xef,0x7b,0xef,0x7b,
  0xef,0x7b,0xef,0x7b,0xef,0x7b,0xef,0x7b,0x0f,0x7c,0x10,0x7c,0x10,0x7c,0x10,0x84,
  0x10,0x84,0x10,0x84,0xef,0x7b,0x30,0x84,0xcf,0x7b,0x08,0x42,0x08,0x42,0x28,0x42,
  0x07,0x42,0xe7,0x39,0xe7,0x39,0x07,0x42,0x08,0x42,0x28,0x4a,0x48,0x4a,0x69,0x52,
  0x69,0x52,0xae,0x7b,0xf3,0xa4,0xf3,0xa4,0x13,0xa5,0x13,0xa5,0x34,0xad,0x54,0xad,
  0x54,0xad,0x74,0xb5,0x95,0xb5,0xb5,0xb5,0xb5,0xbd,0xd6,0xbd,0xd6,0xbd,0xf6,0xc5,
  0xf6,0xc5,0x17,0xc6,0x17,0xc6,0x37,0xce,0x37,0xce,0x37,0xce,0x57,0xce,0x57,0xce,
  0x58,0xd6,0x58,0xd6,0x78,0xd6,0x58,0xd6,0x78,0xd6,0x58,0xd6,0x58,0xd6,0x58,0xd6,
  0x58,0xd6,0x57,0xce,0x57,0xce,0x37,0xce,0x37,0xce,0x37,0xce,0x17,0xc6,0x16,0xc6,
  0xf6,0xc5,0xf6,0xc5,0xd6,0xbd,0xb5,0xbd,0xb5,0xbd,0x95,0xb5,0x75,0xb5,0x74,0xb5,
  0x54,0xad,0x34,0xad,0x33,0xad,0x13,0xa5,0xf3,0xa4,0xd3,0x9c,0xd2,0x9c,0xb2,0x9c,
  0xeb,0x62,0xe7,0x41,0x27,0x42,0xe7,0x41,0xe7,0x39,0xe7,0x39,0xc6,0x39,0xc7,0x39,
  0xc7,0x39,0xc7,0x39,0xc7,0x39,0xc7,0x39,0xc7,0x39,0x86,0x31,0x08,0x42,0xef,0x7b,
  0x0f,0x7c,0xef,0x7b,0xef,0x7b,0xef,0x7b,0xef,0x7b,0xef,0x7b,0xef,0x7b,0xef,0x7b,
  0xef,0x7b,0xef,0x7b,0xef,0x7b,0xef,0x7b,0xef,0x7b,0xef,0x7b,0xef,0x7b,0xef,0x7b,
  0xef,0x7b,0xef,0x7b,0xef,0x7b,0xef,0x7b,0xef,0x7b,0xef,0x7b,0xcf,0x7b,0xcf,0x7b,
  0xcf,0x7b,0xcf,0x7b,0xcf,0x7b,0xcf,0x7b,0xcf,0x7b,0xcf,0x7b,0xcf,0x7b,0xcf,0x7b,
  0xcf,0x7b,0xcf,0x7b,0xcf,0x7b,0xcf,0x7b,0xcf,0x7b,0xcf,0x7b,0xcf,0x7b,0xcf,0x7b,
  0xcf,0x7b,0xcf,0x7b,0xcf,0x7b,0xcf,0x7b,0xcf,0x7b,0xcf,0x7b,0xcf,0x7b,0xcf,0x7b,
  0xcf,0x7b,0xcf,0x7b,0xcf,0x7b,0xcf,0x7b,0xcf,0x7b,0xcf,0x7b,0xcf,0x7b,0xcf,0x7b,
  0xef,0x7b,0xef,0x7b,0xef,0x7b,0xef,0x7b,0xef,0x7b,0xef,0x7b,0xef,0x7b,0xef,0x7b,
  0xef,0x7b,0xef,0x7b,0xef,0x7b,0xef,0x7b,0xef,0x7b,0xef,0x7b,0xef,0x7b,0xef,0x7b,
  0xef,0x7b,0xef,0x7b,0xef,0x7b,0xef,0x7b,0xef,0x7b,0xef,0x7b,0xef,0x7b,0xef,0x7b,
  0xef,0x7b,0xef,0x7b,0xef,0x7b,0xef,0x7b,0xef,0x7b,0xef,0x7b,0xef,0x7b,0xef,0x7b,
  0xef,0x7b,0xef,0x7b,0xef,0x7b,0xef,0x7b,0xef,0x7b,0xef,0x7b,0xef,0x7b,0xef,0x7b,
  0xef,0x7b,0xef,0x7b,0xef,0x7b,0xef,0x7b,0xef,0x7b,0xef,0x7b,0xef,0x7b,0xef,0x7b,
  0xef,0x7b,0xef,0x7b,0xef,0x7b,0xef,0x7b,0xef,0x7b,0x0f,0x7c,0xf0,0x7b,0xf0,0x7b,
  0x10,0x84,0xf0,0x7b,0x30,0x84,0xae,0x73,0xe7,0x41,0x07,0x42,0x08,0x42,0xe7,0x39,
  0xc7,0x39,0xc7,0x39,0xe7,0x39,0xe7,0x41,0x07,0x42,0x28,0x42,0x48,0x4a,0x28,0x4a,
  0xae,0x7b,0xd3,0x9c,0xd2,0x9c,0xd2,0x9c,0xf3,0xa4,0x13,0xa5,0x13,0xa5,0x34,0xad,
  0x54,0xad,0x54,0xad,0x74,0xb5,0x75,0xb5,0x95,0xb5,0xb5,0xbd,0xb5,0xbd,0xd6,0xbd,
  0xd6,0xbd,0xf6,0xc5,0xf6,0xc5,0x17,0xc6,0x17,0xc6,0x37,0xce,0x37,0xce,0x37,0xce,
  0x37,0xce,0x37,0xce,0x37,0xce,0x57,0xce,0x57,0xce,0x57,0xce,0x37,0xce,0x37,0xce,
  0x37,0xce,0x37,0xce,0x37,0xce,0x17,0xce,0x17,0xc6,0x16,0xc6,0xf6,0xc5,0xf6,0xc5,
  0xd6,0xbd,0xd6,0xbd,0xb5,0xbd,0x95,0xbd,0x95,0xb5,0x75,0xb5,0x74,0xb5,0x54,0xad,
  0x34,0xad,0x33,0xad,0x13,0xa5,0xf3,0xa4,0xf3,0x9c,0xd2,0x9c,0xb2,0x9c,0xb2,0x9c,
  0xb2,0x94,0xeb,0x5a,0xc6,0x39,0xe7,0x39,0xc6,0x39,0xc6,0x39,0xa6,0x39,0xa6,0x31,
  0xa6,0x31,0xa6,0x31,0xc6,0x39,0xa6,0x31,0xa6,0x31,0xc6,0x31,0x66,0x29,0x08,0x42,
  0xef,0x7b,0xef,0x7b,0xef,0x7b,0xef,0x7b,0xef,0x7b,0xef,0x7b,0xef,0x7b,0xef,0x7b,
  0xef,0x7b,0xef,0x7b,0xef,0x7b,0xef,0x7b,0xef,0x7b,0xef,0x7b,0xef,0x7b,0xef,0x7b,
  0xef,0x7b,0xef,0x7b,0xef,0x7b,0xef,0x7b,0xcf,0x7b,0xcf,0x7b,0xcf,0x7b,0xcf,0x7b,
  0xcf,0x7b,0xcf,0x7b,0xcf,0x7b,0xcf,0x7b,0xcf,0x7b,0xcf,0x7b,0xcf,0x7b,0xcf,0x7b,
  0xcf,0x7b,0xcf,0x7b,0xcf,0x7b,0xcf,0x7b,0xcf,0x7b,0xcf,0x7b,0xcf,0x7b,0xcf,0x7b,
  0xcf,0x7b,0xcf,0x7b,0xcf,0x7b,0xcf,0x7b,0xcf,0x7b,0xcf,0x7b,0xcf,0x7b,0xcf,0x7b,
  0xcf,0x7b,0xcf,0x7b,0xcf,0x7b,0xcf,0x7b,0xcf,0x7b,0xcf,0x7b,0xcf,0x7b,0xcf,0x7b,
  0xef,0x7b,0xef,0x7b,0xef,0x7b,0xef,0x7b,0xef,0x7b,0xef,0x7b,0xef,0x7b,0xef,0x7b,
  0xef,0x7b,0xef,0x7b,0xef,0x7b,0xef,0x7b,0xef,0x7b,0xef,0x7b,0xef,0x7b,0xef,0x7b,
  0xef,0x7b,0xef,0x7b,0xef,0x7b,0xef,0x7b,0xef,0x7b,0xef,0x7b,0xef,0x7b,0xef,0x7b,
  0xef,0x7b,0xef,0x7b,0xef,0x7b,0xef,0x7b,0xef,0x7b,0xef,0x7b,0xef,0x7b,0xef,0x7b,
  0xef,0x7b,0xef,0x7b,0xef,0x7b,0xef,0x7b,0xef,0x7b,0xef,0x7b,0xef,0x7b,0xef,0x7b,
  0xef,0x7b,0xef,0x7b,0xef,0x7b,0xef,0x7b,0xef,0x7b,0xef,0x7b,0xef,0x7b,0xef,0x7b,
  0xef,0x7b,0xef,0x7b,0xef,0x7b,0xef,0x7b,0xef,0x7b,0x0f,0x7c,0xf0,0x7b,0x10,0x7c,
  0xef,0x7b,0x30,0x84,0x8e,0x73,0xe7,0x39,0xe7,0x39,0x08,0x3a,0xc7,0x39,0xa6,0x31,
  0xa6,0x31,0xc6,0x39,0xc7,0x39,0xe7,0x39,0x07,0x42,0x07,0x42,0x07,0x42,0x8e,0x73,
  0xd2,0x9c,0x92,0x94,0xb2,0x9c,0xd2,0x9c,0xf3,0x9c,0xf3,0xa4,0x13,0xa5,0x13,0xa5,
  0x34,0xad,0x34,0xad,0x54,0xad,0x74,0xb5,0x75,0xb5,0x95,0xb5,0x95,0xb5,0xb5,0xbd,
  0xb6,0xbd,0xd6,0xbd,0xd6,0xbd,0xf6,0xc5,0xf6,0xc5,0x16,0xc6,0x17,0xc6,0x17,0xc6,
  0x17,0xc6,0x17,0xce,0x17,0xce,0x17,0xce,0x17,0xce,0x17,0xce,0x17,0xce,0x17,0xce,
  0x17,0xc6,0x17,0xc6,0x16,0xc6,0xf6,0xc5,0xf6,0xc5,0xf6,0xc5,0xd6,0xbd,0xd6,0xbd,
  0xb5,0xbd,0xb5,0xbd,0x95,0xb5,0x95,0xb5,0x74,0xb5,0x54,0xad,0x54,0xad,0x34,0xad,
  0x33,0xad,0x13,0xa5,0xf3,0xa4,0xf3,0x9c,0xd2,0x9c,0xb2,0x9c,0xb2,0x9c,0x92,0x94,
  0x92,0x94,0x92,0x94,0xca,0x5a,0x85,0x31,0xc6,0x39,0xa6,0x31,0xa6,0x31,0x86,0x31,
  0x86,0x31,0x86,0x31,0xa6,0x31,0xa6,0x31,0xa6,0x31,0xa6,0x31,0xa6,0x31,0x65,0x29,
  0x08,0x42,0xef,0x7b,0xef,0x7b,0xef,0x7b,0xef,0x7b,0xef,0x7b,0xef,0x7b,0xef,0x7b,
  0xef,0x7b,0xef,0x7b,0xef,0x7b,0xef,0x7b,0xef,0x7b,0xef,0x7b,0xef,0x7b,0xef,0x7b,
  0xef,0x7b,0xef,0x7b,0xef,0x7b,0xef,0x7b,0xcf,0x7b,0xcf,0x7b,0xcf,0x7b,0xcf,0x7b,
  0xcf,0x7b,0xcf,0x7b,0xcf,0x7b,0xcf,0x7b,0xcf,0x7b,0xcf,0x7b,0xcf,0x7b,0xcf,0x7b,
  0xcf,0x7b,0xcf,0x7b,0xcf,0x7b,0xcf,0x7b,0xcf,0x7b,0xcf,0x7b,0xcf,0x7b,0xcf,0x7b,
  0xcf,0x7b,0xcf,0x7b,0xcf,0x7b,0xcf,0x7b,0xcf,0x7b,0xcf,0x7b,0xcf,0x7b,0xcf,0x7b,
  0xcf,0x7b,0xcf,0x7b,0xcf,0x7b,0xcf,0x7b,0xcf,0x7b,0xcf,0x7b,0xcf,0x7b,0xcf,0x7b,
  0xef,0x7b,0xef,0x7b,0xef,0x7b,0xef,0x7b,0xef,0x7b,0xef,0x7b,0xef,0x7b,0xef,0x7b,
  0xef,0x7b,0xef,0x7b,0xef,0x7b,0xef,0x7b,0xef,0x7b,0xef,0x7b,0xef,0x7b,0xef,0x7b,
  0xef,0x7b,0xef,0x7b,0xef,0x7b,0xef,0x7b,0xef,0x7b,0xef,0x7b,0xef,0x7b,0xef,0x7b,
  0xef,0x7b,0xef,0x7b,0xef,0x7b,0xef,0x7b,0xef,0x7b,0xf0,0x7b,0xf0,0x7b,0xf0,0x7b,
  0xf0,0x7b,0xef,0x7b,0xef,0x7b,0xef,0x7b,0xef,0x7b,0xef,0x7b,0xef,0x7b,0xef,0x7b,
  0xef,0x7b,0xef,0x7b,0xef,0x7b,0xef,0x7b,0xef,0x7b,0xef,0x7b,0xef,0x7b,0xef,0x7b,
  0xef,0x7b,0xef,0x7b,0xef,0x7b,0xef,0x7b,0xef,0x7b,0xef,0x7b,0x0f,0x7c,0xef,0x7b,
  0x30,0x84,0xae,0x73,0xc7,0x39,0xe7,0x39,0xe7,0x39,0xc6,0x31,0xa6,0x31,0x86,0x31,
  0xa6,0x31,0xa6,0x31,0xc6,0x39,0xe7,0x39,0xe7,0x39,0xe7,0x39,0x8e,0x73,0xb2,0x94,
  0x91,0x94,0x92,0x94,0xb2,0x94,0xb2,0x9c,0xd2,0x9c,0xf3,0x9c,0xf3,0xa4,0x13,0xa5,
  0x13,0xa5,0x34,0xad,0x34,0xad,0x54,0xad,0x54,0xad,0x74,0xb5,0x75,0xb5,0x95,0xb5,
  0xb5,0xbd,0xb5,0xbd,0xb5,0xbd,0xd6,0xbd,0xd6,0xbd,0xf6,0xc5,0xf6,0xc5,0xf6,0xc5,
  0xf6,0xc5,0xf6,0xc5,0xf6,0xc5,0xf6,0xc5,0xf6,0xc5,0xf6,0xc5,0xf6,0xc5,0xf6,0xc5,
  0xf6,0xc5,0xf6,0xc5,0xf6,0xc5,0xd6,0xbd,0xd6,0xbd,0xd6,0xbd,0xb5,0xbd,0xb5,0xbd,
  0x95,0xb5,0x95,0xb5,0x75,0xb5,0x74,0xb5,0x54,0xad,0x54,0xad,0x34,0xad,0x13,0xa5,
  0x13,0xa5,0xf3,0xa4,0xf3,0x9c,0xd2,0x9c,0xb2,0x9c,0xb2,0x9c,0x92,0x94,0x91,0x94,
  0x71,0x94,0x71,0x94,0x91,0x94,0xca,0x5a,0x65,0x29,0xa6,0x31,0x85,0x31,0x65,0x31,
  0x85,0x29,0x85,0x31,0x85,0x31,0x86,0x31,0x86,0x31,0xa6,0x31,0xa6,0x31,0xa6,0x31,
  0x65,0x29,0x08,0x42,0xef,0x7b,0xef,0x7b,0xcf,0x7b,0xef,0x7b,0xef,0x7b,0xef,0x7b,
  0xef,0x7b,0xef,0x7b,0xef,0x7b,0xef,0x7b,0xcf,0x7b,0xcf,0x7b,0xcf,0x7b,0xcf,0x7b,
  0xcf,0x7b,0xcf,0x7b,0xcf,0x7b,0xcf,0x7b,0xcf,0x7b,0xcf,0x7b,0xcf,0x7b,0xcf,0x7b,
  0xcf,0x7b,0xcf,0x7b,0xcf,0x7b,0xcf,0x7b,0xcf,0x7b,0xcf,0x7b,0xcf,0x7b,0xcf,0x7b,
  0xcf,0x7b,0xcf,0x7b,0xcf,0x7b,0xcf,0x7b,0xcf,0x7b,0xcf,0x7b,0xcf,0x7b,0xcf,0x7b,
  0xcf,0x7b,0xcf,0x7b,0xcf,0x7b,0xcf,0x7b,0xcf,0x7b,0xcf,0x7b,0xcf,0x7b,0xcf,0x7b,
  0xcf,0x7b,0xcf,0x7b,0xcf,0x7b,0xcf,0x7b,0xcf,0x7b,0xcf,0x7b,0xcf,0x7b,0xcf,0x7b,
  0xef,0x7b,0xef,0x7b,0xef,0x7b,0xef,0x7b,0xef,0x7b,0xef,0x7b,0xef,0x7b,0xef,0x7b,
  0xef,0x7b,0xef,0x7b,0xef,0x7b,0xef,0x7b,0xef,0x7b,0xef,0x7b,0xef,0x7b,0xef,0x7b,
  0xef,0x7b,0xf0,0x7b,0xf0,0x7b,0xef,0x7b,0xef,0x7b,0xef,0x7b,0xef,0x7b,0xef,0x7b,
  0xef,0x7b,0xef,0x7b,0xef,0x7b,0xef,0x7b,0xef,0x7b,0xf0,0x7b,0xf0,0x7b,0xf0,0x7b,
  0xf0,0x7b,0xef,0x7b,0xef,0x7b,0xef,0x7b,0xef,0x7b,0xf0,0x7b,0xf0,0x7b,0xf0,0x7b,
  0xf0,0x7b,0xef,0x7b,0xef,0x7b,0xef,0x7b,0xef,0x7b,0xef,0x7b,0xef,0x7b,0xef,0x7b,
  0xef,0x7b,0xef,0x7b,0xef,0x7b,0xef,0x7b,0xef,0x7b,0xef,0x7b,0xef,0x7b,0x30,0x84,
  0x8e,0x73,0xc7,0x39,0xe7,0x39,0xc7,0x39,0xa6,0x31,0x86,0x31,0x85,0x31,0x86,0x31,
  0x86,0x31,0xa6,0x31,0xc6,0x39,0xc6,0x39,0xc7,0x39,0x8e,0x73,0x92,0x94,0x71,0x8c,
  0x71,0x94,0x91,0x94,0x92,0x94,0xb2,0x94,0xb2,0x9c,0xd2,0x9c,0xd3,0x9c,0xf3,0xa4,
  0x13,0xa5,0x13,0xa5,0x33,0xa5,0x34,0xad,0x54,0xad,0x54,0xad,0x74,0xad,0x74,0xb5,
  0x95,0xb5,0x95,0xb5,0x95,0xb5,0xb5,0xbd,0xb5,0xbd,0xb6,0xbd,0xd6,0xbd,0xd6,0xbd,
  0xd6,0xbd,0xd6,0xbd,0xf6,0xbd,0xd6,0xc5,0xd6,0xc5,0xd6,0xc5,0xd6,0xbd,0xd6,0xbd,
  0xd6,0xbd,0xd6,0xbd,0xd5,0xbd,0xb5,0xbd,0xb5,0xbd,0xb5,0xbd,0x95,0xb5,0x95,0xb5,
  0x75,0xb5,0x74,0xb5,0x54,0xad,0x54,0xad,0x34,0xad,0x34,0xad,0x13,0xa5,0x13,0xa5,
  0xf3,0xa4,0xf3,0x9c,0xd2,0x9c,0xb2,0x9c,0xb2,0x9c,0x92,0x94,0x91,0x94,0x71,0x94,
  0x71,0x94,0x51,0x8c,0x51,0x8c,0x71,0x8c,0xcb,0x5a,0x44,0x29,0x65,0x31,0x65,0x29,
  0x65,0x29,0x65,0x29,0x65,0x29,0x65,0x29,0x66,0x31,0x86,0x31,0x86,0x31,0x86,0x31,
  0xa6,0x31,0x65,0x29,0x08,0x42,0xef,0x7b,0xef,0x7b,0xcf,0x7b,0xef,0x7b,0xef,0x7b,
  0xef,0x7b,0xef,0x7b,0xef,0x7b,0xef,0x7b,0xcf,0x7b,0xcf,0x7b,0xcf,0x7b,0xcf,0x7b,
  0xcf,0x7b,0xcf,0x7b,0xcf,0x7b,0xcf,0x7b,0xcf,0x7b,0xcf,0x7b,0xcf,0x7b,0xcf,0x7b,
  0xcf,0x7b,0xcf,0x7b,0xcf,0x7b,0xcf,0x7b,0xcf,0x7b,0xcf,0x7b,0xcf,0x7b,0xcf,0x7b,
  0xcf,0x7b,0xcf,0x7b,0xcf,0x7b,0xcf,0x7b,0xcf,0x7b,0xcf,0x7b,0xcf,0x7b,0xcf,0x7b,
  0xcf,0x7b,0xcf,0x7b,0xcf,0x7b,0xcf,0x7b,0xcf,0x7b,0xcf,0x7b,0xcf,0x7b,0xcf,0x7b,
  0xcf,0x7b,0xcf,0x7b,0xcf,0x7b,0xcf,0x7b,0xcf,0x7b,0xcf,0x7b,0xcf,0x7b,0xcf,0x7b,
  0xef,0x7b,0xef,0x7b,0xef,0x7b,0xf0,0x7b,0xf0,0x7b,0xf0,0x7b,0xf0,0x7b,0xf0,0x7b,
  0xf0,0x7b,0xf0,0x7b,0xf0,0x7b,0xef,0x7b,0xef,0x7b,0xef,0x7b,0xef,0x7b,0xef,0x7b,
  0xef,0x7b,0xef,0x7b,0xef,0x7b,0xf0,0x7b,0xf0,0x7b,0xf0,0x7b,0xf0,0x7b,0xf0,0x7b,
  0xf0,0x7b,0xf0,0x7b,0xf0,0x7b,0xf0,0x7b,0xf0,0x7b,0xf0,0x7b,0xf0,0x7b,0xf0,0x7b,
  0xf0,0x7b,0xf0,0x7b,0xf0,0x7b,0xf0,0x7b,0xf0,0x7b,0xf0,0x7b,0xf0,0x7b,0xf0,0x7b,
  0xf0,0x7b,0xf0,0x7b,0xef,0x7b,0xf0,0x7b,0xf0,0x7b,0xf0,0x7b,0xf0,0x7b,0xf0,0x7b,
  0xf0,0x7b,0xef,0x7b,0xef,0x7b,0xef,0x7b,0xef,0x7b,0xef,0x7b,0x30,0x84,0x8e,0x73,
  0xc7,0x31,0xe7,0x39,0xc7,0x39,0xa6,0x31,0x86,0x29,0x65,0x29,0x65,0x29,0x86,0x31,
  0x86,0x31,0xa6,0x31,0x86,0x31,0xc6,0x39,0x8e,0x73,0x71,0x94,0x50,0x8c,0x71,0x8c,
  0x71,0x8c,0x71,0x94,0x91,0x94,0x92,0x94,0xb2,0x94,0xb2,0x9c,0xd2,0x9c,0xd2,0x9c,
  0xf3,0x9c,0xf3,0xa4,0x13,0xa5,0x13,0xa5,0x33,0xa5,0x34,0xad,0x54,0xad,0x54,0xad,
  0x74,0xad,0x74,0xb5,0x75,0xb5,0x95,0xb5,0x95,0xb5,0x95,0xb5,0x95,0xbd,0xb5,0xbd,
  0xb5,0xbd,0xb5,0xbd,0xb5,0xbd,0xb5,0xbd,0xb5,0xbd,0xb5,0xbd,0xb5,0xbd,0xb5,0xbd,
  0xb5,0xbd,0xb5,0xbd,0x95,0xbd,0x95,0xb5,0x95,0xb5,0x95,0xb5,0x74,0xb5,0x74,0xb5,
  0x54,0xad,0x54,0xad,0x54,0xad,0x34,0xad,0x33,0xa5,0x13,0xa5,0x13,0xa5,0xf3,0xa4,
  0xf3,0x9c,0xd2,0x9c,0xb2,0x9c,0xb2,0x94,0x92,0x94,0x91,0x94,0x91,0x94,0x71,0x8c,
  0x51,0x8c,0x51,0x8c,0x50,0x8c,0x30,0x84,0x51,0x8c,0xcb,0x5a,0x24,0x21,0x45,0x29,
  0x45,0x29,0x45,0x29,0x45,0x29,0x45,0x29,0x65,0x29,0x86,0x29,0x86,0x31,0x86,0x31,
  0x86,0x31,0xa6,0x31,0x45,0x29,0x08,0x42,0xef,0x7b,0xef,0x7b,0xcf,0x7b,0xef,0x7b,
  0xef,0x7b,0xef,0x7b,0xef,0x7b,0xef,0x7b,0xef,0x7b,0xef,0x7b,0xcf,0x7b,0xcf,0x7b,
  0xcf,0x7b,0xcf,0x7b,0xcf,0x7b,0xcf,0x7b,0xcf,0x7b,0xcf,0x7b,0xcf,0x7b,0xcf,0x7b,
  0xcf,0x7b,0xcf,0x7b,0xcf,0x7b,0xcf,0x7b,0xcf,0x7b,0xcf,0x7b,0xcf,0x7b,0xcf,0x7b,
  0xcf,0x7b,0xcf,0x7b,0xcf,0x7b,0xcf,0x7b,0xcf,0x7b,0xcf,0x7b,0xcf,0x7b,0xcf,0x7b,
  0xcf,0x7b,0xcf,0x7b,0xcf,0x7b,0xcf,0x7b,0xcf,0x7b,0xcf,0x7b,0xcf,0x7b,0xcf,0x7b,
  0xcf,0x7b,0xcf,0x7b,0xcf,0x7b,0xcf,0x7b,0xcf,0x7b,0xcf,0x7b,0xcf,0x7b,0xcf,0x7b,
  0xef,0x7b,0xef,0x7b,0xef,0x7b,0xf0,0x7b,0xf0,0x7b,0xf0,0x7b,0xf0,0x7b,0xf0,0x7b,
  0xf0,0x7b,0xf0,0x7b,0xf0,0x7b,0xef,0x7b,0xef,0x7b,0xef,0x7b,0xef,0x7b,0xef,0x7b,
  0xef,0x7b,0xef,0x7b,0xef,0x7b,0xf0,0x7b,0xf0,0x7b,0xf0,0x7b,0xf0,0x7b,0xf0,0x7b,
  0xf0,0x7b,0xf0,0x7b,0xf0,0x7b,0xf0,0x7b,0xf0,0x7b,0xf0,0x7b,0xf0,0x7b,0xf0,0x7b,
  0xf0,0x7b,0xf0,0x7b,0xf0,0x7b,0xf0,0x7b,0xf0,0x7b,0xf0,0x7b,0xf0,0x7b,0xf0,0x7b,
  0xf0,0x7b,0xf0,0x7b,0xef,0x7b,0xf0,0x7b,0xf0,0x7b,0xf0,0x7b,0xf0,0x7b,0xf0,0x7b,
  0xf0,0x7b,0xef,0x7b,0xef,0x7b,0xef,0x7b,0xef,0x7b,0x10,0x84,0x6e,0x6b,0xc7,0x39,
  0xe7,0x39,0xc7,0x39,0x86,0x31,0x65,0x29,0x65,0x29,0x65,0x29,0x65,0x29,0x65,0x31,
  0x86,0x31,0x86,0x31,0xa6,0x31,0x8e,0x73,0x71,0x8c,0x30,0x8c,0x50,0x8c,0x51,0x8c,
  0x71,0x8c,0x71,0x8c,0x71,0x94,0x91,0x94,0x92,0x94,0xb2,0x94,0xb2,0x9c,0xd2,0x9c,
  0xd2,0x9c,0xf3,0x9c,0xf3,0xa4,0xf3,0xa4,0x13,0xa5,0x13,0xa5,0x33,0xad,0x34,0xad,
  0x54,0xad,0x54,0xad,0x54,0xad,0x74,0xb5,0x74,0xb5,0x75,0xb5,0x75,0xb5,0x95,0xb5,
  0x95,0xb5,0x95,0xb5,0x95,0xb5,0x95,0xb5,0x95,0xb5,0x95,0xb5,0x95,0xb5,0x95,0xb5,
  0x95,0xb5,0x95,0xb5,0x75,0xb5,0x74,0xb5,0x74,0xb5,0x74,0xad,0x54,0xad,0x54,0xad,
  0x54,0xad,0x33,0xad,0x33,0xa5,0x13,0xa5,0x13,0xa5,0xf3,0xa4,0xf3,0x9c,0xd2,0x9c,
  0xd2,0x9c,0xb2,0x9c,0xb2,0x94,0x92,0x94,0x91,0x94,0x91,0x94,0x71,0x8c,0x51,0x8c,
  0x51,0x8c,0x50,0x8c,0x30,0x8c,0x30,0x84,0x10,0x84,0x51,0x8c,0xcb,0x5a,0x24,0x21,
  0x45,0x29,0x45,0x29,0x45,0x29,0x45,0x29,0x45,0x29,0x65,0x29,0x65,0x29,0x86,0x31,
  0x86,0x31,0x86,0x31,0x86,0x31,0x45,0x29,0x08,0x42,0xef,0x7b,0xef,0x7b,0xcf,0x7b,
  0xef,0x7b,0xef,0x7b,0xef,0x7b,0xef,0x7b,0xef,0x7b,0xef,0x7b,0xef,0x7b,0xef,0x7b,
  0xcf,0x7b,0xcf,0x7b,0xcf,0x7b,0xcf,0x7b,0xcf,0x7b,0xcf,0x7b,0xcf,0x7b,0xcf,0x7b,
  0xcf,0x7b,0xcf,0x7b,0xcf,0x7b,0xef,0x7b,0xef,0x7b,0xcf,0x7b,0xcf,0x7b,0xcf,0x7b,
  0xcf,0x7b,0xcf,0x7b,0xcf,0x7b,0xcf,0x7b,0xcf,0x7b,0xcf,0x7b,0xcf,0x7b,0xcf,0x7b,
  0xcf,0x7b,0xcf,0x7b,0xcf,0x7b,0xcf,0x7b,0xcf,0x7b,0xcf,0x7b,0xcf,0x7b,0xcf,0x7b,
  0xcf,0x7b,0xcf,0x7b,0xcf,0x7b,0xcf,0x7b,0xcf,0x7b,0xcf,0x7b,0xcf,0x7b,0xcf,0x7b,
  0xef,0x7b,0xef,0x7b,0xef,0x7b,0xef,0x7b,0xef,0x7b,0xef,0x7b,0xef,0x7b,0xef,0x7b,
  0xf0,0x7b,0xf0,0x7b,0xf0,0x7b,0xf0,0x7b,0xf0,0x7b,0xef,0x7b,0xef,0x7b,0xef,0x7b,
  0xef,0x7b,0xef,0x7b,0xef,0x7b,0xf0,0x7b,0xf0,0x7b,0xf0,0x7b,0xf0,0x7b,0xf0,0x7b,
  0xf0,0x7b,0xf0,0x7b,0xf0,0x7b,0xf0,0x7b,0xf0,0x7b,0xf0,0x7b,0xf0,0x7b,0xf0,0x7b,
  0xf0,0x7b,0xf0,0x7b,0xf0,0x7b,0xf0,0x7b,0xf0,0x7b,0xef,0x7b,0xef,0x7b,0xef,0x7b,
  0xef,0x7b,0xf0,0x7b,0xf0,0x7b,0xef,0x7b,0xef,0x7b,0xf0,0x7b,0xf0,0x7b,0xf0,0x7b,
  0xf0,0x7b,0xef,0x7b,0xef,0x7b,0xef,0x7b,0x30,0x84,0x6d,0x6b,0xa7,0x31,0xc7,0x39,
  0xc7,0x39,0x86,0x31,0x65,0x29,0x45,0x29,0x65,0x29,0x65,0x29,0x65,0x29,0x86,0x31,
  0x65,0x29,0xa6,0x31,0x8e,0x73,0x51,0x8c,0x30,0x84,0x30,0x8c,0x50,0x8c,0x50,0x8c,
  0x51,0x8c,0x71,0x8c,0x71,0x8c,0x71,0x94,0x91,0x94,0x92,0x94,0xb2,0x94,0xb2,0x9c,
  0xd2,0x9c,0xd2,0x9c,0xd3,0x9c,0xf3,0x9c,0xf3,0xa4,0x13,0xa5,0x13,0xa5,0x13,0xa5,
  0x33,0xad,0x34,0xad,0x34,0xad,0x54,0xad,0x54,0xad,0x54,0xad,0x74,0xad,0x74,0xb5,
  0x74,0xb5,0x74,0xb5,0x74,0xb5,0x74,0xb5,0x74,0xb5,0x74,0xb5,0x74,0xb5,0x74,0xb5,
  0x74,0xb5,0x74,0xb5,0x74,0xad,0x54,0xad,0x54,0xad,0x54,0xad,0x34,0xad,0x33,0xad,
  0x33,0xa5,0x13,0xa5,0x13,0xa5,0xf3,0xa4,0xf3,0xa4,0xd3,0x9c,0xd2,0x9c,0xd2,0x9c,
  0xb2,0x9c,0xb2,0x94,0x92,0x94,0x91,0x94,0x71,0x94,0x71,0x8c,0x71,0x8c,0x51,0x8c,
  0x51,0x8c,0x30,0x8c,0x30,0x84,0x30,0x84,0x30,0x84,0x10,0x84,0x51,0x8c,0xeb,0x5a,
  0x04,0x21,0x24,0x21,0x24,0x29,0x24,0x21,0x24,0x29,0x45,0x29,0x45,0x29,0x65,0x29,
  0x65,0x29,0x86,0x29,0x86,0x31,0x86,0x31,0x45,0x29,0x28,0x42,0xf0,0x7b,0xef,0x7b,
  0xef,0x7b,0xef,0x7b,0xef,0x7b,0xef,0x7b,0xef,0x7b,0xef,0x7b,0xef,0x7b,0xef,0x7b,
  0xef,0x7b,0xef,0x7b,0xef,0x7b,0xef,0x7b,0xef,0x7b,0xef,0x7b,0xef,0x7b,0xef,0x7b,
  0xef,0x7b,0xef,0x7b,0xef,0x7b,0xef,0x7b,0xef,0x7b,0xef,0x7b,0xef,0x7b,0xef,0x7b,
  0xef,0x7b,0xcf,0x7b,0xcf,0x7b,0xcf,0x7b,0xcf,0x7b,0xcf,0x7b,0xcf,0x7b,0xcf,0x7b,
  0xcf,0x7b,0xcf,0x7b,0xcf,0x7b,0xcf,0x7b,0xcf,0x7b,0xcf,0x7b,0xcf,0x7b,0xcf,0x7b,
  0xcf,0x7b,0xcf,0x7b,0xcf,0x7b,0xcf,0x7b,0xcf,0x7b,0xcf,0x7b,0xcf,0x7b,0xcf,0x7b,
  0xef,0x7b,0xef,0x7b,0xef,0x7b,0xef,0x7b,0xef,0x7b,0xef,0x7b,0xef,0x7b,0xef,0x7b,
  0xf0,0x7b,0xf0,0x7b,0xf0,0x7b,0xf0,0x7b,0xf0,0x7b,0xef,0x7b,0xef,0x7b,0xef,0x7b,
  0xef,0x7b,0xef,0x7b,0xef,0x7b,0xf0,0x7b,0xf0,0x7b,0xef,0x7b,0xef,0x7b,0xf0,0x7b,
  0xf0,0x7b,0xf0,0x7b,0xf0,0x7b,0xf0,0x7b,0xf0,0x7b,0xf0,0x7b,0xf0,0x7b,0xf0,0x7b,
  0xf0,0x7b,0xf0,0x7b,0xf0,0x7b,0xf0,0x7b,0xf0,0x7b,0xef,0x7b,0xef,0x7b,0xef,0x7b,
  0xef,0x7b,0xef,0x7b,0xf0,0x7b,0xf0,0x83,0xf0,0x83,0xf0,0x7b,0xef,0x7b,0xef,0x7b,
  0xef,0x7b,0xef,0x7b,0xef,0x7b,0x30,0x84,0x6d,0x6b,0xa7,0x31,0xc7,0x39,0xc7,0x31,
  0x86,0x31,0x65,0x29,0x45,0x29,0x45,0x29,0x45,0x29,0x65,0x29,0x66,0x29,0x65,0x29,
  0xa6,0x31,0xae,0x73,0x31,0x8c,0x10,0x84,0x30,0x84,0x30,0x8c,0x50,0x8c,0x50,0x8c,
  0x50,0x8c,0x51,0x8c,0x71,0x8c,0x71,0x8c,0x71,0x94,0x91,0x94,0x92,0x94,0xb2,0x94,
  0xb2,0x94,0xb2,0x9c,0xd2,0x9c,0xd2,0x9c,0xd3,0x9c,0xf3,0x9c,0xf3,0xa4,0x13,0xa5,
  0x13,0xa5,0x13,0xa5,0x33,0xa5,0x34,0xad,0x34,0xad,0x34,0xad,0x54,0xad,0x54,0xad,
  0x54,0xad,0x54,0xad,0x54,0xad,0x54,0xad,0x54,0xad,0x54,0xad,0x54,0xad,0x54,0xad,
  0x54,0xad,0x54,0xad,0x54,0xad,0x34,0xad,0x34,0xad,0x33,0xad,0x13,0xa5,0x13,0xa5,
  0x13,0xa5,0xf3,0xa4,0xf3,0xa4,0xf3,0x9c,0xd2,0x9c,0xd2,0x9c,0xb2,0x9c,0xb2,0x94,
  0xb2,0x94,0x91,0x94,0x91,0x94,0x71,0x94,0x71,0x8c,0x51,0x8c,0x51,0x8c,0x50,0x8c,
  0x30,0x8c,0x30,0x84,0x30,0x84,0x30,0x84,0x10,0x84,0x10,0x84,0xf0,0x83,0x31,0x84,
  0x0b,0x63,0x04,0x21,0x24,0x21,0x24,0x21,0x24,0x21,0x24,0x21,0x25,0x21,0x45,0x29,
  0x45,0x29,0x65,0x29,0x86,0x31,0x86,0x31,0x86,0x31,0x45,0x29,0x28,0x42,0xf0,0x7b,
  0xef,0x7b,0xcf,0x7b,0xef,0x7b,0xef,0x7b,0xef,0x7b,0xef,0x7b,0xef,0x7b,0xef,0x7b,
  0xef,0x7b,0xef,0x7b,0xef,0x7b,0xef,0x7b,0xef,0x7b,0xef,0x7b,0xef,0x7b,0xef,0x7b,
  0xef,0x7b,0xef,0x7b,0xef,0x7b,0xef,0x7b,0xef,0x7b,0xef,0x7b,0xef,0x7b,0xef,0x7b,
  0xef,0x7b,0xcf,0x7b,0xcf,0x7b,0xcf,0x7b,0xcf,0x7b,0xcf,0x7b,0xcf,0x7b,0xcf,0x7b,
  0xcf,0x7b,0xcf,0x7b,0xcf,0x7b,0xcf,0x7b,0xcf,0x7b,0xcf,0x7b,0xcf,0x7b,0xcf,0x7b,
  0xcf,0x7b,0xcf,0x7b,0xcf,0x7b,0xcf,0x7b,0xcf,0x7b,0xcf,0x7b,0xcf,0x7b,0xcf,0x7b,
  0xef,0x7b,0xef,0x7b,0xef,0x7b,0xef,0x7b,0xf0,0x7b,0xf0,0x7b,0xf0,0x7b,0xf0,0x7b,
  0xf0,0x7b,0xf0,0x7b,0xf0,0x7b,0xf0,0x7b,0xef,0x7b,0xef,0x7b,0xef,0x7b,0xef,0x7b,
  0xef,0x7b,0xf0,0x7b,0xf0,0x7b,0xf0,0x7b,0xf0,0x7b,0xef,0x7b,0xef,0x7b,0xef,0x7b,
  0xef,0x7b,0xef,0x7b,0xef,0x7b,0xef,0x7b,0xef,0x7b,0xef,0x7b,0xef,0x7b,0xef,0x7b,
  0xef,0x7b,0xf0,0x7b,0xf0,0x7b,0xf0,0x7b,0xf0,0x7b,0xef,0x7b,0xef,0x7b,0xef,0x7b,
  0xef,0x7b,0xef,0x7b,0xf0,0x7b,0xf0,0x7b,0xf0,0x7b,0xef,0x7b,0xef,0x7b,0xef,0x7b,
  0xef,0x7b,0xef,0x7b,0x30,0x84,0x6d,0x6b,0xa6,0x31,0xc7,0x39,0xc7,0x31,0x86,0x31,
  0x65,0x29,0x45,0x29,0x45,0x29,0x45,0x29,0x65,0x29,0x65,0x29,0x45,0x29,0xa6,0x31,
  0xae,0x73,0x30,0x84,0x10,0x84,0x10,0x84,0x30,0x84,0x30,0x84,0x30,0x8c,0x50,0x8c,
  0x50,0x8c,0x50,0x8c,0x51,0x8c,0x71,0x8c,0x71,0x8c,0x71,0x94,0x91,0x94,0x91,0x94,
  0x91,0x94,0xb2,0x94,0xb2,0x9c,0xb2,0x9c,0xd2,0x9c,0xd2,0x9c,0xf3,0x9c,0xf3,0xa4,
  0xf3,0xa4,0xf3,0xa4,0x13,0xa5,0x13,0xa5,0x13,0xa5,0x33,0xa5,0x33,0xa5,0x33,0xad,
  0x34,0xad,0x34,0xad,0x34,0xad,0x34,0xad,0x34,0xad,0x34,0xad,0x34,0xad,0x34,0xad,
  0x34,0xad,0x33,0xad,0x33,0xa5,0x13,0xa5,0x13,0xa5,0x13,0xa5,0x13,0xa5,0xf3,0xa4,
  0xf3,0xa4,0xf2,0x9c,0xd2,0x9c,0xd2,0x9c,0xb2,0x9c,0xb2,0x9c,0xb2,0x94,0x91,0x94,
  0x91,0x94,0x91,0x94,0x71,0x94,0x71,0x8c,0x51,0x8c,0x51,0x8c,0x51,0x8c,0x30,0x8c,
  0x30,0x84,0x30,0x84,0x30,0x84,0x10,0x84,0x10,0x84,0x10,0x84,0x10,0x84,0xef,0x7b,
  0x30,0x84,0x0c,0x63,0x04,0x21,0x04,0x21,0x24,0x21,0x24,0x21,0x24,0x21,0x24,0x21,
  0x45,0x29,0x65,0x29,0x65,0x29,0x86,0x31,0x86,0x31,0x86,0x31,0x45,0x29,0x28,0x42,
  0xef,0x7b,0xef,0x7b,0xcf,0x7b,0xef,0x7b,0xef,0x7b,0xef,0x7b,0xef,0x7b,0xef,0x7b,
  0xef,0x7b,0xef,0x7b,0xef,0x7b,0xef,0x7b,0xef,0x7b,0xef,0x7b,0xef,0x7b,0xef,0x7b,
  0xef,0x7b,0xef,0x7b,0xef,0x7b,0xef,0x7b,0xef,0x7b,0xef,0x7b,0xef,0x7b,0xef,0x7b,
  0xef,0x7b,0xef,0x7b,0xef,0x7b,0xcf,0x7b,0xcf,0x7b,0xcf,0x7b,0xcf,0x7b,0xcf,0x7b,
  0xcf,0x7b,0xcf,0x7b,0xcf,0x7b,0xcf,0x7b,0xcf,0x7b,0xcf,0x7b,0xcf,0x7b,0xcf,0x7b,
  0xcf,0x7b,0xcf,0x7b,0xcf,0x7b,0xcf,0x7b,0xcf,0x7b,0xcf,0x7b,0xcf,0x7b,0xcf,0x7b,
  0xef,0x7b,0xef,0x7b,0xef,0x7b,0xef,0x7b,0xf0,0x7b,0xf0,0x7b,0xf0,0x7b,0xf0,0x7b,
  0xf0,0x7b,0xf0,0x7b,0xf0,0x7b,0xf0,0x7b,0xef,0x7b,0xef,0x7b,0xef,0x7b,0xef,0x7b,
  0xef,0x7b,0xf0,0x7b,0xf0,0x7b,0xf0,0x7b,0xf0,0x7b,0xef,0x7b,0xef,0x7b,0xef,0x7b,
  0xef,0x7b,0xef,0x7b,0xef,0x7b,0xef,0x7b,0xef,0x7b,0xef,0x7b,0xef,0x7b,0xef,0x7b,
  0xef,0x7b,0xef,0x7b,0xef,0x7b,0xef,0x7b,0xef,0x7b,0xef,0x7b,0xef,0x7b,0xef,0x7b,
  0xef,0x7b,0xef,0x7b,0xf0,0x7b,0xf0,0x7b,0xf0,0x7b,0xf0,0x7b,0xf0,0x7b,0xf0,0x7b,
  0xef,0x7b,0x30,0x84,0x6d,0x6b,0xa7,0x31,0xc7,0x39,0xc7,0x39,0x86,0x31,0x45,0x29,
  0x45,0x29,0x45,0x29,0x45,0x29,0x45,0x29,0x65,0x29,0x44,0x21,0xa6,0x31,0xcf,0x7b,
  0x30,0x84,0x10,0x84,0x10,0x84,0x10,0x84,0x10,0x84,0x30,0x84,0x30,0x84,0x30,0x84,
  0x50,0x8c,0x50,0x8c,0x50,0x8c,0x51,0x8c,0x51,0x8c,0x71,0x8c,0x71,0x8c,0x71,0x94,
  0x91,0x94,0x91,0x94,0x92,0x94,0xb2,0x94,0xb2,0x9c,0xb2,0x9c,0xd2,0x9c,0xd2,0x9c,
  0xd3,0x9c,0xf3,0x9c,0xf3,0xa4,0xf3,0xa4,0xf3,0xa4,0x13,0xa5,0x13,0xa5,0x13,0xa5,
  0x13,0xa5,0x13,0xa5,0x13,0xa5,0x13,0xa5,0x13,0xa5,0x13,0xa5,0x13,0xa5,0x13,0xa5,
  0x13,0xa5,0x13,0xa5,0x13,0xa5,0xf3,0xa4,0xf3,0xa4,0xf3,0xa4,0xf3,0x9c,0xf2,0x9c,
  0xd2,0x9c,0xd2,0x9c,0xb2,0x9c,0xb2,0x9c,0xb2,0x94,0x92,0x94,0x91,0x94,0x91,0x94,
  0x71,0x94,0x71,0x8c,0x71,0x8c,0x51,0x8c,0x51,0x8c,0x51,0x8c,0x30,0x8c,0x30,0x84,
  0x30,0x84,0x30,0x84,0x10,0x84,0x10,0x84,0x10,0x84,0x10,0x84,0x10,0x84,0xf0,0x7b,
  0xef,0x7b,0x30,0x84,0x2c,0x63,0x04,0x21,0x04,0x21,0x24,0x21,0x24,0x21,0x24,0x21,
  0x24,0x21,0x45,0x29,0x65,0x29,0x65,0x29,0x86,0x31,0x86,0x31,0x86,0x31,0x65,0x29,
  0x29,0x42,0xf0,0x7b,0xef,0x7b,0xcf,0x7b,0xef,0x7b,0xef,0x7b,0xef,0x7b,0xef,0x7b,
  0xef,0x7b,0xef,0x7b,0xef,0x7b,0xef,0x7b,0xef,0x7b,0xef,0x7b,0xef,0x7b,0xef,0x7b,
  0xef,0x7b,0xef,0x7b,0xef,0x7b,0xef,0x7b,0xef,0x7b,0xef,0x7b,0xef,0x7b,0xef,0x7b,
  0xef,0x7b,0xef,0x7b,0xef,0x7b,0xef,0x7b,0xef,0x7b,0xcf,0x7b,0xcf,0x7b,0xcf,0x7b,
  0xcf,0x7b,0xcf,0x7b,0xcf,0x7b,0xcf,0x7b,0xcf,0x7b,0xcf,0x7b,0xcf,0x7b,0xcf,0x7b,
  0xcf,0x7b,0xcf,0x7b,0xcf,0x7b,0xcf,0x7b,0xcf,0x7b,0xcf,0x7b,0xcf,0x7b,0xcf,0x7b,
  0xef,0x7b,0xef,0x7b,0xf0,0x7b,0xf0,0x7b,0xf0,0x7b,0xf0,0x7b,0xf0,0x7b,0xf0,0x7b,
  0xf0,0x7b,0xf0,0x7b,0xf0,0x7b,0xf0,0x7b,0xef,0x7b,0xef,0x7b,0xef,0x7b,0xef,0x7b,
  0xef,0x7b,0xf0,0x7b,0xf0,0x7b,0xf0,0x7b,0xf0,0x7b,0xef,0x7b,0xef,0x7b,0xef,0x7b,
  0xef,0x7b,0xef,0x7b,0xef,0x7b,0xef,0x7b,0xef,0x7b,0xef,0x7b,0xef,0x7b,0xef,0x7b,
  0xef,0x7b,0xef,0x7b,0xef,0x7b,0xef,0x7b,0xef,0x7b,0xef,0x7b,0xef,0x7b,0xef,0x7b,
  0xef,0x7b,0xef,0x7b,0xf0,0x7b,0xf0,0x7b,0xf0,0x7b,0xf0,0x7b,0xf0,0x7b,0xef,0x7b,
  0x30,0x84,0x6d,0x6b,0xa6,0x31,0xc7,0x39,0xc7,0x31,0x86,0x31,0x45,0x29,0x45,0x29,
  0x45,0x29,0x45,0x29,0x45,0x29,0x65,0x29,0x24,0x21,0xc7,0x39,0xcf,0x7b,0x10,0x84,
  0xf0,0x7b,0x10,0x84,0x10,0x84,0x10,0x84,0x10,0x84,0x10,0x84,0x30,0x84,0x30,0x84,
  0x30,0x84,0x50,0x8c,0x50,0x8c,0x50,0x8c,0x51,0x8c,0x71,0x8c,0x71,0x8c,0x71,0x94,
  0x91,0x94,0x91,0x94,0x91,0x94,0x91,0x94,0x92,0x94,0xb2,0x94,0xb2,0x9c,0xb2,0x9c,
  0xd2,0x9c,0xd2,0x9c,0xd2,0x9c,0xd2,0x9c,0xf2,0x9c,0xf3,0x9c,0xf3,0xa4,0xf3,0xa4,
  0xf3,0xa4,0xf3,0xa4,0xf3,0xa4,0xf3,0xa4,0xf3,0xa4,0xf3,0xa4,0xf3,0xa4,0xf3,0xa4,
  0xf3,0xa4,0xf3,0xa4,0xf3,0xa4,0xf3,0x9c,0xf3,0x9c,0xd3,0x9c,0xd2,0x9c,0xd2,0x9c,
  0xd2,0x9c,0xb2,0x9c,0xb2,0x94,0xb2,0x94,0x91,0x94,0x91,0x94,0x91,0x94,0x71,0x94,
  0x71,0x8c,0x51,0x8c,0x51,0x8c,0x51,0x8c,0x50,0x8c,0x30,0x8c,0x30,0x84,0x30,0x84,
  0x30,0x84,0x10,0x84,0x10,0x84,0x10,0x84,0x10,0x84,0x10,0x84,0xf0,0x83,0xef,0x7b,
  0xef,0x7b,0xef,0x7b,0x10,0x84,0x2d,0x63,0x04,0x21,0x03,0x19,0x04,0x21,0x04,0x21,
  0x24,0x21,0x24,0x21,0x45,0x29,0x65,0x29,0x65,0x29,0x86,0x31,0x86,0x31,0xa6,0x31,
  0x45,0x29,0x49,0x4a,0xf0,0x83,0xcf,0x7b,0xcf,0x7b,0xef,0x7b,0xef,0x7b,0xef,0x7b,
  0xef,0x7b,0xef,0x7b,0xef,0x7b,0xef,0x7b,0xef,0x7b,0xef,0x7b,0xef,0x7b,0xef,0x7b,
  0xef,0x7b,0xef,0x7b,0xef,0x7b,0xef,0x7b,0xef,0x7b,0xef,0x7b,0xef,0x7b,0xef,0x7b,
  0xef,0x7b,0xef,0x7b,0xef,0x7b,0xef,0x7b,0xef,0x7b,0xef,0x7b,0xef,0x7b,0xef,0x7b,
  0xef,0x7b,0xcf,0x7b,0xcf,0x7b,0xcf,0x7b,0xcf,0x7b,0xcf,0x7b,0xcf,0x7b,0xcf,0x7b,
  0xcf,0x7b,0xcf,0x7b,0xcf,0x7b,0xcf,0x7b,0xcf,0x7b,0xcf,0x7b,0xcf,0x7b,0xcf,0x7b,
  0xef,0x7b,0xef,0x7b,0xf0,0x7b,0xf0,0x7b,0xf0,0x7b,0xf0,0x7b,0xf0,0x7b,0xf0,0x7b,
  0xf0,0x7b,0xf0,0x7b,0xf0,0x7b,0xf0,0x7b,0xef,0x7b,0xef,0x7b,0xef,0x7b,0xef,0x7b,
  0xef,0x7b,0xf0,0x7b,0xf0,0x7b,0xf0,0x7b,0xf0,0x7b,0x0f,0x7c,0x0f,0x7c,0x0f,0x7c,
  0x0f,0x7c,0xef,0x7b,0xef,0x7b,0xef,0x7b,0xef,0x7b,0x0f,0x84,0x0f,0x84,0xef,0x7b,
  0xef,0x7b,0xef,0x7b,0xef,0x7b,0xef,0x7b,0xef,0x7b,0xef,0x7b,0xef,0x7b,0xef,0x7b,
  0xef,0x7b,0xef,0x7b,0xf0,0x7b,0xf0,0x7b,0xf0,0x7b,0xf0,0x7b,0xef,0x7b,0x30,0x84,
  0x6d,0x6b,0xa6,0x31,0xc7,0x39,0xa7,0x31,0x86,0x31,0x65,0x29,0x45,0x29,0x45,0x29,
  0x45,0x29,0x45,0x29,0x45,0x29,0x24,0x21,0xc7,0x39,0xcf,0x7b,0x10,0x84,0xef,0x7b,
  0x10,0x84,0x10,0x84,0x10,0x84,0x10,0x84,0x10,0x84,0x10,0x84,0x30,0x84,0x30,0x84,
  0x30,0x84,0x30,0x84,0x30,0x8c,0x50,0x8c,0x50,0x8c,0x50,0x8c,0x51,0x8c,0x71,0x8c,
  0x71,0x8c,0x71,0x94,0x71,0x94,0x91,0x94,0x91,0x94,0x91,0x94,0x92,0x94,0xb2,0x94,
  0xb2,0x94,0xb2,0x9c,0xb2,0x9c,0xd2,0x9c,0xd2,0x9c,0xd2,0x9c,0xd2,0x9c,0xd2,0x9c,
  0xd2,0x9c,0xd2,0x9c,0xf2,0x9c,0xf2,0x9c,0xf2,0x9c,0xf2,0x9c,0xf2,0x9c,0xd2,0x9c,
  0xd2,0x9c,0xd2,0x9c,0xd2,0x9c,0xd2,0x9c,0xd2,0x9c,0xd2,0x9c,0xb2,0x9c,0xb2,0x9c,
  0xb2,0x94,0x92,0x94,0x91,0x94,0x91,0x94,0x91,0x94,0x91,0x94,0x71,0x8c,0x71,0x8c,
  0x51,0x8c,0x50,0x8c,0x50,0x8c,0x30,0x8c,0x30,0x84,0x30,0x84,0x30,0x84,0x10,0x84,
  0x10,0x84,0x10,0x84,0x10,0x84,0x10,0x84,0x10,0x84,0xf0,0x83,0xef,0x7b,0xef,0x7b,
  0xef,0x7b,0xef,0x7b,0xcf,0x7b,0x10,0x84,0x6d,0x6b,0x24,0x21,0xe3,0x18,0x24,0x21,
  0x04,0x21,0x24,0x21,0x24,0x21,0x45,0x29,0x65,0x29,0x65,0x29,0x86,0x31,0x86,0x31,
  0x86,0x31,0x65,0x29,0x49,0x4a,0xf0,0x7b,0xef,0x7b,0xcf,0x7b,0xef,0x7b,0xef,0x7b,
  0xef,0x7b,0xef,0x7b,0xef,0x7b,0xef,0x7b,0xef,0x7b,0xef,0x7b,0xef,0x7b,0xef,0x7b,
  0xef,0x7b,0xef,0x7b,0xef,0x7b,0xef,0x7b,0xef,0x7b,0xef,0x7b,0xef,0x7b,0xef,0x7b,
  0xef,0x7b,0xef,0x7b,0xef,0x7b,0xef,0x7b,0xef,0x7b,0xef,0x7b,0xef,0x7b,0xef,0x7b,
  0xef,0x7b,0xcf,0x7b,0xcf,0x7b,0xcf,0x7b,0xcf,0x7b,0xcf,0x7b,0xcf,0x7b,0xcf,0x7b,
  0xcf,0x7b,0xcf,0x7b,0xcf,0x7b,0xcf,0x7b,0xcf,0x7b,0xcf,0x7b,0xcf,0x7b,0xcf,0x7b,
  0xf0,0x7b,0xf0,0x7b,0xf0,0x7b,0xf0,0x7b,0xf0,0x7b,0xf0,0x7b,0xf0,0x7b,0xf0,0x7b,
  0xf0,0x7b,0xf0,0x7b,0xf0,0x7b,0xf0,0x7b,0xf0,0x7b,0x10,0x7c,0x10,0x7c,0x10,0x7c,
  0x10,0x7c,0x10,0x7c,0x10,0x7c,0x10,0x7c,0x10,0x7c,0x10,0x7c,0x10,0x7c,0x10,0x7c,
  0x10,0x7c,0x10,0x7c,0x10,0x7c,0x10,0x7c,0x10,0x7c,0x0f,0x7c,0x0f,0x7c,0x0f,0x7c,
  0x0f,0x7c,0x0f,0x7c,0x0f,0x7c,0xef,0x7b,0xef,0x7b,0xef,0x7b,0xef,0x7b,0x0f,0x7c,
  0x0f,0x7c,0x0f,0x7c,0x0f,0x7c,0x0f,0x7c,0x0f,0x7c,0xef,0x7b,0x30,0x84,0x6d,0x6b,
  0xa6,0x31,0xc7,0x39,0xa7,0x31,0x86,0x31,0x65,0x29,0x45,0x29,0x45,0x29,0x45,0x29,
  0x45,0x29,0x65,0x29,0x24,0x21,0xe7,0x39,0xef,0x7b,0x10,0x84,0xef,0x7b,0x10,0x84,
  0x10,0x84,0x10,0x84,0x10,0x84,0x10,0x84,0x10,0x84,0x10,0x84,0x10,0x84,0x30,0x84,
  0x30,0x84,0x30,0x84,0x30,0x84,0x30,0x8c,0x30,0x8c,0x50,0x8c,0x50,0x8c,0x51,0x8c,
  0x71,0x8c,0x71,0x8c,0x71,0x8c,0x71,0x94,0x91,0x94,0x91,0x94,0x91,0x94,0x91,0x94,
  0x91,0x94,0xb2,0x94,0xb2,0x94,0xb2,0x94,0xb2,0x9c,0xb2,0x9c,0xb2,0x9c,0xd2,0x9c,
  0xd2,0x9c,0xd2,0x9c,0xd2,0x9c,0xd2,0x9c,0xd2,0x9c,0xd2,0x9c,0xd2,0x9c,0xd2,0x9c,
  0xd2,0x9c,0xb2,0x9c,0xb2,0x9c,0xb2,0x9c,0xb2,0x94,0xb2,0x94,0xb2,0x94,0xb1,0x94,
  0x91,0x94,0x91,0x94,0x91,0x94,0x71,0x94,0x71,0x8c,0x71,0x8c,0x71,0x8c,0x51,0x8c,
  0x51,0x8c,0x51,0x8c,0x30,0x8c,0x30,0x84,0x30,0x84,0x30,0x84,0x10,0x84,0x10,0x84,
  0x10,0x84,0x10,0x84,0x10,0x84,0x10,0x84,0xef,0x7b,0xef,0x7b,0xef,0x7b,0xef,0x7b,
  0xef,0x7b,0xef,0x7b,0xef,0x7b,0xcf,0x7b,0x10,0x84,0x6d,0x6b,0x24,0x21,0xe3,0x18,
  0x24,0x21,0x04,0x21,0x24,0x21,0x25,0x21,0x45,0x29,0x65,0x29,0x65,0x29,0x86,0x31,
  0x86,0x31,0xa6,0x31,0x65,0x29,0x49,0x4a,0x10,0x84,0xef,0x7b,0xcf,0x7b,0xef,0x7b,
  0xef,0x7b,0xef,0x7b,0xef,0x7b,0xef,0x7b,0xef,0x7b,0xef,0x7b,0xef,0x7b,0xef,0x7b,
  0xef,0x7b,0xef,0x7b,0xef,0x7b,0xef,0x7b,0xef,0x7b,0xef,0x7b,0xef,0x7b,0xef,0x7b,
  0xef,0x7b,0xef,0x7b,0xef,0x7b,0xef,0x7b,0xef,0x7b,0xef,0x7b,0xef,0x7b,0xef,0x7b,
  0xef,0x7b,0xef,0x7b,0xef,0x7b,0xef,0x7b,0xef,0x7b,0xef,0x7b,0xef,0x7b,0xef,0x7b,
  0xef,0x7b,0xcf,0x7b,0xcf,0x7b,0xcf,0x7b,0xcf,0x7b,0xcf,0x7b,0xcf,0x7b,0xcf,0x7b,
  0xf0,0x7b,0xf0,0x7b,0xf0,0x7b,0xf0,0x7b,0xf0,0x7b,0xf0,0x7b,0xf0,0x7b,0xf0,0x7b,
  0xf0,0x7b,0xf0,0x7b,0xf0,0x7b,0xf0,0x7b,0xf0,0x7b,0x10,0x7c,0x10,0x7c,0x10,0x7c,
  0x10,0x7c,0x10,0x7c,0x10,0x7c,0x10,0x7c,0x10,0x7c,0x10,0x7c,0x10,0x7c,0x10,0x7c,
  0x10,0x7c,0x10,0x7c,0x10,0x7c,0x10,0x7c,0x10,0x7c,0x10,0x7c,0x10,0x7c,0x10,0x7c,
  0x10,0x7c,0x0f,0x7c,0x0f,0x7c,0xef,0x7b,0xef,0x7b,0xef,0x7b,0xef,0x7b,0x0f,0x7c,
  0x0f,0x7c,0x0f,0x7c,0x0f,0x7c,0x0f,0x7c,0xef,0x7b,0x30,0x84,0x4d,0x6b,0xa7,0x31,
  0xc7,0x39,0xa6,0x31,0x86,0x29,0x65,0x29,0x45,0x29,0x45,0x29,0x45,0x29,0x45,0x29,
  0x65,0x29,0x24,0x21,0xe8,0x39,0xef,0x7b,0x10,0x84,0xef,0x7b,0x0f,0x84,0x10,0x84,
  0x10,0x84,0x10,0x84,0x10,0x84,0x10,0x84,0x10,0x84,0x10,0x84,0x10,0x84,0x10,0x84,
  0x30,0x84,0x30,0x84,0x30,0x84,0x30,0x84,0x30,0x84,0x30,0x8c,0x50,0x8c,0x50,0x8c,
  0x50,0x8c,0x51,0x8c,0x71,0x8c,0x71,0x8c,0x71,0x8c,0x71,0x94,0x91,0x94,0x91,0x94,
  0x91,0x94,0x91,0x94,0x91,0x94,0x92,0x94,0x92,0x94,0xb2,0x94,0xb2,0x94,0xb2,0x94,
  0xb2,0x94,0xb2,0x94,0xb2,0x9c,0xb2,0x9c,0xb2,0x9c,0xb2,0x9c,0xb2,0x9c,0xb2,0x94,
  0xb2,0x94,0xb2,0x94,0x92,0x94,0xb1,0x94,0x91,0x94,0x91,0x94,0x91,0x94,0x91,0x94,
  0x91,0x94,0x71,0x94,0x71,0x8c,0x71,0x8c,0x71,0x8c,0x51,0x8c,0x51,0x8c,0x51,0x8c,
  0x50,0x8c,0x30,0x8c,0x30,0x84,0x30,0x84,0x30,0x84,0x10,0x84,0x10,0x84,0x10,0x84,
  0x10,0x84,0x10,0x84,0x10,0x84,0xef,0x83,0x0f,0x84,0xef,0x7b,0xef,0x7b,0xef,0x7b,
  0xef,0x7b,0xef,0x7b,0xef,0x7b,0xef,0x7b,0xcf,0x7b,0x10,0x84,0x8e,0x73,0x45,0x29,
  0xe3,0x18,0x24,0x21,0x04,0x21,0x24,0x21,0x25,0x21,0x45,0x29,0x65,0x29,0x65,0x29,
  0x86,0x31,0x86,0x31,0xa6,0x31,0x65,0x29,0x69,0x4a,0x10,0x84,0xcf,0x7b,0xcf,0x7b,
  0xef,0x7b,0xef,0x7b,0xef,0x7b,0xef,0x7b,0xef,0x7b,0xef,0x7b,0xef,0x7b,0xef,0x7b,
  0xef,0x7b,0xef,0x7b,0xef,0x7b,0xef,0x7b,0xef,0x7b,0xef,0x7b,0xef,0x7b,0xef,0x7b,
  0xef,0x7b,0xef,0x7b,0xef,0x7b,0xef,0x7b,0xef,0x7b,0xef,0x7b,0xef,0x7b,0xef,0x7b,
  0xef,0x7b,0xef,0x7b,0xef,0x7b,0xef,0x7b,0xef,0x7b,0xef,0x7b,0xef,0x7b,0xef,0x7b,
  0xef,0x7b,0xcf,0x7b,0xcf,0x7b,0xcf,0x7b,0xcf,0x7b,0xcf,0x7b,0xcf,0x7b,0xcf,0x7b,
  0xf0,0x7b,0xf0,0x7b,0xf0,0x7b,0xf0,0x7b,0xf0,0x7b,0xf0,0x7b,0xf0,0x7b,0xf0,0x7b,
  0xf0,0x7b,0xf0,0x7b,0xf0,0x7b,0xf0,0x7b,0xf0,0x7b,0xf0,0x7b,0xf0,0x7b,0xf0,0x7b,
  0xf0,0x7b,0xf0,0x7b,0xf0,0x7b,0xf0,0x7b,0xf0,0x7b,0x10,0x7c,0x10,0x7c,0x10,0x7c,
  0x10,0x7c,0x10,0x7c,0x10,0x7c,0x10,0x7c,0x10,0x7c,0x10,0x7c,0x10,0x7c,0x10,0x7c,
  0x10,0x7c,0x0f,0x7c,0x0f,0x7c,0x0f,0x7c,0x0f,0x7c,0x0f,0x7c,0x0f,0x7c,0x0f,0x7c,
  0x0f,0x7c,0x0f,0x7c,0x0f,0x7c,0xef,0x7b,0x30,0x84,0x6d,0x6b,0xe7,0x39,0xe7,0x39,
  0xc7,0x39,0x86,0x31,0x65,0x29,0x45,0x29,0x45,0x29,0x45,0x29,0x45,0x29,0x45,0x29,
  0x24,0x21,0x08,0x42,0x10,0x7c,0x10,0x84,0xef,0x7b,0x10,0x7c,0x0f,0x84,0x0f,0x84,
  0x10,0x84,0x10,0x84,0x10,0x84,0x10,0x84,0x10,0x84,0x10,0x84,0x10,0x84,0x10,0x84,
  0x10,0x84,0x10,0x84,0x10,0x84,0x30,0x84,0x30,0x84,0x30,0x84,0x30,0x8c,0x50,0x8c,
  0x50,0x8c,0x50,0x8c,0x50,0x8c,0x51,0x8c,0x71,0x8c,0x71,0x8c,0x71,0x8c,0x71,0x8c,
  0x71,0x94,0x91,0x94,0x71,0x94,0x91,0x94,0x91,0x94,0x91,0x94,0x91,0x94,0x92,0x94,
  0x92,0x94,0x92,0x94,0x92,0x94,0x92,0x94,0x92,0x94,0x92,0x94,0x92,0x94,0x92,0x94,
  0x92,0x94,0x91,0x94,0x91,0x94,0x91,0x94,0x91,0x94,0x91,0x94,0x71,0x94,0x71,0x8c,
  0x71,0x8c,0x71,0x8c,0x71,0x8c,0x51,0x8c,0x51,0x8c,0x51,0x8c,0x50,0x8c,0x30,0x8c,
  0x30,0x84,0x30,0x84,0x30,0x84,0x30,0x84,0x10,0x84,0x10,0x84,0x10,0x84,0x10,0x84,
  0x10,0x84,0xf0,0x83,0xf0,0x83,0xef,0x83,0xef,0x7b,0xef,0x7b,0xef,0x7b,0xef,0x7b,
  0xef,0x7b,0xef,0x7b,0xef,0x7b,0xef,0x7b,0xef,0x7b,0xcf,0x7b,0x10,0x84,0xae,0x73,
  0x65,0x29,0xe3,0x18,0x24,0x21,0x24,0x21,0x24,0x21,0x25,0x21,0x45,0x29,0x65,0x29,
  0x65,0x29,0x86,0x31,0x86,0x31,0xa6,0x31,0x65,0x29,0x69,0x4a,0x10,0x84,0xef,0x7b,
  0xcf,0x7b,0xef,0x7b,0xef,0x7b,0xef,0x7b,0xef,0x7b,0xef,0x7b,0xef,0x7b,0xef,0x7b,
  0xef,0x7b,0xef,0x7b,0xef,0x7b,0xef,0x7b,0xef,0x7b,0xef,0x7b,0xef,0x7b,0xef,0x7b,
  0xef,0x7b,0xef,0x7b,0xef,0x7b,0xef,0x7b,0xef,0x7b,0xef,0x7b,0xef,0x7b,0xef,0x7b,
  0xef,0x7b,0xef,0x7b,0xef,0x7b,0xef,0x7b,0xef,0x7b,0xef,0x7b,0xef,0x7b,0xef,0x7b,
  0xef,0x7b,0xef,0x7b,0xef,0x7b,0xcf,0x7b,0xcf,0x7b,0xcf,0x7b,0xcf,0x7b,0xcf,0x7b,
  0xf0,0x7b,0xf0,0x7b,0xf0,0x7b,0xf0,0x7b,0xf0,0x7b,0xf0,0x7b,0xf0,0x7b,0xf0,0x7b,
  0x10,0x7c,0x10,0x7c,0xf0,0x7b,0xf0,0x7b,0xf0,0x7b,0xf0,0x7b,0xf0,0x7b,0xf0,0x7b,
  0xf0,0x7b,0xf0,0x7b,0xf0,0x7b,0xf0,0x7b,0xf0,0x7b,0x10,0x7c,0x10,0x7c,0x10,0x7c,
  0x10,0x7c,0x10,0x7c,0x10,0x7c,0x10,0x7c,0x10,0x7c,0x10,0x7c,0x10,0x7c,0x10,0x7c,
  0x10,0x7c,0x10,0x7c,0x0f,0x7c,0x0f,0x7c,0x0f,0x7c,0x0f,0x7c,0x0f,0x7c,0x0f,0x7c,
  0x0f,0x7c,0x0f,0x7c,0xef,0x7b,0x50,0x84,0x4d,0x6b,0x86,0x31,0x45,0x29,0x04,0x21,
  0xe3,0x18,0x04,0x21,0x04,0x21,0x24,0x21,0x45,0x29,0x45,0x29,0x65,0x29,0x24,0x21,
  0x28,0x42,0x10,0x84,0x10,0x84,0xef,0x7b,0x10,0x7c,0x10,0x7c,0x0f,0x84,0x0f,0x84,
  0x10,0x84,0x10,0x84,0x10,0x84,0x10,0x84,0x10,0x84,0x10,0x84,0x10,0x84,0x10,0x84,
  0x10,0x84,0x10,0x84,0x10,0x84,0x10,0x84,0x10,0x84,0x30,0x84,0x30,0x84,0x30,0x84,
  0x30,0x8c,0x50,0x8c,0x50,0x8c,0x50,0x8c,0x50,0x8c,0x51,0x8c,0x51,0x8c,0x71,0x8c,
  0x71,0x8c,0x71,0x8c,0x71,0x8c,0x71,0x94,0x71,0x94,0x71,0x94,0x71,0x94,0x71,0x94,
  0x91,0x94,0x91,0x94,0x91,0x94,0x91,0x94,0x91,0x94,0x91,0x94,0x91,0x94,0x91,0x94,
  0x91,0x94,0x71,0x94,0x71,0x94,0x71,0x8c,0x71,0x8c,0x71,0x8c,0x71,0x8c,0x71,0x8c,
  0x71,0x8c,0x51,0x8c,0x50,0x8c,0x51,0x8c,0x50,0x8c,0x30,0x8c,0x30,0x84,0x30,0x84,
  0x30,0x84,0x30,0x84,0x30,0x84,0x10,0x84,0x10,0x84,0x10,0x84,0x10,0x84,0x10,0x84,
  0xf0,0x83,0xf0,0x83,0xf0,0x83,0xef,0x7b,0xef,0x7b,0xef,0x7b,0xef,0x7b,0xef,0x7b,
  0xef,0x7b,0xef,0x7b,0xef,0x7b,0xef,0x7b,0xef,0x7b,0xef,0x7b,0xcf,0x7b,0x10,0x84,
  0xae,0x73,0x86,0x29,0xe3,0x18,0x24,0x21,0x24,0x21,0x24,0x21,0x45,0x21,0x45,0x29,
  0x65,0x29,0x86,0x31,0x86,0x31,0x86,0x31,0xa6,0x31,0x65,0x29,0x08,0x42,0x8e,0x73,
  0xef,0x7b,0xcf,0x7b,0xef,0x7b,0xef,0x7b,0xef,0x7b,0xef,0x7b,0xef,0x7b,0xef,0x7b,
  0xef,0x7b,0xef,0x7b,0xef,0x7b,0xef,0x7b,0xef,0x7b,0xef,0x7b,0xef,0x7b,0xef,0x7b,
  0xef,0x7b,0xef,0x7b,0xef,0x7b,0xef,0x7b,0xef,0x7b,0xef,0x7b,0xef,0x7b,0xef,0x7b,
  0xef,0x7b,0xef,0x7b,0xef,0x7b,0xef,0x7b,0xef,0x7b,0xef,0x7b,0xef,0x7b,0xef,0x7b,
  0xef,0x7b,0xef,0x7b,0xef,0x7b,0xef,0x7b,0xef,0x7b,0xcf,0x7b,0xcf,0x7b,0xcf,0x7b,
  0xef,0x7b,0xef,0x7b,0xef,0x7b,0xef,0x7b,0xef,0x7b,0xef,0x7b,0xf0,0x7b,0xf0,0x7b,
  0x10,0x7c,0x10,0x7c,0x10,0x7c,0x10,0x7c,0x10,0x7c,0xf0,0x7b,0xf0,0x7b,0x10,0x7c,
  0x10,0x7c,0x10,0x7c,0x10,0x7c,0x10,0x7c,0x10,0x7c,0x10,0x7c,0x10,0x7c,0xf0,0x7b,
  0xf0,0x7b,0xf0,0x7b,0xf0,0x7b,0xf0,0x7b,0xf0,0x7b,0x10,0x7c,0x10,0x7c,0x10,0x7c,
  0x10,0x7c,0x10,0x7c,0x10,0x7c,0x10,0x7c,0x10,0x7c,0x10,0x7c,0x10,0x7c,0x10,0x7c,
  0x10,0x7c,0xf0,0x7b,0x10,0x84,0x6a,0x4a,0x65,0x29,0x08,0x42,0x49,0x4a,0x49,0x4a,
  0xe7,0x39,0x86,0x31,0x25,0x21,0x04,0x21,0xc3,0x18,0xc3,0x18,0xa2,0x10,0xa7,0x31,
  0x10,0x84,0x10,0x84,0xef,0x7b,0x10,0x7c,0xf0,0x7b,0xf0,0x7b,0xf0,0x7b,0xf0,0x7b,
  0x10,0x84,0x10,0x84,0x10,0x84,0x10,0x84,0x10,0x84,0x10,0x84,0x10,0x84,0x10,0x84,
  0x10,0x84,0x10,0x84,0x10,0x84,0x10,0x84,0x10,0x84,0x10,0x84,0x30,0x84,0x30,0x84,
  0x30,0x84,0x30,0x84,0x30,0x8c,0x50,0x8c,0x50,0x8c,0x50,0x8c,0x50,0x8c,0x50,0x8c,
  0x51,0x8c,0x51,0x8c,0x71,0x8c,0x71,0x8c,0x71,0x8c,0x71,0x8c,0x71,0x8c,0x71,0x8c,
  0x71,0x8c,0x71,0x8c,0x71,0x8c,0x71,0x8c,0x71,0x8c,0x71,0x8c,0x71,0x8c,0x71,0x8c,
  0x71,0x8c,0x71,0x8c,0x71,0x8c,0x71,0x8c,0x71,0x8c,0x71,0x8c,0x51,0x8c,0x51,0x8c,
  0x51,0x8c,0x50,0x8c,0x50,0x8c,0x30,0x8c,0x30,0x84,0x30,0x84,0x30,0x84,0x30,0x84,
  0x30,0x84,0x30,0x84,0x30,0x84,0x10,0x84,0x10,0x84,0x10,0x84,0x10,0x84,0x10,0x84,
  0x10,0x84,0xf0,0x7b,0xf0,0x7b,0xef,0x7b,0xef,0x7b,0xef,0x7b,0xef,0x7b,0xef,0x7b,
  0xef,0x7b,0xef,0x7b,0xef,0x7b,0xef,0x7b,0xef,0x7b,0xef,0x7b,0xef,0x7b,0xcf,0x7b,
  0x0f,0x84,0xcf,0x7b,0xa6,0x31,0xe3,0x18,0x24,0x21,0x24,0x21,0x25,0x21,0x45,0x21,
  0x24,0x21,0x04,0x21,0x04,0x19,0xe4,0x18,0xe4,0x18,0x04,0x21,0xe4,0x20,0x49,0x4a,
  0x10,0x84,0xcf,0x7b,0xef,0x7b,0xef,0x7b,0xef,0x7b,0xef,0x7b,0xef,0x7b,0xef,0x7b,
  0xef,0x7b,0xef,0x7b,0xef,0x7b,0xef,0x7b,0xef,0x7b,0xef,0x7b,0xef,0x7b,0xef,0x7b,
  0xef,0x7b,0xef,0x7b,0xef,0x7b,0xcf,0x7b,0xcf,0x7b,0xef,0x7b,0xef,0x7b,0xef,0x7b,
  0xef,0x7b,0xef,0x7b,0xef,0x7b,0xef,0x7b,0xef,0x7b,0xef,0x7b,0xef,0x7b,0xef,0x7b,
  0xef,0x7b,0xef,0x7b,0xef,0x7b,0xef,0x7b,0xef,0x7b,0xef,0x7b,0xef,0x7b,0xef,0x7b,
  0xef,0x7b,0xef,0x7b,0xef,0x7b,0xef,0x7b,0xef,0x7b,0xef,0x7b,0xf0,0x7b,0xf0,0x7b,
  0xf0,0x7b,0xf0,0x7b,0xf0,0x7b,0xf0,0x7b,0xf0,0x7b,0xf0,0x7b,0xf0,0x7b,0x10,0x7c,
  0x10,0x7c,0x10,0x7c,0x10,0x7c,0x10,0x7c,0x10,0x7c,0x10,0x7c,0x10,0x7c,0xf0,0x7b,
  0xf0,0x7b,0xf0,0x7b,0xf0,0x7b,0xf0,0x7b,0xf0,0x7b,0x10,0x7c,0x10,0x7c,0x10,0x7c,
  0x10,0x7c,0x10,0x7c,0x10,0x7c,0x10,0x7c,0x10,0x7c,0x10,0x7c,0x10,0x7c,0x10,0x7c,
  0xf0,0x7b,0x10,0x84,0xaf,0x73,0x8a,0x52,0xcf,0x7b,0x10,0x84,0x30,0x84,0x30,0x84,
  0x30,0x84,0xf0,0x7b,0xcf,0x7b,0x8e,0x73,0xeb,0x5a,0x69,0x4a,0x28,0x42,0x8e,0x73,
  0x10,0x84,0xf0,0x7b,0x10,0x7c,0x10,0x7c,0xf0,0x7b,0xf0,0x7b,0xf0,0x7b,0xf0,0x7b,
  0xf0,0x7b,0xf0,0x83,0x0f,0x84,0x10,0x84,0x10,0x84,0x10,0x84,0x10,0x84,0x10,0x84,
  0x10,0x84,0x10,0x84,0x10,0x84,0x10,0x84,0x10,0x84,0x10,0x84,0x10,0x84,0x10,0x84,
  0x30,0x84,0x30,0x84,0x30,0x84,0x30,0x84,0x30,0x8c,0x50,0x8c,0x50,0x8c,0x50,0x8c,
  0x50,0x8c,0x50,0x8c,0x50,0x8c,0x51,0x8c,0x51,0x8c,0x51,0x8c,0x51,0x8c,0x51,0x8c,
  0x51,0x8c,0x51,0x8c,0x71,0x8c,0x71,0x8c,0x71,0x8c,0x71,0x8c,0x71,0x8c,0x51,0x8c,
  0x51,0x8c,0x51,0x8c,0x51,0x8c,0x51,0x8c,0x51,0x8c,0x51,0x8c,0x51,0x8c,0x51,0x8c,
  0x50,0x8c,0x50,0x8c,0x30,0x8c,0x30,0x84,0x30,0x84,0x30,0x84,0x30,0x84,0x30,0x84,
  0x30,0x84,0x10,0x84,0x10,0x84,0x10,0x84,0x10,0x84,0x10,0x84,0x0f,0x84,0xf0,0x83,
  0xf0,0x7b,0xef,0x7b,0xef,0x7b,0xef,0x7b,0xef,0x7b,0xef,0x7b,0xef,0x7b,0xef,0x7b,
  0xef,0x7b,0xef,0x7b,0xef,0x7b,0xef,0x7b,0xef,0x7b,0xef,0x7b,0xef,0x7b,0xef,0x7b,
  0xcf,0x7b,0xef,0x7b,0xef,0x7b,0xc6,0x39,0xe3,0x18,0x24,0x21,0xe3,0x18,0xa3,0x10,
  0xc3,0x18,0x65,0x29,0x08,0x42,0x8a,0x52,0xcb,0x5a,0x2c,0x63,0x8e,0x73,0xaf,0x7b,
  0xef,0x7b,0xef,0x7b,0xef,0x7b,0xef,0x7b,0xef,0x7b,0xef,0x7b,0xef,0x7b,0xef,0x7b,
  0xef,0x7b,0xef,0x7b,0xef,0x7b,0xef,0x7b,0xef,0x7b,0xef,0x7b,0xef,0x7b,0xef,0x7b,
  0xef,0x7b,0xef,0x7b,0xef,0x7b,0xcf,0x7b,0xcf,0x7b,0xef,0x7b,0xef,0x7b,0xef,0x7b,
  0xef,0x7b,0xef,0x7b,0xef,0x7b,0xef,0x7b,0xef,0x7b,0xef,0x7b,0xef,0x7b,0xef,0x7b,
  0xef,0x7b,0xef,0x7b,0xef,0x7b,0xef,0x7b,0xef,0x7b,0xef,0x7b,0xef,0x7b,0xef,0x7b,
  0xef,0x7b,0xef,0x7b,0xef,0x7b,0xef,0x7b,0xef,0x7b,0xef,0x7b,0xef,0x7b,0xef,0x7b,
  0xef,0x7b,0xef,0x7b,0xef,0x7b,0xef,0x7b,0xef,0x7b,0xef,0x7b,0xef,0x7b,0xf0,0x7b,
  0xf0,0x7b,0x10,0x7c,0x10,0x7c,0x10,0x7c,0x10,0x7c,0xf0,0x7b,0xf0,0x7b,0x10,0x7c,
  0x10,0x7c,0xf0,0x7b,0xf0,0x7b,0xf0,0x7b,0xf0,0x7b,0xf0,0x7b,0xf0,0x7b,0xf0,0x7b,
  0xf0,0x7b,0xf0,0x7b,0xf0,0x7b,0xf0,0x7b,0xf0,0x7b,0x10,0x7c,0x10,0x7c,0x10,0x7c,
  0x10,0x7c,0x10,0x7c,0x10,0x84,0x30,0x84,0x10,0x84,0xf0,0x7b,0xef,0x7b,0xef,0x7b,
  0xf0,0x7b,0x10,0x7c,0x10,0x84,0x10,0x84,0x30,0x84,0x30,0x84,0x30,0x84,0x10,0x84,
  0xef,0x7b,0x10,0x7c,0x10,0x7c,0x10,0x7c,0x10,0x7c,0x10,0x7c,0x10,0x7c,0x10,0x7c,
  0x10,0x7c,0x10,0x7c,0xef,0x83,0x0f,0x84,0x10,0x84,0x10,0x84,0x10,0x84,0x10,0x84,
  0x10,0x84,0x10,0x84,0x10,0x84,0x10,0x84,0x10,0x84,0x10,0x84,0x10,0x84,0x10,0x84,
  0x30,0x84,0x30,0x84,0x30,0x84,0x30,0x84,0x30,0x84,0x30,0x84,0x30,0x84,0x30,0x8c,
  0x30,0x8c,0x50,0x8c,0x50,0x8c,0x50,0x8c,0x50,0x8c,0x50,0x8c,0x50,0x8c,0x51,0x8c,
  0x51,0x8c,0x51,0x8c,0x51,0x8c,0x51,0x8c,0x51,0x8c,0x51,0x8c,0x51,0x8c,0x51,0x8c,
  0x51,0x8c,0x50,0x8c,0x50,0x8c,0x51,0x8c,0x50,0x8c,0x30,0x8c,0x30,0x84,0x30,0x84,
  0x30,0x84,0x30,0x84,0x30,0x84,0x30,0x84,0x30,0x84,0x30,0x84,0x30,0x84,0x10,0x84,
  0x10,0x84,0x10,0x84,0x10,0x84,0x10,0x84,0x0f,0x84,0x0f,0x84,0x0f,0x84,0xf0,0x7b,
  0xef,0x7b,0xef,0x7b,0xef,0x7b,0xef,0x7b,0xef,0x7b,0xef,0x7b,0xef,0x7b,0xef,0x7b,
  0xef,0x7b,0xef,0x7b,0xef,0x7b,0xef,0x7b,0xef,0x7b,0xef,0x7b,0xef,0x7b,0xef,0x7b,
  0xef,0x7b,0xef,0x7b,0xef,0x7b,0xef,0x7b,0xc7,0x31,0x82,0x10,0xc3,0x18,0xa6,0x31,
  0x0c,0x63,0xcf,0x7b,0x10,0x84,0x10,0x84,0x10,0x84,0x10,0x84,0xf0,0x7b,0xef,0x7b,
  0xef,0x7b,0xef,0x7b,0xef,0x7b,0xef,0x7b,0xef,0x7b,0xef,0x7b,0xef,0x7b,0xef,0x7b,
  0xef,0x7b,0xef,0x7b,0xef,0x7b,0xef,0x7b,0xef,0x7b,0xef,0x7b,0xef,0x7b,0xef,0x7b,
  0xef,0x7b,0xef,0x7b,0xef,0x7b,0xef,0x7b,0xef,0x7b,0xef,0x7b,0xef,0x7b,0xef,0x7b,
  0xef,0x7b,0xef,0x7b,0xef,0x7b,0xef,0x7b,0xef,0x7b,0xef,0x7b,0xef,0x7b,0xef,0x7b,
  0xef,0x7b,0xef,0x7b,0xef,0x7b,0xef,0x7b,0xef,0x7b,0xef,0x7b,0xef,0x7b,0xef,0x7b,
  0xef,0x7b,0xef,0x7b,0xef,0x7b,0xef,0x7b,0xef,0x7b,0xef,0x7b,0xef,0x7b,0xef,0x7b,
  0xef,0x7b,0xef,0x7b,0xef,0x7b,0xef,0x7b,0xef,0x7b,0xef,0x7b,0xef,0x7b,0xf0,0x7b,
  0xf0,0x7b,0xef,0x7b,0xef,0x7b,0xf0,0x7b,0xf0,0x7b,0xf0,0x7b,0xf0,0x7b,0x10,0x7c,
  0x10,0x7c,0xf0,0x7b,0xf0,0x7b,0xf0,0x7b,0xf0,0x7b,0xf0,0x7b,0xf0,0x7b,0xf0,0x7b,
  0xf0,0x7b,0xf0,0x7b,0xf0,0x7b,0xf0,0x7b,0xf0,0x7b,0xf0,0x7b,0xf0,0x7b,0x10,0x7c,
  0x10,0x7c,0x10,0x7c,0x10,0x7c,0xef,0x7b,0xf0,0x7b,0x10,0x7c,0x10,0x7c,0x10,0x7c,
  0x10,0x7c,0x10,0x7c,0xf0,0x7b,0xf0,0x7b,0xef,0x7b,0xef,0x7b,0xef,0x7b,0xf0,0x7b,
  0x10,0x7c,0x10,0x7c,0x10,0x7c,0x10,0x7c,0x10,0x7c,0x10,0x7c,0x10,0x7c,0x10,0x7c,
  0x10,0x7c,0x10,0x7c,0x0f,0x84,0x0f,0x84,0x0f,0x84,0x10,0x84,0x10,0x84,0x10,0x84,
  0x10,0x84,0x10,0x84,0x10,0x84,0x10,0x84,0x10,0x84,0x10,0x84,0x10,0x84,0x10,0x84,
  0x10,0x84,0x10,0x84,0x30,0x84,0x30,0x84,0x30,0x84,0x30,0x84,0x30,0x84,0x30,0x84,
  0x30,0x84,0x30,0x84,0x30,0x84,0x30,0x8c,0x30,0x8c,0x30,0x84,0x30,0x8c,0x30,0x8c,
  0x30,0x8c,0x30,0x8c,0x50,0x8c,0x50,0x8c,0x50,0x8c,0x50,0x8c,0x50,0x8c,0x30,0x8c,
  0x30,0x8c,0x30,0x84,0x30,0x84,0x30,0x84,0x30,0x84,0x30,0x84,0x30,0x84,0x30,0x84,
  0x30,0x84,0x30,0x84,0x10,0x84,0x30,0x84,0x10,0x84,0x10,0x84,0x10,0x84,0x10,0x84,
  0x10,0x84,0x10,0x84,0x10,0x84,0x0f,0x84,0x0f,0x84,0x0f,0x7c,0x0f,0x7c,0xef,0x7b,
  0xef,0x7b,0xef,0x7b,0xef,0x7b,0xef,0x7b,0xef,0x7b,0xef,0x7b,0xef,0x7b,0xef,0x7b,
  0xef,0x7b,0xef,0x7b,0xef,0x7b,0xef,0x7b,0xef,0x7b,0xef,0x7b,0xef,0x7b,0xef,0x7b,
  0xef,0x7b,0xef,0x7b,0xef,0x7b,0x10,0x84,0xae,0x73,0x86,0x31,0x8a,0x52,0xf0,0x7b,
  0x10,0x84,0xef,0x7b,0xcf,0x7b,0xcf,0x7b,0xcf,0x7b,0xcf,0x7b,0xcf,0x7b,0xef,0x7b,
  0xef,0x7b,0xef,0x7b,0xef,0x7b,0xef,0x7b,0xef,0x7b,0xef,0x7b,0xef,0x7b,0xef,0x7b,
  0xef,0x7b,0xef,0x7b,0xef,0x7b,0xef,0x7b,0xef,0x7b,0xef,0x7b,0xef,0x7b,0xef,0x7b,
  0xef,0x7b,0xef,0x7b,0xef,0x7b,0xef,0x7b,0xef,0x7b,0xef,0x7b,0xef,0x7b,0xef,0x7b,
  0xef,0x7b,0xef,0x7b,0xef,0x7b,0xef,0x7b,0xef,0x7b,0xef,0x7b,0xef,0x7b,0xef,0x7b,
  0xef,0x7b,0xef,0x7b,0xef,0x7b,0xef,0x7b,0xef,0x7b,0xef,0x7b,0xef,0x7b,0xef,0x7b,
  0xcf,0x7b,0xcf,0x7b,0xcf,0x7b,0xef,0x7b,0xef,0x7b,0xef,0x7b,0xef,0x7b,0xef,0x7b,
  0xef,0x7b,0xef,0x7b,0xef,0x7b,0xf0,0x7b,0xef,0x7b,0xef,0x7b,0xef,0x7b,0xef,0x7b,
  0xef,0x7b,0xef,0x7b,0xef,0x7b,0xef,0x7b,0xef,0x7b,0xef,0x7b,0xef,0x7b,0xef,0x7b,
  0xef,0x7b,0xf0,0x7b,0xf0,0x7b,0x10,0x7c,0x10,0x7c,0x10,0x7c,0x10,0x7c,0xf0,0x7b,
  0xf0,0x7b,0x10,0x7c,0x10,0x7c,0x10,0x7c,0x10,0x7c,0x10,0x7c,0x10,0x7c,0x10,0x7c,
  0x10,0x7c,0x10,0x7c,0x10,0x7c,0x10,0x7c,0x10,0x7c,0x10,0x7c,0x10,0x7c,0x10,0x84,
  0x10,0x84,0x10,0x84,0x10,0x84,0x10,0x84,0x10,0x84,0x10,0x84,0x10,0x84,0x10,0x84,
  0x10,0x84,0x10,0x84,0x10,0x84,0x10,0x84,0x10,0x84,0x10,0x84,0x10,0x84,0x10,0x84,
  0x10,0x7c,0x10,0x7c,0xf0,0x83,0xf0,0x83,0xf0,0x83,0x10,0x84,0x10,0x84,0x10,0x84,
  0x10,0x84,0x10,0x84,0x10,0x84,0x10,0x84,0x10,0x84,0x10,0x84,0x10,0x84,0x10,0x84,
  0x10,0x84,0x10,0x84,0x10,0x84,0x10,0x84,0x10,0x84,0x30,0x84,0x30,0x84,0x30,0x84,
  0x30,0x84,0x30,0x84,0x30,0x84,0x30,0x84,0x30,0x84,0x30,0x84,0x30,0x84,0x30,0x84,
  0x30,0x84,0x30,0x8c,0x30,0x8c,0x30,0x8c,0x30,0x8c,0x30,0x84,0x30,0x84,0x30,0x8c,
  0x30,0x84,0x30,0x84,0x30,0x84,0x30,0x84,0x30,0x84,0x30,0x84,0x30,0x84,0x30,0x84,
  0x30,0x84,0x10,0x84,0x10,0x84,0x10,0x84,0x10,0x84,0x10,0x84,0x10,0x84,0x10,0x84,
  0x0f,0x84,0x0f,0x84,0x0f,0x84,0x0f,0x7c,0x0f,0x7c,0x0f,0x7c,0xef,0x7b,0xef,0x7b,
  0xef,0x7b,0xef,0x7b,0xef,0x7b,0xef,0x7b,0xef,0x7b,0xef,0x7b,0xef,0x7b,0xef,0x7b,
  0xef,0x7b,0xef,0x7b,0xef,0x7b,0xef,0x7b,0xef,0x7b,0xef,0x7b,0xef,0x7b,0xef,0x7b,
  0xef,0x7b,0xef,0x7b,0xef,0x7b,0xef,0x7b,0xf0,0x83,0xef,0x7b,0x10,0x84,0xef,0x7b,
  0xcf,0x7b,0xef,0x7b,0xef,0x7b,0xef,0x7b,0xef,0x7b,0xef,0x7b,0xef,0x7b,0xef,0x7b,
  0xef,0x7b,0xef,0x7b,0xef,0x7b,0xef,0x7b,0xef,0x7b,0xef,0x7b,0xef,0x7b,0xef,0x7b,
  0xef,0x7b,0xef,0x7b,0xef,0x7b,0xef,0x7b,0xef,0x7b,0xef,0x7b,0xef,0x7b,0xef,0x7b,
  0xef,0x7b,0xef,0x7b,0xef,0x7b,0xef,0x7b,0xef,0x7b,0xef,0x7b,0xef,0x7b,0xef,0x7b,
  0xef,0x7b,0xef,0x7b,0xef,0x7b,0xef,0x7b,0xef,0x7b,0xef,0x7b,0xef,0x7b,0xef,0x7b,
  0xef,0x7b,0xef,0x7b,0xef,0x7b,0xef,0x7b,0xef,0x7b,0xef,0x7b,0xef,0x7b,0xef,0x7b,
  0xef,0x7b,0xef,0x7b,0xef,0x7b,0xef,0x7b,0xcf,0x7b,0xcf,0x7b,0xcf,0x7b,0xcf,0x7b,
  0xcf,0x7b,0xef,0x7b,0xef,0x7b,0xef,0x7b,0xef,0x7b,0xef,0x7b,0xef,0x7b,0xef,0x7b,
  0xef,0x7b,0xef,0x7b,0xef,0x7b,0xef,0x7b,0xef,0x7b,0xef,0x7b,0xef,0x7b,0xef,0x7b,
  0xef,0x7b,0xf0,0x7b,0xf0,0x7b,0xef,0x7b,0xef,0x7b,0xf0,0x7b,0xf0,0x7b,0xf0,0x7b,
  0xf0,0x7b,0x10,0x7c,0x10,0x7c,0x10,0x7c,0x10,0x7c,0x10,0x7c,0x10,0x7c,0x10,0x7c,
  0x10,0x7c,0x10,0x84,0x10,0x84,0x10,0x7c,0x10,0x7c,0x10,0x7c,0x10,0x7c,0x10,0x7c,
  0x10,0x7c,0x10,0x84,0x10,0x84,0x10,0x84,0x10,0x84,0x10,0x84,0x10,0x84,0x10,0x84,
  0x10,0x84,0x10,0x84,0x10,0x84,0x10,0x84,0x10,0x84,0x10,0x84,0x10,0x84,0x10,0x84,
  0x10,0x7c,0x10,0x7c,0xf0,0x83,0xf0,0x83,0xf0,0x83,0xf0,0x83,0x0f,0x84,0x0f,0x84,
  0x10,0x84,0x10,0x84,0x10,0x84,0x10,0x84,0x10,0x84,0x10,0x84,0x10,0x84,0x10,0x84,
  0x10,0x84,0x10,0x84,0x10,0x84,0x10,0x84,0x10,0x84,0x10,0x84,0x10,0x84,0x10,0x84,
  0x10,0x84,0x10,0x84,0x10,0x84,0x30,0x84,0x30,0x84,0x30,0x84,0x30,0x84,0x30,0x84,
  0x30,0x84,0x30,0x84,0x30,0x84,0x30,0x84,0x30,0x84,0x30,0x84,0x30,0x84,0x30,0x84,
  0x30,0x84,0x30,0x84,0x30,0x84,0x30,0x84,0x30,0x84,0x30,0x84,0x10,0x84,0x10,0x84,
  0x10,0x84,0x10,0x84,0x10,0x84,0x10,0x84,0x10,0x84,0x10,0x84,0x0f,0x84,0x0f,0x84,
  0x0f,0x84,0x0f,0x7c,0x0f,0x7c,0x0f,0x7c,0xef,0x7b,0xef,0x7b,0xef,0x7b,0xef,0x7b,
  0xef,0x7b,0xef,0x7b,0xef,0x7b,0xef,0x7b,0xef,0x7b,0xef,0x7b,0xef,0x7b,0xef,0x7b,
  0xef,0x7b,0xef,0x7b,0xef,0x7b,0xef,0x7b,0xef,0x7b,0xef,0x7b,0xef,0x7b,0xef,0x7b,
  0xef,0x7b,0xef,0x7b,0xef,0x7b,0xef,0x7b,0xef,0x7b,0xef,0x7b,0xef,0x7b,0xef,0x7b,
  0xef,0x7b,0xef,0x7b,0xef,0x7b,0xef,0x7b,0xef,0x7b,0xef,0x7b,0xef,0x7b,0xef,0x7b,
  0xef,0x7b,0xef,0x7b,0xef,0x7b,0xef,0x7b,0xef,0x7b,0xef,0x7b,0xef,0x7b,0xef,0x7b,
  0xef,0x7b,0xef,0x7b,0xef,0x7b,0xef,0x7b,0xef,0x7b,0xef,0x7b,0xef,0x7b,0xef,0x7b,
  0xef,0x7b,0xef,0x7b,0xef,0x7b,0xef,0x7b,0xef,0x7b,0xef,0x7b,0xef,0x7b,0xef,0x7b,
  0xef,0x7b,0xef,0x7b,0xef,0x7b,0xef,0x7b,0xef,0x7b,0xef,0x7b,0xef,0x7b,0xef,0x7b,
  0xef,0x7b,0xef,0x7b,0xef,0x7b,0xef,0x7b,0xef,0x7b,0xef,0x7b,0xef,0x7b,0xef,0x7b,
  0x2c,0x63,0x6d,0x73,0xae,0x73,0xce,0x7b,0xcf,0x7b,0xef,0x7b,0xef,0x7b,0xef,0x7b,
  0xef,0x7b,0xcf,0x7b,0xcf,0x7b,0xcf,0x7b,0xcf,0x7b,0xcf,0x7b,0xef,0x7b,0xef,0x7b,
  0xef,0x7b,0xef,0x7b,0xef,0x7b,0xef,0x7b,0xef,0x7b,0xef,0x7b,0xef,0x7b,0xef,0x7b,
  0xef,0x7b,0xef,0x7b,0xef,0x7b,0xef,0x7b,0xef,0x7b,0xef,0x7b,0xef,0x7b,0xef,0x7b,
  0xef,0x7b,0xf0,0x7b,0xf0,0x7b,0x10,0x7c,0x10,0x7c,0x10,0x7c,0x10,0x7c,0x10,0x84,
  0x10,0x84,0x10,0x84,0x10,0x84,0x10,0x84,0x10,0x84,0x10,0x84,0x10,0x84,0x10,0x84,
  0x10,0x84,0x10,0x84,0x10,0x84,0x10,0x84,0x10,0x7c,0x10,0x7c,0x10,0x84,0x10,0x84,
  0x10,0x84,0x10,0x84,0x10,0x84,0x10,0x84,0x10,0x84,0x10,0x84,0x10,0x84,0x10,0x84,
  0x10,0x84,0x10,0x84,0x10,0x84,0x10,0x84,0x10,0x84,0x10,0x84,0x0f,0x84,0x0f,0x84,
  0x0f,0x84,0x10,0x84,0x10,0x84,0x10,0x84,0x10,0x84,0x10,0x84,0x10,0x84,0x10,0x84,
  0x10,0x84,0x10,0x84,0x10,0x84,0x10,0x84,0x10,0x84,0x10,0x84,0x10,0x84,0x10,0x84,
  0x10,0x84,0x10,0x84,0x10,0x84,0x10,0x84,0x30,0x84,0x30,0x84,0x30,0x84,0x30,0x84,
  0x30,0x84,0x10,0x84,0x10,0x84,0x30,0x84,0x30,0x84,0x30,0x84,0x30,0x84,0x30,0x84,
  0x30,0x84,0x30,0x84,0x30,0x84,0x30,0x84,0x30,0x84,0x10,0x84,0x10,0x84,0x10,0x84,
  0x10,0x84,0x10,0x84,0x10,0x84,0x10,0x84,0x10,0x84,0x10,0x84,0x10,0x84,0x0f,0x7c,
  0x0f,0x7c,0x0f,0x7c,0xef,0x7b,0xef,0x7b,0xef,0x7b,0xef,0x7b,0xef,0x7b,0xef,0x7b,
  0xef,0x7b,0xef,0x7b,0xef,0x7b,0xef,0x7b,0xef,0x7b,0xef,0x7b,0xef,0x7b,0xef,0x7b,
  0xef,0x7b,0xef,0x7b,0xef,0x7b,0xef,0x7b,0xef,0x7b,0xef,0x7b,0xef,0x7b,0xef,0x7b,
  0xef,0x7b,0xef,0x7b,0xef,0x7b,0xef,0x7b,0xef,0x7b,0xef,0x7b,0xef,0x7b,0xef,0x7b,
  0xef,0x7b,0xef,0x7b,0xef,0x7b,0xef,0x7b,0xef,0x7b,0xef,0x7b,0xef,0x7b,0xef,0x7b,
  0xef,0x7b,0xef,0x7b,0xef,0x7b,0xef,0x7b,0xef,0x7b,0xef,0x7b,0xef,0x7b,0xef,0x7b,
  0xef,0x7b,0xef,0x7b,0xef,0x7b,0xef,0x7b,0xef,0x7b,0xef,0x7b,0xef,0x7b,0xef,0x7b,
  0xef,0x7b,0xef,0x7b,0xef,0x7b,0xef,0x7b,0xef,0x7b,0xef,0x7b,0xef,0x7b,0xef,0x7b,
  0xef,0x7b,0xef,0x7b,0xef,0x7b,0xef,0x7b,0xef,0x7b,0xef,0x7b,0xef,0x7b,0xef,0x7b,
  0xef,0x7b,0xef,0x7b,0xef,0x7b,0xef,0x7b,0xef,0x7b,0xef,0x7b,0xef,0x7b,0xef,0x7b,
  0x24,0x21,0x65,0x29,0xc6,0x39,0x28,0x42,0xaa,0x52,0x2c,0x63,0x6d,0x6b,0xae,0x73,
  0xce,0x7b,0xcf,0x7b,0xef,0x7b,0xef,0x7b,0xef,0x7b,0xef,0x7b,0xef,0x7b,0xef,0x7b,
  0xef,0x7b,0xcf,0x7b,0xef,0x7b,0xef,0x7b,0xef,0x7b,0xef,0x7b,0xef,0x7b,0xef,0x7b,
  0xef,0x7b,0xef,0x7b,0xef,0x7b,0xef,0x7b,0xef,0x7b,0xef,0x7b,0xef,0x7b,0xef,0x7b,
  0xef,0x7b,0xf0,0x7b,0xf0,0x7b,0xf0,0x7b,0xf0,0x7b,0xf0,0x7b,0xf0,0x7b,0x10,0x7c,
  0x10,0x7c,0x10,0x7c,0x10,0x7c,0x10,0x84,0x10,0x84,0x10,0x84,0x10,0x84,0x10,0x84,
  0x10,0x84,0x10,0x84,0x10,0x84,0x10,0x84,0x10,0x7c,0x10,0x7c,0x10,0x84,0x10,0x84,
  0x10,0x84,0x10,0x84,0x10,0x84,0x10,0x84,0x10,0x84,0x10,0x84,0x10,0x84,0x10,0x84,
  0x10,0x84,0x10,0x84,0x10,0x84,0x10,0x84,0x10,0x84,0x10,0x84,0x0f,0x84,0x0f,0x84,
  0x0f,0x84,0x0f,0x84,0x0f,0x84,0x10,0x84,0x10,0x84,0x10,0x84,0x10,0x84,0x10,0x84,
  0x10,0x84,0x10,0x84,0x10,0x84,0x10,0x84,0x10,0x84,0x10,0x84,0x10,0x84,0x10,0x84,
  0x10,0x84,0x10,0x84,0x10,0x84,0x10,0x84,0x10,0x84,0x10,0x84,0x10,0x84,0x10,0x84,
  0x10,0x84,0x10,0x84,0x10,0x84,0x10,0x84,0x10,0x84,0x10,0x84,0x10,0x84,0x10,0x84,
  0x10,0x84,0x10,0x84,0x10,0x84,0x10,0x84,0x10,0x84,0x10,0x84,0x10,0x84,0x10,0x84,
  0x10,0x84,0x10,0x84,0x10,0x84,0x10,0x84,0x10,0x84,0x10,0x84,0x0f,0x84,0x0f,0x7c,
  0xef,0x7b,0xef,0x7b,0xef,0x7b,0xef,0x7b,0xef,0x7b,0xef,0x7b,0xef,0x7b,0xef,0x7b,
  0xef,0x7b,0xef,0x7b,0xef,0x7b,0xef,0x7b,0xef,0x7b,0xef,0x7b,0xef,0x7b,0xef,0x7b,
  0xef,0x7b,0xef,0x7b,0xef,0x7b,0xef,0x7b,0xef,0x7b,0xef,0x7b,0xef,0x7b,0xef,0x7b,
  0xef,0x7b,0xef,0x7b,0xef,0x7b,0xef,0x7b,0xef,0x7b,0xef,0x7b,0xef,0x7b,0xef,0x7b,
  0xef,0x7b,0xef,0x7b,0xef,0x7b,0xef,0x7b,0xef,0x7b,0xef,0x7b,0xef,0x7b,0xef,0x7b,
  0xef,0x7b,0xef,0x7b,0xef,0x7b,0xef,0x7b,0xef,0x7b,0xef,0x7b,0xef,0x7b,0xef,0x7b,
  0xef,0x7b,0xef,0x7b,0xef,0x7b,0xef,0x7b,0xef,0x7b,0xef,0x7b,0xef,0x7b,0xef,0x7b,
  0xef,0x7b,0xef,0x7b,0xef,0x7b,0xef,0x7b,0xef,0x7b,0xef,0x7b,0xef,0x7b,0xef,0x7b,
  0xef,0x7b,0xef,0x7b,0xef,0x7b,0xef,0x7b,0xef,0x7b,0xef,0x7b,0xef,0x7b,0xef,0x7b,
  0xef,0x7b,0xef,0x7b,0xef,0x7b,0xef,0x7b,0xef,0x7b,0xef,0x7b,0xef,0x7b,0xef,0x7b,
  0x6d,0x6b,0xcb,0x5a,0x28,0x42,0xa6,0x31,0x45,0x29,0x24,0x21,0x45,0x29,0x86,0x31,
  0x08,0x42,0x8a,0x52,0xeb,0x5a,0x6d,0x6b,0x8e,0x73,0xae,0x7b,0xcf,0x7b,0xcf,0x7b,
  0xef,0x7b,0xef,0x7b,0xef,0x7b,0xef,0x7b,0xef,0x7b,0xef,0x7b,0xef,0x7b,0xef,0x7b,
  0xef,0x7b,0xef,0x7b,0xef,0x7b,0xef,0x7b,0xef,0x7b,0xef,0x7b,0xef,0x7b,0xef,0x7b,
  0xef,0x7b,0xef,0x7b,0xef,0x7b,0xef,0x7b,0xef,0x7b,0xf0,0x7b,0xf0,0x7b,0xf0,0x7b,
  0xf0,0x7b,0xf0,0x7b,0xf0,0x7b,0x10,0x7c,0x10,0x7c,0x10,0x7c,0x10,0x7c,0x10,0x7c,
  0x10,0x7c,0x10,0x84,0x10,0x84,0x10,0x84,0x10,0x84,0x10,0x84,0x10,0x84,0x10,0x84,
  0x10,0x84,0x10,0x84,0x10,0x84,0x10,0x84,0x10,0x84,0x10,0x84,0x10,0x84,0x10,0x84,
  0x10,0x84,0x10,0x84,0x10,0x84,0x10,0x84,0x10,0x84,0x10,0x84,0x10,0x84,0x10,0x84,
  0x10,0x84,0x10,0x84,0x10,0x84,0x10,0x84,0x10,0x84,0x10,0x84,0x10,0x84,0x10,0x84,
  0x10,0x84,0x10,0x84,0x10,0x84,0x10,0x84,0x10,0x84,0x10,0x84,0x10,0x84,0x10,0x84,
  0x10,0x84,0x10,0x84,0x10,0x84,0x10,0x84,0x10,0x84,0x10,0x84,0x10,0x84,0x10,0x84,
  0x10,0x84,0x10,0x84,0x10,0x84,0x10,0x84,0x10,0x84,0x10,0x84,0x10,0x84,0x10,0x84,
  0x10,0x84,0x10,0x84,0x10,0x84,0x10,0x84,0x10,0x84,0x10,0x84,0x10,0x84,0x10,0x84,
  0x10,0x84,0x10,0x84,0x10,0x84,0x0f,0x84,0x0f,0x84,0x0f,0x84,0x0f,0x84,0xef,0x7b,
  0xef,0x7b,0xef,0x7b,0xef,0x7b,0xef,0x7b,0xef,0x7b,0xef,0x7b,0xef,0x7b,0xef,0x7b,
  0xef,0x7b,0xef,0x7b,0xef,0x7b,0xef,0x7b,0xef,0x7b,0xef,0x7b,0xef,0x7b,0xef,0x7b,
  0xef,0x7b,0xef,0x7b,0xef,0x7b,0xef,0x7b,0xef,0x7b,0xef,0x7b,0xef,0x7b,0xef,0x7b,
  0xef,0x7b,0xef,0x7b,0xef,0x7b,0xef,0x7b,0xef,0x7b,0xef,0x7b,0xef,0x7b,0xef,0x7b,
  0xef,0x7b,0xef,0x7b,0xef,0x7b,0xef,0x7b,0xef,0x7b,0xef,0x7b,0xef,0x7b,0xef,0x7b,
  0xef,0x7b,0xef,0x7b,0xef,0x7b,0xef,0x7b,0xef,0x7b,0xef,0x7b,0xef,0x7b,0xef,0x7b,
  0xef,0x7b,0xef,0x7b,0xef,0x7b,0xef,0x7b,0xef,0x7b,0xef,0x7b,0xef,0x7b,0xef,0x7b,
  0xef,0x7b,0xef,0x7b,0xef,0x7b,0xef,0x7b,0xef,0x7b,0xef,0x7b,0xef,0x7b,0xef,0x7b,
  0xef,0x7b,0xef,0x7b,0xef,0x7b,0xef,0x7b,0xef,0x7b,0xef,0x7b,0xef,0x7b,0xef,0x7b,
  0xef,0x7b,0xef,0x7b,0xef,0x7b,0xef,0x7b,0xef,0x7b,0xef,0x7b,0xef,0x7b,0xef,0x7b,
  0xcf,0x7b,0xef,0x7b,0x30,0x84,0x30,0x84,0xef,0x7b,0x8e,0x73,0x0c,0x63,0x8a,0x52,
  0xe7,0x39,0x65,0x31,0x24,0x21,0x24,0x29,0x65,0x31,0xe7,0x39,0x69,0x4a,0xcb,0x5a,
  0x2c,0x6b,0x8d,0x73,0xae,0x73,0xce,0x7b,0xcf,0x7b,0xef,0x7b,0xef,0x7b,0xef,0x7b,
  0xef,0x7b,0xcf,0x7b,0xef,0x7b,0xcf,0x7b,0xcf,0x7b,0xef,0x7b,0xef,0x7b,0xef,0x7b,
  0xef,0x7b,0xef,0x7b,0xef,0x7b,0xef,0x7b,0xef,0x7b,0xef,0x7b,0xef,0x7b,0xef,0x7b,
  0xef,0x7b,0xef,0x7b,0xef,0x7b,0xef,0x7b,0xef,0x7b,0xf0,0x7b,0xf0,0x7b,0xf0,0x7b,
  0xf0,0x7b,0x10,0x7c,0x10,0x7c,0x10,0x7c,0x10,0x7c,0x10,0x7c,0x10,0x84,0x10,0x84,
  0x10,0x84,0x10,0x84,0x10,0x84,0x10,0x84,0x10,0x84,0x10,0x84,0x10,0x84,0x10,0x84,
  0x10,0x84,0x10,0x84,0x10,0x84,0x10,0x84,0x10,0x84,0x10,0x84,0x10,0x84,0x10,0x84,
  0x10,0x84,0x10,0x84,0x10,0x84,0x10,0x84,0x10,0x84,0x10,0x84,0x10,0x84,0x10,0x84,
  0x10,0x84,0x10,0x84,0x10,0x84,0x10,0x84,0x10,0x84,0x10,0x84,0x10,0x84,0x10,0x84,
  0x10,0x84,0x10,0x84,0x10,0x84,0x10,0x84,0x10,0x84,0x10,0x84,0x10,0x84,0x10,0x84,
  0x10,0x84,0x10,0x84,0x10,0x84,0x10,0x84,0x10,0x84,0x10,0x84,0x10,0x84,0x10,0x84,
  0x10,0x84,0x10,0x84,0x10,0x84,0x10,0x84,0x10,0x84,0x10,0x84,0x10,0x84,0x10,0x84,
  0x10,0x84,0x10,0x84,0x10,0x84,0x0f,0x84,0x0f,0x84,0x0f,0x84,0x0f,0x84,0xef,0x7b,
  0xef,0x7b,0xef,0x7b,0xef,0x7b,0xef,0x7b,0xef,0x7b,0xef,0x7b,0xef,0x7b,0xef,0x7b,
  0xef,0x7b,0xef,0x7b,0xef,0x7b,0xef,0x7b,0xef,0x7b,0xef,0x7b,0xef,0x7b,0xef,0x7b,
  0xef,0x7b,0xef,0x7b,0xef,0x7b,0xef,0x7b,0xef,0x7b,0xef,0x7b,0xef,0x7b,0xef,0x7b,
  0xef,0x7b,0xef,0x7b,0xef,0x7b,0xef,0x7b,0xef,0x7b,0xef,0x7b,0xef,0x7b,0xef,0x7b,
  0xef,0x7b,0xef,0x7b,0xef,0x7b,0xef,0x7b,0xef,0x7b,0xef,0x7b,0xef,0x7b,0xef,0x7b,
  0xef,0x7b,0xef,0x7b,0xef,0x7b,0xef,0x7b,0xef,0x7b,0xef,0x7b,0xef,0x7b,0xef,0x7b,
  0xef,0x7b,0xef,0x7b,0xef,0x7b,0xef,0x7b,0xef,0x7b,0xef,0x7b,0xef,0x7b,0xef,0x7b,
  0xef,0x7b,0xef,0x7b,0xef,0x7b,0xef,0x7b,0xef,0x7b,0xef,0x7b,0xef,0x7b,0xef,0x7b,
  0xef,0x7b,0xef,0x7b,0xef,0x7b,0xef,0x7b,0xef,0x7b,0xef,0x7b,0xef,0x7b,0xef,0x7b,
  0xef,0x7b,0xef,0x7b,0xef,0x7b,0xef,0x7b,0xef,0x7b,0xef,0x7b,0xef,0x7b,0xef,0x7b,
  0xaf,0x73,0xae,0x73,0xae,0x73,0x8e,0x73,0xae,0x73,0xce,0x73,0xef,0x7b,0x10,0x84,
  0x30,0x84,0x10,0x84,0xcf,0x7b,0x4d,0x6b,0xaa,0x52,0x08,0x42,0x86,0x31,0x45,0x21,
  0x24,0x21,0x65,0x29,0xc7,0x39,0x49,0x4a,0xcb,0x5a,0x0c,0x63,0x6d,0x6b,0xae,0x73,
  0xcf,0x7b,0xcf,0x7b,0xef,0x7b,0xef,0x7b,0xef,0x7b,0xef,0x7b,0xef,0x7b,0xef,0x7b,
  0xcf,0x7b,0xef,0x7b,0xcf,0x7b,0xef,0x7b,0xef,0x7b,0xef,0x7b,0xef,0x7b,0xef,0x7b,
  0xef,0x7b,0xef,0x7b,0xef,0x7b,0xef,0x7b,0xef,0x7b,0xef,0x7b,0xef,0x7b,0xef,0x7b,
  0xef,0x7b,0xef,0x7b,0xf0,0x7b,0xf0,0x7b,0xf0,0x7b,0xf0,0x7b,0xf0,0x7b,0xf0,0x7b,
  0x10,0x7c,0x10,0x7c,0x10,0x7c,0x10,0x7c,0x10,0x7c,0x10,0x7c,0x10,0x84,0x10,0x84,
  0x0f,0x7c,0x0f,0x7c,0x0f,0x7c,0x0f,0x7c,0x0f,0x7c,0x0f,0x7c,0x0f,0x7c,0x0f,0x7c,
  0x0f,0x7c,0x0f,0x7c,0xf0,0x83,0xf0,0x83,0xf0,0x83,0xf0,0x83,0xf0,0x83,0xf0,0x83,
  0x10,0x84,0x10,0x84,0x10,0x84,0x10,0x84,0x10,0x84,0x10,0x84,0x10,0x84,0x10,0x84,
  0x10,0x84,0x10,0x84,0x10,0x84,0x10,0x84,0x10,0x84,0x10,0x84,0x10,0x84,0x10,0x84,
  0x10,0x84,0x10,0x84,0x10,0x84,0x10,0x84,0x10,0x84,0x10,0x84,0x10,0x84,0x10,0x84,
  0x10,0x84,0x10,0x84,0x10,0x84,0x10,0x84,0x10,0x84,0x10,0x84,0x10,0x84,0xf0,0x83,
  0xf0,0x83,0xf0,0x83,0xf0,0x83,0x0f,0x84,0x0f,0x84,0x0f,0x84,0x0f,0x84,0x0f,0x84,
  0xef,0x83,0xef,0x7b,0xef,0x7b,0xef,0x7b,0xef,0x7b,0xef,0x7b,0xef,0x7b,0xef,0x7b,
  0xef,0x7b,0xef,0x7b,0xef,0x7b,0xef,0x7b,0xef,0x7b,0xef,0x7b,0xef,0x7b,0xef,0x7b,
  0xef,0x7b,0xef,0x7b,0xef,0x7b,0xef,0x7b,0xef,0x7b,0xef,0x7b,0xef,0x7b,0xef,0x7b,
  0xef,0x7b,0xef,0x7b,0xef,0x7b,0xef,0x7b,0xef,0x7b,0xef,0x7b,0xef,0x7b,0xef,0x7b,
  0xef,0x7b,0xef,0x7b,0xef,0x7b,0xef,0x7b,0xef,0x7b,0xef,0x7b,0xef,0x7b,0xef,0x7b,
  0xef,0x7b,0xef,0x7b,0xef,0x7b,0xef,0x7b,0xef,0x7b,0xef,0x7b,0xef,0x7b,0xef,0x7b,
  0xef,0x7b,0xef,0x7b,0xef,0x7b,0xef,0x7b,0xef,0x7b,0xef,0x7b,0xef,0x7b,0xef,0x7b,
  0xef,0x7b,0xef,0x7b,0xef,0x7b,0xef,0x7b,0xef,0x7b,0xef,0x7b,0xef,0x7b,0xef,0x7b,
  0xef,0x7b,0xef,0x7b,0xef,0x7b,0xef,0x7b,0xef,0x7b,0xef,0x7b,0xef,0x7b,0xef,0x7b,
  0xef,0x7b,0xef,0x7b,0xef,0x7b,0xef,0x7b,0xef,0x7b,0xef,0x7b,0xef,0x7b,0xef,0x7b,
  0xcf,0x7b,0xcf,0x7b,0xcf,0x7b,0xcf,0x7b,0xcf,0x7b,0xcf,0x7b,0xae,0x73,0xae,0x73,
  0xae,0x73,0xae,0x73,0xae,0x73,0xcf,0x7b,0x10,0x84,0x30,0x84,0x30,0x84,0xef,0x7b,
  0x8e,0x73,0x0b,0x63,0x69,0x4a,0xc7,0x39,0x65,0x29,0x24,0x21,0x45,0x29,0x86,0x31,
  0x08,0x42,0x89,0x52,0x0b,0x63,0x4d,0x6b,0x8e,0x73,0xce,0x7b,0xcf,0x7b,0xef,0x7b,
  0xef,0x7b,0xef,0x7b,0xef,0x7b,0xef,0x7b,0xef,0x7b,0xef,0x7b,0xcf,0x7b,0xef,0x7b,
  0xef,0x7b,0xef,0x7b,0xef,0x7b,0xef,0x7b,0xef,0x7b,0xef,0x7b,0xef,0x7b,0xef,0x7b,
  0xef,0x7b,0xef,0x7b,0xef,0x7b,0xf0,0x7b,0xf0,0x7b,0xf0,0x7b,0xf0,0x7b,0xf0,0x7b,
  0xf0,0x7b,0xf0,0x7b,0xf0,0x7b,0xf0,0x7b,0xf0,0x7b,0xf0,0x7b,0x0f,0x7c,0x0f,0x7c,
  0x0f,0x7c,0x0f,0x7c,0x0f,0x7c,0x0f,0x7c,0x0f,0x7c,0x0f,0x7c,0x0f,0x7c,0x0f,0x7c,
  0x0f,0x7c,0x0f,0x7c,0xf0,0x83,0xf0,0x83,0xf0,0x83,0xf0,0x83,0xf0,0x83,0xf0,0x83,
  0x10,0x84,0x10,0x84,0x10,0x84,0x10,0x84,0x10,0x84,0x10,0x84,0x10,0x84,0x10,0x84,
  0x10,0x84,0x10,0x84,0x10,0x84,0x10,0x84,0x10,0x84,0x10,0x84,0x10,0x84,0x10,0x84,
  0x10,0x84,0x10,0x84,0x10,0x84,0x10,0x84,0x10,0x84,0x10,0x84,0x10,0x84,0x10,0x84,
  0x10,0x84,0x10,0x84,0x10,0x84,0x10,0x84,0x10,0x84,0xf0,0x83,0xf0,0x83,0xf0,0x83,
  0xf0,0x83,0xf0,0x83,0xf0,0x83,0x0f,0x84,0x0f,0x84,0x0f,0x84,0xef,0x83,0xef,0x7b,
  0xef,0x7b,0xef,0x7b,0xef,0x7b,0xef,0x7b,0xef,0x7b,0xef,0x7b,0xef,0x7b,0xef,0x7b,
  0xef,0x7b,0xef,0x7b,0xef,0x7b,0xef,0x7b,0xef,0x7b,0xef,0x7b,0xef,0x7b,0xef,0x7b,
  0xef,0x7b,0xef,0x7b,0xef,0x7b,0xef,0x7b,0xef,0x7b,0xef,0x7b,0xef,0x7b,0xef,0x7b,
  0xef,0x7b,0xef,0x7b,0xef,0x7b,0xef,0x7b,0xef,0x7b,0xef,0x7b,0xef,0x7b,0xef,0x7b,
  0xef,0x7b,0xef,0x7b,0xef,0x7b,0xef,0x7b,0xef,0x7b,0xef,0x7b,0xef,0x7b,0xef,0x7b,
  0xef,0x7b,0xef,0x7b,0xef,0x7b,0xef,0x7b,0xef,0x7b,0xef,0x7b,0xef,0x7b,0xef,0x7b,
  0xef,0x7b,0xef,0x7b,0xef,0x7b,0xef,0x7b,0xef,0x7b,0xef,0x7b,0xef,0x7b,0xef,0x7b,
  0xef,0x7b,0xef,0x7b,0xef,0x7b,0xef,0x7b,0xef,0x7b,0xef,0x7b,0xef,0x7b,0xef,0x7b,
  0xef,0x7b,0xef,0x7b,0xef,0x7b,0xef,0x7b,0xef,0x7b,0xef,0x7b,0xef,0x7b,0xef,0x7b,
  0xef,0x7b,0xef,0x7b,0xef,0x7b,0xef,0x7b,0xef,0x7b,0xef,0x7b,0xef,0x7b,0xef,0x7b,
  0xcf,0x7b,0xcf,0x7b,0xcf,0x7b,0xcf,0x7b,0xcf,0x7b,0xcf,0x7b,0xcf,0x7b,0xcf,0x7b,
  0xef,0x7b,0xcf,0x7b,0xcf,0x7b,0xcf,0x73,0xae,0x73,0x8e,0x73,0xae,0x73,0xae,0x73,
  0xcf,0x7b,0x10,0x84,0x30,0x84,0x30,0x84,0x10,0x84,0xae,0x73,0x4d,0x6b,0xaa,0x52,
  0x28,0x42,0xa6,0x31,0x45,0x29,0x45,0x29,0x86,0x29,0xe7,0x39,0x49,0x4a,0xcb,0x5a,
  0x4c,0x6b,0x8e,0x73,0xae,0x73,0xcf,0x7b,0xcf,0x7b,0xef,0x7b,0xef,0x7b,0xef,0x7b,
  0xef,0x7b,0xef,0x7b,0xef,0x7b,0xef,0x7b,0xef,0x7b,0xef,0x7b,0xef,0x7b,0xef,0x7b,
  0xef,0x7b,0xef,0x7b,0xef,0x7b,0xef,0x7b,0xef,0x7b,0xef,0x7b,0xef,0x7b,0xef,0x7b,
  0xef,0x7b,0xef,0x7b,0xef,0x7b,0xef,0x7b,0xef,0x7b,0xef,0x7b,0xf0,0x7b,0xf0,0x7b,
  0xf0,0x7b,0xf0,0x7b,0x0f,0x7c,0x0f,0x7c,0x0f,0x7c,0x0f,0x7c,0x0f,0x7c,0x0f,0x7c,
  0x0f,0x7c,0x0f,0x7c,0xf0,0x7b,0xf0,0x7b,0xf0,0x83,0xf0,0x83,0xf0,0x83,0xf0,0x83,
  0xf0,0x83,0xf0,0x83,0x10,0x84,0x10,0x84,0x10,0x84,0x10,0x84,0x10,0x84,0x10,0x84,
  0x10,0x84,0x10,0x84,0x10,0x84,0x10,0x84,0x10,0x84,0x10,0x84,0x10,0x84,0x10,0x84,
  0x10,0x84,0x10,0x84,0x10,0x84,0x10,0x84,0x10,0x84,0x10,0x84,0x10,0x84,0x10,0x84,
  0x10,0x84,0x10,0x84,0x10,0x84,0x10,0x84,0x10,0x84,0x10,0x84,0x10,0x84,0x10,0x84,
  0x0f,0x84,0x0f,0x84,0x0f,0x84,0xef,0x83,0xef,0x7b,0xef,0x7b,0xef,0x7b,0xef,0x7b,
  0xef,0x7b,0xef,0x7b,0xef,0x7b,0xef,0x7b,0xef,0x7b,0xef,0x7b,0xef,0x7b,0xef,0x7b,
  0xef,0x7b,0xef,0x7b,0xef,0x7b,0xef,0x7b,0xef,0x7b,0xef,0x7b,0xef,0x7b,0xef,0x7b,
  0xef,0x7b,0xef,0x7b,0xef,0x7b,0xef,0x7b,0xef,0x7b,0xef,0x7b,0xef,0x7b,0xef,0x7b,
  0xef,0x7b,0xef,0x7b,0xef,0x7b,0xef,0x7b,0xef,0x7b,0xef,0x7b,0xef,0x7b,0xef,0x7b,
  0xef,0x7b,0xef,0x7b,0xef,0x7b,0xef,0x7b,0xef,0x7b,0xef,0x7b,0xef,0x7b,0xef,0x7b,
  0xef,0x7b,0xef,0x7b,0xef,0x7b,0xef,0x7b,0xef,0x7b,0xef,0x7b,0xef,0x7b,0xef,0x7b,
  0xef,0x7b,0xef,0x7b,0xef,0x7b,0xef,0x7b,0xef,0x7b,0xef,0x7b,0xef,0x7b,0xef,0x7b,
  0xef,0x7b,0xef,0x7b,0xef,0x7b,0xef,0x7b,0xef,0x7b,0xef,0x7b,0xef,0x7b,0xef,0x7b,
  0xef,0x7b,0xef,0x7b,0xef,0x7b,0xef,0x7b,0xef,0x7b,0xef,0x7b,0xef,0x7b,0xef,0x7b,
  0xef,0x7b,0xef,0x7b,0xef,0x7b,0xef,0x7b,0xef,0x7b,0xef,0x7b,0xef,0x7b,0xef,0x7b,
  0xcf,0x7b,0xcf,0x7b,0xcf,0x7b,0xcf,0x7b,0xcf,0x7b,0xcf,0x7b,0xcf,0x7b,0xcf,0x7b,
  0xcf,0x7b,0xcf,0x7b,0xcf,0x7b,0xef,0x7b,0xef,0x7b,0xcf,0x7b,0xcf,0x7b,0xcf,0x7b,
  0xcf,0x7b,0xae,0x73,0x8e,0x73,0xae,0x73,0xae,0x73,0xcf,0x7b,0xef,0x7b,0x10,0x84,
  0x10,0x84,0x10,0x84,0xcf,0x7b,0x6d,0x6b,0xeb,0x5a,0x49,0x4a,0xc7,0x39,0x65,0x29,
  0x45,0x29,0x65,0x29,0xa6,0x31,0x08,0x42,0x8a,0x52,0x0c,0x63,0x6d,0x6b,0x8e,0x73,
  0xcf,0x7b,0xcf,0x7b,0xef,0x7b,0xef,0x7b,0xef,0x7b,0xef,0x7b,0xef,0x7b,0xef,0x7b,
  0xef,0x7b,0xef,0x7b,0xef,0x7b,0xef,0x7b,0xef,0x7b,0xef,0x7b,0xef,0x7b,0xef,0x7b,
  0xef,0x7b,0xef,0x7b,0xef,0x7b,0xef,0x7b,0xef,0x7b,0xef,0x7b,0xf0,0x7b,0xf0,0x7b,
  0xf0,0x7b,0xf0,0x7b,0x0f,0x7c,0x0f,0x7c,0x0f,0x7c,0x0f,0x7c,0x0f,0x7c,0x0f,0x7c,
  0x0f,0x7c,0x0f,0x7c,0xf0,0x7b,0xf0,0x7b,0xf0,0x83,0xf0,0x83,0xf0,0x83,0xf0,0x83,
  0xf0,0x83,0xf0,0x83,0x10,0x84,0x0f,0x84,0x0f,0x84,0x0f,0x84,0xf0,0x83,0xf0,0x83,
  0xf0,0x83,0xf0,0x83,0xf0,0x83,0x0f,0x84,0x0f,0x84,0x0f,0x84,0x0f,0x84,0x0f,0x84,
  0x0f,0x84,0x10,0x84,0x10,0x84,0x10,0x84,0x10,0x84,0x10,0x84,0x10,0x84,0x10,0x84,
  0x0f,0x84,0x0f,0x84,0x0f,0x84,0x0f,0x84,0x0f,0x84,0x0f,0x84,0xef,0x83,0xef,0x7b,
  0xef,0x7b,0xef,0x7b,0xef,0x7b,0xef,0x7b,0xef,0x7b,0xef,0x7b,0xef,0x7b,0xf0,0x7b,
  0xf0,0x7b,0xf0,0x7b,0xf0,0x7b,0xef,0x7b,0xef,0x7b,0xef,0x7b,0xef,0x7b,0xef,0x7b,
  0xef,0x7b,0xef,0x7b,0xef,0x7b,0xef,0x7b,0xef,0x7b,0xef,0x7b,0xef,0x7b,0xef,0x7b,
  0xef,0x7b,0xef,0x7b,0xef,0x7b,0xef,0x7b,0xef,0x7b,0xef,0x7b,0xef,0x7b,0xef,0x7b,
  0xef,0x7b,0xef,0x7b,0xef,0x7b,0xef,0x7b,0xef,0x7b,0xef,0x7b,0xef,0x7b,0xef,0x7b,
  0xef,0x7b,0xef,0x7b,0xef,0x7b,0xef,0x7b,0xef,0x7b,0xef,0x7b,0xef,0x7b,0xef,0x7b,
  0xef,0x7b,0xef,0x7b,0xef,0x7b,0xef,0x7b,0xef,0x7b,0xef,0x7b,0xef,0x7b,0xef,0x7b,
  0xef,0x7b,0xef,0x7b,0xef,0x7b,0xef,0x7b,0xef,0x7b,0xef,0x7b,0xef,0x7b,0xef,0x7b,
  0xef,0x7b,0xef,0x7b,0xef,0x7b,0xef,0x7b,0xef,0x7b,0xef,0x7b,0xef,0x7b,0xef,0x7b,
  0xef,0x7b,0xef,0x7b,0xef,0x7b,0xef,0x7b,0xef,0x7b,0xef,0x7b,0xef,0x7b,0xef,0x7b,
  0xef,0x7b,0xef,0x7b,0xef,0x7b,0xef,0x7b,0xef,0x7b,0xef,0x7b,0xef,0x7b,0xef,0x7b,
  0xcf,0x7b,0xcf,0x7b,0xcf,0x7b,0xcf,0x7b,0xcf,0x7b,0xcf,0x7b,0xcf,0x7b,0xcf,0x7b,
  0xcf,0x7b,0xcf,0x7b,0xcf,0x7b,0xcf,0x7b,0xcf,0x7b,0xcf,0x7b,0xcf,0x7b,0xcf,0x7b,
  0xcf,0x7b,0xef,0x7b,0xef,0x7b,0xef,0x7b,0xcf,0x7b,0xcf,0x7b,0xcf,0x7b,0xae,0x73,
  0x8e,0x73,0x8e,0x73,0xae,0x73,0xcf,0x7b,0xef,0x7b,0x10,0x84,0x10,0x84,0xef,0x7b,
  0xae,0x73,0x2c,0x63,0x8a,0x52,0x08,0x42,0x86,0x31,0x45,0x29,0x45,0x29,0x86,0x31,
  0xe7,0x39,0x69,0x4a,0xeb,0x5a,0x4c,0x6b,0x8e,0x73,0xae,0x73,0xcf,0x7b,0xef,0x7b,
  0xef,0x7b,0xef,0x7b,0xef,0x7b,0xef,0x7b,0xef,0x7b,0xef,0x7b,0xef,0x7b,0xef,0x7b,
  0xef,0x7b,0xef,0x7b,0xef,0x7b,0xef,0x7b,0xef,0x7b,0xef,0x7b,0xef,0x7b,0xef,0x7b,
  0xef,0x7b,0xef,0x7b,0xef,0x7b,0xef,0x7b,0xef,0x7b,0xef,0x7b,0xef,0x7b,0xef,0x7b,
  0xef,0x7b,0xef,0x7b,0xef,0x7b,0xef,0x7b,0xf0,0x7b,0xf0,0x7b,0xf0,0x7b,0xf0,0x7b,
  0x10,0x7c,0x10,0x7c,0xef,0x7b,0xef,0x7b,0xef,0x7b,0xef,0x7b,0xef,0x7b,0xf0,0x7b,
  0xf0,0x7b,0xf0,0x7b,0xef,0x7b,0xef,0x7b,0xef,0x7b,0xef,0x7b,0xef,0x7b,0xef,0x7b,
  0xef,0x7b,0xef,0x7b,0xef,0x7b,0xef,0x7b,0xef,0x7b,0xef,0x7b,0xef,0x7b,0xef,0x7b,
  0xef,0x7b,0xef,0x7b,0xef,0x7b,0xef,0x7b,0xef,0x7b,0xef,0x7b,0xef,0x7b,0xef,0x7b,
  0xef,0x7b,0xef,0x7b,0xef,0x7b,0xef,0x7b,0xef,0x7b,0xef,0x7b,0xef,0x7b,0xf0,0x7b,
  0xf0,0x7b,0xf0,0x7b,0xf0,0x7b,0xf0,0x7b,0xf0,0x7b,0xf0,0x7b,0xf0,0x7b,0xf0,0x7b,
  0xf0,0x7b,0xef,0x7b,0xef,0x7b,0xef,0x7b,0xef,0x7b,0xef,0x7b,0xef,0x7b,0xef,0x7b,
  0xef,0x7b,0xef,0x7b,0xef,0x7b,0xef,0x7b,0xef,0x7b,0xef,0x7b,0xef,0x7b,0xef,0x7b,
  0xef,0x7b,0xef,0x7b,0xef,0x7b,0xef,0x7b,0xef,0x7b,0xef,0x7b,0xef,0x7b,0xef,0x7b,
  0xef,0x7b,0xef,0x7b,0xef,0x7b,0xef,0x7b,0xef,0x7b,0xef,0x7b,0xef,0x7b,0xef,0x7b,
  0xef,0x7b,0xef,0x7b,0xef,0x7b,0xef,0x7b,0xef,0x7b,0xef,0x7b,0xef,0x7b,0xef,0x7b,
  0xef,0x7b,0xef,0x7b,0xef,0x7b,0xef,0x7b,0xef,0x7b,0xef,0x7b,0xef,0x7b,0xef,0x7b,
  0xef,0x7b,0xef,0x7b,0xef,0x7b,0xef,0x7b,0xef,0x7b,0xef,0x7b,0xef,0x7b,0xef,0x7b,
  0xef,0x7b,0xef,0x7b,0xef,0x7b,0xef,0x7b,0xef,0x7b,0xef,0x7b,0xef,0x7b,0xef,0x7b,
  0xef,0x7b,0xef,0x7b,0xef,0x7b,0xef,0x7b,0xef,0x7b,0xef,0x7b,0xef,0x7b,0xef,0x7b,
  0xcf,0x7b,0xcf,0x7b,0xcf,0x7b,0xcf,0x7b,0xcf,0x7b,0xcf,0x7b,0xcf,0x7b,0xcf,0x7b,
  0xcf,0x7b,0xcf,0x7b,0xcf,0x7b,0xcf,0x7b,0xef,0x7b,0xef,0x7b,0xef,0x7b,0xef,0x7b,
  0xcf,0x7b,0xcf,0x7b,0xcf,0x7b,0xcf,0x7b,0xcf,0x7b,0xcf,0x7b,0xef,0x7b,0xef,0x7b,
  0xef,0x7b,0xef,0x7b,0xcf,0x7b,0xcf,0x7b,0xcf,0x73,0xae,0x73,0xae,0x73,0xae,0x73,
  0xcf,0x7b,0xef,0x7b,0x10,0x84,0x10,0x84,0x10,0x84,0xcf,0x7b,0x6d,0x6b,0xcb,0x5a,
  0x28,0x42,0xc7,0x39,0x65,0x31,0x45,0x29,0x86,0x31,0xc7,0x39,0x49,0x4a,0xcb,0x5a,
  0x2c,0x63,0x8e,0x73,0xae,0x73,0xcf,0x7b,0xef,0x7b,0xef,0x7b,0xef,0x7b,0xef,0x7b,
  0xef,0x7b,0xef,0x7b,0xef,0x7b,0xef,0x7b,0xef,0x7b,0xef,0x7b,0xef,0x7b,0xef,0x7b,
  0xef,0x7b,0xef,0x7b,0xef,0x7b,0xef,0x7b,0xef,0x7b,0xef,0x7b,0xef,0x7b,0xef,0x7b,
  0xef,0x7b,0xef,0x7b,0xef,0x7b,0xef,0x7b,0x10,0x7c,0x10,0x7c,0x10,0x7c,0x10,0x7c,
  0xf0,0x7b,0xf0,0x7b,0xef,0x7b,0xef,0x7b,0xef,0x7b,0xef,0x7b,0xef,0x7b,0xf0,0x7b,
  0xf0,0x7b,0xf0,0x7b,0xef,0x7b,0xef,0x7b,0xef,0x7b,0xef,0x7b,0xef,0x7b,0xef,0x7b,
  0xef,0x7b,0xef,0x7b,0xef,0x7b,0xef,0x7b,0xef,0x7b,0xef,0x7b,0xef,0x7b,0xef,0x7b,
  0xef,0x7b,0xef,0x7b,0xef,0x7b,0xef,0x7b,0xef,0x7b,0xef,0x7b,0xef,0x7b,0xef,0x7b,
  0xef,0x7b,0xef,0x7b,0xef,0x7b,0xef,0x7b,0xef,0x7b,0xef,0x7b,0xef,0x7b,0xef,0x7b,
  0xf0,0x7b,0xf0,0x7b,0xf0,0x7b,0xf0,0x7b,0xf0,0x7b,0xf0,0x7b,0xf0,0x7b,0xf0,0x7b,
  0xf0,0x7b,0xf0,0x7b,0xf0,0x7b,0xef,0x7b,0xef,0x7b,0xef,0x7b,0xef,0x7b,0xef,0x7b,
  0xef,0x7b,0xef,0x7b,0xef,0x7b,0xef,0x7b,0xef,0x7b,0xef,0x7b,0xef,0x7b,0xef,0x7b,
  0xef,0x7b,0xef,0x7b,0xef,0x7b,0xef,0x7b,0xef,0x7b,0xef,0x7b,0xef,0x7b,0xef,0x7b,
  0xef,0x7b,0xef,0x7b,0xef,0x7b,0xef,0x7b,0xef,0x7b,0xef,0x7b,0xef,0x7b,0xef,0x7b,
  0xef,0x7b,0xef,0x7b,0xef,0x7b,0xef,0x7b,0xef,0x7b,0xef,0x7b,0xef,0x7b,0xef,0x7b,
  0xef,0x7b,0xef,0x7b,0xef,0x7b,0xef,0x7b,0xef,0x7b,0xef,0x7b,0xef,0x7b,0xef,0x7b,
  0xef,0x7b,0xef,0x7b,0xef,0x7b,0xef,0x7b,0xef,0x7b,0xef,0x7b,0xef,0x7b,0xef,0x7b,
  0xef,0x7b,0xef,0x7b,0xef,0x7b,0xef,0x7b,0xef,0x7b,0xef,0x7b,0xef,0x7b,0xef,0x7b,
  0xef,0x7b,0xef,0x7b,0xef,0x7b,0xef,0x7b,0xef,0x7b,0xef,0x7b,0xef,0x7b,0xef,0x7b,
  0xcf,0x73,0xcf,0x73,0xcf,0x7b,0xcf,0x7b,0xcf,0x7b,0xcf,0x7b,0xcf,0x7b,0xcf,0x7b,
  0xcf,0x7b,0xcf,0x7b,0xcf,0x7b,0xcf,0x7b,0xcf,0x7b,0xef,0x7b,0xef,0x7b,0xcf,0x7b,
  0xcf,0x7b,0xcf,0x7b,0xcf,0x7b,0xcf,0x7b,0xcf,0x7b,0xcf,0x7b,0xcf,0x7b,0xcf,0x7b,
  0xcf,0x7b,0xcf,0x7b,0xcf,0x7b,0xcf,0x7b,0xcf,0x7b,0xef,0x7b,0xef,0x7b,0xcf,0x7b,
  0xcf,0x7b,0xcf,0x7b,0xae,0x73,0x8e,0x73,0x8e,0x73,0xae,0x73,0xce,0x7b,0xef,0x7b,
  0x0f,0x84,0x10,0x84,0xef,0x7b,0x8e,0x73,0x0c,0x63,0x69,0x52,0xe7,0x39,0x86,0x31,
  0x45,0x29,0x65,0x29,0xc7,0x39,0x28,0x42,0xcb,0x5a,0x2c,0x63,0x8d,0x6b,0xae,0x73,
  0xcf,0x7b,0xef,0x7b,0xef,0x7b,0xef,0x7b,0xef,0x7b,0xef,0x7b,0xef,0x7b,0xef,0x7b,
  0xef,0x7b,0xef,0x7b,0xef,0x7b,0xef,0x7b,0xef,0x7b,0xef,0x7b,0xef,0x7b,0xef,0x7b,
  0xef,0x7b,0xef,0x7b,0xef,0x7b,0xef,0x7b,0x0f,0x7c,0x0f,0x7c,0x0f,0x7c,0x0f,0x7c,
  0x0f,0x7c,0x0f,0x7c,0xef,0x7b,0xef,0x7b,0xef,0x7b,0xef,0x7b,0xef,0x7b,0xef,0x7b,
  0xef,0x7b,0xef,0x7b,0xef,0x7b,0xef,0x7b,0xef,0x7b,0x0f,0x7c,0x0f,0x7c,0xef,0x7b,
  0xef,0x7b,0xef,0x7b,0xef,0x7b,0xef,0x7b,0xef,0x7b,0xef,0x7b,0xef,0x7b,0xef,0x7b,
  0xef,0x7b,0xef,0x7b,0xef,0x7b,0xef,0x7b,0xef,0x7b,0xef,0x7b,0xef,0x7b,0xef,0x7b,
  0xef,0x7b,0xef,0x7b,0xef,0x7b,0xef,0x7b,0xef,0x7b,0x0f,0x84,0x0f,0x84,0xef,0x7b,
  0xef,0x7b,0xef,0x7b,0xef,0x7b,0xef,0x7b,0xef,0x7b,0xef,0x7b,0xef,0x7b,0xf0,0x7b,
  0xf0,0x7b,0xf0,0x7b,0xf0,0x7b,0xf0,0x7b,0xef,0x7b,0xef,0x7b,0xef,0x7b,0xef,0x7b,
  0xf0,0x7b,0xf0,0x7b,0xf0,0x7b,0xf0,0x7b,0xef,0x7b,0xef,0x7b,0xef,0x7b,0xef,0x7b,
  0xef,0x7b,0xef,0x7b,0xef,0x7b,0xef,0x7b,0xef,0x7b,0xef,0x7b,0xef,0x7b,0xef,0x7b,
  0xef,0x7b,0xef,0x7b,0xef,0x7b,0xef,0x7b,0xef,0x7b,0xef,0x7b,0xef,0x7b,0xef,0x7b,
  0xef,0x7b,0xef,0x7b,0xef,0x7b,0xef,0x7b,0xef,0x7b,0xef,0x7b,0xef,0x7b,0xef,0x7b,
  0xef,0x7b,0xef,0x7b,0xef,0x7b,0xef,0x7b,0xef,0x7b,0xef,0x7b,0xef,0x7b,0xef,0x7b,
  0xef,0x7b,0xef,0x7b,0xef,0x7b,0xef,0x7b,0xef,0x7b,0xef,0x7b,0xef,0x7b,0xef,0x7b,
  0xef,0x7b,0xef,0x7b,0xef,0x7b,0xef,0x7b,0xef,0x7b,0xef,0x7b,0xef,0x7b,0xef,0x7b,
  0xef,0x7b,0xef,0x7b,0xef,0x7b,0xef,0x7b,0xef,0x7b,0xef,0x7b,0xef,0x7b,0xef,0x7b,
  0xcf,0x7b,0xcf,0x7b,0xaf,0x73,0xaf,0x73,0xae,0x73,0xae,0x73,0xcf,0x73,0xcf,0x7b,
  0xcf,0x7b,0xcf,0x7b,0xcf,0x7b,0xcf,0x7b,0xcf,0x7b,0xcf,0x7b,0xcf,0x7b,0xcf,0x7b,
  0xcf,0x7b,0xcf,0x7b,0xcf,0x7b,0xcf,0x7b,0xcf,0x7b,0xcf,0x7b,0xcf,0x7b,0xcf,0x7b,
  0xcf,0x7b,0xcf,0x7b,0xcf,0x7b,0xcf,0x7b,0xcf,0x7b,0xcf,0x7b,0xcf,0x7b,0xef,0x7b,
  0xef,0x7b,0xef,0x7b,0xef,0x7b,0xef,0x7b,0xef,0x7b,0xcf,0x7b,0xae,0x73,0xae,0x73,
  0x8e,0x73,0x8e,0x73,0x8e,0x73,0xae,0x73,0xef,0x7b,0x10,0x84,0x30,0x84,0x10,0x84,
  0xce,0x73,0x4d,0x6b,0xaa,0x52,0x08,0x42,0xa6,0x31,0x65,0x29,0x85,0x31,0xc7,0x39,
  0x48,0x4a,0xca,0x5a,0x2c,0x63,0x8d,0x73,0xae,0x73,0xce,0x7b,0xcf,0x7b,0xcf,0x7b,
  0xef,0x7b,0xef,0x7b,0xef,0x7b,0xef,0x7b,0xef,0x7b,0xef,0x7b,0xef,0x7b,0xef,0x7b,
  0xef,0x7b,0xef,0x7b,0xef,0x7b,0xef,0x7b,0xef,0x7b,0xef,0x7b,0xef,0x7b,0xef,0x7b,
  0xef,0x7b,0xef,0x7b,0xef,0x7b,0xef,0x7b,0xef,0x7b,0xef,0x7b,0xef,0x7b,0xef,0x7b,
  0xef,0x7b,0xef,0x7b,0xef,0x7b,0xef,0x7b,0xef,0x7b,0xef,0x7b,0xef,0x7b,0xef,0x7b,
  0xef,0x7b,0xef,0x7b,0xef,0x7b,0xef,0x7b,0xef,0x7b,0xef,0x7b,0xef,0x7b,0xef,0x7b,
  0xef,0x7b,0xef,0x7b,0xef,0x7b,0xef,0x7b,0xef,0x7b,0xef,0x7b,0xef,0x7b,0xef,0x7b,
  0xef,0x7b,0xef,0x7b,0xef,0x7b,0xef,0x7b,0xef,0x7b,0xef,0x7b,0xef,0x7b,0xef,0x7b,
  0xef,0x7b,0xef,0x7b,0xef,0x7b,0xef,0x7b,0xef,0x7b,0xef,0x7b,0xef,0x7b,0xef,0x7b,
  0xf0,0x7b,0xf0,0x7b,0xf0,0x7b,0xf0,0x7b,0xf0,0x7b,0xf0,0x7b,0xf0,0x7b,0xf0,0x7b,
  0xf0,0x7b,0xf0,0x7b,0xf0,0x7b,0xf0,0x7b,0xf0,0x7b,0xf0,0x7b,0xf0,0x7b,0xf0,0x7b,
  0xef,0x7b,0xef,0x7b,0xef,0x7b,0xef,0x7b,0xef,0x7b,0xef,0x7b,0xef,0x7b,0xef,0x7b,
  0xef,0x7b,0xef,0x7b,0xef,0x7b,0xef,0x7b,0xef,0x7b,0xef,0x7b,0xef,0x7b,0xef,0x7b,
  0xef,0x7b,0xef,0x7b,0xef,0x7b,0xef,0x7b,0xef,0x7b,0xef,0x7b,0xef,0x7b,0xef,0x7b,
  0xef,0x7b,0xef,0x7b,0xef,0x7b,0xef,0x7b,0xef,0x7b,0xef,0x7b,0xef,0x7b,0xef,0x7b,
  0xef,0x7b,0xef,0x7b,0xef,0x7b,0xef,0x7b,0xef,0x7b,0xef,0x7b,0xef,0x7b,0xef,0x7b,
  0xef,0x7b,0xef,0x7b,0xef,0x7b,0xef,0x7b,0xef,0x7b,0xef,0x7b,0xef,0x7b,0xef,0x7b,
  0xef,0x7b,0xef,0x7b,0xef,0x7b,0xef,0x7b,0xef,0x7b,0xef,0x7b,0xef,0x7b,0xef,0x7b,
  0x51,0x8c,0x51,0x8c,0x31,0x84,0x10,0x84,0x10,0x84,0xef,0x7b,0xcf,0x7b,0xcf,0x7b,
  0xcf,0x7b,0xaf,0x73,0xaf,0x73,0xaf,0x73,0xcf,0x7b,0xcf,0x7b,0xcf,0x7b,0xcf,0x7b,
  0xcf,0x7b,0xcf,0x7b,0xcf,0x7b,0xcf,0x7b,0xcf,0x7b,0xcf,0x7b,0xcf,0x7b,0xcf,0x7b,
  0xcf,0x7b,0xcf,0x7b,0xcf,0x7b,0xcf,0x7b,0xcf,0x7b,0xcf,0x7b,0xcf,0x7b,0xcf,0x7b,
  0xcf,0x7b,0xcf,0x7b,0xcf,0x7b,0xcf,0x7b,0xcf,0x7b,0xef,0x7b,0xef,0x7b,0xef,0x7b,
  0xef,0x7b,0xef,0x7b,0xcf,0x7b,0xcf,0x73,0xae,0x73,0xae,0x73,0x8e,0x73,0x8e,0x73,
  0xae,0x73,0xef,0x7b,0x10,0x84,0x10,0x84,0x10,0x84,0xcf,0x7b,0x4d,0x6b,0xcb,0x5a,
  0x28,0x42,0xa6,0x31,0x85,0x31,0x86,0x31,0xc7,0x39,0x48,0x42,0xaa,0x52,0x0b,0x63,
  0x4d,0x6b,0xae,0x73,0xae,0x73,0xcf,0x7b,0xcf,0x7b,0xef,0x7b,0xef,0x7b,0xef,0x7b,
  0xef,0x7b,0xef,0x7b,0xef,0x7b,0xef,0x7b,0xef,0x7b,0xef,0x7b,0xef,0x7b,0xef,0x7b,
  0xef,0x7b,0xef,0x7b,0xef,0x7b,0xef,0x7b,0xef,0x7b,0xef,0x7b,0xef,0x7b,0xef,0x7b,
  0xef,0x7b,0xef,0x7b,0xef,0x7b,0xef,0x7b,0xef,0x7b,0xef,0x7b,0xef,0x7b,0xef,0x7b,
  0xef,0x7b,0xef,0x7b,0xef,0x7b,0xef,0x7b,0xef,0x7b,0xef,0x7b,0xef,0x7b,0xef,0x7b,
  0xef,0x7b,0xef,0x7b,0xef,0x7b,0xef,0x7b,0xef,0x7b,0xef,0x7b,0xef,0x7b,0xef,0x7b,
  0xef,0x7b,0xef,0x7b,0xef,0x7b,0xef,0x7b,0xef,0x7b,0xef,0x7b,0xef,0x7b,0xef,0x7b,
  0xef,0x7b,0xef,0x7b,0xef,0x7b,0xef,0x7b,0xef,0x7b,0xef,0x7b,0xef,0x7b,0xef,0x7b,
  0xef,0x7b,0xef,0x7b,0xf0,0x7b,0xf0,0x7b,0xf0,0x83,0xf0,0x83,0xf0,0x7b,0xf0,0x7b,
  0xf0,0x7b,0xf0,0x7b,0xf0,0x7b,0xf0,0x7b,0xf0,0x7b,0xf0,0x7b,0xf0,0x7b,0xf0,0x7b,
  0xef,0x7b,0xef,0x7b,0xef,0x7b,0xef,0x7b,0xef,0x7b,0xef,0x7b,0xef,0x7b,0xef,0x7b,
  0xef,0x7b,0xef,0x7b,0xef,0x7b,0xef,0x7b,0xef,0x7b,0xef,0x7b,0xef,0x7b,0xef,0x7b,
  0xef,0x7b,0xef,0x7b,0xef,0x7b,0xef,0x7b,0xef,0x7b,0xef,0x7b,0xef,0x7b,0xef,0x7b,
  0xef,0x7b,0xef,0x7b,0xef,0x7b,0xef,0x7b,0xef,0x7b,0xef,0x7b,0xef,0x7b,0xef,0x7b,
  0xef,0x7b,0xef,0x7b,0xef,0x7b,0xef,0x7b,0xef,0x7b,0xef,0x7b,0xef,0x7b,0xef,0x7b,
  0xef,0x7b,0xef,0x7b,0xef,0x7b,0xef,0x7b,0xef,0x7b,0xef,0x7b,0xef,0x7b,0xef,0x7b,
  0xef,0x7b,0xef,0x7b,0xef,0x7b,0xef,0x7b,0xef,0x7b,0xef,0x7b,0xef,0x7b,0xef,0x7b,
  0x51,0x8c,0x51,0x8c,0x51,0x8c,0x51,0x8c,0x51,0x8c,0x51,0x8c,0x51,0x8c,0x51,0x8c,
  0x31,0x84,0x30,0x84,0x10,0x84,0xf0,0x83,0xcf,0x7b,0xcf,0x7b,0xcf,0x7b,0xcf,0x7b,
  0xcf,0x73,0xcf,0x73,0xcf,0x7b,0xcf,0x7b,0xcf,0x7b,0xcf,0x7b,0xcf,0x7b,0xcf,0x7b,
  0xcf,0x7b,0xcf,0x7b,0xcf,0x7b,0xcf,0x7b,0xcf,0x7b,0xcf,0x7b,0xcf,0x7b,0xcf,0x7b,
  0xcf,0x7b,0xcf,0x7b,0xcf,0x7b,0xcf,0x7b,0xcf,0x7b,0xcf,0x7b,0xcf,0x7b,0xcf,0x7b,
  0xcf,0x7b,0xef,0x7b,0xef,0x7b,0xef,0x7b,0xef,0x7b,0xef,0x7b,0xef,0x7b,0xcf,0x7b,
  0xcf,0x7b,0xae,0x73,0x8e,0x73,0x8e,0x73,0x8e,0x73,0xae,0x73,0xcf,0x7b,0xef,0x7b,
  0x10,0x84,0x10,0x84,0xcf,0x7b,0x6d,0x6b,0xeb,0x5a,0x69,0x4a,0xe7,0x39,0xa6,0x31,
  0xa6,0x31,0xc7,0x39,0x28,0x42,0xaa,0x52,0x2c,0x63,0x6d,0x6b,0x8e,0x73,0xcf,0x73,
  0xcf,0x7b,0xef,0x7b,0xef,0x7b,0xef,0x7b,0xef,0x7b,0xef,0x7b,0xef,0x7b,0xef,0x7b,
  0xef,0x7b,0xef,0x7b,0xef,0x7b,0xef,0x7b,0xef,0x7b,0xef,0x7b,0xef,0x7b,0xef,0x7b,
  0xef,0x7b,0xef,0x7b,0xef,0x7b,0xef,0x7b,0xef,0x7b,0xef,0x7b,0xef,0x7b,0xef,0x7b,
  0xef,0x7b,0xef,0x7b,0xef,0x7b,0xef,0x7b,0xef,0x7b,0xef,0x7b,0xef,0x7b,0xef,0x7b,
  0xef,0x7b,0xef,0x7b,0xef,0x7b,0xef,0x7b,0xef,0x7b,0xef,0x7b,0xef,0x7b,0xef,0x7b,
  0xef,0x7b,0xef,0x7b,0xef,0x7b,0xef,0x7b,0xef,0x7b,0xef,0x7b,0xef,0x7b,0xef,0x7b,
  0xef,0x7b,0xef,0x7b,0xef,0x7b,0xef,0x7b,0xef,0x7b,0xef,0x7b,0xef,0x7b,0xef,0x7b,
  0xef,0x7b,0xef,0x7b,0xef,0x7b,0xef,0x7b,0xf0,0x7b,0xf0,0x7b,0xf0,0x7b,0xf0,0x7b,
  0xef,0x7b,0xef,0x7b,0xef,0x7b,0xef,0x7b,0xf0,0x7b,0xf0,0x7b,0xf0,0x7b,0xf0,0x7b,
  0xf0,0x7b,0xf0,0x7b,0xef,0x7b,0xf0,0x7b,0xef,0x7b,0xef,0x7b,0xef,0x7b,0xef,0x7b,
  0xef,0x7b,0xef,0x7b,0xef,0x7b,0xef,0x7b,0xef,0x7b,0xef,0x7b,0xef,0x7b,0xef,0x7b,
  0xef,0x7b,0xef,0x7b,0xef,0x7b,0xef,0x7b,0xef,0x7b,0xef,0x7b,0xef,0x7b,0xef,0x7b,
  0xef,0x7b,0xef,0x7b,0xef,0x7b,0xef,0x7b,0xef,0x7b,0xef,0x7b,0xef,0x7b,0xef,0x7b,
  0xef,0x7b,0xef,0x7b,0xef,0x7b,0xef,0x7b,0xef,0x7b,0xef,0x7b,0xef,0x7b,0xef,0x7b,
  0xef,0x7b,0xef,0x7b,0xef,0x7b,0xef,0x7b,0xef,0x7b,0xef,0x7b,0xef,0x7b,0xef,0x7b,
  0xef,0x7b,0xef,0x7b,0xef,0x7b,0xef,0x7b,0xef,0x7b,0xef,0x7b,0xef,0x7b,0xef,0x7b,
  0x51,0x8c,0x51,0x8c,0x51,0x8c,0x51,0x8c,0x51,0x8c,0x51,0x8c,0x51,0x8c,0x51,0x8c,
  0x51,0x8c,0x51,0x8c,0x51,0x8c,0x51,0x8c,0x51,0x8c,0x51,0x8c,0x31,0x84,0x30,0x84,
  0x10,0x84,0xef,0x7b,0xcf,0x7b,0xcf,0x7b,0xcf,0x7b,0xcf,0x7b,0xcf,0x7b,0xcf,0x7b,
  0xcf,0x7b,0xcf,0x7b,0xcf,0x7b,0xcf,0x7b,0xcf,0x7b,0xcf,0x7b,0xcf,0x7b,0xcf,0x7b,
  0xcf,0x7b,0xef,0x7b,0xef,0x7b,0xcf,0x7b,0xcf,0x7b,0xcf,0x7b,0xcf,0x7b,0xcf,0x7b,
  0xcf,0x7b,0xcf,0x7b,0xcf,0x7b,0xcf,0x7b,0xcf,0x7b,0xcf,0x7b,0xef,0x7b,0xef,0x7b,
  0xef,0x7b,0xef,0x7b,0xef,0x7b,0xef,0x7b,0xcf,0x7b,0xcf,0x7b,0xce,0x7b,0xae,0x73,
  0x8e,0x73,0x8e,0x73,0xae,0x73,0xcf,0x7b,0xef,0x7b,0x10,0x84,0x10,0x84,0xef,0x7b,
  0x8e,0x73,0x0c,0x63,0x8a,0x52,0x28,0x42,0x07,0x42,0xc7,0x39,0xc7,0x39,0x08,0x42,
  0x69,0x4a,0xeb,0x5a,0x4c,0x63,0x8e,0x73,0xae,0x73,0xcf,0x7b,0xef,0x7b,0xef,0x7b,
  0xef,0x7b,0xef,0x7b,0xef,0x7b,0xef,0x7b,0xef,0x7b,0xef,0x7b,0xef,0x7b,0xef,0x7b,
  0xef,0x7b,0xef,0x7b,0xef,0x7b,0xef,0x7b,0xef,0x7b,0xef,0x7b,0xef,0x7b,0xef,0x7b,
  0xef,0x7b,0xef,0x7b,0xef,0x7b,0xef,0x7b,0xef,0x7b,0xef,0x7b,0xef,0x7b,0xef,0x7b,
  0xef,0x7b,0xef,0x7b,0xef,0x7b,0xef,0x7b,0xef,0x7b,0xef,0x7b,0xef,0x7b,0xef,0x7b,
  0xef,0x7b,0xef,0x7b,0xef,0x7b,0xef,0x7b,0xef,0x7b,0xef,0x7b,0xef,0x7b,0xef,0x7b,
  0xef,0x7b,0xef,0x7b,0xef,0x7b,0xef,0x7b,0xef,0x7b,0xef,0x7b,0xef,0x7b,0xef,0x7b,
  0xef,0x7b,0xef,0x7b,0xef,0x7b,0xef,0x7b,0xef,0x7b,0xef,0x7b,0xef,0x7b,0xef,0x7b,
  0xef,0x7b,0xef,0x7b,0xef,0x7b,0xef,0x7b,0xef,0x7b,0xef,0x7b,0xef,0x7b,0xef,0x7b,
  0xef,0x7b,0xef,0x7b,0xef,0x7b,0xef,0x7b,0xef,0x7b,0xef,0x7b,0xef,0x7b,0xef,0x7b,
  0xef,0x7b,0xef,0x7b,0xef,0x7b,0xef,0x7b,0xef,0x7b,0xef,0x7b,0xef,0x7b,0xef,0x7b,
  0xef,0x7b,0xef,0x7b,0xef,0x7b,0xef,0x7b,0xef,0x7b,0xef,0x7b,0xef,0x7b,0xef,0x7b,
  0xef,0x7b,0xef,0x7b,0xef,0x7b,0xef,0x7b,0xef,0x7b,0xef,0x7b,0xef,0x7b,0xef,0x7b,
  0xef,0x7b,0xef,0x7b,0xef,0x7b,0xef,0x7b,0xef,0x7b,0xef,0x7b,0xef,0x7b,0xef,0x7b,
  0xef,0x7b,0xef,0x7b,0xef,0x7b,0xef,0x7b,0xef,0x7b,0xef,0x7b,0xef,0x7b,0xef,0x7b,
  0xef,0x7b,0xef,0x7b,0xef,0x7b,0xef,0x7b,0xef,0x7b,0xef,0x7b,0xef,0x7b,0xef,0x7b,
  0x51,0x8c,0x51,0x8c,0x51,0x8c,0x51,0x8c,0x51,0x8c,0x51,0x8c,0x51,0x8c,0x51,0x8c,
  0x51,0x8c,0x51,0x8c,0x51,0x8c,0x51,0x8c,0x51,0x8c,0x51,0x8c,0x51,0x8c,0x51,0x8c,
  0x51,0x8c,0x51,0x8c,0x51,0x8c,0x51,0x8c,0x30,0x84,0x10,0x84,0x10,0x84,0xef,0x7b,
  0xcf,0x7b,0xcf,0x7b,0xcf,0x7b,0xcf,0x7b,0xcf,0x7b,0xcf,0x7b,0xcf,0x7b,0xcf,0x7b,
  0xcf,0x7b,0xcf,0x7b,0xcf,0x7b,0xcf,0x7b,0xcf,0x7b,0xcf,0x7b,0xcf,0x7b,0xcf,0x7b,
  0xcf,0x7b,0xcf,0x7b,0xcf,0x7b,0xcf,0x7b,0xcf,0x7b,0xcf,0x7b,0xcf,0x7b,0xcf,0x7b,
  0xcf,0x7b,0xcf,0x7b,0xcf,0x7b,0xcf,0x7b,0xef,0x7b,0xef,0x7b,0xef,0x7b,0xef,0x7b,
  0xef,0x7b,0xef,0x7b,0xcf,0x7b,0xcf,0x73,0xae,0x73,0x8e,0x73,0x8e,0x73,0xae,0x73,
  0xcf,0x7b,0xef,0x7b,0x10,0x84,0x10,0x84,0xef,0x7b,0xae,0x73,0x4c,0x63,0xaa,0x52,
  0x28,0x42,0xc7,0x39,0xa6,0x31,0xc7,0x39,0x08,0x42,0x69,0x4a,0xcb,0x5a,0x2c,0x63,
  0x8e,0x73,0xce,0x7b,0xef,0x7b,0xef,0x7b,0xef,0x7b,0xef,0x7b,0xef,0x7b,0xef,0x7b,
  0xef,0x7b,0xef,0x7b,0xef,0x7b,0xef,0x7b,0xef,0x7b,0xef,0x7b,0xef,0x7b,0xef,0x7b,
  0xef,0x7b,0xef,0x7b,0xef,0x7b,0xef,0x7b,0xef,0x7b,0xef,0x7b,0xef,0x7b,0xef,0x7b,
  0xef,0x7b,0xef,0x7b,0xef,0x7b,0xef,0x7b,0xef,0x7b,0xef,0x7b,0xef,0x7b,0xef,0x7b,
  0xef,0x7b,0xef,0x7b,0xef,0x7b,0xef,0x7b,0xef,0x7b,0xef,0x7b,0xef,0x7b,0xef,0x7b,
  0xef,0x7b,0xef,0x7b,0xef,0x7b,0xef,0x7b,0xef,0x7b,0xef,0x7b,0xef,0x7b,0xef,0x7b,
  0xef,0x7b,0xef,0x7b,0xef,0x7b,0xef,0x7b,0xef,0x7b,0xef,0x7b,0xef,0x7b,0xef,0x7b,
  0xef,0x7b,0xef,0x7b,0xef,0x7b,0xef,0x7b,0xef,0x7b,0xef,0x7b,0xef,0x7b,0xef,0x7b,
  0xef,0x7b,0xef,0x7b,0xef,0x7b,0xef,0x7b,0xef,0x7b,0xef,0x7b,0xef,0x7b,0xef,0x7b,
  0xef,0x7b,0xef,0x7b,0xef,0x7b,0xef,0x7b,0xef,0x7b,0xef,0x7b,0xef,0x7b,0xef,0x7b,
  0xef,0x7b,0xef,0x7b,0xef,0x7b,0xef,0x7b,0xef,0x7b,0xef,0x7b,0xef,0x7b,0xef,0x7b,
  0xef,0x7b,0xef,0x7b,0xef,0x7b,0xef,0x7b,0xef,0x7b,0xef,0x7b,0xef,0x7b,0xef,0x7b,
  0xef,0x7b,0xef,0x7b,0xef,0x7b,0xef,0x7b,0xef,0x7b,0xef,0x7b,0xef,0x7b,0xef,0x7b,
  0xef,0x7b,0xef,0x7b,0xef,0x7b,0xef,0x7b,0xef,0x7b,0xef,0x7b,0xef,0x7b,0xef,0x7b,
  0xef,0x7b,0xef,0x7b,0xef,0x7b,0xef,0x7b,0xef,0x7b,0xf0,0x7b,0x10,0x7c,0x10,0x84,
  0x51,0x8c,0x51,0x8c,0x51,0x8c,0x51,0x8c,0x51,0x8c,0x51,0x8c,0x51,0x8c,0x51,0x8c,
  0x51,0x8c,0x51,0x8c,0x51,0x8c,0x51,0x8c,0x51,0x8c,0x51,0x8c,0x51,0x8c,0x51,0x8c,
  0x51,0x8c,0x51,0x8c,0x51,0x8c,0x51,0x8c,0x51,0x8c,0x51,0x8c,0x51,0x8c,0x51,0x8c,
  0x51,0x8c,0x51,0x84,0x30,0x84,0x10,0x84,0xf0,0x7b,0xef,0x7b,0xcf,0x7b,0xcf,0x7b,
  0xcf,0x7b,0xcf,0x73,0xcf,0x7b,0xcf,0x7b,0xcf,0x7b,0xcf,0x7b,0xcf,0x7b,0xcf,0x7b,
  0xcf,0x7b,0xcf,0x7b,0xcf,0x7b,0xcf,0x7b,0xcf,0x7b,0xcf,0x7b,0xcf,0x7b,0xcf,0x7b,
  0xcf,0x7b,0xcf,0x7b,0xcf,0x7b,0xcf,0x7b,0xcf,0x7b,0xcf,0x7b,0xcf,0x7b,0xcf,0x7b,
  0xcf,0x7b,0xef,0x7b,0xef,0x7b,0xef,0x7b,0xef,0x7b,0xef,0x7b,0xcf,0x7b,0xcf,0x7b,
  0xaf,0x73,0xae,0x73,0x8e,0x73,0x8e,0x73,0x8e,0x73,0xae,0x73,0xcf,0x7b,0xef,0x7b,
  0x10,0x84,0x10,0x84,0xcf,0x7b,0x4d,0x6b,0xeb,0x5a,0x69,0x4a,0xe7,0x39,0xc7,0x31,
  0xa6,0x31,0xe7,0x39,0x49,0x4a,0xcb,0x52,0x2c,0x63,0x8e,0x73,0xce,0x73,0xef,0x7b,
  0x10,0x84,0x0f,0x7c,0xef,0x7b,0xef,0x7b,0xef,0x7b,0xef,0x7b,0xef,0x7b,0xef,0x7b,
  0xef,0x7b,0xef,0x7b,0xef,0x7b,0xef,0x7b,0xef,0x7b,0xef,0x7b,0xef,0x7b,0xef,0x7b,
  0xef,0x7b,0xef,0x7b,0xef,0x7b,0xef,0x7b,0xef,0x7b,0xef,0x7b,0xef,0x7b,0xef,0x7b,
  0xef,0x7b,0xef,0x7b,0xef,0x7b,0xef,0x7b,0xef,0x7b,0xef,0x7b,0xef,0x7b,0xef,0x7b,
  0xef,0x7b,0xef,0x7b,0xef,0x7b,0xef,0x7b,0xef,0x7b,0xef,0x7b,0xef,0x7b,0xef,0x7b,
  0xef,0x7b,0xef,0x7b,0xef,0x7b,0xef,0x7b,0xef,0x7b,0xef,0x7b,0xef,0x7b,0xef,0x7b,
  0xef,0x7b,0xef,0x7b,0xef,0x7b,0xef,0x7b,0xef,0x7b,0xef,0x7b,0xef,0x7b,0xef,0x7b,
  0xef,0x7b,0xef,0x7b,0xef,0x7b,0xef,0x7b,0xef,0x7b,0xef,0x7b,0xef,0x7b,0xef,0x7b,
  0xef,0x7b,0xef,0x7b,0xef,0x7b,0xef,0x7b,0xef,0x7b,0xef,0x7b,0xef,0x7b,0xef,0x7b,
  0xef,0x7b,0xef,0x7b,0xef,0x7b,0xef,0x7b,0xef,0x7b,0xef,0x7b,0xef,0x7b,0xef,0x7b,
  0xef,0x7b,0xef,0x7b,0xef,0x7b,0xef,0x7b,0xef,0x7b,0xf0,0x7b,0xf0,0x7b,0xf0,0x7b,
  0xf0,0x7b,0x10,0x7c,0x10,0x7c,0xf0,0x7b,0xef,0x7b,0xef,0x7b,0xef,0x7b,0xef,0x7b,
  0xef,0x7b,0xef,0x7b,0xef,0x7b,0xef,0x7b,0xef,0x7b,0x0f,0x7c,0x0f,0x7c,0x10,0x7c,
  0x10,0x84,0x10,0x84,0xef,0x7b,0xef,0x7b,0xef,0x7b,0xef,0x7b,0xcf,0x7b,0xcf,0x7b,
  0x51,0x8c,0x51,0x8c,0x51,0x8c,0x51,0x8c,0x51,0x8c,0x51,0x8c,0x51,0x8c,0x51,0x8c,
  0x51,0x8c,0x51,0x8c,0x51,0x8c,0x51,0x8c,0x51,0x8c,0x51,0x8c,0x51,0x8c,0x51,0x8c,
  0x51,0x8c,0x51,0x8c,0x51,0x8c,0x51,0x8c,0x51,0x8c,0x51,0x8c,0x51,0x8c,0x51,0x8c,
  0x51,0x8c,0x51,0x8c,0x51,0x8c,0x51,0x8c,0x51,0x8c,0x51,0x8c,0x51,0x8c,0x30,0x84,
  0x30,0x84,0x10,0x84,0xef,0x7b,0xcf,0x7b,0xcf,0x7b,0xcf,0x7b,0xcf,0x7b,0xcf,0x7b,
  0xcf,0x7b,0xcf,0x7b,0xcf,0x7b,0xcf,0x7b,0xcf,0x7b,0xef,0x7b,0xef,0x7b,0xef,0x7b,
  0xef,0x7b,0xcf,0x7b,0xcf,0x7b,0xcf,0x7b,0xcf,0x7b,0xcf,0x7b,0xcf,0x7b,0xcf,0x7b,
  0xcf,0x7b,0xcf,0x7b,0xcf,0x7b,0xcf,0x7b,0xcf,0x7b,0xcf,0x7b,0xcf,0x7b,0xcf,0x7b,
  0xcf,0x7b,0xcf,0x7b,0xef,0x7b,0xef,0x7b,0xef,0x7b,0xcf,0x7b,0xce,0x73,0xae,0x73,
  0x8e,0x73,0x8e,0x73,0xae,0x73,0xcf,0x7b,0xef,0x7b,0x10,0x84,0x10,0x84,0xcf,0x7b,
  0x8e,0x73,0x0c,0x63,0x69,0x4a,0x08,0x42,0xc7,0x39,0xa6,0x31,0xc7,0x39,0x28,0x42,
  0x8a,0x52,0x0c,0x63,0x8e,0x73,0xcf,0x7b,0xef,0x7b,0x10,0x84,0x10,0x84,0x0f,0x84,
  0xef,0x7b,0xef,0x7b,0xef,0x7b,0xef,0x7b,0xef,0x7b,0xef,0x7b,0xef,0x7b,0xef,0x7b,
  0xef,0x7b,0xef,0x7b,0xef,0x7b,0xef,0x7b,0xef,0x7b,0xef,0x7b,0xef,0x7b,0xef,0x7b,
  0xef,0x7b,0xef,0x7b,0xef,0x7b,0xef,0x7b,0xef,0x7b,0xef,0x7b,0xef,0x7b,0xef,0x7b,
  0xef,0x7b,0xef,0x7b,0xef,0x7b,0xef,0x7b,0xef,0x7b,0xef,0x7b,0xef,0x7b,0xef,0x7b,
  0xef,0x7b,0xef,0x7b,0xef,0x7b,0xef,0x7b,0xef,0x7b,0xef,0x7b,0xef,0x7b,0xef,0x7b,
  0xef,0x7b,0xef,0x7b,0xef,0x7b,0xef,0x7b,0xef,0x7b,0xef,0x7b,0xef,0x7b,0xef,0x7b,
  0xef,0x7b,0xef,0x7b,0xef,0x7b,0xef,0x7b,0xef,0x7b,0xef,0x7b,0xef,0x7b,0xef,0x7b,
  0xef,0x7b,0xef,0x7b,0xef,0x7b,0xef,0x7b,0xef,0x7b,0xef,0x7b,0xef,0x7b,0xef,0x7b,
  0xef,0x7b,0xef,0x7b,0xef,0x7b,0xef,0x7b,0xef,0x7b,0xef,0x7b,0xef,0x7b,0xef,0x7b,
  0xef,0x7b,0xef,0x7b,0xef,0x7b,0xef,0x7b,0xef,0x7b,0xf0,0x7b,0xf0,0x7b,0x10,0x7c,
  0x10,0x7c,0x10,0x84,0x10,0x84,0x10,0x7c,0x10,0x84,0x10,0x84,0x10,0x84,0x10,0x84,
  0x10,0x84,0x10,0x84,0x0f,0x7c,0xef,0x7b,0xef,0x7b,0xef,0x7b,0xef,0x7b,0xcf,0x7b,
  0xcf,0x7b,0xcf,0x7b,0xcf,0x7b,0xcf,0x7b,0xef,0x7b,0xef,0x7b,0x10,0x7c,0x10,0x84,
  0x51,0x8c,0x51,0x8c,0x51,0x8c,0x51,0x8c,0x51,0x8c,0x51,0x8c,0x51,0x8c,0x51,0x8c,
  0x51,0x8c,0x51,0x8c,0x51,0x8c,0x51,0x8c,0x51,0x8c,0x51,0x8c,0x51,0x8c,0x51,0x8c,
  0x51,0x8c,0x51,0x8c,0x51,0x8c,0x51,0x8c,0x51,0x8c,0x51,0x8c,0x51,0x8c,0x51,0x8c,
  0x51,0x8c,0x51,0x8c,0x51,0x8c,0x51,0x8c,0x51,0x8c,0x51,0x8c,0x51,0x8c,0x51,0x8c,
  0x51,0x8c,0x51,0x8c,0x51,0x8c,0x51,0x8c,0x51,0x8c,0x30,0x84,0x10,0x84,0xf0,0x7b,
  0xef,0x7b,0xcf,0x7b,0xcf,0x7b,0xcf,0x7b,0xcf,0x7b,0xcf,0x7b,0xcf,0x7b,0xcf,0x7b,
  0xef,0x7b,0xef,0x7b,0xef,0x7b,0xcf,0x7b,0xcf,0x7b,0xcf,0x7b,0xcf,0x7b,0xcf,0x7b,
  0xcf,0x7b,0xcf,0x7b,0xcf,0x7b,0xcf,0x7b,0xcf,0x7b,0xcf,0x7b,0xcf,0x7b,0xcf,0x7b,
  0xcf,0x7b,0xcf,0x7b,0xcf,0x7b,0xcf,0x7b,0xcf,0x7b,0xcf,0x7b,0xcf,0x7b,0xef,0x7b,
  0xef,0x7b,0xef,0x7b,0xef,0x7b,0xcf,0x7b,0xce,0x73,0xae,0x73,0xae,0x73,0xae,0x73,
  0xcf,0x7b,0xef,0x7b,0x10,0x84,0x10,0x84,0xef,0x7b,0xae,0x73,0x4d,0x6b,0xcb,0x52,
  0x28,0x42,0xc7,0x39,0x86,0x31,0xa6,0x31,0x07,0x3a,0x69,0x4a,0xeb,0x5a,0x6d,0x6b,
  0xce,0x7b,0xef,0x7b,0x10,0x84,0x10,0x84,0x10,0x84,0xef,0x7b,0xef,0x7b,0xef,0x7b,
  0xef,0x7b,0xef,0x7b,0xef,0x7b,0xef,0x7b,0xef,0x7b,0xef,0x7b,0xef,0x7b,0xef,0x7b,
  0xef,0x7b,0xef,0x7b,0xef,0x7b,0xef,0x7b,0xef,0x7b,0xef,0x7b,0xef,0x7b,0xef,0x7b,
  0xef,0x7b,0xef,0x7b,0xef,0x7b,0xef,0x7b,0xef,0x7b,0xef,0x7b,0xef,0x7b,0xef,0x7b,
  0xef,0x7b,0xef,0x7b,0xef,0x7b,0xef,0x7b,0xef,0x7b,0xef,0x7b,0xef,0x7b,0xef,0x7b,
  0xef,0x7b,0xef,0x7b,0xef,0x7b,0xef,0x7b,0xef,0x7b,0xef,0x7b,0xef,0x7b,0xef,0x7b,
  0xef,0x7b,0xef,0x7b,0xef,0x7b,0xef,0x7b,0xef,0x7b,0xef,0x7b,0xef,0x7b,0xef,0x7b,
  0xef,0x7b,0xef,0x7b,0xef,0x7b,0xef,0x7b,0xef,0x7b,0xef,0x7b,0xef,0x7b,0xef,0x7b,
  0xef,0x7b,0xef,0x7b,0xef,0x7b,0xef,0x7b,0xef,0x7b,0xef,0x7b,0xef,0x7b,0xef,0x7b,
  0xef,0x7b,0xef,0x7b,0xef,0x7b,0x0f,0x84,0x10,0x84,0x10,0x84,0x10,0x84,0x10,0x84,
  0x10,0x84,0x10,0x84,0x10,0x84,0x10,0x84,0x10,0x84,0xef,0x7b,0xef,0x7b,0xef,0x7b,
  0xcf,0x7b,0xcf,0x7b,0xcf,0x7b,0xcf,0x7b,0xcf,0x7b,0xef,0x7b,0xef,0x7b,0x10,0x84,
  0x10,0x84,0x30,0x84,0x51,0x8c,0x51,0x8c,0x51,0x8c,0x51,0x8c,0x51,0x8c,0x30,0x84,
  0x51,0x8c,0x51,0x8c,0x51,0x8c,0x51,0x8c,0x51,0x8c,0x51,0x8c,0x51,0x8c,0x51,0x8c,
  0x51,0x8c,0x51,0x8c,0x51,0x8c,0x51,0x8c,0x51,0x8c,0x51,0x8c,0x51,0x8c,0x51,0x8c,
  0x51,0x8c,0x51,0x8c,0x51,0x8c,0x51,0x8c,0x51,0x8c,0x51,0x8c,0x51,0x8c,0x51,0x8c,
  0x51,0x8c,0x51,0x8c,0x51,0x8c,0x51,0x8c,0x51,0x8c,0x51,0x8c,0x51,0x8c,0x51,0x8c,
  0x51,0x8c,0x51,0x8c,0x51,0x8c,0x51,0x8c,0x51,0x8c,0x51,0x8c,0x51,0x8c,0x51,0x8c,
  0x51,0x8c,0x51,0x8c,0x51,0x84,0x30,0x84,0x10,0x84,0xef,0x7b,0xef,0x7b,0xcf,0x7b,
  0xcf,0x7b,0xcf,0x7b,0xcf,0x7b,0xcf,0x7b,0xcf,0x7b,0xcf,0x7b,0xcf,0x7b,0xcf,0x7b,
  0xcf,0x7b,0xcf,0x7b,0xcf,0x7b,0xcf,0x7b,0xcf,0x7b,0xcf,0x7b,0xcf,0x7b,0xcf,0x7b,
  0xcf,0x7b,0xcf,0x7b,0xcf,0x7b,0xcf,0x7b,0xcf,0x7b,0xcf,0x7b,0xcf,0x7b,0xcf,0x7b,
  0xcf,0x7b,0xcf,0x7b,0xef,0x7b,0xef,0x7b,0xef,0x7b,0xef,0x7b,0xef,0x7b,0xcf,0x7b,
  0xcf,0x7b,0xae,0x73,0x8e,0x73,0x8e,0x73,0x8e,0x73,0xce,0x7b,0xef,0x7b,0x10,0x84,
  0x10,0x84,0x10,0x84,0xcf,0x7b,0x6d,0x6b,0xeb,0x5a,0x49,0x4a,0xe7,0x39,0xa6,0x31,
  0xa6,0x31,0xc7,0x39,0x49,0x4a,0xcb,0x5a,0x4d,0x6b,0xae,0x73,0xef,0x7b,0x10,0x84,
  0x10,0x84,0x10,0x84,0x10,0x84,0xef,0x7b,0xef,0x7b,0xef,0x7b,0xef,0x7b,0xef,0x7b,
  0xef,0x7b,0xef,0x7b,0xef,0x7b,0xef,0x7b,0xef,0x7b,0xef,0x7b,0xef,0x7b,0xef,0x7b,
  0xef,0x7b,0xef,0x7b,0xef,0x7b,0xef,0x7b,0xef,0x7b,0xef,0x7b,0xef,0x7b,0xef,0x7b,
  0xef,0x7b,0xef,0x7b,0xef,0x7b,0xef,0x7b,0xef,0x7b,0xef,0x7b,0xef,0x7b,0xef,0x7b,
  0xef,0x7b,0xef,0x7b,0xef,0x7b,0xef,0x7b,0xef,0x7b,0xef,0x7b,0xef,0x7b,0xef,0x7b,
  0xef,0x7b,0xef,0x7b,0xef,0x7b,0xef,0x7b,0xef,0x7b,0xef,0x7b,0xef,0x7b,0xef,0x7b,
  0xef,0x7b,0xef,0x7b,0xef,0x7b,0xef,0x7b,0xef,0x7b,0xef,0x7b,0xef,0x7b,0xef,0x7b,
  0xef,0x7b,0xef,0x7b,0xef,0x7b,0xef,0x7b,0xef,0x7b,0xef,0x7b,0xef,0x7b,0xef,0x7b,
  0xef,0x7b,0xef,0x7b,0x0f,0x84,0x0f,0x84,0x0f,0x84,0x0f,0x7c,0xef,0x7b,0xef,0x7b,
  0xef,0x7b,0xef,0x7b,0xcf,0x7b,0xcf,0x7b,0xcf,0x7b,0xcf,0x7b,0xcf,0x7b,0xef,0x7b,
  0x10,0x84,0x10,0x84,0x30,0x84,0x51,0x8c,0x51,0x8c,0x51,0x8c,0x51,0x8c,0x51,0x8c,
  0x30,0x84,0xf0,0x83,0x8e,0x73,0x2c,0x63,0xcb,0x5a,0x69,0x4a,0x28,0x42,0x28,0x42,
  0x51,0x8c,0x51,0x8c,0x51,0x8c,0x51,0x8c,0x51,0x8c,0x51,0x8c,0x51,0x8c,0x51,0x8c,
  0x51,0x8c,0x51,0x8c,0x51,0x8c,0x51,0x8c,0x51,0x8c,0x51,0x8c,0x51,0x8c,0x51,0x8c,
  0x51,0x8c,0x51,0x8c,0x51,0x8c,0x51,0x8c,0x51,0x8c,0x51,0x8c,0x51,0x8c,0x51,0x8c,
  0x51,0x8c,0x51,0x8c,0x51,0x8c,0x51,0x8c,0x51,0x8c,0x51,0x8c,0x51,0x8c,0x51,0x8c,
  0x51,0x8c,0x51,0x8c,0x51,0x8c,0x51,0x8c,0x51,0x8c,0x51,0x8c,0x51,0x8c,0x51,0x8c,
  0x51,0x8c,0x51,0x8c,0x51,0x8c,0x51,0x8c,0x51,0x8c,0x51,0x8c,0x51,0x8c,0x51,0x8c,
  0x30,0x84,0x10,0x84,0x10,0x7c,0xef,0x7b,0xcf,0x7b,0xcf,0x7b,0xcf,0x73,0xcf,0x73,
  0xcf,0x7b,0xcf,0x7b,0xcf,0x7b,0xcf,0x7b,0xcf,0x7b,0xcf,0x7b,0xcf,0x7b,0xcf,0x7b,
  0xcf,0x7b,0xcf,0x7b,0xcf,0x7b,0xcf,0x7b,0xcf,0x7b,0xcf,0x7b,0xcf,0x7b,0xcf,0x7b,
  0xcf,0x7b,0xcf,0x7b,0xcf,0x7b,0xcf,0x7b,0xcf,0x7b,0xcf,0x7b,0xcf,0x7b,0xcf,0x7b,
  0xef,0x7b,0xcf,0x7b,0xef,0x7b,0xef,0x7b,0xcf,0x7b,0xcf,0x7b,0xcf,0x7b,0xcf,0x7b,
  0xae,0x73,0xae,0x73,0xae,0x73,0xcf,0x7b,0x10,0x84,0x10,0x84,0x10,0x84,0xef,0x7b,
  0x8e,0x73,0x0c,0x63,0x8a,0x52,0x08,0x42,0xc7,0x39,0xc6,0x39,0xe7,0x39,0x48,0x42,
  0xaa,0x52,0x2c,0x63,0xae,0x73,0xef,0x7b,0x10,0x84,0x10,0x84,0x10,0x84,0x10,0x84,
  0x0f,0x84,0xef,0x7b,0xef,0x7b,0xef,0x7b,0xef,0x7b,0xef,0x7b,0xef,0x7b,0xef,0x7b,
  0xef,0x7b,0xef,0x7b,0xef,0x7b,0xef,0x7b,0xef,0x7b,0xef,0x7b,0xef,0x7b,0xef,0x7b,
  0xef,0x7b,0xef,0x7b,0xef,0x7b,0xef,0x7b,0xef,0x7b,0xef,0x7b,0xef,0x7b,0xef,0x7b,
  0xef,0x7b,0xef,0x7b,0xef,0x7b,0xef,0x7b,0xef,0x7b,0xef,0x7b,0xef,0x7b,0xef,0x7b,
  0xef,0x7b,0xef,0x7b,0xef,0x7b,0xef,0x7b,0xef,0x7b,0xef,0x7b,0xef,0x7b,0xef,0x7b,
  0xef,0x7b,0xef,0x7b,0xef,0x7b,0xef,0x7b,0xef,0x7b,0xef,0x7b,0xef,0x7b,0xef,0x7b,
  0xef,0x7b,0xef,0x7b,0xef,0x7b,0xef,0x7b,0xef,0x7b,0xef,0x7b,0xef,0x7b,0xef,0x7b,
  0xef,0x7b,0xcf,0x7b,0xcf,0x7b,0xcf,0x7b,0xcf,0x7b,0xcf,0x7b,0xef,0x7b,0xef,0x7b,
  0xef,0x7b,0x10,0x84,0x30,0x84,0x31,0x84,0x51,0x8c,0x51,0x8c,0x51,0x8c,0x51,0x8c,
  0x51,0x8c,0x10,0x84,0xcf,0x7b,0x8e,0x73,0x2c,0x63,0xeb,0x5a,0x8a,0x52,0x48,0x42,
  0x08,0x42,0xe7,0x39,0xe7,0x39,0x08,0x42,0x49,0x4a,0xaa,0x52,0x2c,0x63,0x4d,0x6b,
  0x51,0x8c,0x51,0x8c,0x51,0x8c,0x51,0x8c,0x51,0x8c,0x51,0x8c,0x51,0x8c,0x51,0x8c,
  0x51,0x8c,0x51,0x8c,0x51,0x8c,0x51,0x8c,0x51,0x8c,0x51,0x8c,0x51,0x8c,0x51,0x8c,
  0x51,0x8c,0x51,0x8c,0x51,0x8c,0x51,0x8c,0x51,0x8c,0x51,0x8c,0x51,0x8c,0x51,0x8c,
  0x51,0x8c,0x51,0x8c,0x51,0x8c,0x51,0x8c,0x51,0x8c,0x51,0x8c,0x51,0x8c,0x51,0x8c,
  0x51,0x8c,0x51,0x8c,0x51,0x8c,0x51,0x8c,0x51,0x8c,0x51,0x8c,0x51,0x8c,0x51,0x8c,
  0x51,0x8c,0x51,0x8c,0x51,0x8c,0x51,0x8c,0x51,0x8c,0x51,0x8c,0x51,0x8c,0x51,0x8c,
  0x51,0x8c,0x51,0x8c,0x51,0x8c,0x51,0x8c,0x51,0x8c,0x31,0x84,0x30,0x84,0x10,0x84,
  0xef,0x7b,0xef,0x7b,0xcf,0x7b,0xcf,0x7b,0xcf,0x73,0xaf,0x73,0xcf,0x7b,0xcf,0x7b,
  0xcf,0x7b,0xcf,0x7b,0xcf,0x7b,0xcf,0x7b,0xcf,0x7b,0xcf,0x7b,0xcf,0x7b,0xcf,0x7b,
  0xcf,0x7b,0xcf,0x7b,0xcf,0x7b,0xcf,0x7b,0xcf,0x7b,0xcf,0x7b,0xcf,0x7b,0xcf,0x7b,
  0xcf,0x7b,0xcf,0x7b,0xcf,0x7b,0xcf,0x7b,0xcf,0x7b,0xcf,0x7b,0xcf,0x7b,0xcf,0x7b,
  0xef,0x7b,0xef,0x7b,0xcf,0x7b,0xcf,0x7b,0xae,0x73,0xae,0x73,0xae,0x73,0xae,0x73,
  0xcf,0x7b,0x0f,0x84,0x30,0x84,0x30,0x84,0x10,0x84,0xae,0x73,0x2c,0x63,0xaa,0x52,
  0x28,0x42,0xc7,0x39,0xa6,0x31,0xc7,0x39,0x08,0x42,0x8a,0x52,0x0c,0x63,0x8e,0x73,
  0xcf,0x7b,0x10,0x84,0x30,0x84,0x30,0x84,0x10,0x84,0x10,0x84,0xef,0x7b,0xef,0x7b,
  0xef,0x7b,0xef,0x7b,0xef,0x7b,0xef,0x7b,0xef,0x7b,0xef,0x7b,0xef,0x7b,0xef,0x7b,
  0xef,0x7b,0xef,0x7b,0xef,0x7b,0xef,0x7b,0xef,0x7b,0xef,0x7b,0xef,0x7b,0xef,0x7b,
  0xef,0x7b,0xef,0x7b,0xef,0x7b,0xef,0x7b,0xef,0x7b,0xef,0x7b,0xef,0x7b,0xef,0x7b,
  0xef,0x7b,0xef,0x7b,0xef,0x7b,0xef,0x7b,0xef,0x7b,0xef,0x7b,0xef,0x7b,0xef,0x7b,
  0xef,0x7b,0xef,0x7b,0xef,0x7b,0xef,0x7b,0xef,0x7b,0xef,0x7b,0xef,0x7b,0xef,0x7b,
  0xef,0x7b,0xcf,0x7b,0xcf,0x7b,0xcf,0x7b,0xcf,0x7b,0xcf,0x7b,0xef,0x7b,0xef,0x7b,
  0xef,0x7b,0x10,0x84,0x30,0x84,0x30,0x84,0x51,0x8c,0x51,0x8c,0x51,0x8c,0x51,0x8c,
  0x51,0x8c,0x30,0x84,0xf0,0x7b,0xaf,0x73,0x6d,0x6b,0x2c,0x63,0xcb,0x5a,0x6a,0x52,
  0x29,0x42,0x08,0x42,0x28,0x42,0x28,0x42,0x69,0x4a,0xaa,0x52,0x0c,0x63,0x4d,0x6b,
  0xae,0x73,0xef,0x7b,0x10,0x84,0x50,0x8c,0x50,0x8c,0x50,0x8c,0x30,0x84,0x10,0x84,
  0x51,0x8c,0x51,0x8c,0x51,0x8c,0x51,0x8c,0x51,0x8c,0x51,0x8c,0x51,0x8c,0x51,0x8c,
  0x51,0x8c,0x51,0x8c,0x51,0x8c,0x51,0x8c,0x51,0x8c,0x51,0x8c,0x51,0x8c,0x51,0x8c,
  0x51,0x8c,0x51,0x8c,0x51,0x8c,0x51,0x8c,0x51,0x8c,0x51,0x8c,0x51,0x8c,0x51,0x8c,
  0x51,0x8c,0x51,0x8c,0x51,0x8c,0x51,0x8c,0x51,0x8c,0x51,0x8c,0x51,0x8c,0x51,0x8c,
  0x51,0x8c,0x51,0x8c,0x51,0x8c,0x51,0x8c,0x51,0x8c,0x51,0x8c,0x51,0x8c,0x51,0x8c,
  0x51,0x8c,0x51,0x8c,0x51,0x8c,0x51,0x8c,0x51,0x8c,0x51,0x8c,0x51,0x8c,0x51,0x8c,
  0x51,0x8c,0x51,0x8c,0x51,0x8c,0x51,0x8c,0x51,0x8c,0x51,0x8c,0x51,0x8c,0x51,0x8c,
  0x51,0x8c,0x51,0x8c,0x51,0x8c,0x30,0x84,0x10,0x84,0xf0,0x7b,0xef,0x7b,0xcf,0x7b,
  0xcf,0x73,0xae,0x73,0xae,0x73,0xae,0x73,0xae,0x73,0xcf,0x73,0xcf,0x73,0xcf,0x7b,
  0xcf,0x7b,0xcf,0x7b,0xcf,0x7b,0xcf,0x7b,0xcf,0x7b,0xcf,0x7b,0xcf,0x7b,0xcf,0x7b,
  0xcf,0x7b,0xcf,0x7b,0xcf,0x7b,0xcf,0x7b,0xcf,0x7b,0xcf,0x7b,0xcf,0x7b,0xcf,0x7b,
  0xcf,0x7b,0xcf,0x7b,0xcf,0x7b,0xcf,0x7b,0xcf,0x7b,0xcf,0x7b,0xcf,0x7b,0xcf,0x7b,
  0xcf,0x7b,0xae,0x73,0xae,0x73,0xae,0x73,0xae,0x73,0xcf,0x7b,0xef,0x7b,0x10,0x84,
  0x30,0x84,0x10,0x84,0xcf,0x7b,0x4d,0x6b,0xcb,0x5a,0x48,0x42,0xe7,0x39,0xa6,0x31,
  0xc7,0x39,0x08,0x42,0x69,0x4a,0xeb,0x5a,0x6d,0x6b,0xcf,0x7b,0x10,0x84,0x30,0x84,
  0x30,0x84,0x10,0x84,0x10,0x84,0xef,0x7b,0xef,0x7b,0xef,0x7b,0xef,0x7b,0xef,0x7b,
  0xef,0x7b,0xef,0x7b,0xef,0x7b,0xef,0x7b,0xef,0x7b,0xef,0x7b,0xef,0x7b,0xef,0x7b,
  0xef,0x7b,0xef,0x7b,0xef,0x7b,0xef,0x7b,0xef,0x7b,0xef,0x7b,0xef,0x7b,0xef,0x7b,
  0xef,0x7b,0xef,0x7b,0xef,0x7b,0xef,0x7b,0xef,0x7b,0xef,0x7b,0xef,0x7b,0xcf,0x7b,
  0xcf,0x7b,0xcf,0x7b,0xcf,0x7b,0xcf,0x7b,0xcf,0x7b,0xef,0x7b,0xef,0x7b,0xef,0x7b,
  0xef,0x7b,0x10,0x84,0x10,0x84,0x30,0x84,0x30,0x84,0x51,0x8c,0x51,0x8c,0x51,0x8c,
  0x51,0x8c,0x30,0x84,0x10,0x84,0xcf,0x7b,0x8e,0x73,0x2c,0x63,0xeb,0x5a,0x8a,0x52,
  0x69,0x4a,0x69,0x4a,0x49,0x4a,0x69,0x4a,0x8a,0x52,0xcb,0x5a,0x0c,0x63,0x4d,0x6b,
  0x8e,0x73,0xcf,0x7b,0x10,0x84,0x30,0x84,0x30,0x84,0x50,0x84,0x30,0x84,0x10,0x84,
  0x0f,0x84,0xef,0x7b,0xcf,0x7b,0xcf,0x7b,0xcf,0x7b,0xcf,0x7b,0xcf,0x7b,0xcf,0x7b,
  0x51,0x84,0x51,0x8c,0x51,0x8c,0x51,0x8c,0x51,0x8c,0x51,0x8c,0x51,0x8c,0x51,0x8c,
  0x51,0x8c,0x51,0x8c,0x51,0x8c,0x51,0x8c,0x51,0x8c,0x51,0x8c,0x51,0x8c,0x51,0x8c,
  0x51,0x8c,0x51,0x8c,0x51,0x8c,0x51,0x8c,0x51,0x8c,0x51,0x8c,0x51,0x8c,0x51,0x8c,
  0x51,0x8c,0x51,0x8c,0x51,0x8c,0x51,0x8c,0x51,0x8c,0x51,0x8c,0x51,0x8c,0x51,0x8c,
  0x51,0x8c,0x51,0x8c,0x51,0x8c,0x51,0x8c,0x51,0x8c,0x51,0x8c,0x51,0x8c,0x51,0x8c,
  0x51,0x8c,0x51,0x8c,0x51,0x8c,0x51,0x8c,0x51,0x8c,0x51,0x8c,0x30,0x84,0x10,0x84,
  0x31,0x84,0x31,0x84,0x10,0x7c,0x10,0x7c,0x10,0x7c,0x51,0x84,0x51,0x8c,0x51,0x8c,
  0x51,0x8c,0x51,0x8c,0x51,0x8c,0x51,0x8c,0x51,0x8c,0x51,0x8c,0x51,0x8c,0x51,0x8c,
  0x31,0x84,0x30,0x84,0x10,0x84,0xef,0x7b,0xcf,0x7b,0xaf,0x73,0xae,0x73,0xae,0x73,
  0xae,0x73,0xae,0x73,0xae,0x73,0xae,0x73,0xaf,0x73,0xcf,0x7b,0xcf,0x7b,0xcf,0x7b,
  0xcf,0x7b,0xcf,0x7b,0xcf,0x7b,0xcf,0x7b,0xcf,0x7b,0xcf,0x7b,0xcf,0x7b,0xcf,0x7b,
  0xcf,0x7b,0xcf,0x7b,0xcf,0x7b,0xcf,0x7b,0xcf,0x7b,0xcf,0x7b,0xcf,0x7b,0xcf,0x7b,
  0xcf,0x7b,0xcf,0x7b,0xcf,0x7b,0xcf,0x7b,0xcf,0x7b,0xcf,0x7b,0xcf,0x7b,0xce,0x73,
  0xae,0x73,0xcf,0x7b,0xef,0x7b,0x10,0x84,0x30,0x84,0x51,0x8c,0x50,0x84,0xef,0x7b,
  0x8e,0x73,0x0c,0x63,0x89,0x4a,0x08,0x42,0xa7,0x31,0xa6,0x31,0xe7,0x39,0x49,0x4a,
  0xcb,0x5a,0x2c,0x63,0xae,0x73,0xef,0x7b,0x10,0x84,0x30,0x84,0x10,0x84,0x10,0x84,
  0x0f,0x7c,0xef,0x7b,0xef,0x7b,0xcf,0x7b,0xcf,0x7b,0xcf,0x7b,0xcf,0x7b,0xcf,0x7b,
  0xcf,0x7b,0xef,0x7b,0xef,0x7b,0xef,0x7b,0xef,0x7b,0xef,0x7b,0xef,0x7b,0xef,0x7b,
  0xcf,0x7b,0xcf,0x7b,0xcf,0x7b,0xcf,0x7b,0xef,0x7b,0xef,0x7b,0xef,0x7b,0xef,0x7b,
  0x0f,0x84,0x10,0x84,0x10,0x84,0x30,0x84,0x31,0x84,0x51,0x8c,0x51,0x8c,0x51,0x8c,
  0x51,0x8c,0x51,0x8c,0x10,0x84,0xcf,0x7b,0x8e,0x73,0x4d,0x6b,0xec,0x5a,0x8a,0x52,
  0x69,0x4a,0x48,0x42,0x08,0x42,0x08,0x42,0x28,0x42,0xaa,0x52,0xeb,0x5a,0x2c,0x63,
  0x8e,0x73,0xcf,0x7b,0x10,0x84,0x30,0x84,0x30,0x84,0x30,0x84,0x30,0x84,0x10,0x84,
  0x0f,0x84,0xef,0x7b,0xcf,0x7b,0xcf,0x7b,0xcf,0x7b,0xcf,0x7b,0xcf,0x7b,0xcf,0x7b,
  0xcf,0x7b,0xef,0x7b,0xef,0x7b,0xef,0x7b,0xef,0x7b,0xef,0x7b,0xef,0x7b,0xef,0x7b,
  0x31,0x84,0x31,0x84,0x51,0x84,0x51,0x84,0x51,0x8c,0x51,0x8c,0x51,0x8c,0x51,0x8c,
  0x51,0x8c,0x51,0x8c,0x51,0x8c,0x51,0x8c,0x51,0x8c,0x51,0x8c,0x51,0x8c,0x51,0x8c,
  0x51,0x8c,0x51,0x8c,0x51,0x8c,0x51,0x8c,0x51,0x8c,0x51,0x8c,0x51,0x8c,0x51,0x8c,
  0x51,0x8c,0x51,0x8c,0x51,0x8c,0x51,0x8c,0x51,0x8c,0x51,0x8c,0x51,0x8c,0x51,0x8c,
  0x51,0x8c,0x51,0x8c,0x51,0x8c,0x51,0x8c,0x51,0x8c,0x51,0x8c,0x51,0x8c,0x51,0x8c,
  0x51,0x8c,0x51,0x8c,0x51,0x8c,0x51,0x8c,0x51,0x8c,0x31,0x84,0x10,0x7c,0x10,0x7c,
  0xf0,0x7b,0xf0,0x7b,0xf0,0x7b,0xf0,0x7b,0xf0,0x7b,0xf0,0x7b,0x30,0x84,0x51,0x8c,
  0x51,0x8c,0x51,0x8c,0x51,0x8c,0x51,0x8c,0x51,0x8c,0x51,0x8c,0x51,0x8c,0x51,0x8c,
  0x51,0x8c,0x51,0x8c,0x51,0x8c,0x51,0x8c,0x51,0x8c,0x51,0x8c,0x30,0x84,0x10,0x84,
  0x10,0x7c,0xef,0x7b,0xcf,0x7b,0xae,0x73,0xae,0x73,0xae,0x73,0xae,0x73,0xae,0x73,
  0xae,0x73,0xaf,0x73,0xcf,0x7b,0xcf,0x7b,0xcf,0x7b,0xcf,0x7b,0xcf,0x7b,0xcf,0x7b,
  0xcf,0x7b,0xcf,0x7b,0xcf,0x7b,0xcf,0x7b,0xcf,0x7b,0xcf,0x7b,0xcf,0x7b,0xcf,0x7b,
  0xcf,0x7b,0xcf,0x7b,0xcf,0x7b,0xcf,0x7b,0xcf,0x7b,0xcf,0x7b,0xcf,0x7b,0xcf,0x7b,
  0xef,0x7b,0xcf,0x7b,0xcf,0x7b,0xcf,0x7b,0xcf,0x7b,0xce,0x7b,0xcf,0x7b,0xcf,0x7b,
  0x0f,0x84,0x10,0x84,0x30,0x84,0x50,0x8c,0x10,0x84,0xae,0x73,0x2c,0x63,0x8a,0x52,
  0x08,0x42,0xa6,0x31,0x86,0x31,0xc7,0x39,0x28,0x42,0xaa,0x52,0x2c,0x63,0x8d,0x73,
  0xae,0x73,0xae,0x73,0xcf,0x7b,0xef,0x7b,0xef,0x7b,0xcf,0x7b,0xcf,0x7b,0xcf,0x7b,
  0xae,0x73,0xae,0x73,0xae,0x73,0xae,0x73,0xae,0x73,0xcf,0x7b,0xcf,0x7b,0xcf,0x7b,
  0xef,0x7b,0xef,0x7b,0x10,0x84,0x30,0x84,0x30,0x84,0x30,0x84,0x51,0x8c,0x50,0x8c,
  0x30,0x84,0x30,0x84,0x10,0x84,0xcf,0x7b,0x8e,0x73,0x4c,0x6b,0x0c,0x63,0xaa,0x52,
  0x69,0x4a,0x28,0x42,0x08,0x42,0xe7,0x39,0x08,0x42,0x49,0x4a,0x8a,0x52,0xeb,0x5a,
  0x2c,0x63,0x8e,0x73,0xcf,0x7b,0x10,0x84,0x30,0x84,0x30,0x84,0x30,0x84,0x10,0x84,
  0x0f,0x84,0xef,0x7b,0xcf,0x7b,0xce,0x7b,0xce,0x7b,0xcf,0x7b,0xcf,0x7b,0xcf,0x7b,
  0xcf,0x7b,0xcf,0x7b,0xef,0x7b,0xef,0x7b,0xef,0x7b,0xef,0x7b,0xef,0x7b,0xef,0x7b,
  0xef,0x7b,0xef,0x7b,0xef,0x7b,0xef,0x7b,0xef,0x7b,0xef,0x7b,0xef,0x7b,0xef,0x7b,
  0x31,0x84,0x31,0x84,0x31,0x84,0x31,0x84,0x51,0x84,0x51,0x84,0x51,0x8c,0x51,0x8c,
  0x51,0x8c,0x51,0x8c,0x51,0x8c,0x51,0x8c,0x51,0x8c,0x51,0x8c,0x51,0x8c,0x51,0x8c,
  0x51,0x8c,0x51,0x8c,0x51,0x8c,0x51,0x8c,0x51,0x8c,0x51,0x8c,0x51,0x8c,0x51,0x8c,
  0x51,0x8c,0x51,0x8c,0x51,0x8c,0x51,0x8c,0x51,0x8c,0x51,0x8c,0x51,0x8c,0x51,0x8c,
  0x51,0x8c,0x51,0x8c,0x51,0x8c,0x51,0x8c,0x51,0x8c,0x51,0x8c,0x51,0x8c,0x51,0x8c,
  0x51,0x8c,0x51,0x8c,0x51,0x8c,0x51,0x8c,0x10,0x84,0x10,0x7c,0x10,0x7c,0xf0,0x7b,
  0xf0,0x73,0xf0,0x73,0xf0,0x7b,0xf0,0x7b,0xf0,0x7b,0x11,0x7c,0xf0,0x7b,0x10,0x7c,
  0x51,0x8c,0x51,0x8c,0x51,0x8c,0x51,0x8c,0x51,0x8c,0x51,0x8c,0x51,0x8c,0x51,0x8c,
  0x51,0x8c,0x51,0x84,0x31,0x84,0x51,0x8c,0x51,0x8c,0x51,0x8c,0x51,0x8c,0x51,0x8c,
  0x51,0x8c,0x51,0x8c,0x51,0x8c,0x51,0x8c,0x30,0x84,0x10,0x84,0xef,0x7b,0xcf,0x7b,
  0xaf,0x73,0xae,0x73,0xae,0x73,0xae,0x73,0xae,0x73,0xae,0x73,0xae,0x73,0xcf,0x73,
  0xcf,0x7b,0xcf,0x7b,0xcf,0x7b,0xcf,0x73,0xcf,0x73,0xcf,0x73,0xcf,0x7b,0xcf,0x7b,
  0xcf,0x7b,0xcf,0x7b,0xcf,0x7b,0xcf,0x7b,0xcf,0x7b,0xcf,0x7b,0xcf,0x7b,0xcf,0x7b,
  0xcf,0x7b,0xcf,0x7b,0xcf,0x7b,0xcf,0x7b,0xcf,0x7b,0xef,0x7b,0xef,0x7b,0xcf,0x7b,
  0xcf,0x7b,0xcf,0x7b,0xcf,0x7b,0xce,0x7b,0xcf,0x7b,0xef,0x7b,0x10,0x84,0x50,0x8c,
  0x51,0x8c,0x30,0x84,0xcf,0x7b,0x4d,0x6b,0xaa,0x52,0x08,0x42,0x65,0x29,0x04,0x21,
  0x45,0x29,0x65,0x29,0xa6,0x31,0xa6,0x31,0x89,0x52,0x8a,0x52,0x8a,0x52,0xcb,0x5a,
  0x6d,0x6b,0xce,0x7b,0xef,0x7b,0xef,0x7b,0xef,0x7b,0x0f,0x7c,0x30,0x84,0x30,0x84,
  0x30,0x84,0x10,0x84,0xef,0x7b,0xae,0x73,0x6d,0x6b,0x0c,0x63,0xeb,0x5a,0x8a,0x52,
  0x49,0x4a,0x08,0x42,0xe7,0x39,0xe7,0x39,0x07,0x42,0x28,0x42,0x49,0x4a,0xca,0x5a,
  0x2c,0x63,0x6d,0x73,0xcf,0x7b,0x10,0x84,0x30,0x84,0x30,0x8c,0x30,0x8c,0x30,0x84,
  0x10,0x84,0x0f,0x84,0xef,0x7b,0xcf,0x7b,0xcf,0x7b,0xce,0x7b,0xcf,0x7b,0xcf,0x7b,
  0xcf,0x7b,0xcf,0x7b,0xcf,0x7b,0xcf,0x7b,0xcf,0x7b,0xcf,0x7b,0xcf,0x7b,0xcf,0x7b,
  0xcf,0x7b,0xcf,0x7b,0xcf,0x7b,0xcf,0x7b,0xcf,0x7b,0xef,0x7b,0xef,0x7b,0xef,0x7b,
  0xef,0x7b,0xef,0x7b,0xef,0x7b,0xef,0x7b,0xef,0x7b,0xef,0x7b,0xef,0x7b,0xcf,0x7b,
  0x31,0x84,0x31,0x84,0x31,0x84,0x31,0x84,0x31,0x84,0x31,0x84,0x51,0x84,0x51,0x84,
  0x51,0x8c,0x51,0x8c,0x51,0x8c,0x51,0x8c,0x51,0x8c,0x51,0x8c,0x51,0x8c,0x51,0x8c,
  0x51,0x8c,0x51,0x8c,0x51,0x8c,0x51,0x8c,0x51,0x8c,0x51,0x8c,0x51,0x8c,0x51,0x8c,
  0x51,0x8c,0x51,0x8c,0x51,0x8c,0x51,0x8c,0x51,0x8c,0x51,0x8c,0x51,0x8c,0x51,0x8c,
  0x51,0x8c,0x51,0x8c,0x51,0x8c,0x51,0x8c,0x51,0x8c,0x51,0x8c,0x51,0x8c,0x51,0x8c,
  0x51,0x8c,0x51,0x8c,0x31,0x84,0xf0,0x7b,0xf0,0x7b,0xf0,0x7b,0x10,0x7c,0xf0,0x7b,
  0xf0,0x73,0xf0,0x73,0xf0,0x73,0xf0,0x7b,0xf0,0x7b,0xf0,0x7b,0xf0,0x7b,0xf0,0x73,
  0x10,0x7c,0x51,0x84,0x51,0x8c,0x51,0x8c,0x51,0x84,0x51,0x84,0x51,0x8c,0x51,0x8c,
  0x51,0x8c,0x51,0x8c,0x51,0x8c,0x51,0x8c,0x31,0x84,0x31,0x84,0x51,0x8c,0x51,0x8c,
  0x51,0x84,0x51,0x84,0x51,0x84,0x51,0x8c,0x51,0x8c,0x51,0x8c,0x51,0x8c,0x51,0x8c,
  0x51,0x8c,0x31,0x84,0x30,0x84,0x10,0x84,0xef,0x7b,0xcf,0x7b,0xae,0x73,0xae,0x73,
  0x8e,0x73,0x8e,0x73,0xae,0x73,0xae,0x73,0xae,0x73,0xae,0x73,0xcf,0x73,0xcf,0x7b,
  0xcf,0x7b,0xcf,0x7b,0xcf,0x7b,0xcf,0x7b,0xcf,0x7b,0xcf,0x7b,0xcf,0x7b,0xcf,0x7b,
  0xcf,0x7b,0xcf,0x7b,0xcf,0x7b,0xcf,0x7b,0xcf,0x7b,0xcf,0x7b,0xcf,0x7b,0xcf,0x7b,
  0xcf,0x7b,0xef,0x7b,0xef,0x7b,0xef,0x7b,0xef,0x7b,0xcf,0x7b,0xcf,0x7b,0xcf,0x7b,
  0xcf,0x7b,0xcf,0x7b,0xef,0x7b,0x10,0x84,0x50,0x8c,0x50,0x8c,0xef,0x7b,0xae,0x73,
  0xaa,0x52,0xa6,0x31,0xc3,0x18,0x28,0x42,0x8a,0x52,0xc3,0x18,0x28,0x42,0x49,0x4a,
  0x24,0x21,0x86,0x31,0x89,0x52,0xcb,0x5a,0x4c,0x6b,0x0c,0x63,0x8a,0x52,0x49,0x4a,
  0x08,0x42,0x08,0x42,0x08,0x42,0x08,0x42,0x48,0x42,0x69,0x4a,0xcb,0x5a,0x0c,0x63,
  0x4d,0x6b,0x8e,0x73,0xcf,0x7b,0xef,0x7b,0x10,0x84,0x30,0x84,0x30,0x8c,0x30,0x84,
  0x10,0x84,0x0f,0x84,0xef,0x7b,0xcf,0x7b,0xcf,0x7b,0xcf,0x7b,0xcf,0x7b,0xcf,0x7b,
  0xcf,0x7b,0xcf,0x7b,0xef,0x7b,0xef,0x7b,0xef,0x7b,0xef,0x7b,0xcf,0x7b,0xef,0x7b,
  0xef,0x7b,0xcf,0x7b,0xcf,0x7b,0xef,0x7b,0xef,0x7b,0xcf,0x7b,0xcf,0x7b,0xcf,0x7b,
  0xcf,0x7b,0xcf,0x7b,0xcf,0x7b,0xcf,0x7b,0xcf,0x7b,0xcf,0x7b,0xcf,0x7b,0xcf,0x7b,
  0xcf,0x7b,0xcf,0x7b,0xcf,0x7b,0xcf,0x7b,0xcf,0x7b,0xef,0x7b,0xef,0x7b,0xcf,0x7b,
  0x51,0x8c,0x31,0x84,0x31,0x84,0x31,0x84,0x31,0x84,0x31,0x84,0x31,0x84,0x31,0x84,
  0x31,0x84,0x51,0x8c,0x51,0x8c,0x51,0x8c,0x51,0x8c,0x51,0x8c,0x51,0x8c,0x51,0x8c,
  0x51,0x8c,0x51,0x8c,0x51,0x8c,0x51,0x8c,0x51,0x8c,0x51,0x8c,0x51,0x8c,0x51,0x8c,
  0x51,0x8c,0x51,0x8c,0x51,0x8c,0x51,0x8c,0x51,0x8c,0x51,0x8c,0x51,0x8c,0x51,0x8c,
  0x51,0x8c,0x51,0x8c,0x51,0x8c,0x51,0x8c,0x51,0x8c,0x51,0x8c,0x51,0x8c,0x51,0x8c,
  0x51,0x8c,0x31,0x84,0xf0,0x7b,0xf0,0x7b,0xf0,0x7b,0x10,0x7c,0xf0,0x7b,0xf0,0x7b,
  0xd0,0x73,0xd0,0x73,0xd0,0x73,0xd0,0x73,0xd0,0x73,0xf0,0x73,0xf0,0x7b,0xf0,0x7b,
  0xd0,0x73,0xf0,0x7b,0x10,0x7c,0x51,0x84,0x51,0x8c,0x51,0x8c,0x51,0x8c,0x51,0x8c,
  0x51,0x84,0x51,0x8c,0x51,0x8c,0x51,0x8c,0x51,0x8c,0x51,0x8c,0x51,0x8c,0x51,0x8c,
  0x51,0x84,0x51,0x84,0x51,0x84,0x51,0x84,0x50,0x84,0x30,0x84,0x51,0x84,0x51,0x84,
  0x51,0x84,0x51,0x84,0x51,0x8c,0x51,0x8c,0x51,0x8c,0x51,0x8c,0x51,0x8c,0x30,0x84,
  0x10,0x84,0x10,0x7c,0xef,0x7b,0xcf,0x7b,0xae,0x73,0xae,0x73,0xae,0x73,0xae,0x73,
  0xae,0x73,0xae,0x73,0xae,0x73,0xae,0x73,0xcf,0x7b,0xcf,0x7b,0xcf,0x7b,0xcf,0x7b,
  0xcf,0x7b,0xcf,0x7b,0xcf,0x7b,0xcf,0x7b,0xcf,0x7b,0xcf,0x7b,0xcf,0x7b,0xcf,0x7b,
  0xcf,0x7b,0xcf,0x7b,0xcf,0x7b,0xcf,0x7b,0xcf,0x7b,0xcf,0x7b,0xcf,0x7b,0xcf,0x7b,
  0xcf,0x7b,0xef,0x7b,0xef,0x7b,0xcf,0x7b,0xcf,0x7b,0xcf,0x7b,0xef,0x7b,0x30,0x84,
  0xef,0x7b,0x8e,0x73,0xa6,0x31,0x4c,0x6b,0xae,0x73,0x86,0x31,0x0c,0x63,0xae,0x7b,
  0x48,0x52,0x69,0x52,0xa9,0x52,0xaa,0x5a,0x07,0x42,0x65,0x31,0xaa,0x52,0xeb,0x5a,
  0x4d,0x6b,0x8e,0x73,0xcf,0x7b,0xef,0x83,0x10,0x84,0x30,0x84,0x30,0x84,0x30,0x84,
  0x10,0x84,0x10,0x84,0xef,0x7b,0xef,0x7b,0xcf,0x7b,0xcf,0x7b,0xcf,0x7b,0xcf,0x7b,
  0xcf,0x7b,0xcf,0x7b,0xcf,0x7b,0xcf,0x7b,0xcf,0x7b,0xcf,0x7b,0xcf,0x7b,0xcf,0x7b,
  0xcf,0x7b,0xef,0x7b,0xef,0x7b,0xef,0x7b,0xef,0x7b,0xef,0x7b,0xef,0x7b,0xef,0x7b,
  0xef,0x7b,0xef,0x7b,0xef,0x7b,0xcf,0x7b,0xcf,0x7b,0xcf,0x7b,0xcf,0x7b,0xcf,0x7b,
  0xcf,0x7b,0xcf,0x7b,0xcf,0x7b,0xcf,0x7b,0xcf,0x7b,0xcf,0x7b,0xcf,0x7b,0xcf,0x7b,
  0xcf,0x7b,0xcf,0x7b,0xcf,0x7b,0xcf,0x7b,0xcf,0x7b,0xcf,0x7b,0xcf,0x7b,0xcf,0x7b,
  0x51,0x8c,0x51,0x8c,0x51,0x8c,0x51,0x8c,0x51,0x8c,0x51,0x8c,0x51,0x8c,0x51,0x8c,
  0x51,0x8c,0x51,0x8c,0x51,0x8c,0x51,0x8c,0x51,0x8c,0x51,0x8c,0x51,0x8c,0x51,0x8c,
  0x51,0x8c,0x51,0x8c,0x51,0x8c,0x51,0x8c,0x51,0x8c,0x51,0x8c,0x51,0x8c,0x51,0x8c,
  0x51,0x8c,0x51,0x8c,0x51,0x8c,0x51,0x8c,0x51,0x8c,0x51,0x8c,0x51,0x8c,0x51,0x8c,
  0x51,0x8c,0x51,0x8c,0x51,0x8c,0x51,0x8c,0x51,0x8c,0x51,0x8c,0x51,0x8c,0x31,0x84,
  0x10,0x84,0xf0,0x7b,0xf0,0x7b,0xf0,0x7b,0xf0,0x7b,0x10,0x7c,0xf0,0x7b,0xd0,0x73,
  0xd0,0x73,0xd0,0x73,0xd0,0x73,0xd0,0x73,0xd0,0x73,0xd0,0x73,0xd0,0x73,0xd0,0x73,
  0xd0,0x73,0xd0,0x73,0xd0,0x73,0xf0,0x73,0x31,0x84,0x51,0x8c,0x51,0x8c,0x31,0x84,
  0x31,0x84,0x51,0x84,0x31,0x84,0x31,0x84,0x31,0x84,0x31,0x84,0x31,0x84,0x31,0x84,
  0x31,0x84,0x31,0x84,0x51,0x84,0x51,0x84,0x51,0x84,0x51,0x84,0x51,0x84,0x51,0x84,
  0x51,0x84,0x51,0x84,0x31,0x84,0x31,0x84,0x30,0x84,0x31,0x84,0x51,0x84,0x51,0x8c,
  0x51,0x8c,0x51,0x8c,0x51,0x8c,0x51,0x8c,0x51,0x8c,0x30,0x84,0x30,0x84,0x10,0x84,
  0xef,0x7b,0xcf,0x7b,0xcf,0x73,0xae,0x73,0xae,0x73,0xae,0x73,0xae,0x73,0xae,0x73,
  0xae,0x73,0xcf,0x7b,0xcf,0x7b,0xcf,0x7b,0xcf,0x7b,0xcf,0x7b,0xcf,0x7b,0xcf,0x7b,
  0xcf,0x7b,0xcf,0x7b,0xcf,0x7b,0xcf,0x7b,0xcf,0x7b,0xcf,0x7b,0xcf,0x7b,0xcf,0x7b,
  0xcf,0x7b,0xef,0x7b,0xef,0x7b,0xef,0x7b,0xef,0x7b,0xef,0x7b,0xef,0x7b,0x10,0x84,
  0xae,0x73,0x8d,0x73,0xc7,0x39,0x2c,0x63,0x8e,0x73,0x86,0x31,0x0b,0x63,0x4d,0x6b,
  0x0b,0x63,0x4c,0x6b,0x8d,0x73,0xca,0x5a,0xa9,0x5a,0x0b,0x63,0xef,0x7b,0x0f,0x84,
  0xce,0x7b,0xef,0x7b,0x10,0x84,0x30,0x84,0x10,0x84,0xef,0x7b,0xef,0x7b,0xcf,0x7b,
  0xcf,0x7b,0xcf,0x7b,0xcf,0x7b,0xef,0x7b,0xef,0x7b,0xef,0x7b,0xef,0x7b,0xef,0x7b,
  0xef,0x7b,0xef,0x7b,0xef,0x7b,0xef,0x7b,0xef,0x7b,0xef,0x7b,0xef,0x7b,0xef,0x7b,
  0xef,0x7b,0xef,0x7b,0xef,0x7b,0xef,0x7b,0xef,0x7b,0xef,0x7b,0xef,0x7b,0xef,0x7b,
  0xef,0x7b,0xef,0x7b,0xef,0x7b,0xcf,0x7b,0xcf,0x7b,0xcf,0x7b,0xcf,0x7b,0xcf,0x7b,
  0xcf,0x7b,0xcf,0x7b,0xcf,0x7b,0xcf,0x7b,0xcf,0x7b,0xcf,0x7b,0xcf,0x7b,0xcf,0x7b,
  0xcf,0x7b,0xcf,0x7b,0xcf,0x7b,0xcf,0x7b,0xcf,0x7b,0xcf,0x7b,0xcf,0x7b,0xcf,0x7b,
  0x51,0x8c,0x51,0x8c,0x51,0x8c,0x51,0x8c,0x51,0x8c,0x51,0x8c,0x51,0x8c,0x51,0x8c,
  0x51,0x8c,0x51,0x8c,0x51,0x8c,0x51,0x8c,0x51,0x8c,0x51,0x8c,0x51,0x8c,0x51,0x8c,
  0x51,0x8c,0x51,0x8c,0x51,0x8c,0x51,0x8c,0x51,0x8c,0x51,0x8c,0x51,0x8c,0x51,0x8c,
  0x51,0x8c,0x51,0x8c,0x51,0x8c,0x51,0x8c,0x51,0x8c,0x51,0x8c,0x51,0x8c,0x51,0x8c,
  0x51,0x8c,0x51,0x8c,0x51,0x8c,0x51,0x8c,0x51,0x8c,0x10,0x84,0xf0,0x7b,0xcf,0x7b,
  0xf0,0x7b,0xf0,0x7b,0xf0,0x7b,0xf0,0x7b,0xf0,0x7b,0xf0,0x7b,0xf0,0x7b,0xd0,0x73,
  0xd0,0x73,0xd0,0x73,0xd0,0x73,0xd0,0x73,0xd0,0x73,0xd0,0x73,0xd0,0x73,0xd0,0x73,
  0xd0,0x73,0xd0,0x73,0xd0,0x73,0xd0,0x73,0xf0,0x73,0x51,0x84,0x51,0x8c,0x31,0x84,
  0x31,0x84,0x51,0x84,0x51,0x84,0x31,0x84,0x31,0x84,0x31,0x84,0x31,0x84,0x31,0x84,
  0x31,0x84,0x31,0x84,0x30,0x84,0x30,0x84,0x30,0x84,0x30,0x84,0x30,0x84,0x30,0x84,
  0x51,0x84,0x51,0x84,0x31,0x84,0x31,0x84,0x31,0x84,0x31,0x84,0x31,0x84,0x31,0x84,
  0x30,0x84,0x30,0x84,0x30,0x84,0x31,0x84,0x51,0x84,0x51,0x8c,0x51,0x8c,0x51,0x8c,
  0x51,0x8c,0x51,0x8c,0x51,0x8c,0x30,0x84,0x30,0x84,0x10,0x84,0xef,0x7b,0xcf,0x7b,
  0xce,0x73,0xae,0x73,0xae,0x73,0xae,0x73,0xae,0x73,0xae,0x73,0xcf,0x7b,0xcf,0x7b,
  0xcf,0x7b,0xcf,0x7b,0xcf,0x7b,0xcf,0x7b,0xcf,0x7b,0xcf,0x7b,0xcf,0x7b,0xcf,0x7b,
  0xcf,0x7b,0xcf,0x7b,0xcf,0x7b,0xef,0x7b,0xef,0x7b,0xef,0x7b,0xef,0x7b,0x10,0x84,
  0xae,0x73,0x8e,0x73,0x08,0x42,0x2c,0x63,0xae,0x73,0xc6,0x39,0x0c,0x63,0x6d,0x6b,
  0x2b,0x63,0x8d,0x73,0x8e,0x73,0x04,0x21,0xa9,0x5a,0x2c,0x6b,0xce,0x7b,0x8d,0x73,
  0x0b,0x63,0xcb,0x5a,0xaa,0x52,0xeb,0x5a,0x2c,0x63,0x8e,0x73,0xcf,0x7b,0x0f,0x84,
  0x10,0x84,0x10,0x84,0x10,0x84,0xef,0x7b,0xef,0x7b,0xef,0x7b,0xef,0x7b,0xef,0x7b,
  0xef,0x7b,0xef,0x7b,0xef,0x7b,0xef,0x7b,0xef,0x7b,0xef,0x7b,0xef,0x7b,0xef,0x7b,
  0xef,0x7b,0xef,0x7b,0xef,0x7b,0xef,0x7b,0xef,0x7b,0xef,0x7b,0xef,0x7b,0xef,0x7b,
  0xef,0x7b,0xcf,0x7b,0xcf,0x7b,0xcf,0x7b,0xcf,0x7b,0xcf,0x7b,0xcf,0x7b,0xcf,0x7b,
  0xcf,0x7b,0xcf,0x7b,0xcf,0x7b,0xcf,0x7b,0xcf,0x7b,0xcf,0x7b,0xcf,0x7b,0xcf,0x7b,
  0xcf,0x7b,0xcf,0x7b,0xcf,0x7b,0xcf,0x7b,0xcf,0x7b,0xcf,0x7b,0xcf,0x7b,0xcf,0x7b,
  0x51,0x8c,0x51,0x8c,0x51,0x8c,0x51,0x8c,0x51,0x8c,0x51,0x8c,0x51,0x8c,0x51,0x8c,
  0x51,0x8c,0x51,0x8c,0x51,0x8c,0x51,0x8c,0x51,0x8c,0x51,0x8c,0x51,0x8c,0x51,0x8c,
  0x51,0x8c,0x51,0x8c,0x51,0x8c,0x51,0x8c,0x51,0x8c,0x51,0x8c,0x51,0x8c,0x51,0x8c,
  0x51,0x8c,0x51,0x8c,0x51,0x8c,0x51,0x8c,0x51,0x8c,0x51,0x8c,0x51,0x8c,0x51,0x8c,
  0x31,0x84,0x51,0x84,0x10,0x84,0x10,0x84,0xf0,0x7b,0xf0,0x7b,0xf0,0x7b,0xf0,0x7b,
  0xf0,0x7b,0xf0,0x7b,0xf0,0x7b,0xf0,0x7b,0xf0,0x7b,0xd0,0x7b,0xd0,0x73,0xd0,0x73,
  0xb0,0x6b,0xd0,0x73,0xd0,0x73,0xd0,0x73,0xd0,0x73,0xd0,0x73,0xd0,0x73,0xd0,0x73,
  0xd0,0x73,0xd0,0x73,0xd0,0x73,0xd0,0x73,0xd0,0x73,0xd0,0x73,0x31,0x84,0x51,0x8c,
  0x51,0x8c,0x51,0x8c,0x51,0x84,0x31,0x84,0x31,0x84,0x31,0x84,0x31,0x84,0x31,0x84,
  0x31,0x84,0x31,0x84,0x30,0x84,0x30,0x84,0x30,0x84,0x30,0x84,0x30,0x84,0x30,0x84,
  0x51,0x84,0x51,0x84,0x31,0x84,0x31,0x84,0x31,0x84,0x31,0x84,0x31,0x84,0x31,0x84,
  0x31,0x84,0x31,0x84,0x31,0x84,0x31,0x84,0x31,0x84,0x31,0x84,0x30,0x84,0x31,0x84,
  0x30,0x84,0x51,0x84,0x51,0x8c,0x51,0x8c,0x51,0x8c,0x51,0x8c,0x51,0x8c,0x51,0x8c,
  0x51,0x8c,0x30,0x84,0x10,0x84,0x10,0x84,0xef,0x7b,0xcf,0x7b,0xcf,0x7b,0xae,0x73,
  0xae,0x73,0xae,0x73,0xae,0x73,0xcf,0x7b,0xcf,0x7b,0xcf,0x7b,0xcf,0x7b,0xcf,0x7b,
  0xcf,0x7b,0xef,0x7b,0xef,0x7b,0xef,0x7b,0xef,0x7b,0xef,0x7b,0xef,0x7b,0x10,0x84,
  0xae,0x73,0x8e,0x73,0x28,0x42,0x2c,0x63,0xae,0x73,0xc7,0x39,0x0c,0x63,0x4c,0x6b,
  0x2c,0x6b,0xae,0x73,0xae,0x73,0x65,0x29,0xca,0x5a,0x4c,0x6b,0x8a,0x52,0x28,0x42,
  0xaa,0x52,0x2c,0x63,0x6d,0x6b,0x8e,0x73,0x8d,0x73,0x4d,0x6b,0x2c,0x63,0x0c,0x63,
  0x2c,0x63,0x4d,0x6b,0x8d,0x73,0xce,0x7b,0xef,0x7b,0x10,0x84,0x10,0x84,0x10,0x84,
  0xef,0x7b,0xef,0x7b,0xef,0x7b,0xef,0x7b,0xef,0x7b,0xef,0x7b,0xef,0x7b,0xef,0x7b,
  0xef,0x7b,0xef,0x7b,0xef,0x7b,0xef,0x7b,0xef,0x7b,0xef,0x7b,0xef,0x7b,0xef,0x7b,
  0xef,0x7b,0xcf,0x7b,0xcf,0x7b,0xcf,0x7b,0xcf,0x7b,0xcf,0x7b,0xcf,0x7b,0xcf,0x7b,
  0xcf,0x7b,0xcf,0x7b,0xcf,0x7b,0xcf,0x7b,0xcf,0x7b,0xcf,0x7b,0xcf,0x7b,0xcf,0x7b,
  0xcf,0x7b,0xcf,0x7b,0xcf,0x7b,0xcf,0x7b,0xcf,0x7b,0xcf,0x7b,0xcf,0x7b,0xcf,0x7b,
  0x51,0x8c,0x51,0x8c,0x51,0x8c,0x51,0x8c,0x51,0x8c,0x51,0x8c,0x51,0x8c,0x51,0x8c,
  0x51,0x8c,0x51,0x8c,0x51,0x8c,0x51,0x8c,0x51,0x8c,0x51,0x8c,0x51,0x8c,0x51,0x8c,
  0x51,0x8c,0x51,0x8c,0x51,0x8c,0x51,0x8c,0x51,0x8c,0x51,0x8c,0x51,0x8c,0x51,0x8c,
  0x51,0x8c,0x51,0x8c,0x51,0x8c,0x51,0x8c,0x51,0x8c,0x10,0x7c,0xd0,0x73,0xf0,0x7b,
  0xd0,0x73,0xf0,0x73,0xcf,0x73,0xf0,0x7b,0xf0,0x7b,0xf0,0x7b,0xd0,0x7b,0xf0,0x7b,
  0xd0,0x7b,0xcf,0x7b,0xf0,0x7b,0xd0,0x7b,0xd0,0x7b,0xd0,0x7b,0xd0,0x73,0xd0,0x73,
  0xb0,0x6b,0xb0,0x6b,0xd0,0x6b,0xd0,0x73,0xd0,0x73,0xd0,0x73,0xb0,0x73,0xb0,0x73,
  0xd0,0x73,0xd0,0x73,0xd0,0x73,0xd0,0x73,0xd0,0x73,0xb0,0x73,0xb0,0x73,0xf0,0x7b,
  0x10,0x84,0x31,0x84,0x31,0x84,0x51,0x84,0x30,0x84,0x31,0x84,0x31,0x84,0x31,0x84,
  0x31,0x84,0x31,0x84,0x31,0x84,0x31,0x84,0x31,0x84,0x31,0x84,0x31,0x84,0x31,0x84,
  0x31,0x84,0x31,0x84,0x31,0x84,0x31,0x84,0x31,0x84,0x31,0x84,0x31,0x84,0x31,0x84,
  0x31,0x84,0x31,0x84,0x31,0x84,0x30,0x84,0x30,0x84,0x30,0x84,0x30,0x84,0x30,0x84,
  0x30,0x84,0x51,0x84,0x51,0x84,0x51,0x84,0x51,0x84,0x51,0x84,0x51,0x84,0x31,0x8c,
  0x51,0x8c,0x51,0x8c,0x51,0x8c,0x51,0x8c,0x51,0x8c,0x51,0x8c,0x51,0x8c,0x30,0x84,
  0x10,0x84,0x10,0x84,0xef,0x7b,0xcf,0x7b,0xcf,0x7b,0xcf,0x73,0xcf,0x73,0xcf,0x7b,
  0xcf,0x7b,0xcf,0x7b,0xcf,0x7b,0xcf,0x7b,0xef,0x7b,0xef,0x7b,0xef,0x7b,0x10,0x84,
  0xae,0x73,0x8e,0x73,0x49,0x4a,0x4c,0x63,0xae,0x73,0xc7,0x39,0x0c,0x63,0x4c,0x6b,
  0x2c,0x6b,0xae,0x73,0xce,0x73,0xa6,0x31,0xeb,0x5a,0x4c,0x6b,0xcf,0x7b,0x2c,0x63,
  0xaa,0x52,0x28,0x42,0x08,0x42,0x08,0x42,0x69,0x4a,0xcb,0x5a,0x4d,0x6b,0xae,0x73,
  0xae,0x73,0x8e,0x73,0x6d,0x6b,0x2c,0x63,0x0c,0x63,0x0c,0x63,0x4c,0x6b,0x8e,0x73,
  0xce,0x7b,0x0f,0x84,0x0f,0x84,0x10,0x84,0x0f,0x84,0xef,0x83,0xef,0x7b,0xef,0x7b,
  0xef,0x7b,0xef,0x7b,0xef,0x7b,0xef,0x7b,0xef,0x7b,0xef,0x7b,0xef,0x7b,0xef,0x7b,
  0xef,0x7b,0xcf,0x7b,0xcf,0x7b,0xcf,0x7b,0xcf,0x7b,0xcf,0x7b,0xcf,0x7b,0xcf,0x7b,
  0xcf,0x7b,0xcf,0x7b,0xcf,0x7b,0xcf,0x7b,0xcf,0x7b,0xcf,0x7b,0xcf,0x7b,0xcf,0x7b,
  0xcf,0x7b,0xcf,0x7b,0xcf,0x7b,0xcf,0x7b,0xcf,0x7b,0xcf,0x7b,0xcf,0x7b,0xcf,0x7b,
  0xd0,0x7b,0x10,0x84,0x51,0x8c,0x51,0x8c,0x51,0x8c,0x51,0x8c,0x51,0x8c,0x51,0x8c,
  0x51,0x8c,0x51,0x8c,0x51,0x8c,0x51,0x8c,0x51,0x8c,0x51,0x8c,0x51,0x8c,0x51,0x8c,
  0x51,0x8c,0x51,0x8c,0x51,0x8c,0x51,0x8c,0x51,0x8c,0x51,0x8c,0x51,0x8c,0x51,0x8c,
  0x51,0x8c,0x51,0x8c,0x51,0x8c,0x51,0x8c,0xf0,0x7b,0xcf,0x73,0xd0,0x73,0xd0,0x73,
  0xd0,0x73,0xf0,0x7b,0xf0,0x7b,0xf0,0x7b,0xcf,0x7b,0xd0,0x7b,0xf0,0x7b,0xf0,0x7b,
  0xf0,0x7b,0xf0,0x7b,0xf0,0x7b,0xd0,0x7b,0xd0,0x7b,0xd0,0x7b,0xd0,0x7b,0xd0,0x73,
  0xb0,0x73,0xb0,0x6b,0xb0,0x6b,0xaf,0x6b,0xb0,0x6b,0xd0,0x6b,0xb0,0x73,0xb0,0x6b,
  0xb0,0x6b,0xb0,0x73,0xd0,0x73,0xaf,0x6b,0xb0,0x73,0xd0,0x73,0xb0,0x6b,0xaf,0x6b,
  0xaf,0x6b,0xaf,0x73,0xd0,0x73,0x10,0x7c,0x51,0x84,0x31,0x84,0x31,0x84,0x31,0x84,
  0x31,0x84,0x31,0x84,0x31,0x84,0x31,0x84,0x31,0x84,0x31,0x84,0x31,0x84,0x31,0x84,
  0x31,0x84,0x31,0x84,0x31,0x84,0x31,0x84,0x31,0x84,0x31,0x84,0x31,0x84,0x31,0x84,
  0x31,0x84,0x31,0x84,0x31,0x84,0x30,0x84,0x30,0x84,0x30,0x84,0x30,0x84,0x30,0x84,
  0x30,0x84,0x30,0x84,0x30,0x84,0x30,0x84,0x30,0x84,0x51,0x84,0x51,0x84,0x31,0x84,
  0x31,0x84,0x31,0x84,0x31,0x84,0x31,0x84,0x51,0x8c,0x51,0x8c,0x51,0x8c,0x51,0x8c,
  0x51,0x8c,0x51,0x8c,0x51,0x8c,0x51,0x8c,0x51,0x8c,0x31,0x84,0x30,0x84,0x10,0x84,
  0xef,0x7b,0xef,0x7b,0xcf,0x7b,0xcf,0x7b,0xcf,0x7b,0xcf,0x7b,0xcf,0x7b,0x10,0x84,
  0xae,0x73,0x8e,0x73,0x69,0x4a,0x4c,0x63,0xae,0x73,0xc7,0x39,0x0c,0x63,0x4c,0x6b,
  0x2c,0x6b,0xce,0x73,0xae,0x73,0xc6,0x39,0x0b,0x63,0x2c,0x63,0x10,0x84,0x10,0x84,
  0x51,0x8c,0x51,0x8c,0x10,0x84,0xcf,0x7b,0x4d,0x6b,0xaa,0x52,0x49,0x4a,0x08,0x42,
  0x28,0x42,0x69,0x4a,0xcb,0x5a,0x2c,0x63,0x8e,0x73,0xae,0x73,0xae,0x73,0x6d,0x6b,
  0x2c,0x63,0x2c,0x63,0x2c,0x63,0x4c,0x6b,0x8d,0x73,0xce,0x7b,0xef,0x7b,0x0f,0x84,
  0x0f,0x84,0x0f,0x84,0xef,0x7b,0xef,0x7b,0xef,0x7b,0xef,0x7b,0xef,0x7b,0xcf,0x7b,
  0xcf,0x7b,0xcf,0x7b,0xcf,0x7b,0xcf,0x7b,0xcf,0x7b,0xcf,0x7b,0xcf,0x7b,0xcf,0x7b,
  0xcf,0x7b,0xcf,0x7b,0xcf,0x7b,0xcf,0x7b,0xcf,0x7b,0xcf,0x7b,0xcf,0x7b,0xcf,0x7b,
  0xcf,0x7b,0xcf,0x7b,0xcf,0x7b,0xcf,0x7b,0xcf,0x7b,0xcf,0x7b,0xcf,0x7b,0xcf,0x7b,
  0xd0,0x7b,0xd0,0x7b,0x10,0x7c,0x51,0x8c,0x51,0x8c,0x51,0x8c,0x51,0x8c,0x51,0x8c,
  0x51,0x8c,0x51,0x8c,0x51,0x8c,0x51,0x8c,0x51,0x8c,0x51,0x8c,0x51,0x8c,0x51,0x8c,
  0x51,0x8c,0x51,0x8c,0x51,0x8c,0x51,0x8c,0x51,0x8c,0x51,0x8c,0x51,0x8c,0x51,0x8c,
  0x51,0x8c,0x51,0x8c,0x31,0x84,0xf0,0x7b,0xd0,0x7b,0xf0,0x7b,0xf0,0x7b,0xf0,0x7b,
  0xf0,0x7b,0xf0,0x7b,0xd0,0x7b,0xd0,0x7b,0xd0,0x7b,0xd0,0x73,0xd0,0x73,0xd0,0x73,
  0xaf,0x73,0xcf,0x73,0xcf,0x73,0xd0,0x73,0xd0,0x7b,0xcf,0x7b,0xcf,0x73,0xd0,0x73,
  0xaf,0x73,0xd0,0x73,0xb0,0x6b,0xaf,0x6b,0xaf,0x6b,0xb0,0x6b,0xb0,0x6b,0xb0,0x6b,
  0xb0,0x73,0xd0,0x73,0xb0,0x73,0xb0,0x6b,0xd0,0x73,0xb0,0x6b,0x90,0x6b,0xd0,0x73,
  0xb0,0x6b,0xb0,0x6b,0xb0,0x6b,0x8f,0x6b,0xd0,0x73,0x51,0x84,0x51,0x84,0x31,0x84,
  0x31,0x84,0x31,0x84,0x31,0x84,0x31,0x84,0x31,0x84,0x31,0x84,0x31,0x84,0x31,0x84,
  0x30,0x84,0x30,0x84,0x31,0x84,0x31,0x84,0x31,0x84,0x31,0x84,0x30,0x84,0x30,0x84,
  0x30,0x84,0x30,0x84,0x30,0x84,0x30,0x84,0x30,0x84,0x30,0x84,0x30,0x84,0x30,0x84,
  0x30,0x84,0x30,0x84,0x30,0x84,0x30,0x84,0x30,0x84,0x30,0x84,0x30,0x84,0x31,0x84,
  0x31,0x84,0x31,0x84,0x31,0x84,0x31,0x84,0x31,0x84,0x51,0x84,0x31,0x84,0x30,0x84,
  0x31,0x84,0x31,0x84,0x31,0x84,0x51,0x84,0x51,0x8c,0x51,0x8c,0x51,0x8c,0x51,0x8c,
  0x51,0x8c,0x51,0x8c,0x51,0x8c,0x31,0x84,0x30,0x84,0x10,0x84,0xef,0x7b,0x10,0x84,
  0xae,0x73,0x8e,0x73,0x8a,0x52,0x4c,0x63,0x8e,0x73,0xc7,0x39,0x0c,0x63,0x2c,0x6b,
  0x4c,0x6b,0xce,0x73,0xae,0x73,0xc7,0x39,0x0b,0x63,0x2c,0x63,0x10,0x84,0xcf,0x7b,
  0xce,0x7b,0xce,0x7b,0xce,0x7b,0xef,0x7b,0x0f,0x84,0x30,0x84,0x30,0x84,0x10,0x84,
  0xcf,0x7b,0x4d,0x6b,0xcb,0x5a,0x49,0x4a,0x28,0x42,0x28,0x42,0x49,0x4a,0xaa,0x52,
  0x0c,0x63,0x4d,0x6b,0x8d,0x73,0x8d,0x73,0x4d,0x6b,0x4c,0x6b,0x2c,0x63,0x2c,0x63,
  0x4c,0x6b,0x8d,0x73,0xae,0x73,0xcf,0x7b,0xef,0x7b,0xef,0x7b,0xef,0x7b,0xef,0x7b,
  0xcf,0x7b,0xcf,0x7b,0xcf,0x7b,0xcf,0x7b,0xcf,0x7b,0xcf,0x7b,0xcf,0x7b,0xcf,0x7b,
  0xcf,0x7b,0xcf,0x7b,0xcf,0x7b,0xcf,0x7b,0xcf,0x7b,0xef,0x7b,0xef,0x7b,0xcf,0x7b,
  0xcf,0x7b,0xcf,0x7b,0xcf,0x7b,0xcf,0x7b,0xcf,0x7b,0xcf,0x7b,0xcf,0x7b,0xcf,0x7b,
  0xf0,0x7b,0xf0,0x7b,0xd0,0x7b,0xf0,0x7b,0x51,0x84,0x31,0x84,0x10,0x7c,0xf0,0x7b,
  0xf0,0x7b,0xf0,0x7b,0xf0,0x7b,0x10,0x7c,0x10,0x7c,0xf0,0x7b,0xf0,0x7b,0xf0,0x7b,
  0xcf,0x7b,0xf0,0x7b,0x10,0x7c,0xf0,0x7b,0x10,0x7c,0x30,0x84,0x10,0x84,0x30,0x84,
  0x31,0x84,0x10,0x7c,0xcf,0x73,0xd0,0x7b,0xf0,0x7b,0xf0,0x7b,0xd0,0x73,0xd0,0x7b,
  0xf0,0x7b,0xcf,0x73,0xcf,0x73,0xcf,0x73,0xaf,0x73,0xaf,0x6b,0xaf,0x6b,0xaf,0x6b,
  0xaf,0x6b,0xaf,0x6b,0xaf,0x73,0xd0,0x73,0xd0,0x7b,0xcf,0x7b,0xcf,0x7b,0xd0,0x73,
  0xb0,0x73,0xb0,0x6b,0xaf,0x6b,0xb0,0x6b,0xaf,0x6b,0xaf,0x6b,0xaf,0x6b,0xaf,0x6b,
  0xb0,0x6b,0xb0,0x6b,0xb0,0x6b,0xb0,0x6b,0xb0,0x6b,0xaf,0x6b,0xb0,0x73,0xb0,0x73,
  0xb0,0x73,0xb0,0x6b,0xaf,0x6b,0xb0,0x6b,0x8f,0x6b,0xd0,0x73,0x10,0x7c,0x30,0x84,
  0x31,0x84,0x51,0x84,0x31,0x84,0x30,0x84,0x30,0x84,0x30,0x84,0x30,0x84,0x30,0x84,
  0x30,0x84,0x30,0x84,0x30,0x84,0x30,0x84,0x30,0x84,0x30,0x84,0x30,0x84,0x30,0x84,
  0x30,0x84,0x30,0x84,0x30,0x84,0x30,0x84,0x30,0x84,0x30,0x84,0x30,0x84,0x30,0x84,
  0x30,0x84,0x30,0x84,0x30,0x84,0x30,0x84,0x30,0x84,0x30,0x84,0x30,0x84,0x51,0x84,
  0x51,0x84,0x51,0x84,0x51,0x84,0x51,0x84,0x51,0x84,0x51,0x84,0x30,0x84,0x30,0x84,
  0x51,0x84,0x51,0x84,0x51,0x84,0x51,0x8c,0x51,0x8c,0x51,0x8c,0x51,0x84,0x51,0x84,
  0x51,0x84,0x51,0x84,0x51,0x8c,0x51,0x8c,0x51,0x8c,0x51,0x8c,0x51,0x8c,0x51,0x8c,
  0xcf,0x73,0x8e,0x73,0xaa,0x52,0x4d,0x6b,0x8e,0x73,0xe7,0x39,0x0c,0x63,0x2c,0x63,
  0x4c,0x6b,0xce,0x7b,0xce,0x73,0xc7,0x39,0xeb,0x62,0x0b,0x63,0x10,0x84,0xef,0x7b,
  0xef,0x7b,0xcf,0x7b,0xcf,0x7b,0xcf,0x7b,0xce,0x7b,0xce,0x7b,0xae,0x73,0xce,0x7b,
  0xcf,0x7b,0x10,0x84,0x30,0x84,0x30,0x84,0x30,0x84,0xef,0x7b,0x6d,0x6b,0xeb,0x5a,
  0x8a,0x52,0x28,0x42,0x08,0x42,0x48,0x42,0x8a,0x52,0x0c,0x63,0x4d,0x6b,0x6d,0x6b,
  0x6d,0x6b,0x6d,0x6b,0x4c,0x6b,0x2c,0x63,0x2c,0x63,0x4c,0x6b,0x6d,0x6b,0xae,0x73,
  0xcf,0x7b,0xef,0x7b,0xef,0x7b,0xef,0x7b,0xef,0x7b,0xcf,0x7b,0xcf,0x7b,0xcf,0x7b,
  0xcf,0x7b,0xcf,0x7b,0xcf,0x7b,0xcf,0x7b,0xcf,0x7b,0xef,0x7b,0xef,0x7b,0xcf,0x7b,
  0xcf,0x7b,0xcf,0x7b,0xcf,0x7b,0xcf,0x7b,0xcf,0x7b,0xcf,0x7b,0xcf,0x7b,0xcf,0x7b,
  0xf0,0x7b,0xcf,0x6b,0xd0,0x73,0x6f,0x63,0x6f,0x63,0x6f,0x63,0x6f,0x63,0x6f,0x63,
  0x6f,0x63,0x6f,0x63,0x4f,0x63,0x6f,0x63,0x6f,0x63,0x4e,0x63,0x6f,0x63,0x6f,0x63,
  0x6f,0x63,0x6f,0x63,0x6f,0x63,0x6e,0x63,0x6f,0x63,0x6f,0x63,0x6f,0x63,0x6f,0x63,
  0x6f,0x63,0x6f,0x63,0x6f,0x63,0x6f,0x63,0x6f,0x63,0x8f,0x63,0x6f,0x63,0x8f,0x6b,
  0xb0,0x6b,0xaf,0x6b,0xaf,0x6b,0xaf,0x6b,0xaf,0x6b,0xaf,0x6b,0xaf,0x6b,0x8f,0x6b,
  0x8f,0x6b,0xaf,0x6b,0x8f,0x6b,0xaf,0x6b,0xaf,0x6b,0xaf,0x6b,0xaf,0x73,0xd0,0x73,
  0xd0,0x73,0xb0,0x73,0xaf,0x6b,0xaf,0x6b,0xaf,0x6b,0xaf,0x6b,0xaf,0x6b,0xaf,0x6b,
  0xaf,0x6b,0xb0,0x6b,0xaf,0x6b,0xb0,0x6b,0xaf,0x6b,0xb0,0x73,0xb0,0x73,0xaf,0x6b,
  0xb0,0x6b,0x8f,0x6b,0x8f,0x6b,0xaf,0x6b,0xaf,0x6b,0xaf,0x6b,0x8f,0x6b,0xd0,0x73,
  0xd0,0x73,0xd0,0x73,0x30,0x84,0x31,0x84,0x30,0x84,0x30,0x84,0x30,0x84,0x30,0x84,
  0x30,0x84,0x30,0x84,0x30,0x84,0x30,0x84,0x30,0x84,0x30,0x84,0x30,0x84,0x30,0x84,
  0x30,0x84,0x30,0x84,0x30,0x84,0x30,0x84,0x30,0x84,0x30,0x84,0x30,0x84,0x30,0x84,
  0x30,0x84,0x30,0x84,0x30,0x84,0x30,0x84,0x30,0x84,0x30,0x84,0x30,0x84,0x30,0x84,
  0x30,0x84,0x30,0x84,0x30,0x84,0x30,0x84,0x30,0x84,0x31,0x84,0x31,0x84,0x31,0x84,
  0x31,0x84,0x51,0x84,0x51,0x84,0x51,0x84,0x51,0x84,0x51,0x84,0x51,0x84,0x51,0x84,
  0x51,0x84,0x51,0x84,0x31,0x84,0x31,0x84,0x31,0x84,0x31,0x84,0x31,0x84,0x51,0x8c,
  0xae,0x73,0x8e,0x6b,0xaa,0x52,0x4d,0x6b,0x8e,0x73,0xe7,0x39,0x0c,0x63,0x0c,0x63,
  0x2c,0x6b,0xce,0x7b,0xcf,0x7b,0xc7,0x39,0xeb,0x62,0x0b,0x63,0xef,0x7b,0xcf,0x7b,
  0xce,0x7b,0xcf,0x7b,0xcf,0x7b,0xcf,0x7b,0xcf,0x7b,0xcf,0x7b,0xcf,0x7b,0xcf,0x7b,
  0xcf,0x7b,0xce,0x7b,0xce,0x7b,0xce,0x7b,0xce,0x73,0xcf,0x7b,0xef,0x7b,0x10,0x84,
  0x30,0x84,0x30,0x84,0xef,0x7b,0x8e,0x73,0x2c,0x63,0xaa,0x52,0x49,0x4a,0x28,0x42,
  0x28,0x42,0x89,0x52,0xcb,0x5a,0x2c,0x63,0x6d,0x6b,0x8d,0x73,0x6d,0x6b,0x4d,0x6b,
  0x2c,0x63,0x0b,0x63,0x2c,0x6b,0x6d,0x6b,0xae,0x73,0xcf,0x7b,0xef,0x83,0xef,0x83,
  0xef,0x83,0xef,0x7b,0xcf,0x7b,0xcf,0x7b,0xcf,0x7b,0xcf,0x7b,0xcf,0x7b,0xcf,0x7b,
  0xcf,0x7b,0xcf,0x7b,0xcf,0x7b,0xcf,0x7b,0xcf,0x7b,0xcf,0x7b,0xcf,0x7b,0xcf,0x7b,
  0x6f,0x63,0x6e,0x63,0x4e,0x63,0x4f,0x63,0x6f,0x63,0x6f,0x63,0x6f,0x63,0x6f,0x63,
  0x6f,0x63,0x4f,0x63,0x6f,0x63,0x6f,0x63,0x6f,0x63,0x6f,0x63,0x6f,0x63,0x6f,0x63,
  0x6f,0x63,0x6f,0x63,0x6f,0x63,0x6f,0x63,0x6f,0x63,0x6f,0x63,0x6f,0x63,0x6f,0x63,
  0x6f,0x63,0x6f,0x63,0x6f,0x63,0x6f,0x63,0x6f,0x63,0x6f,0x63,0x6f,0x63,0x6f,0x63,
  0x6f,0x63,0x6f,0x63,0x6f,0x63,0x8f,0x63,0xb0,0x6b,0xaf,0x6b,0xaf,0x6b,0xb0,0x6b,
  0xb0,0x6b,0xaf,0x6b,0xaf,0x6b,0x8f,0x6b,0xaf,0x6b,0x8f,0x6b,0x8f,0x6b,0x8f,0x6b,
  0xaf,0x6b,0xaf,0x6b,0xaf,0x6b,0x8f,0x6b,0xaf,0x6b,0x8f,0x6b,0x8f,0x6b,0xaf,0x6b,
  0xaf,0x6b,0xaf,0x6b,0xaf,0x6b,0xaf,0x6b,0xaf,0x6b,0xd0,0x73,0xb0,0x73,0xaf,0x6b,
  0xaf,0x6b,0x8f,0x6b,0x8f,0x6b,0x8f,0x6b,0x8f,0x6b,0x8f,0x6b,0xaf,0x6b,0xd0,0x73,
  0xd0,0x6b,0xaf,0x6b,0xaf,0x73,0xf0,0x7b,0x30,0x84,0x30,0x84,0x30,0x84,0x30,0x84,
  0x30,0x84,0x30,0x84,0x30,0x84,0x30,0x84,0x30,0x84,0x30,0x84,0x30,0x84,0x30,0x84,
  0x30,0x84,0x30,0x84,0x30,0x84,0x30,0x84,0x30,0x84,0x30,0x84,0x30,0x84,0x30,0x84,
  0x30,0x84,0x30,0x84,0x30,0x84,0x30,0x84,0x30,0x84,0x30,0x84,0x30,0x84,0x30,0x84,
  0x30,0x84,0x30,0x84,0x30,0x84,0x30,0x84,0x30,0x84,0x31,0x84,0x31,0x84,0x31,0x84,
  0x31,0x84,0x31,0x84,0x31,0x84,0x31,0x84,0x31,0x84,0x31,0x84,0x31,0x84,0x31,0x84,
  0x31,0x84,0x31,0x84,0x31,0x84,0x31,0x84,0x31,0x84,0x31,0x84,0x31,0x84,0x51,0x8c,
  0xae,0x73,0x8e,0x6b,0x8a,0x52,0x4d,0x6b,0x8e,0x73,0xe7,0x39,0x0c,0x63,0x0b,0x63,
  0x2c,0x63,0xce,0x7b,0xcf,0x7b,0xe7,0x39,0xeb,0x62,0x0c,0x63,0x30,0x84,0x10,0x7c,
  0xef,0x7b,0xcf,0x7b,0xcf,0x7b,0xae,0x73,0xaf,0x73,0xaf,0x73,0xcf,0x7b,0xcf,0x7b,
  0xcf,0x7b,0xcf,0x7b,0xcf,0x7b,0xcf,0x7b,0xcf,0x7b,0xcf,0x7b,0xcf,0x7b,0xce,0x73,
  0xae,0x73,0xae,0x73,0xcf,0x7b,0xef,0x7b,0x10,0x84,0x30,0x84,0x30,0x84,0xef,0x7b,
  0xae,0x73,0x4d,0x6b,0xcb,0x5a,0x69,0x4a,0x28,0x42,0x28,0x42,0x8a,0x52,0xeb,0x5a,
  0x4d,0x6b,0x8d,0x73,0x8d,0x73,0x6d,0x6b,0x4c,0x6b,0x0c,0x63,0x0c,0x63,0x4c,0x6b,
  0x6d,0x73,0xae,0x73,0xef,0x7b,0x0f,0x84,0x0f,0x84,0xef,0x7b,0xef,0x7b,0xef,0x7b,
  0xcf,0x7b,0xcf,0x7b,0xcf,0x7b,0xcf,0x7b,0xcf,0x7b,0xcf,0x7b,0xcf,0x7b,0xcf,0x7b,
  0x4f,0x5b,0x6f,0x63,0x6f,0x63,0x6f,0x63,0x6f,0x63,0x4f,0x63,0x6f,0x63,0x6f,0x63,
  0x4f,0x63,0x4f,0x63,0x4f,0x63,0x4f,0x63,0x4f,0x63,0x4f,0x5b,0x4f,0x5b,0x4f,0x5b,
  0x6f,0x63,0x4f,0x63,0x6f,0x63,0x6f,0x63,0x6f,0x63,0x6f,0x63,0x6f,0x63,0x6f,0x63,
  0x6f,0x63,0x6f,0x63,0x6f,0x63,0x4f,0x63,0x4f,0x63,0x6f,0x63,0x6f,0x63,0x6f,0x63,
  0x6f,0x5b,0x6f,0x63,0x4f,0x5b,0x4f,0x5b,0x4f,0x5b,0x4e,0x63,0x6e,0x63,0x8f,0x6b,
  0xaf,0x6b,0x8f,0x6b,0xaf,0x6b,0xaf,0x6b,0xaf,0x6b,0xaf,0x6b,0xaf,0x6b,0xaf,0x6b,
  0x8f,0x6b,0xaf,0x6b,0xaf,0x6b,0x8f,0x6b,0x8f,0x6b,0x8f,0x6b,0x8f,0x6b,0x8f,0x6b,
  0xaf,0x6b,0xaf,0x6b,0xaf,0x6b,0xaf,0x6b,0xaf,0x6b,0xaf,0x6b,0xd0,0x73,0xb0,0x73,
  0xaf,0x6b,0x8f,0x6b,0xaf,0x6b,0xb0,0x6b,0x8f,0x6b,0xb0,0x6b,0xb0,0x6b,0xaf,0x6b,
  0x8f,0x6b,0xb0,0x6b,0x90,0x6b,0x8f,0x6b,0xf0,0x7b,0x10,0x84,0x31,0x84,0x31,0x84,
  0x30,0x84,0x30,0x84,0x30,0x84,0x30,0x84,0x30,0x84,0x30,0x84,0x30,0x84,0x30,0x84,
  0x30,0x84,0x30,0x84,0x30,0x84,0x30,0x84,0x30,0x84,0x30,0x84,0x30,0x84,0x30,0x84,
  0x30,0x84,0x30,0x84,0x30,0x84,0x30,0x84,0x30,0x84,0x30,0x84,0x30,0x84,0x30,0x84,
  0x30,0x84,0x30,0x84,0x30,0x84,0x30,0x84,0x31,0x84,0x31,0x84,0x31,0x84,0x31,0x84,
  0x31,0x84,0x31,0x84,0x31,0x84,0x31,0x84,0x31,0x84,0x31,0x84,0x31,0x84,0x31,0x84,
  0x31,0x84,0x31,0x84,0x31,0x84,0x31,0x84,0x31,0x84,0x31,0x84,0x31,0x84,0x51,0x8c,
  0xae,0x73,0x8e,0x6b,0x8a,0x4a,0x4d,0x6b,0x8e,0x73,0x08,0x42,0x0c,0x63,0x0b,0x63,
  0x2c,0x63,0xce,0x73,0xce,0x73,0xc7,0x39,0xeb,0x62,0x0c,0x63,0x51,0x8c,0x51,0x8c,
  0x51,0x8c,0x51,0x8c,0x31,0x84,0x30,0x84,0x10,0x84,0xef,0x7b,0xcf,0x7b,0xcf,0x7b,
  0xae,0x73,0xae,0x73,0xae,0x73,0xae,0x73,0xae,0x73,0xcf,0x7b,0xcf,0x7b,0xcf,0x7b,
  0xcf,0x7b,0xcf,0x7b,0xcf,0x7b,0xcf,0x7b,0xae,0x73,0xae,0x73,0xae,0x73,0xcf,0x7b,
  0xcf,0x7b,0xef,0x7b,0x10,0x84,0x30,0x84,0x0f,0x7c,0xae,0x73,0x2c,0x63,0xaa,0x52,
  0x49,0x4a,0x08,0x42,0x28,0x42,0x69,0x4a,0xcb,0x5a,0x4c,0x63,0x6d,0x6b,0x6d,0x6b,
  0x4d,0x6b,0x4c,0x63,0x2c,0x63,0x0c,0x63,0x2c,0x63,0x6d,0x6b,0xae,0x73,0xcf,0x7b,
  0xef,0x83,0xef,0x83,0xef,0x7b,0xef,0x7b,0xcf,0x7b,0xcf,0x7b,0xcf,0x7b,0xcf,0x7b,
  0x6f,0x63,0x6f,0x63,0x6f,0x63,0x6f,0x63,0x4f,0x63,0x4f,0x63,0x6f,0x63,0x4f,0x63,
  0x4f,0x63,0x4f,0x63,0x4f,0x63,0x4f,0x63,0x4f,0x5b,0x4f,0x5b,0x4f,0x5b,0x4f,0x5b,
  0x4f,0x5b,0x4e,0x5b,0x4f,0x5b,0x4f,0x63,0x4f,0x5b,0x4f,0x63,0x4f,0x5b,0x4f,0x63,
  0x4f,0x63,0x6f,0x63,0x6f,0x63,0x4f,0x63,0x4f,0x63,0x6f,0x63,0x6f,0x63,0x6f,0x63,
  0x6f,0x5b,0x6f,0x63,0x6f,0x63,0x6f,0x63,0x6f,0x63,0x4f,0x5b,0x4f,0x5b,0x4e,0x5b,
  0x4e,0x5b,0x4f,0x5b,0x4f,0x63,0x6f,0x63,0x6f,0x63,0x8f,0x63,0x8f,0x6b,0x8f,0x6b,
  0xaf,0x6b,0xaf,0x6b,0xaf,0x6b,0x8f,0x6b,0x8f,0x6b,0x8f,0x6b,0x8f,0x6b,0x8f,0x6b,
  0xaf,0x6b,0xaf,0x6b,0xaf,0x6b,0xaf,0x6b,0xaf,0x6b,0xaf,0x6b,0xaf,0x6b,0xd0,0x73,
  0xb0,0x6b,0x8f,0x6b,0x8f,0x6b,0xaf,0x6b,0x8f,0x6b,0xd0,0x73,0xd0,0x6b,0xaf,0x6b,
  0x8f,0x6b,0xb0,0x6b,0xb0,0x6b,0x8f,0x6b,0xd0,0x73,0xb0,0x6b,0xaf,0x73,0x31,0x84,
  0x31,0x84,0x30,0x84,0x30,0x84,0x30,0x84,0x30,0x84,0x30,0x84,0x30,0x84,0x30,0x84,
  0x30,0x84,0x30,0x84,0x30,0x84,0x30,0x84,0x30,0x84,0x30,0x84,0x30,0x84,0x30,0x84,
  0x30,0x84,0x30,0x84,0x30,0x84,0x30,0x84,0x30,0x84,0x30,0x84,0x30,0x84,0x30,0x84,
  0x30,0x84,0x30,0x84,0x30,0x84,0x30,0x84,0x30,0x84,0x30,0x84,0x31,0x84,0x31,0x84,
  0x31,0x84,0x31,0x84,0x31,0x84,0x31,0x84,0x31,0x84,0x31,0x84,0x31,0x84,0x31,0x84,
  0x31,0x84,0x31,0x84,0x31,0x84,0x31,0x84,0x31,0x84,0x31,0x84,0x31,0x84,0x51,0x8c,
  0xae,0x73,0x6d,0x6b,0x8a,0x4a,0x6d,0x6b,0x8e,0x73,0x08,0x42,0x0c,0x63,0xeb,0x62,
  0x2c,0x63,0xce,0x73,0xae,0x73,0xc7,0x39,0xeb,0x62,0x0c,0x63,0x51,0x8c,0x31,0x84,
  0x31,0x84,0x31,0x84,0x51,0x84,0x51,0x84,0x51,0x8c,0x51,0x8c,0x51,0x8c,0x31,0x84,
  0x30,0x84,0x10,0x84,0x10,0x7c,0xef,0x7b,0xcf,0x7b,0xae,0x73,0xae,0x73,0xae,0x73,
  0xae,0x73,0xae,0x73,0xae,0x73,0xce,0x73,0xce,0x73,0xce,0x7b,0xcf,0x7b,0xcf,0x7b,
  0xcf,0x7b,0xae,0x73,0xae,0x73,0xae,0x73,0xce,0x7b,0xcf,0x7b,0xef,0x7b,0x10,0x84,
  0x10,0x84,0xef,0x7b,0x8e,0x73,0x2c,0x63,0xca,0x52,0x69,0x4a,0x28,0x42,0x28,0x42,
  0x69,0x4a,0xcb,0x5a,0x2c,0x63,0x6d,0x6b,0x6d,0x6b,0x4d,0x6b,0x2c,0x63,0x0c,0x63,
  0x0b,0x63,0x0b,0x63,0x4d,0x6b,0x8e,0x73,0xce,0x7b,0xef,0x7b,0xef,0x7b,0xef,0x7b,
  0x4f,0x63,0x4f,0x63,0x4f,0x63,0x4f,0x5b,0x4f,0x63,0x4f,0x5b,0x4f,0x63,0x4f,0x63,
  0x4f,0x63,0x4f,0x63,0x4f,0x63,0x4f,0x63,0x4f,0x5b,0x4f,0x63,0x4f,0x5b,0x4f,0x5b,
  0x4e,0x5b,0x4e,0x5b,0x4e,0x5b,0x4e,0x5b,0x4e,0x5b,0x4f,0x5b,0x4f,0x5b,0x4f,0x5b,
  0x4f,0x5b,0x4f,0x63,0x4f,0x63,0x4f,0x63,0x4f,0x63,0x4f,0x63,0x6f,0x63,0x6f,0x63,
  0x6f,0x63,0x6f,0x63,0x4f,0x63,0x4f,0x63,0x4f,0x63,0x4f,0x5b,0x6f,0x5b,0x6f,0x5b,
  0x6f,0x5b,0x4f,0x5b,0x4f,0x5b,0x4f,0x5b,0x4f,0x5b,0x4e,0x5b,0x4f,0x63,0x6f,0x63,
  0x6f,0x63,0x8f,0x6b,0xaf,0x6b,0xaf,0x6b,0x8f,0x6b,0x8f,0x6b,0x8f,0x6b,0x8f,0x6b,
  0x8f,0x6b,0x8f,0x6b,0x8f,0x6b,0x8f,0x6b,0xaf,0x6b,0xaf,0x6b,0xaf,0x6b,0xb0,0x73,
  0xaf,0x6b,0x8f,0x6b,0x8f,0x6b,0x8f,0x6b,0x8f,0x6b,0xd0,0x73,0xd0,0x73,0xaf,0x6b,
  0x8f,0x6b,0xb0,0x6b,0xaf,0x6b,0x90,0x6b,0x90,0x6b,0xb0,0x6b,0x8f,0x6b,0x8f,0x6b,
  0xf0,0x7b,0x50,0x84,0x30,0x84,0x30,0x84,0x30,0x84,0x30,0x84,0x30,0x84,0x30,0x84,
  0x30,0x84,0x30,0x84,0x30,0x84,0x30,0x84,0x30,0x84,0x30,0x84,0x30,0x84,0x30,0x84,
  0x30,0x84,0x30,0x84,0x30,0x84,0x30,0x84,0x30,0x84,0x30,0x84,0x30,0x84,0x30,0x84,
  0x30,0x84,0x30,0x84,0x30,0x84,0x30,0x84,0x30,0x84,0x30,0x84,0x30,0x84,0x31,0x84,
  0x31,0x84,0x30,0x84,0x31,0x84,0x31,0x84,0x31,0x84,0x31,0x84,0x31,0x84,0x51,0x84,
  0x31,0x84,0x31,0x84,0x31,0x84,0x31,0x84,0x31,0x84,0x31,0x84,0x31,0x84,0x51,0x8c,
  0xae,0x73,0x6d,0x6b,0x69,0x4a,0x6d,0x6b,0x8d,0x73,0x08,0x42,0x0b,0x63,0xeb,0x62,
  0x2c,0x63,0xae,0x73,0xae,0x73,0xc7,0x39,0xeb,0x62,0x0b,0x63,0x51,0x8c,0x31,0x84,
  0x31,0x84,0x31,0x84,0x31,0x84,0x31,0x84,0x30,0x84,0x30,0x84,0x30,0x84,0x31,0x84,
  0x51,0x84,0x51,0x84,0x51,0x8c,0x51,0x8c,0x51,0x84,0x30,0x84,0x30,0x84,0x10,0x84,
  0xef,0x7b,0xcf,0x7b,0xaf,0x73,0xae,0x73,0xae,0x73,0xae,0x73,0xae,0x73,0xae,0x73,
  0xce,0x7b,0xce,0x7b,0xce,0x7b,0xcf,0x7b,0xcf,0x7b,0xce,0x7b,0xae,0x73,0xae,0x73,
  0xae,0x73,0xae,0x73,0xcf,0x7b,0xef,0x7b,0x10,0x84,0x10,0x84,0xef,0x7b,0xae,0x73,
  0x4d,0x6b,0xcb,0x5a,0x69,0x4a,0x28,0x42,0x28,0x42,0x69,0x4a,0xcb,0x5a,0x2c,0x63,
  0x4d,0x6b,0x4c,0x6b,0x6d,0x6b,0x4d,0x6b,0x4c,0x6b,0x4c,0x6b,0x6d,0x6b,0x8d,0x73,
  0x4f,0x5b,0x4f,0x5b,0x4e,0x5b,0x4e,0x5b,0x4f,0x5b,0x4f,0x63,0x4f,0x63,0x4f,0x63,
  0x4f,0x63,0x4f,0x63,0x4f,0x5b,0x4f,0x5b,0x4f,0x63,0x4f,0x5b,0x4e,0x5b,0x4f,0x5b,
  0x4e,0x5b,0x4e,0x5b,0x4e,0x5b,0x4e,0x5b,0x4e,0x5b,0x4e,0x5b,0x4e,0x5b,0x4e,0x5b,
  0x4f,0x5b,0x4e,0x5b,0x4e,0x5b,0x4f,0x63,0x4f,0x63,0x4f,0x63,0x4f,0x5b,0x4f,0x5b,
  0x4f,0x63,0x4f,0x63,0x4f,0x63,0x4f,0x63,0x4f,0x63,0x4f,0x5b,0x4f,0x5b,0x6f,0x5b,
  0x6f,0x5b,0x4f,0x5b,0x4f,0x5b,0x4f,0x5b,0x4f,0x5b,0x4f,0x5b,0x4f,0x5b,0x4e,0x5b,
  0x4e,0x5b,0x4e,0x5b,0x6f,0x63,0x8f,0x63,0x8f,0x6b,0x8f,0x6b,0x8f,0x6b,0x8f,0x6b,
  0x8f,0x6b,0x8f,0x6b,0x8f,0x6b,0x8f,0x6b,0xaf,0x6b,0xd0,0x73,0xb0,0x73,0xd0,0x73,
  0xaf,0x6b,0x8f,0x6b,0x8f,0x6b,0x8f,0x6b,0x8f,0x6b,0xb0,0x73,0xf0,0x7b,0xf0,0x73,
  0x8f,0x6b,0x8f,0x6b,0xaf,0x6b,0x90,0x6b,0x90,0x6b,0x90,0x6b,0xb0,0x6b,0x8f,0x6b,
  0x6f,0x6b,0xf0,0x7b,0x51,0x84,0x30,0x84,0x30,0x84,0x30,0x84,0x30,0x84,0x30,0x84,
  0x30,0x84,0x30,0x84,0x30,0x84,0x30,0x84,0x30,0x84,0x30,0x84,0x30,0x84,0x30,0x84,
  0x30,0x84,0x30,0x84,0x30,0x84,0x30,0x84,0x30,0x84,0x30,0x84,0x30,0x84,0x30,0x84,
  0x30,0x84,0x30,0x84,0x30,0x84,0x30,0x84,0x30,0x84,0x30,0x84,0x30,0x84,0x31,0x84,
  0x31,0x84,0x30,0x84,0x31,0x84,0x31,0x84,0x31,0x84,0x31,0x84,0x31,0x84,0x31,0x84,
  0x31,0x84,0x31,0x84,0x31,0x84,0x31,0x84,0x31,0x84,0x31,0x84,0x31,0x84,0x51,0x84,
  0xae,0x73,0x6d,0x6b,0x69,0x4a,0x6d,0x6b,0x8d,0x73,0x07,0x42,0x0b,0x63,0xea,0x5a,
  0x0c,0x63,0xae,0x73,0xae,0x73,0xc7,0x39,0xca,0x5a,0x0b,0x63,0x51,0x8c,0x31,0x84,
  0x30,0x84,0x30,0x84,0x30,0x84,0x30,0x84,0x30,0x84,0x30,0x84,0x30,0x84,0x30,0x84,
  0x30,0x84,0x30,0x84,0x30,0x84,0x30,0x84,0x30,0x84,0x31,0x84,0x51,0x84,0x51,0x84,
  0x51,0x8c,0x51,0x8c,0x51,0x84,0x30,0x84,0x10,0x84,0x0f,0x7c,0xef,0x7b,0xcf,0x7b,
  0xae,0x73,0xae,0x73,0xae,0x73,0xae,0x73,0xae,0x73,0xae,0x73,0xae,0x73,0xce,0x7b,
  0xce,0x7b,0xce,0x7b,0xce,0x73,0xae,0x73,0xae,0x73,0xae,0x73,0xae,0x73,0xae,0x73,
  0xef,0x7b,0x0f,0x84,0x10,0x84,0xef,0x7b,0xae,0x73,0x4d,0x6b,0xeb,0x5a,0xaa,0x52,
  0x69,0x4a,0x49,0x4a,0x49,0x4a,0x69,0x4a,0xcb,0x5a,0x0c,0x63,0x4c,0x6b,0x4d,0x6b,
  0x4e,0x5b,0x4e,0x5b,0x4e,0x5b,0x4f,0x5b,0x4f,0x5b,0x4f,0x63,0x4f,0x63,0x4f,0x5b,
  0x4f,0x63,0x4f,0x5b,0x4f,0x5b,0x4f,0x5b,0x4f,0x5b,0x4f,0x5b,0x4f,0x5b,0x4f,0x5b,
  0x4e,0x5b,0x4e,0x5b,0x4e,0x5b,0x4e,0x5b,0x4e,0x5b,0x4e,0x5b,0x4e,0x5b,0x4f,0x63,
  0x6f,0x63,0x4f,0x63,0x4e,0x63,0x4e,0x5b,0x4e,0x5b,0x4e,0x5b,0x4e,0x5b,0x4e,0x5b,
  0x4e,0x5b,0x4e,0x5b,0x4f,0x5b,0x4f,0x5b,0x4f,0x63,0x6f,0x63,0x4f,0x5b,0x4e,0x5b,
  0x4e,0x5b,0x4f,0x5b,0x4f,0x5b,0x4f,0x5b,0x4f,0x5b,0x4f,0x5b,0x4e,0x5b,0x4e,0x5b,
  0x4e,0x5b,0x4e,0x5b,0x4e,0x5b,0x4e,0x5b,0x6f,0x5b,0x8f,0x63,0x90,0x6b,0x8f,0x6b,
  0x8f,0x6b,0xb0,0x73,0x8f,0x6b,0x8f,0x6b,0x8f,0x6b,0xaf,0x6b,0xd0,0x73,0x8f,0x6b,
  0xaf,0x6b,0x8f,0x6b,0x8f,0x6b,0x8f,0x6b,0x8f,0x6b,0x8f,0x6b,0xf0,0x7b,0x11,0x7c,
  0xf0,0x7b,0x8f,0x6b,0x8f,0x6b,0x90,0x6b,0x90,0x6b,0x90,0x6b,0xb0,0x6b,0xb0,0x6b,
  0x90,0x6b,0x8f,0x6b,0xaf,0x73,0x10,0x7c,0x10,0x7c,0xf0,0x7b,0x10,0x7c,0x31,0x84,
  0x30,0x84,0x10,0x84,0x10,0x84,0x30,0x84,0x31,0x84,0x30,0x84,0x30,0x84,0x30,0x84,
  0x30,0x84,0x30,0x84,0x30,0x84,0x30,0x84,0x30,0x84,0x30,0x84,0x30,0x84,0x30,0x84,
  0x30,0x84,0x30,0x84,0x30,0x84,0x30,0x84,0x30,0x84,0x30,0x84,0x30,0x84,0x30,0x84,
  0x30,0x84,0x30,0x84,0x30,0x84,0x31,0x84,0x31,0x84,0x31,0x84,0x31,0x84,0x31,0x84,
  0x31,0x84,0x31,0x84,0x31,0x84,0x31,0x84,0x31,0x84,0x31,0x84,0x31,0x84,0x51,0x84,
  0xae,0x73,0x4d,0x6b,0x69,0x4a,0x4d,0x6b,0x8d,0x73,0x07,0x42,0x0c,0x63,0xca,0x5a,
  0x0b,0x63,0xae,0x73,0xae,0x73,0xc7,0x39,0xca,0x5a,0xeb,0x62,0x51,0x8c,0x30,0x84,
  0x30,0x84,0x30,0x84,0x30,0x84,0x30,0x84,0x30,0x84,0x30,0x84,0x30,0x84,0x30,0x84,
  0x30,0x84,0x30,0x84,0x31,0x84,0x31,0x84,0x31,0x84,0x31,0x84,0x31,0x84,0x30,0x84,
  0x30,0x84,0x30,0x84,0x31,0x84,0x31,0x84,0x51,0x84,0x51,0x84,0x51,0x84,0x51,0x84,
  0x30,0x84,0x30,0x84,0x10,0x84,0xef,0x7b,0xcf,0x7b,0xce,0x73,0xae,0x73,0xae,0x73,
  0x8e,0x73,0x8e,0x73,0xae,0x73,0xae,0x73,0xae,0x73,0xae,0x73,0xce,0x7b,0xce,0x7b,
  0xae,0x73,0xae,0x73,0xae,0x73,0xae,0x73,0xae,0x73,0xcf,0x7b,0xef,0x7b,0x10,0x84,
  0xef,0x7b,0xcf,0x7b,0x6d,0x6b,0x0c,0x63,0xaa,0x52,0x49,0x4a,0x28,0x42,0x49,0x4a,
  0x4f,0x5b,0x4f,0x5b,0x4e,0x5b,0x4e,0x5b,0x4f,0x63,0x4f,0x63,0x4e,0x5b,0x4f,0x5b,
  0x4f,0x5b,0x4f,0x5b,0x4f,0x63,0x4f,0x63,0x4f,0x5b,0x4f,0x5b,0x4f,0x5b,0x4f,0x5b,
  0x4e,0x5b,0x4e,0x5b,0x4e,0x5b,0x4e,0x5b,0x4e,0x5b,0x4e,0x5b,0x6e,0x63,0x4e,0x63,
  0x6f,0x63,0x4e,0x5b,0x4e,0x5b,0x4e,0x5b,0x4e,0x5b,0x4e,0x5b,0x4e,0x5b,0x4e,0x5b,
  0x4e,0x5b,0x4e,0x5b,0x4e,0x5b,0x4e,0x5b,0x4e,0x5b,0x4e,0x5b,0x4e,0x5b,0x4e,0x5b,
  0x4e,0x5b,0x4f,0x5b,0x4f,0x5b,0x4f,0x5b,0x4f,0x5b,0x4f,0x5b,0x4f,0x5b,0x4f,0x5b,
  0x4f,0x5b,0x4f,0x5b,0x4f,0x5b,0x4f,0x5b,0x4f,0x5b,0x4f,0x5b,0x4f,0x5b,0x8f,0x63,
  0x8f,0x6b,0xd0,0x73,0xd0,0x73,0xaf,0x6b,0xaf,0x6b,0x8f,0x6b,0x8f,0x6b,0xb0,0x6b,
  0x8f,0x6b,0x8f,0x6b,0x90,0x6b,0xb0,0x6b,0x8f,0x6b,0xb0,0x73,0xf0,0x7b,0xf0,0x7b,
  0xf0,0x7b,0xf0,0x7b,0xd0,0x73,0x8f,0x6b,0x90,0x6b,0x90,0x6b,0x8f,0x6b,0x8f,0x6b,
  0xb0,0x6b,0xaf,0x6b,0x8f,0x6b,0x8f,0x6b,0xd0,0x73,0xaf,0x6b,0x8f,0x6b,0x10,0x7c,
  0x50,0x84,0x30,0x84,0x31,0x84,0x30,0x84,0x10,0x7c,0x30,0x84,0x30,0x84,0x30,0x84,
  0x30,0x84,0x30,0x84,0x30,0x84,0x30,0x84,0x30,0x84,0x30,0x84,0x30,0x84,0x30,0x84,
  0x30,0x84,0x30,0x84,0x30,0x84,0x30,0x84,0x30,0x84,0x30,0x84,0x30,0x84,0x30,0x84,
  0x30,0x84,0x30,0x84,0x30,0x84,0x30,0x84,0x30,0x84,0x30,0x84,0x30,0x84,0x31,0x84,
  0x31,0x84,0x31,0x84,0x31,0x84,0x31,0x84,0x31,0x84,0x31,0x84,0x31,0x84,0x51,0x84,
  0xae,0x73,0x4d,0x6b,0x69,0x4a,0x4d,0x6b,0x8d,0x73,0x08,0x42,0x0c,0x63,0xca,0x5a,
  0x0b,0x63,0x8e,0x73,0x8e,0x73,0xc7,0x39,0xca,0x5a,0xeb,0x5a,0x51,0x84,0x30,0x84,
  0x30,0x84,0x30,0x84,0x30,0x84,0x30,0x84,0x30,0x84,0x30,0x84,0x30,0x84,0x30,0x84,
  0x30,0x84,0x30,0x84,0x31,0x84,0x31,0x84,0x31,0x84,0x31,0x84,0x31,0x84,0x31,0x84,
  0x31,0x84,0x31,0x84,0x31,0x84,0x31,0x84,0x30,0x84,0x30,0x84,0x30,0x84,0x30,0x84,
  0x31,0x84,0x31,0x84,0x31,0x84,0x51,0x84,0x51,0x84,0x51,0x84,0x30,0x84,0x10,0x84,
  0x10,0x7c,0xef,0x7b,0xcf,0x7b,0xae,0x73,0xae,0x73,0x8e,0x73,0x8e,0x73,0x8e,0x73,
  0x8e,0x73,0xae,0x73,0xae,0x73,0xce,0x7b,0xcf,0x7b,0xce,0x7b,0xae,0x73,0xae,0x73,
  0xae,0x73,0xae,0x73,0xcf,0x7b,0xef,0x7b,0xef,0x7b,0xef,0x7b,0xcf,0x7b,0x8e,0x73,
  0x4f,0x5b,0x4f,0x5b,0x4e,0x5b,0x4f,0x5b,0x4f,0x63,0x4e,0x5b,0x4f,0x5b,0x4f,0x63,
  0x4f,0x63,0x4f,0x63,0x4f,0x63,0x4f,0x5b,0x4f,0x5b,0x4f,0x5b,0x4e,0x5b,0x4f,0x5b,
  0x4e,0x5b,0x4e,0x5b,0x4e,0x5b,0x4e,0x5b,0x4e,0x5b,0x4e,0x63,0x4e,0x63,0x4e,0x63,
  0x4e,0x63,0x4e,0x63,0x4e,0x63,0x4e,0x5b,0x4e,0x5b,0x2e,0x5b,0x4e,0x5b,0x6e,0x63,
  0x4e,0x63,0x4e,0x63,0x4e,0x63,0x4e,0x63,0x4e,0x5b,0x4e,0x5b,0x4e,0x5b,0x4e,0x63,
  0x4e,0x63,0x4e,0x63,0x4e,0x63,0x4e,0x63,0x4e,0x63,0x4e,0x63,0x4f,0x5b,0x4f,0x5b,
  0x4f,0x5b,0x4f,0x5b,0x4f,0x5b,0x4f,0x5b,0x4f,0x5b,0x4f,0x5b,0x4e,0x5b,0x4e,0x5b,
  0x6f,0x63,0x8f,0x6b,0xaf,0x6b,0xaf,0x73,0xf0,0x7b,0xf0,0x7b,0xaf,0x73,0x8f,0x6b,
  0x8f,0x6b,0x8f,0x6b,0x8f,0x6b,0x90,0x6b,0x8f,0x6b,0xb0,0x6b,0xd0,0x73,0xd0,0x73,
  0xd0,0x73,0xd0,0x73,0xf0,0x73,0xd0,0x73,0xb0,0x73,0x8f,0x6b,0xaf,0x6b,0xb0,0x6b,
  0xb0,0x6b,0xb0,0x6b,0xb0,0x6b,0x90,0x6b,0xb0,0x6b,0xf0,0x73,0xaf,0x6b,0xaf,0x6b,
  0xf0,0x7b,0xf0,0x7b,0xd0,0x7b,0xaf,0x73,0x8f,0x73,0xaf,0x73,0x31,0x84,0x31,0x84,
  0x30,0x84,0x30,0x84,0x31,0x84,0x30,0x84,0x30,0x84,0x30,0x84,0x30,0x84,0x30,0x84,
  0x30,0x84,0x30,0x84,0x30,0x84,0x30,0x84,0x30,0x84,0x30,0x84,0x30,0x84,0x30,0x84,
  0x30,0x84,0x30,0x84,0x30,0x84,0x30,0x84,0x30,0x84,0x30,0x84,0x30,0x84,0x30,0x84,
  0x30,0x84,0x30,0x84,0x30,0x84,0x30,0x84,0x30,0x84,0x31,0x84,0x31,0x84,0x51,0x8c,
  0xae,0x73,0x4d,0x6b,0x69,0x4a,0x4d,0x6b,0x8d,0x73,0x08,0x42,0x0b,0x63,0xaa,0x5a,
  0x0b,0x63,0x8e,0x73,0x8e,0x73,0xc7,0x39,0xca,0x5a,0xeb,0x5a,0x51,0x84,0x30,0x84,
  0x30,0x84,0x30,0x84,0x30,0x84,0x30,0x84,0x30,0x84,0x30,0x84,0x30,0x84,0x30,0x84,
  0x30,0x84,0x30,0x84,0x30,0x84,0x30,0x84,0x30,0x84,0x30,0x84,0x30,0x84,0x30,0x84,
  0x30,0x84,0x30,0x84,0x30,0x84,0x30,0x84,0x30,0x84,0x30,0x84,0x30,0x84,0x30,0x84,
  0x30,0x84,0x30,0x84,0x30,0x84,0x31,0x84,0x31,0x84,0x30,0x84,0x31,0x84,0x51,0x84,
  0x51,0x84,0x51,0x84,0x51,0x84,0x51,0x84,0x30,0x84,0x30,0x84,0x10,0x7c,0xef,0x7b,
  0xcf,0x7b,0xae,0x73,0x8e,0x73,0x8e,0x73,0x8e,0x73,0x8e,0x73,0xae,0x73,0xae,0x73,
  0xae,0x73,0xae,0x73,0xae,0x73,0xae,0x73,0x8e,0x73,0xae,0x73,0xae,0x73,0xae,0x73,
  0x4f,0x5b,0x4e,0x5b,0x4f,0x63,0x6f,0x63,0x4f,0x5b,0x4f,0x5b,0x6f,0x63,0x4f,0x63,
  0x4f,0x63,0x4f,0x63,0x4f,0x5b,0x4e,0x5b,0x4e,0x5b,0x4e,0x5b,0x4e,0x5b,0x4e,0x5b,
  0x4e,0x5b,0x4e,0x5b,0x4e,0x5b,0x4e,0x5b,0x4f,0x63,0x4e,0x63,0x4e,0x63,0x4e,0x5b,
  0x4e,0x5b,0x4e,0x63,0x4e,0x63,0x4e,0x5b,0x4e,0x5b,0x4e,0x5b,0x2e,0x5b,0xaf,0x6b,
  0xf0,0x73,0x8f,0x6b,0x6f,0x63,0x4e,0x63,0x4e,0x63,0x6f,0x63,0x4e,0x63,0x4e,0x63,
  0x4e,0x63,0x4e,0x63,0x4e,0x63,0x4e,0x63,0x4e,0x63,0x4e,0x63,0x4e,0x5b,0x4e,0x5b,
  0x4e,0x5b,0x4f,0x63,0x4f,0x5b,0x4f,0x5b,0x4f,0x5b,0x4f,0x5b,0x4e,0x5b,0x4e,0x5b,
  0x4e,0x5b,0x4e,0x5b,0x6f,0x63,0x8f,0x6b,0x8f,0x6b,0xd0,0x73,0xf0,0x7b,0xd0,0x73,
  0xaf,0x6b,0x8f,0x6b,0x8f,0x6b,0x8f,0x6b,0x8f,0x6b,0x8f,0x6b,0xaf,0x6b,0x8f,0x6b,
  0x8f,0x6b,0x8f,0x6b,0x8f,0x6b,0xd0,0x73,0x11,0x7c,0xf0,0x73,0xf0,0x7b,0xf0,0x7b,
  0xd0,0x73,0xaf,0x6b,0x8f,0x6b,0x8f,0x6b,0x8f,0x6b,0x8f,0x6b,0xb0,0x6b,0xb0,0x6b,
  0xb0,0x6b,0xb0,0x73,0x8f,0x6b,0xaf,0x6b,0xb0,0x6b,0x8f,0x6b,0xb0,0x73,0xd0,0x73,
  0xaf,0x6b,0xaf,0x6b,0xd0,0x73,0x30,0x84,0x30,0x84,0x30,0x84,0x30,0x84,0x31,0x84,
  0x31,0x84,0x30,0x84,0x30,0x84,0x30,0x84,0x10,0x84,0x10,0x84,0x10,0x84,0x30,0x84,
  0x30,0x84,0x30,0x84,0x30,0x84,0x30,0x84,0x30,0x84,0x30,0x84,0x30,0x84,0x30,0x84,
  0x30,0x84,0x30,0x84,0x30,0x84,0x30,0x84,0x30,0x84,0x30,0x84,0x30,0x84,0x51,0x84,
  0xae,0x73,0x4d,0x63,0x49,0x4a,0x4d,0x6b,0x8d,0x6b,0x08,0x42,0x0b,0x63,0xa9,0x52,
  0x0b,0x63,0x8e,0x73,0x8e,0x6b,0xc7,0x39,0xca,0x5a,0xeb,0x5a,0x51,0x84,0x30,0x7c,
  0x30,0x84,0x30,0x84,0x30,0x84,0x30,0x84,0x30,0x84,0x30,0x84,0x30,0x84,0x30,0x84,
  0x30,0x84,0x30,0x84,0x30,0x84,0x30,0x84,0x10,0x84,0x30,0x84,0x30,0x84,0x30,0x84,
  0x30,0x84,0x30,0x84,0x30,0x84,0x30,0x84,0x30,0x84,0x30,0x84,0x30,0x84,0x30,0x84,
  0x30,0x84,0x30,0x84,0x30,0x84,0x30,0x84,0x30,0x84,0x30,0x84,0x30,0x84,0x31,0x84,
  0x31,0x84,0x30,0x84,0x30,0x84,0x31,0x84,0x31,0x84,0x51,0x84,0x51,0x84,0x51,0x84,
  0x51,0x84,0x31,0x84,0x30,0x84,0x10,0x84,0xef,0x7b,0xcf,0x7b,0xae,0x73,0x8e,0x73,
  0x8e,0x73,0x8e,0x73,0x8e,0x73,0x8e,0x73,0x8e,0x73,0x8e,0x73,0xae,0x73,0xae,0x73,
};
const lv_img_dsc_t img_fantile_on = {
  .header = { .cf = LV_IMG_CF_TRUE_COLOR, .always_zero = 0,
              .reserved = 0, .w = 200, .h = 200 },
  .data_size = 80000,
  .data = img_fantile_on_map,
};
