#pragma once
#include <Arduino.h>
#include <lvgl.h>
// hand_img.h - barbed clock hands, wider (x1.5), dimmer, green centre dot

const uint8_t img_hand_hour_map[] = {
  0x00,0x00,0x00,0x00,0x00,0x00,0x00,0x00,0x00,0x00,0x00,0x00,0x00,0x00,0x00,
  0x00,0x00,0x00,0x00,0x00,0x00,0x00,0x00,0x00,0x00,0x00,0x00,0x00,0x00,0x00,
  0x00,0x00,0x00,0x00,0x00,0x00,0x00,0x00,0x00,0x00,0x00,0x00,0x00,0x00,0x00,
  0x00,0x00,0x00,0x00,0x00,0x00,0x00,0x00,0x00,0x00,0x00,0x00,0x00,0x00,0x00,
  0x00,0x00,0x00,0x00,0x00,0x00,0x00,0x00,0x00,0x00,0x00,0x00,0x00,0x00,0x00,
  0x00,0x00,0x00,0x00,0x00,0x00,0x00,0x00,0x00,0x00,0x00,0x00,0x00,0x00,0x00,
  0x00,0x00,0x00,0x00,0x00,0x00,0x00,0x00,0x00,0x00,0x00,0x00,0x00,0x00,0x00,
  0x00,0x00,0x00,0x00,0x00,0x00,0x00,0x00,0x00,0x00,0x00,0x00,0x00,0x00,0x00,
  0x00,0x00,0x00,0x00,0x00,0x00,0x00,0x00,0x00,0x00,0x00,0x00,0x00,0x00,0x00,
  0x00,0x00,0x00,0x00,0x00,0x00,0x00,0x00,0x00,0x00,0x00,0x00,0x00,0x00,0x00,
  0x00,0x00,0x00,0x00,0x00,0x00,0x00,0x00,0x00,0x00,0x00,0x00,0x00,0x00,0x00,
  0x00,0x00,0x00,0x00,0x00,0x00,0x00,0x00,0x00,0x00,0x00,0x00,0x00,0x00,0x00,
  0x00,0x00,0x00,0x00,0x00,0x00,0x00,0x00,0x00,0x00,0x00,0x00,0x00,0x00,0x00,
  0x00,0x00,0x00,0x00,0x00,0x00,0x00,0x00,0x00,0x00,0x00,0x00,0x00,0x00,0x00,
  0x00,0x00,0x00,0x00,0x00,0x00,0x00,0x00,0x00,0x00,0x00,0x00,0x00,0x00,0x00,
  0x00,0x00,0x00,0x00,0x00,0x00,0x00,0x00,0x00,0x00,0x00,0x00,0x00,0x00,0x00,
  0x00,0x00,0x00,0x00,0x00,0x00,0x00,0x00,0x00,0x00,0x00,0x00,0x00,0x00,0x00,
  0x00,0x00,0x00,0x00,0x00,0x00,0x00,0x00,0x00,0x00,0x00,0x00,0x00,0x00,0x00,
  0x00,0x00,0x00,0x00,0x00,0x00,0x00,0x00,0x00,0x00,0x00,0x00,0x00,0x00,0x00,
  0x00,0x00,0x00,0x00,0x00,0x00,0x00,0x00,0x00,0x00,0x00,0x00,0x00,0x00,0x00,
  0x00,0x00,0x00,0x00,0x00,0x00,0x00,0x00,0x00,0x00,0x00,0x00,0x00,0x00,0x00,
  0x00,0x00,0x00,0x00,0x00,0x00,0x00,0x00,0x00,0x00,0x00,0x00,0x00,0x00,0x00,
  0x00,0x00,0x00,0x00,0x00,0x00,0x00,0x00,0x00,0x00,0x00,0x00,0x00,0x00,0x00,
  0x00,0x00,0x00,0x00,0x00,0x00,0x00,0x00,0x00,0x00,0x00,0x00,0x00,0x00,0x00,
  0x00,0x00,0x00,0x00,0x00,0x00,0x00,0x00,0x00,0x00,0x00,0x00,0x00,0x00,0x00,
  0x00,0x00,0x00,0x00,0x00,0x00,0x00,0x00,0x00,0x00,0x00,0x00,0x00,0x00,0x00,
  0x00,0x00,0x00,0x00,0x00,0x00,0x00,0x00,0x00,0x00,0x00,0x00,0x00,0x00,0x00,
  0x00,0x00,0x00,0x00,0x00,0x00,0x00,0x00,0x00,0x00,0x00,0x00,0x00,0x00,0x00,
  0x00,0x00,0x00,0x00,0x00,0x00,0x00,0x00,0x00,0x00,0x00,0x00,0x00,0x00,0x00,
  0x00,0x00,0x00,0x00,0x00,0x00,0x00,0x00,0x00,0x00,0x00,0x00,0x00,0x00,0x00,
  0x00,0x00,0x00,0x00,0x00,0x00,0x00,0x00,0x00,0x00,0x00,0x00,0x00,0x00,0x00,
  0x00,0x00,0x00,0x00,0x00,0x00,0x00,0x00,0x00,0x00,0x00,0x00,0x00,0x00,0x00,
  0x00,0x00,0x00,0x00,0x00,0x00,0x00,0x00,0x00,0x00,0x00,0x00,0x00,0x00,0x00,
  0x00,0x00,0x00,0x00,0x00,0x00,0x00,0x00,0x00,0x00,0x00,0x00,0x00,0x00,0x00,
  0x00,0x00,0x00,0x00,0x00,0x00,0x00,0x00,0x00,0x00,0x00,0x00,0xff,0xff,0x01,
  0xff,0xff,0x01,0x00,0x00,0x00,0x00,0x00,0x00,0x00,0x00,0x00,0x00,0x00,0x00,
  0x00,0x00,0x00,0x00,0x00,0x00,0x00,0x00,0x00,0x00,0x00,0x00,0x00,0x00,0x00,
  0x00,0x00,0x00,0x00,0x00,0x00,0x00,0x00,0x00,0x00,0x00,0x00,0x00,0x00,0x00,
  0x00,0x00,0x00,0x00,0x00,0x00,0x00,0x00,0x00,0x00,0x00,0x00,0x00,0x00,0x00,
  0x00,0x00,0x00,0x00,0x00,0x00,0x00,0x00,0x00,0x00,0x00,0x00,0x00,0x00,0x00,
  0x00,0x00,0x00,0x00,0x00,0x00,0x00,0x00,0x00,0x00,0x00,0x00,0x00,0x00,0x00,
  0x00,0x00,0x00,0x00,0x00,0x00,0x00,0x00,0x00,0x00,0x00,0x00,0x00,0x00,0x00,
  0x00,0x00,0x00,0x00,0x00,0x00,0x00,0x00,0x00,0x00,0x00,0x00,0x00,0x00,0x00,
  0x00,0x00,0x00,0x00,0x00,0x00,0x00,0x00,0x00,0x00,0x00,0x00,0x00,0x00,0x00,
  0x00,0x00,0x00,0x00,0x00,0x00,0x00,0x00,0x00,0x00,0x00,0x00,0x00,0x00,0x00,
  0x00,0x00,0x00,0xff,0xff,0x01,0x00,0x00,0x00,0x00,0x00,0x00,0x00,0x00,0x00,
  0x00,0x00,0x00,0x00,0x00,0x00,0x00,0x00,0x00,0x00,0x00,0x00,0x00,0x00,0x00,
  0x00,0x00,0x00,0x00,0x00,0x00,0x00,0x00,0x00,0x00,0x00,0x00,0x00,0x00,0x00,
  0x00,0x00,0x00,0x00,0x00,0x00,0x00,0x00,0x00,0x00,0x00,0x00,0x00,0x00,0x00,
  0x00,0x00,0x00,0x00,0x00,0x00,0x00,0x00,0x00,0x00,0x00,0x00,0x00,0x00,0x00,
  0x00,0x00,0x00,0x00,0x00,0x00,0x00,0x00,0x00,0x00,0x00,0x00,0x00,0x00,0x00,
  0x00,0x00,0x00,0x00,0x00,0x00,0x00,0x00,0x00,0x00,0x00,0x00,0x00,0x00,0x00,
  0x00,0x00,0x00,0x00,0x00,0x00,0x00,0x00,0x00,0x00,0x00,0x00,0x00,0x00,0x00,
  0x00,0x00,0x00,0x00,0x00,0x00,0x00,0x00,0x00,0x00,0x00,0x00,0x00,0x00,0x00,
  0x00,0x00,0x00,0x00,0x00,0x00,0x55,0xad,0x03,0x00,0x00,0x00,0x9a,0xd6,0x4d,
  0x59,0xce,0x81,0x00,0x00,0x00,0xff,0xff,0x03,0x00,0x00,0x00,0x00,0x00,0x00,
  0x00,0x00,0x00,0x00,0x00,0x00,0x00,0x00,0x00,0x00,0x00,0x00,0x00,0x00,0x00,
  0x00,0x00,0x00,0x00,0x00,0x00,0x00,0x00,0x00,0x00,0x00,0x00,0x00,0x00,0x00,
  0x00,0x00,0x00,0x00,0x00,0x00,0x00,0x00,0x00,0x00,0x00,0x00,0x00,0x00,0x00,
  0x00,0x00,0x00,0x00,0x00,0x00,0x00,0x00,0x00,0x00,0x00,0x00,0x00,0x00,0x00,
  0x00,0x00,0x00,0x00,0x00,0x00,0x00,0x00,0x00,0x00,0x00,0x00,0x00,0x00,0x00,
  0x00,0x00,0x00,0x00,0x00,0x00,0x00,0x00,0x00,0x00,0x00,0x00,0x00,0x00,0x00,
  0x00,0x00,0x00,0x00,0x00,0x00,0x00,0x00,0x00,0x00,0x00,0x00,0x00,0x00,0x00,
  0x00,0x00,0x00,0x00,0x00,0x00,0x00,0x00,0x00,0x00,0x00,0x00,0x00,0x00,0x00,
  0x00,0x00,0x00,0xff,0xff,0x01,0xff,0xff,0x03,0xf7,0xbd,0x04,0x79,0xce,0xd1,
  0xba,0xd6,0xfb,0x79,0xce,0x20,0xff,0xff,0x01,0xff,0xff,0x02,0x00,0x00,0x00,
  0x00,0x00,0x00,0x00,0x00,0x00,0x00,0x00,0x00,0x00,0x00,0x00,0x00,0x00,0x00,
  0x00,0x00,0x00,0x00,0x00,0x00,0x00,0x00,0x00,0x00,0x00,0x00,0x00,0x00,0x00,
  0x00,0x00,0x00,0x00,0x00,0x00,0x00,0x00,0x00,0x00,0x00,0x00,0x00,0x00,0x00,
  0x00,0x00,0x00,0x00,0x00,0x00,0x00,0x00,0x00,0x00,0x00,0x00,0x00,0x00,0x00,
  0x00,0x00,0x00,0x00,0x00,0x00,0x00,0x00,0x00,0x00,0x00,0x00,0x00,0x00,0x00,
  0x00,0x00,0x00,0x00,0x00,0x00,0x00,0x00,0x00,0x00,0x00,0x00,0x00,0x00,0x00,
  0x00,0x00,0x00,0x00,0x00,0x00,0x00,0x00,0x00,0x00,0x00,0x00,0x00,0x00,0x00,
  0x00,0x00,0x00,0x00,0x00,0x00,0x00,0x00,0x00,0x00,0x00,0x00,0x00,0x00,0x00,
  0x00,0x00,0x00,0xff,0xff,0x03,0x00,0x00,0x00,0x79,0xce,0x6b,0xfb,0xde,0xff,
  0xdb,0xde,0xff,0x79,0xce,0xaa,0x00,0x00,0x00,0xf7,0xbd,0x04,0x00,0x00,0x00,
  0x00,0x00,0x00,0x00,0x00,0x00,0x00,0x00,0x00,0x00,0x00,0x00,0x00,0x00,0x00,
  0x00,0x00,0x00,0x00,0x00,0x00,0x00,0x00,0x00,0x00,0x00,0x00,0x00,0x00,0x00,
  0x00,0x00,0x00,0x00,0x00,0x00,0x00,0x00,0x00,0x00,0x00,0x00,0x00,0x00,0x00,
  0x00,0x00,0x00,0x00,0x00,0x00,0x00,0x00,0x00,0x00,0x00,0x00,0x00,0x00,0x00,
  0x00,0x00,0x00,0x00,0x00,0x00,0x00,0x00,0x00,0x00,0x00,0x00,0x00,0x00,0x00,
  0x00,0x00,0x00,0x00,0x00,0x00,0x00,0x00,0x00,0x00,0x00,0x00,0x00,0x00,0x00,
  0x00,0x00,0x00,0x00,0x00,0x00,0x00,0x00,0x00,0x00,0x00,0x00,0x00,0x00,0x00,
  0x00,0x00,0x00,0x00,0x00,0x00,0x00,0x00,0x00,0x00,0x00,0x00,0x00,0x00,0x00,
  0xff,0xff,0x02,0xff,0xff,0x01,0x59,0xce,0x22,0xba,0xd6,0xf2,0x9a,0xd6,0xfd,
  0x79,0xce,0xfb,0xfb,0xde,0xff,0x79,0xce,0x54,0x00,0x00,0x00,0xff,0xff,0x03,
  0x00,0x00,0x00,0x00,0x00,0x00,0x00,0x00,0x00,0x00,0x00,0x00,0x00,0x00,0x00,
  0x00,0x00,0x00,0x00,0x00,0x00,0x00,0x00,0x00,0x00,0x00,0x00,0x00,0x00,0x00,
  0x00,0x00,0x00,0x00,0x00,0x00,0x00,0x00,0x00,0x00,0x00,0x00,0x00,0x00,0x00,
  0x00,0x00,0x00,0x00,0x00,0x00,0x00,0x00,0x00,0x00,0x00,0x00,0x00,0x00,0x00,
  0x00,0x00,0x00,0x00,0x00,0x00,0x00,0x00,0x00,0x00,0x00,0x00,0x00,0x00,0x00,
  0x00,0x00,0x00,0x00,0x00,0x00,0x00,0x00,0x00,0x00,0x00,0x00,0x00,0x00,0x00,
  0x00,0x00,0x00,0x00,0x00,0x00,0x00,0x00,0x00,0x00,0x00,0x00,0x00,0x00,0x00,
  0x00,0x00,0x00,0x00,0x00,0x00,0x00,0x00,0x00,0x00,0x00,0x00,0x00,0x00,0x00,
  0xff,0xff,0x03,0x00,0x00,0x00,0x79,0xce,0xab,0xfb,0xde,0xff,0x79,0xce,0xfc,
  0x9a,0xd6,0xfd,0xba,0xd6,0xfe,0x9a,0xd6,0xdd,0x59,0xce,0x0e,0xff,0xff,0x02,
  0xff,0xff,0x01,0x00,0x00,0x00,0x00,0x00,0x00,0x00,0x00,0x00,0x00,0x00,0x00,
  0x00,0x00,0x00,0x00,0x00,0x00,0x00,0x00,0x00,0x00,0x00,0x00,0x00,0x00,0x00,
  0x00,0x00,0x00,0x00,0x00,0x00,0x00,0x00,0x00,0x00,0x00,0x00,0x00,0x00,0x00,
  0x00,0x00,0x00,0x00,0x00,0x00,0x00,0x00,0x00,0x00,0x00,0x00,0x00,0x00,0x00,
  0x00,0x00,0x00,0x00,0x00,0x00,0x00,0x00,0x00,0x00,0x00,0x00,0x00,0x00,0x00,
  0x00,0x00,0x00,0x00,0x00,0x00,0x00,0x00,0x00,0x00,0x00,0x00,0x00,0x00,0x00,
  0x00,0x00,0x00,0x00,0x00,0x00,0x00,0x00,0x00,0x00,0x00,0x00,0x00,0x00,0x00,
  0x00,0x00,0x00,0x00,0x00,0x00,0x00,0x00,0x00,0x00,0x00,0x00,0x55,0xad,0x03,
  0x00,0x00,0x00,0x79,0xce,0x46,0xdb,0xde,0xff,0x9a,0xd6,0xfc,0x9a,0xd6,0xff,
  0x9a,0xd6,0xff,0x79,0xce,0xfc,0x1c,0xe7,0xff,0x79,0xce,0x85,0x00,0x00,0x00,
  0xf7,0xbd,0x04,0x00,0x00,0x00,0x00,0x00,0x00,0x00,0x00,0x00,0x00,0x00,0x00,
  0x00,0x00,0x00,0x00,0x00,0x00,0x00,0x00,0x00,0x00,0x00,0x00,0x00,0x00,0x00,
  0x00,0x00,0x00,0x00,0x00,0x00,0x00,0x00,0x00,0x00,0x00,0x00,0x00,0x00,0x00,
  0x00,0x00,0x00,0x00,0x00,0x00,0x00,0x00,0x00,0x00,0x00,0x00,0x00,0x00,0x00,
  0x00,0x00,0x00,0x00,0x00,0x00,0x00,0x00,0x00,0x00,0x00,0x00,0x00,0x00,0x00,
  0x00,0x00,0x00,0x00,0x00,0x00,0x00,0x00,0x00,0x00,0x00,0x00,0x00,0x00,0x00,
  0x00,0x00,0x00,0x00,0x00,0x00,0x00,0x00,0x00,0x00,0x00,0x00,0x00,0x00,0x00,
  0x00,0x00,0x00,0x00,0x00,0x00,0x00,0x00,0x00,0xff,0xff,0x01,0xff,0xff,0x02,
  0x79,0xce,0x05,0x9a,0xd6,0xd8,0xba,0xd6,0xfe,0x79,0xce,0xfd,0x9a,0xd6,0xff,
  0x9a,0xd6,0xff,0x9a,0xd6,0xfe,0x9a,0xd6,0xfc,0xba,0xd6,0xf9,0x9a,0xd6,0x26,
  0x00,0x00,0x00,0xff,0xff,0x02,0x00,0x00,0x00,0x00,0x00,0x00,0x00,0x00,0x00,
  0x00,0x00,0x00,0x00,0x00,0x00,0x00,0x00,0x00,0x00,0x00,0x00,0x00,0x00,0x00,
  0x00,0x00,0x00,0x00,0x00,0x00,0x00,0x00,0x00,0x00,0x00,0x00,0x00,0x00,0x00,
  0x00,0x00,0x00,0x00,0x00,0x00,0x00,0x00,0x00,0x00,0x00,0x00,0x00,0x00,0x00,
  0x00,0x00,0x00,0x00,0x00,0x00,0x00,0x00,0x00,0x00,0x00,0x00,0x00,0x00,0x00,
  0x00,0x00,0x00,0x00,0x00,0x00,0x00,0x00,0x00,0x00,0x00,0x00,0x00,0x00,0x00,
  0x00,0x00,0x00,0x00,0x00,0x00,0x00,0x00,0x00,0x00,0x00,0x00,0x00,0x00,0x00,
  0x00,0x00,0x00,0x00,0x00,0x00,0x00,0x00,0x00,0xff,0xff,0x03,0x00,0x00,0x00,
  0x79,0xce,0x80,0xfb,0xde,0xff,0x79,0xce,0xfc,0x9a,0xd6,0xff,0x9a,0xd6,0xff,
  0x9a,0xd6,0xff,0x9a,0xd6,0xff,0x79,0xce,0xfc,0xdb,0xde,0xff,0x9a,0xd6,0xbb,
  0xff,0xff,0x02,0xff,0xff,0x03,0x00,0x00,0x00,0x00,0x00,0x00,0x00,0x00,0x00,
  0x00,0x00,0x00,0x00,0x00,0x00,0x00,0x00,0x00,0x00,0x00,0x00,0x00,0x00,0x00,
  0x00,0x00,0x00,0x00,0x00,0x00,0x00,0x00,0x00,0x00,0x00,0x00,0x00,0x00,0x00,
  0x00,0x00,0x00,0x00,0x00,0x00,0x00,0x00,0x00,0x00,0x00,0x00,0x00,0x00,0x00,
  0x00,0x00,0x00,0x00,0x00,0x00,0x00,0x00,0x00,0x00,0x00,0x00,0x00,0x00,0x00,
  0x00,0x00,0x00,0x00,0x00,0x00,0x00,0x00,0x00,0x00,0x00,0x00,0x00,0x00,0x00,
  0x00,0x00,0x00,0x00,0x00,0x00,0x00,0x00,0x00,0x00,0x00,0x00,0x00,0x00,0x00,
  0x00,0x00,0x00,0x00,0x00,0x00,0xff,0xff,0x02,0xff,0xff,0x01,0x59,0xce,0x27,
  0xba,0xd6,0xfa,0x9a,0xd6,0xfd,0x79,0xce,0xfe,0x99,0xce,0xff,0x99,0xce,0xff,
  0x99,0xce,0xff,0x99,0xce,0xff,0x9a,0xce,0xff,0x79,0xce,0xfc,0x1c,0xe7,0xff,
  0x79,0xce,0x5f,0x00,0x00,0x00,0xff,0xff,0x03,0x00,0x00,0x00,0x00,0x00,0x00,
  0x00,0x00,0x00,0x00,0x00,0x00,0x00,0x00,0x00,0x00,0x00,0x00,0x00,0x00,0x00,
  0x00,0x00,0x00,0x00,0x00,0x00,0x00,0x00,0x00,0x00,0x00,0x00,0x00,0x00,0x00,
  0x00,0x00,0x00,0x00,0x00,0x00,0x00,0x00,0x00,0x00,0x00,0x00,0x00,0x00,0x00,
  0x00,0x00,0x00,0x00,0x00,0x00,0x00,0x00,0x00,0x00,0x00,0x00,0x00,0x00,0x00,
  0x00,0x00,0x00,0x00,0x00,0x00,0x00,0x00,0x00,0x00,0x00,0x00,0x00,0x00,0x00,
  0x00,0x00,0x00,0x00,0x00,0x00,0x00,0x00,0x00,0x00,0x00,0x00,0x00,0x00,0x00,
  0x00,0x00,0x00,0x00,0x00,0x00,0xff,0xff,0x03,0x00,0x00,0x00,0x79,0xce,0xb9,
  0xfb,0xde,0xff,0x79,0xce,0xfc,0x9a,0xd6,0xff,0x9a,0xde,0xff,0x9b,0xde,0xff,
  0x9b,0xde,0xff,0x9a,0xde,0xff,0x9a,0xd6,0xff,0x79,0xce,0xfd,0xba,0xd6,0xfd,
  0x9a,0xd6,0xe7,0x9a,0xd6,0x11,0xff,0xff,0x02,0xff,0xff,0x01,0x00,0x00,0x00,
  0x00,0x00,0x00,0x00,0x00,0x00,0x00,0x00,0x00,0x00,0x00,0x00,0x00,0x00,0x00,
  0x00,0x00,0x00,0x00,0x00,0x00,0x00,0x00,0x00,0x00,0x00,0x00,0x00,0x00,0x00,
  0x00,0x00,0x00,0x00,0x00,0x00,0x00,0x00,0x00,0x00,0x00,0x00,0x00,0x00,0x00,
  0x00,0x00,0x00,0x00,0x00,0x00,0x00,0x00,0x00,0x00,0x00,0x00,0x00,0x00,0x00,
  0x00,0x00,0x00,0x00,0x00,0x00,0x00,0x00,0x00,0x00,0x00,0x00,0x00,0x00,0x00,
  0x00,0x00,0x00,0x00,0x00,0x00,0x00,0x00,0x00,0x00,0x00,0x00,0x00,0x00,0x00,
  0x00,0x00,0x00,0xff,0xff,0x03,0x00,0x00,0x00,0x79,0xce,0x54,0xfb,0xde,0xff,
  0x79,0xce,0xfc,0x9a,0xde,0xff,0x99,0xce,0xff,0x56,0xa6,0xff,0x33,0x86,0xff,
  0x33,0x7e,0xff,0x55,0x9e,0xff,0x79,0xc6,0xff,0x9b,0xde,0xff,0x79,0xce,0xfc,
  0xfb,0xde,0xff,0x79,0xce,0x94,0x00,0x00,0x00,0xff,0xff,0x03,0x00,0x00,0x00,
  0x00,0x00,0x00,0x00,0x00,0x00,0x00,0x00,0x00,0x00,0x00,0x00,0x00,0x00,0x00,
  0x00,0x00,0x00,0x00,0x00,0x00,0x00,0x00,0x00,0x00,0x00,0x00,0x00,0x00,0x00,
  0x00,0x00,0x00,0x00,0x00,0x00,0x00,0x00,0x00,0x00,0x00,0x00,0x00,0x00,0x00,
  0x00,0x00,0x00,0x00,0x00,0x00,0x00,0x00,0x00,0x00,0x00,0x00,0x00,0x00,0x00,
  0x00,0x00,0x00,0x00,0x00,0x00,0x00,0x00,0x00,0x00,0x00,0x00,0x00,0x00,0x00,
  0x00,0x00,0x00,0x00,0x00,0x00,0x00,0x00,0x00,0x00,0x00,0x00,0x00,0x00,0x00,
  0xff,0xff,0x01,0x55,0xad,0x03,0x38,0xc6,0x0d,0x9a,0xd6,0xdd,0xba,0xd6,0xfe,
  0x9a,0xde,0xfd,0x56,0xa6,0xff,0x0e,0x4e,0xff,0xeb,0x2d,0xff,0xeb,0x25,0xff,
  0xeb,0x25,0xff,0xeb,0x2d,0xff,0xed,0x3d,0xff,0x54,0x8e,0xff,0x9a,0xd6,0xfe,
  0x9a,0xd6,0xfc,0xba,0xd6,0xfb,0x9a,0xd6,0x31,0x00,0x00,0x00,0xff,0xff,0x02,
  0x00,0x00,0x00,0x00,0x00,0x00,0x00,0x00,0x00,0x00,0x00,0x00,0x00,0x00,0x00,
  0x00,0x00,0x00,0x00,0x00,0x00,0x00,0x00,0x00,0x00,0x00,0x00,0x00,0x00,0x00,
  0x00,0x00,0x00,0x00,0x00,0x00,0x00,0x00,0x00,0x00,0x00,0x00,0x00,0x00,0x00,
  0x00,0x00,0x00,0x00,0x00,0x00,0x00,0x00,0x00,0x00,0x00,0x00,0x00,0x00,0x00,
  0x00,0x00,0x00,0x00,0x00,0x00,0x00,0x00,0x00,0x00,0x00,0x00,0x00,0x00,0x00,
  0x00,0x00,0x00,0x00,0x00,0x00,0x00,0x00,0x00,0x00,0x00,0x00,0x00,0x00,0x00,
  0xff,0xff,0x03,0x00,0x00,0x00,0x79,0xce,0x94,0xfb,0xde,0xff,0x7a,0xde,0xfc,
  0x55,0x96,0xff,0xeb,0x2d,0xff,0xec,0x2d,0xff,0xec,0x35,0xff,0xec,0x35,0xff,
  0xec,0x35,0xff,0xec,0x35,0xff,0xec,0x35,0xff,0xeb,0x25,0xff,0x32,0x76,0xff,
  0x7a,0xd6,0xfd,0xdb,0xde,0xff,0x79,0xce,0xce,0xf7,0xbd,0x04,0xff,0xff,0x03,
  0xff,0xff,0x01,0x00,0x00,0x00,0x00,0x00,0x00,0x00,0x00,0x00,0x00,0x00,0x00,
  0x00,0x00,0x00,0x00,0x00,0x00,0x00,0x00,0x00,0x00,0x00,0x00,0x00,0x00,0x00,
  0x00,0x00,0x00,0x00,0x00,0x00,0x00,0x00,0x00,0x00,0x00,0x00,0x00,0x00,0x00,
  0x00,0x00,0x00,0x00,0x00,0x00,0x00,0x00,0x00,0x00,0x00,0x00,0x00,0x00,0x00,
  0x00,0x00,0x00,0x00,0x00,0x00,0x00,0x00,0x00,0x00,0x00,0x00,0x00,0x00,0x00,
  0x00,0x00,0x00,0x00,0x00,0x00,0x00,0x00,0x00,0x00,0x00,0x00,0xff,0xff,0x02,
  0x00,0x00,0x00,0x9a,0xd6,0x32,0xba,0xd6,0xfb,0x9a,0xd6,0xfc,0x78,0xbe,0xfe,
  0xec,0x35,0xff,0xec,0x2d,0xff,0xec,0x35,0xff,0xec,0x35,0xff,0xec,0x35,0xff,
  0xec,0x35,0xff,0xec,0x35,0xff,0xec,0x35,0xff,0xec,0x35,0xff,0xeb,0x25,0xff,
  0x55,0x9e,0xff,0x7a,0xde,0xfc,0xfb,0xde,0xff,0x79,0xce,0x6b,0x00,0x00,0x00,
  0xff,0xff,0x03,0x00,0x00,0x00,0x00,0x00,0x00,0x00,0x00,0x00,0x00,0x00,0x00,
  0x00,0x00,0x00,0x00,0x00,0x00,0x00,0x00,0x00,0x00,0x00,0x00,0x00,0x00,0x00,
  0x00,0x00,0x00,0x00,0x00,0x00,0x00,0x00,0x00,0x00,0x00,0x00,0x00,0x00,0x00,
  0x00,0x00,0x00,0x00,0x00,0x00,0x00,0x00,0x00,0x00,0x00,0x00,0x00,0x00,0x00,
  0x00,0x00,0x00,0x00,0x00,0x00,0x00,0x00,0x00,0x00,0x00,0x00,0x00,0x00,0x00,
  0x00,0x00,0x00,0x00,0x00,0x00,0x00,0x00,0x00,0x00,0x00,0x00,0xff,0xff,0x03,
  0xff,0xff,0x02,0x99,0xce,0xc2,0xdb,0xde,0xff,0x9a,0xde,0xfc,0x31,0x76,0xff,
  0xeb,0x25,0xff,0xec,0x35,0xff,0xec,0x35,0xff,0xec,0x35,0xff,0xec,0x35,0xff,
  0xec,0x35,0xff,0xec,0x35,0xff,0xec,0x35,0xff,0xec,0x35,0xff,0xec,0x2d,0xff,
  0x0e,0x4e,0xff,0x7a,0xd6,0xfe,0xba,0xd6,0xfd,0xba,0xd6,0xee,0x59,0xce,0x18,
  0xff,0xff,0x02,0xef,0x7b,0x02,0x00,0x00,0x00,0x00,0x00,0x00,0x00,0x00,0x00,
  0x00,0x00,0x00,0x00,0x00,0x00,0x00,0x00,0x00,0x00,0x00,0x00,0x00,0x00,0x00,
  0x00,0x00,0x00,0x00,0x00,0x00,0x00,0x00,0x00,0x00,0x00,0x00,0x00,0x00,0x00,
  0x00,0x00,0x00,0x00,0x00,0x00,0x00,0x00,0x00,0x00,0x00,0x00,0x00,0x00,0x00,
  0x00,0x00,0x00,0x00,0x00,0x00,0x00,0x00,0x00,0x00,0x00,0x00,0x00,0x00,0x00,
  0x00,0x00,0x00,0x00,0x00,0x00,0x00,0x00,0x00,0xff,0xff,0x03,0x00,0x00,0x00,
  0x79,0xce,0x5f,0xfb,0xde,0xff,0x79,0xce,0xfc,0x99,0xce,0xff,0x0e,0x4e,0xff,
  0xec,0x2d,0xff,0xec,0x35,0xff,0xec,0x35,0xff,0xec,0x35,0xff,0xec,0x35,0xff,
  0xec,0x35,0xff,0xec,0x35,0xff,0xec,0x35,0xff,0xec,0x35,0xff,0xec,0x35,0xff,
  0xec,0x35,0xff,0x77,0xb6,0xff,0x7a,0xd6,0xfc,0xfb,0xde,0xff,0x79,0xce,0xa0,
  0x00,0x00,0x00,0xff,0xff,0x03,0x00,0x00,0x00,0x00,0x00,0x00,0x00,0x00,0x00,
  0x00,0x00,0x00,0x00,0x00,0x00,0x00,0x00,0x00,0x00,0x00,0x00,0x00,0x00,0x00,
  0x00,0x00,0x00,0x00,0x00,0x00,0x00,0x00,0x00,0x00,0x00,0x00,0x00,0x00,0x00,
  0x00,0x00,0x00,0x00,0x00,0x00,0x00,0x00,0x00,0x00,0x00,0x00,0x00,0x00,0x00,
  0x00,0x00,0x00,0x00,0x00,0x00,0x00,0x00,0x00,0x00,0x00,0x00,0x00,0x00,0x00,
  0x00,0x00,0x00,0x00,0x00,0x00,0xef,0x7b,0x02,0xff,0xff,0x02,0x59,0xce,0x18,
  0x9a,0xd6,0xe7,0xba,0xd6,0xfd,0x9a,0xd6,0xfd,0x79,0xc6,0xff,0xed,0x3d,0xff,
  0xec,0x35,0xff,0xec,0x35,0xff,0xec,0x35,0xff,0xec,0x35,0xff,0xec,0x35,0xff,
  0xec,0x35,0xff,0xec,0x35,0xff,0xec,0x35,0xff,0xec,0x35,0xff,0xec,0x35,0xff,
  0xeb,0x2d,0xff,0x56,0xa6,0xff,0x9a,0xde,0xff,0x99,0xce,0xfc,0xdb,0xde,0xfd,
  0x79,0xce,0x44,0x00,0x00,0x00,0x55,0xad,0x03,0x00,0x00,0x00,0x00,0x00,0x00,
  0x00,0x00,0x00,0x00,0x00,0x00,0x00,0x00,0x00,0x00,0x00,0x00,0x00,0x00,0x00,
  0x00,0x00,0x00,0x00,0x00,0x00,0x00,0x00,0x00,0x00,0x00,0x00,0x00,0x00,0x00,
  0x00,0x00,0x00,0x00,0x00,0x00,0x00,0x00,0x00,0x00,0x00,0x00,0x00,0x00,0x00,
  0x00,0x00,0x00,0x00,0x00,0x00,0x00,0x00,0x00,0x00,0x00,0x00,0x00,0x00,0x00,
  0x00,0x00,0x00,0x00,0x00,0x00,0xff,0xff,0x03,0x00,0x00,0x00,0x79,0xce,0xa0,
  0x1c,0xe7,0xff,0x79,0xce,0xfc,0x9a,0xd6,0xff,0x99,0xce,0xff,0x0e,0x46,0xff,
  0xec,0x2d,0xff,0xec,0x35,0xff,0xec,0x35,0xff,0xec,0x35,0xff,0xec,0x35,0xff,
  0xec,0x35,0xff,0xec,0x35,0xff,0xec,0x35,0xff,0xec,0x35,0xff,0xec,0x35,0xff,
  0xec,0x2d,0xff,0x77,0xae,0xff,0x9a,0xde,0xff,0x79,0xce,0xfd,0xdb,0xde,0xff,
  0x9a,0xd6,0xd9,0xba,0xd6,0x06,0x55,0xad,0x03,0xff,0xff,0x01,0x00,0x00,0x00,
  0x00,0x00,0x00,0x00,0x00,0x00,0x00,0x00,0x00,0x00,0x00,0x00,0x00,0x00,0x00,
  0x00,0x00,0x00,0x00,0x00,0x00,0x00,0x00,0x00,0x00,0x00,0x00,0x00,0x00,0x00,
  0x00,0x00,0x00,0x00,0x00,0x00,0x00,0x00,0x00,0x00,0x00,0x00,0x00,0x00,0x00,
  0x00,0x00,0x00,0x00,0x00,0x00,0x00,0x00,0x00,0x00,0x00,0x00,0x00,0x00,0x00,
  0x00,0x00,0x00,0x55,0xad,0x03,0x00,0x00,0x00,0x79,0xce,0x3d,0xdb,0xde,0xfd,
  0x9a,0xd6,0xfc,0x9a,0xd6,0xff,0x99,0xce,0xff,0x9a,0xde,0xff,0x30,0x66,0xff,
  0xeb,0x2d,0xff,0xec,0x35,0xff,0xec,0x35,0xff,0xec,0x35,0xff,0xec,0x35,0xff,
  0xec,0x35,0xff,0xec,0x35,0xff,0xec,0x35,0xff,0xec,0x35,0xff,0xec,0x2d,0xff,
  0x0d,0x46,0xff,0x99,0xce,0xff,0x9a,0xd6,0xff,0x9a,0xce,0xff,0x79,0xce,0xfb,
  0xfb,0xde,0xff,0x79,0xce,0x7a,0x00,0x00,0x00,0xff,0xff,0x03,0x00,0x00,0x00,
  0x00,0x00,0x00,0x00,0x00,0x00,0x00,0x00,0x00,0x00,0x00,0x00,0x00,0x00,0x00,
  0x00,0x00,0x00,0x00,0x00,0x00,0x00,0x00,0x00,0x00,0x00,0x00,0x00,0x00,0x00,
  0x00,0x00,0x00,0x00,0x00,0x00,0x00,0x00,0x00,0x00,0x00,0x00,0x00,0x00,0x00,
  0x00,0x00,0x00,0x00,0x00,0x00,0x00,0x00,0x00,0x00,0x00,0x00,0x00,0x00,0x00,
  0xff,0xff,0x01,0xff,0xff,0x03,0xf7,0xbd,0x04,0x9a,0xd6,0xcd,0xdb,0xde,0xff,
  0x79,0xce,0xfd,0x9a,0xd6,0xff,0x99,0xce,0xff,0x9a,0xde,0xff,0x56,0xae,0xff,
  0xeb,0x2d,0xff,0xec,0x35,0xff,0xec,0x35,0xff,0xec,0x35,0xff,0xec,0x35,0xff,
  0xec,0x35,0xff,0xec,0x35,0xff,0xec,0x35,0xff,0xec,0x35,0xff,0xeb,0x25,0xff,
  0x33,0x86,0xff,0x9a,0xde,0xff,0x99,0xce,0xff,0x9a,0xd6,0xff,0x79,0xce,0xfe,
  0x9a,0xd6,0xfd,0xba,0xd6,0xf1,0x59,0xce,0x22,0xff,0xff,0x01,0xff,0xff,0x02,
  0x00,0x00,0x00,0x00,0x00,0x00,0x00,0x00,0x00,0x00,0x00,0x00,0x00,0x00,0x00,
  0x00,0x00,0x00,0x00,0x00,0x00,0x00,0x00,0x00,0x00,0x00,0x00,0x00,0x00,0x00,
  0x00,0x00,0x00,0x00,0x00,0x00,0x00,0x00,0x00,0x00,0x00,0x00,0x00,0x00,0x00,
  0x00,0x00,0x00,0x00,0x00,0x00,0x00,0x00,0x00,0x00,0x00,0x00,0x00,0x00,0x00,
  0xff,0xff,0x03,0x00,0x00,0x00,0x79,0xce,0x6b,0xfb,0xde,0xff,0x79,0xce,0xfc,
  0x9a,0xd6,0xff,0x9a,0xd6,0xff,0x9a,0xd6,0xff,0x99,0xce,0xff,0x9a,0xde,0xff,
  0x32,0x7e,0xff,0xeb,0x25,0xff,0xec,0x35,0xff,0xec,0x35,0xff,0xec,0x35,0xff,
  0xec,0x35,0xff,0xec,0x35,0xff,0xec,0x35,0xff,0xeb,0x25,0xff,0x0f,0x56,0xff,
  0x9a,0xd6,0xff,0x9a,0xd6,0xff,0x9a,0xce,0xff,0x9a,0xd6,0xff,0x9a,0xd6,0xff,
  0x79,0xce,0xfc,0xfb,0xde,0xff,0x79,0xce,0xab,0x00,0x00,0x00,0xf7,0xbd,0x04,
  0x00,0x00,0x00,0x00,0x00,0x00,0x00,0x00,0x00,0x00,0x00,0x00,0x00,0x00,0x00,
  0x00,0x00,0x00,0x00,0x00,0x00,0x00,0x00,0x00,0x00,0x00,0x00,0x00,0x00,0x00,
  0x00,0x00,0x00,0x00,0x00,0x00,0x00,0x00,0x00,0x00,0x00,0x00,0x00,0x00,0x00,
  0x00,0x00,0x00,0x00,0x00,0x00,0x00,0x00,0x00,0x00,0x00,0x00,0xff,0xff,0x02,
  0xff,0xff,0x01,0x59,0xce,0x22,0xba,0xd6,0xf2,0xba,0xd6,0xfc,0x79,0xce,0xfe,
  0x9a,0xd6,0xff,0x9a,0xd6,0xff,0x9a,0xd6,0xff,0x9a,0xd6,0xff,0x9a,0xd6,0xff,
  0x9a,0xd6,0xff,0x33,0x86,0xff,0xec,0x35,0xff,0xeb,0x25,0xff,0xeb,0x2d,0xff,
  0xeb,0x2d,0xff,0xeb,0x25,0xff,0xeb,0x2d,0xff,0x31,0x66,0xff,0x79,0xce,0xff,
  0x9a,0xd6,0xff,0x99,0xce,0xff,0x9a,0xd6,0xff,0x9a,0xd6,0xff,0x9a,0xd6,0xff,
  0x9a,0xd6,0xff,0x9a,0xd6,0xfb,0xfb,0xde,0xff,0x79,0xce,0x54,0x00,0x00,0x00,
  0xff,0xff,0x03,0x00,0x00,0x00,0x00,0x00,0x00,0x00,0x00,0x00,0x00,0x00,0x00,
  0x00,0x00,0x00,0x00,0x00,0x00,0x00,0x00,0x00,0x00,0x00,0x00,0x00,0x00,0x00,
  0x00,0x00,0x00,0x00,0x00,0x00,0x00,0x00,0x00,0x00,0x00,0x00,0x00,0x00,0x00,
  0x00,0x00,0x00,0x00,0x00,0x00,0x00,0x00,0x00,0x00,0x00,0x00,0xff,0xff,0x03,
  0x00,0x00,0x00,0x79,0xce,0xab,0xfb,0xde,0xff,0x79,0xce,0xfc,0x9a,0xd6,0xff,
  0x9a,0xd6,0xff,0x9a,0xd6,0xff,0x9a,0xd6,0xff,0x9a,0xd6,0xff,0x9a,0xce,0xff,
  0x9a,0xd6,0xff,0x9b,0xde,0xff,0x77,0xb6,0xff,0x33,0x7e,0xff,0x10,0x5e,0xff,
  0x0f,0x5e,0xff,0x32,0x76,0xff,0x56,0xa6,0xff,0x9a,0xde,0xff,0x9a,0xd6,0xff,
  0x99,0xce,0xff,0x9a,0xd6,0xff,0x9a,0xd6,0xff,0x9a,0xd6,0xff,0x9a,0xd6,0xff,
  0x9a,0xd6,0xff,0x79,0xce,0xfd,0xba,0xd6,0xfe,0x9a,0xd6,0xdd,0x59,0xce,0x0e,
  0xff,0xff,0x02,0xff,0xff,0x01,0x00,0x00,0x00,0x00,0x00,0x00,0x00,0x00,0x00,
  0x00,0x00,0x00,0x00,0x00,0x00,0x00,0x00,0x00,0x00,0x00,0x00,0x00,0x00,0x00,
  0x00,0x00,0x00,0x00,0x00,0x00,0x00,0x00,0x00,0x00,0x00,0x00,0x00,0x00,0x00,
  0x00,0x00,0x00,0x00,0x00,0x00,0x00,0x00,0x00,0x55,0xad,0x03,0x00,0x00,0x00,
  0x79,0xce,0x46,0xdb,0xde,0xff,0x9a,0xd6,0xfc,0x9a,0xd6,0xff,0x9a,0xd6,0xff,
  0x9a,0xd6,0xff,0x9a,0xd6,0xff,0x9a,0xd6,0xff,0x9a,0xd6,0xff,0x9a,0xd6,0xff,
  0x9a,0xd6,0xff,0x99,0xce,0xff,0x9a,0xd6,0xff,0x9b,0xde,0xff,0x9a,0xd6,0xff,
  0x9a,0xd6,0xff,0x9b,0xde,0xff,0x9a,0xde,0xff,0x99,0xce,0xff,0x99,0xce,0xff,
  0x9a,0xd6,0xff,0x9a,0xd6,0xff,0x9a,0xd6,0xff,0x9a,0xd6,0xff,0x9a,0xd6,0xff,
  0x9a,0xd6,0xff,0x9a,0xd6,0xff,0x79,0xce,0xfc,0x1c,0xe7,0xff,0x79,0xce,0x85,
  0x00,0x00,0x00,0xf7,0xbd,0x04,0x00,0x00,0x00,0x00,0x00,0x00,0x00,0x00,0x00,
  0x00,0x00,0x00,0x00,0x00,0x00,0x00,0x00,0x00,0x00,0x00,0x00,0x00,0x00,0x00,
  0x00,0x00,0x00,0x00,0x00,0x00,0x00,0x00,0x00,0x00,0x00,0x00,0x00,0x00,0x00,
  0x00,0x00,0x00,0x00,0x00,0x00,0xff,0xff,0x01,0xff,0xff,0x02,0x79,0xce,0x05,
  0x9a,0xd6,0xd8,0xba,0xd6,0xfe,0x79,0xce,0xfd,0x9a,0xd6,0xff,0x9a,0xd6,0xff,
  0x9a,0xd6,0xff,0x9a,0xd6,0xff,0x9a,0xd6,0xff,0x9a,0xd6,0xff,0x9a,0xd6,0xff,
  0x9a,0xd6,0xff,0x9a,0xd6,0xff,0x99,0xce,0xff,0x99,0xce,0xff,0x99,0xce,0xff,
  0x99,0xce,0xff,0x99,0xce,0xff,0x99,0xce,0xff,0x9a,0xd6,0xff,0x9a,0xd6,0xff,
  0x9a,0xd6,0xff,0x9a,0xd6,0xff,0x9a,0xd6,0xff,0x9a,0xd6,0xff,0x9a,0xd6,0xff,
  0x9a,0xd6,0xff,0x9a,0xd6,0xff,0x9a,0xd6,0xfe,0x9a,0xd6,0xfc,0xba,0xd6,0xf9,
  0x9a,0xd6,0x26,0x00,0x00,0x00,0xff,0xff,0x02,0x00,0x00,0x00,0x00,0x00,0x00,
  0x00,0x00,0x00,0x00,0x00,0x00,0x00,0x00,0x00,0x00,0x00,0x00,0x00,0x00,0x00,
  0x00,0x00,0x00,0x00,0x00,0x00,0x00,0x00,0x00,0x00,0x00,0x00,0x00,0x00,0x00,
  0x00,0x00,0x00,0x00,0x00,0x00,0xff,0xff,0x03,0x00,0x00,0x00,0x79,0xce,0x80,
  0xfb,0xde,0xff,0x79,0xce,0xfc,0x9a,0xd6,0xff,0x9a,0xd6,0xff,0x9a,0xd6,0xff,
  0x9a,0xd6,0xff,0x9a,0xd6,0xff,0x9a,0xd6,0xff,0x9a,0xd6,0xff,0x9a,0xd6,0xff,
  0x9a,0xd6,0xff,0x9a,0xd6,0xff,0x9a,0xd6,0xff,0x9a,0xd6,0xff,0x9a,0xd6,0xff,
  0x9a,0xd6,0xff,0x9a,0xd6,0xff,0x9a,0xd6,0xff,0x9a,0xd6,0xff,0x9a,0xd6,0xff,
  0x9a,0xd6,0xff,0x9a,0xd6,0xff,0x9a,0xd6,0xff,0x9a,0xd6,0xff,0x9a,0xd6,0xff,
  0x9a,0xd6,0xff,0x9a,0xd6,0xff,0x9a,0xd6,0xff,0x79,0xce,0xfc,0xdb,0xde,0xff,
  0x9a,0xd6,0xbb,0xff,0xff,0x02,0xff,0xff,0x03,0x00,0x00,0x00,0x00,0x00,0x00,
  0x00,0x00,0x00,0x00,0x00,0x00,0x00,0x00,0x00,0x00,0x00,0x00,0x00,0x00,0x00,
  0x00,0x00,0x00,0x00,0x00,0x00,0x00,0x00,0x00,0x00,0x00,0x00,0x00,0x00,0x00,
  0x00,0x00,0x00,0xff,0xff,0x02,0xff,0xff,0x01,0x59,0xce,0x27,0xba,0xd6,0xfa,
  0x9a,0xd6,0xfd,0x79,0xce,0xfe,0x9a,0xd6,0xff,0x9a,0xd6,0xff,0x9a,0xd6,0xff,
  0x9a,0xd6,0xff,0x9a,0xd6,0xff,0x9a,0xd6,0xff,0x9a,0xd6,0xff,0x9a,0xd6,0xff,
  0x9a,0xd6,0xff,0x9a,0xd6,0xff,0x9a,0xd6,0xff,0x9a,0xd6,0xff,0x9a,0xd6,0xff,
  0x9a,0xd6,0xff,0x9a,0xd6,0xff,0x9a,0xd6,0xff,0x9a,0xd6,0xff,0x9a,0xd6,0xff,
  0x9a,0xd6,0xff,0x9a,0xd6,0xff,0x9a,0xd6,0xff,0x9a,0xd6,0xff,0x9a,0xd6,0xff,
  0x9a,0xd6,0xff,0x9a,0xd6,0xff,0x9a,0xd6,0xff,0x9a,0xd6,0xff,0x79,0xce,0xfc,
  0x1c,0xe7,0xff,0x79,0xce,0x5f,0x00,0x00,0x00,0xff,0xff,0x03,0x00,0x00,0x00,
  0x00,0x00,0x00,0x00,0x00,0x00,0x00,0x00,0x00,0x00,0x00,0x00,0x00,0x00,0x00,
  0x00,0x00,0x00,0x00,0x00,0x00,0x00,0x00,0x00,0x00,0x00,0x00,0x00,0x00,0x00,
  0x00,0x00,0x00,0xff,0xff,0x03,0x00,0x00,0x00,0x79,0xce,0xb9,0xfb,0xde,0xff,
  0x79,0xce,0xfc,0x9a,0xd6,0xff,0x9a,0xd6,0xff,0x9a,0xd6,0xff,0x9a,0xd6,0xff,
  0x9a,0xd6,0xff,0x9a,0xd6,0xff,0x9a,0xd6,0xff,0x9a,0xd6,0xff,0x9a,0xd6,0xff,
  0x9a,0xd6,0xff,0x9a,0xd6,0xff,0x9a,0xd6,0xff,0x9a,0xd6,0xff,0x9a,0xd6,0xff,
  0x9a,0xd6,0xff,0x9a,0xd6,0xff,0x9a,0xd6,0xff,0x9a,0xd6,0xff,0x9a,0xd6,0xff,
  0x9a,0xd6,0xff,0x9a,0xd6,0xff,0x9a,0xd6,0xff,0x9a,0xd6,0xff,0x9a,0xd6,0xff,
  0x9a,0xd6,0xff,0x9a,0xd6,0xff,0x9a,0xd6,0xff,0x9a,0xd6,0xff,0x9a,0xd6,0xfd,
  0xba,0xd6,0xfd,0x9a,0xd6,0xe7,0x9a,0xd6,0x11,0xff,0xff,0x02,0xff,0xff,0x01,
  0x00,0x00,0x00,0x00,0x00,0x00,0x00,0x00,0x00,0x00,0x00,0x00,0x00,0x00,0x00,
  0x00,0x00,0x00,0x00,0x00,0x00,0x00,0x00,0x00,0x00,0x00,0x00,0x00,0x00,0x00,
  0xff,0xff,0x03,0x00,0x00,0x00,0x79,0xce,0x54,0xfb,0xde,0xff,0x79,0xce,0xfc,
  0x9a,0xd6,0xff,0x9a,0xd6,0xff,0x9a,0xd6,0xff,0x9a,0xd6,0xff,0x9a,0xd6,0xff,
  0x9a,0xd6,0xff,0x9a,0xd6,0xff,0x9a,0xd6,0xff,0x9a,0xd6,0xff,0x9a,0xd6,0xff,
  0x9a,0xd6,0xff,0x9a,0xd6,0xff,0x9a,0xd6,0xff,0x9a,0xd6,0xff,0x9a,0xd6,0xff,
  0x9a,0xd6,0xff,0x9a,0xd6,0xff,0x9a,0xd6,0xff,0x9a,0xd6,0xff,0x9a,0xd6,0xff,
  0x9a,0xd6,0xff,0x9a,0xd6,0xff,0x9a,0xd6,0xff,0x9a,0xd6,0xff,0x9a,0xd6,0xff,
  0x9a,0xd6,0xff,0x9a,0xd6,0xff,0x9a,0xd6,0xff,0x9a,0xd6,0xff,0x9a,0xd6,0xff,
  0x79,0xce,0xfc,0xfb,0xde,0xff,0x79,0xce,0x94,0x00,0x00,0x00,0xff,0xff,0x03,
  0x00,0x00,0x00,0x00,0x00,0x00,0x00,0x00,0x00,0x00,0x00,0x00,0x00,0x00,0x00,
  0x00,0x00,0x00,0x00,0x00,0x00,0x00,0x00,0x00,0x00,0x00,0x00,0xff,0xff,0x01,
  0x55,0xad,0x03,0x38,0xc6,0x0d,0x9a,0xd6,0xdd,0xba,0xd6,0xfe,0x79,0xce,0xfd,
  0x9a,0xd6,0xff,0x9a,0xd6,0xff,0x9a,0xd6,0xff,0x9a,0xd6,0xff,0x9a,0xd6,0xff,
  0x9a,0xd6,0xff,0x9a,0xd6,0xff,0x9a,0xd6,0xff,0x9a,0xd6,0xfd,0x79,0xce,0xfc,
  0x9a,0xd6,0xfb,0x79,0xce,0xfe,0x9a,0xd6,0xff,0x9a,0xd6,0xff,0x9a,0xd6,0xff,
  0x9a,0xd6,0xff,0x9a,0xd6,0xff,0x9a,0xd6,0xff,0x9a,0xd6,0xff,0x9a,0xd6,0xfc,
  0x9a,0xd6,0xfb,0x79,0xce,0xfd,0x9a,0xd6,0xff,0x9a,0xd6,0xff,0x9a,0xd6,0xff,
  0x9a,0xd6,0xff,0x9a,0xd6,0xff,0x9a,0xd6,0xff,0x9a,0xd6,0xff,0x9a,0xd6,0xff,
  0x9a,0xd6,0xfe,0x9a,0xd6,0xfc,0xba,0xd6,0xfb,0x9a,0xd6,0x31,0x00,0x00,0x00,
  0xff,0xff,0x02,0x00,0x00,0x00,0x00,0x00,0x00,0x00,0x00,0x00,0x00,0x00,0x00,
  0x00,0x00,0x00,0x00,0x00,0x00,0x00,0x00,0x00,0x00,0x00,0x00,0xff,0xff,0x03,
  0x00,0x00,0x00,0x79,0xce,0x94,0xfb,0xde,0xff,0x79,0xce,0xfc,0x9a,0xd6,0xff,
  0x9a,0xd6,0xff,0x9a,0xd6,0xff,0x9a,0xd6,0xff,0x9a,0xd6,0xff,0x79,0xce,0xfe,
  0x9a,0xd6,0xfc,0x9a,0xd6,0xfb,0x79,0xce,0xfd,0xba,0xd6,0xff,0xfb,0xde,0xff,
  0xfb,0xde,0xff,0xba,0xd6,0xff,0x79,0xce,0xff,0x9a,0xd6,0xff,0x9a,0xd6,0xff,
  0x9a,0xd6,0xff,0x9a,0xd6,0xff,0x9a,0xd6,0xff,0x9a,0xd6,0xfd,0xdb,0xde,0xff,
  0xfb,0xde,0xff,0xba,0xd6,0xff,0x79,0xce,0xfe,0x9a,0xd6,0xfb,0x79,0xce,0xfc,
  0x79,0xce,0xfe,0x9a,0xd6,0xff,0x9a,0xd6,0xff,0x9a,0xd6,0xff,0x9a,0xd6,0xff,
  0x9a,0xd6,0xff,0x79,0xce,0xfd,0xdb,0xde,0xff,0x79,0xce,0xce,0xf7,0xbd,0x04,
  0xff,0xff,0x03,0xff,0xff,0x01,0x00,0x00,0x00,0x00,0x00,0x00,0x00,0x00,0x00,
  0x00,0x00,0x00,0x00,0x00,0x00,0x00,0x00,0x00,0xff,0xff,0x02,0x00,0x00,0x00,
  0x9a,0xd6,0x32,0xba,0xd6,0xfb,0x9a,0xd6,0xfc,0x9a,0xd6,0xfe,0x9a,0xd6,0xff,
  0x9a,0xd6,0xfe,0x79,0xce,0xfd,0x9a,0xd6,0xfb,0x9a,0xd6,0xfc,0x9a,0xd6,0xff,
  0xdb,0xde,0xff,0xfb,0xde,0xff,0xdb,0xde,0xff,0x9a,0xd6,0xe3,0xba,0xd6,0xaf,
  0x79,0xce,0x6b,0x9a,0xd6,0x9e,0xfb,0xde,0xff,0x79,0xce,0xfc,0x9a,0xd6,0xff,
  0x9a,0xd6,0xff,0x79,0xce,0xfc,0xfb,0xde,0xff,0x79,0xce,0x91,0x9a,0xd6,0x5a,
  0xdb,0xde,0xa0,0xba,0xd6,0xd5,0xba,0xd6,0xff,0xfb,0xde,0xff,0xfb,0xde,0xff,
  0x9a,0xd6,0xff,0x79,0xce,0xfd,0x9a,0xd6,0xfb,0x9a,0xd6,0xfc,0x79,0xce,0xfe,
  0x9a,0xd6,0xff,0x9a,0xd6,0xff,0x79,0xce,0xfc,0xfb,0xde,0xff,0x79,0xce,0x6b,
  0x00,0x00,0x00,0xff,0xff,0x03,0x00,0x00,0x00,0x00,0x00,0x00,0x00,0x00,0x00,
  0x00,0x00,0x00,0x00,0x00,0x00,0x00,0x00,0x00,0xff,0xff,0x03,0xff,0xff,0x02,
  0x9a,0xd6,0xc2,0xdb,0xde,0xff,0x79,0xce,0xfb,0x79,0xce,0xfc,0x9a,0xd6,0xfb,
  0x9a,0xd6,0xff,0xba,0xd6,0xff,0xfb,0xde,0xff,0xdb,0xde,0xff,0x9a,0xd6,0xf5,
  0x9a,0xd6,0xc6,0x9a,0xd6,0x80,0xba,0xd6,0x43,0xba,0xd6,0x0d,0x00,0x00,0x00,
  0x00,0x00,0x00,0x9a,0xd6,0x79,0x1c,0xe7,0xff,0x79,0xce,0xfb,0x9a,0xd6,0xff,
  0x9a,0xd6,0xff,0x79,0xce,0xfb,0x1c,0xe7,0xff,0x79,0xce,0x7c,0x00,0x00,0x00,
  0x00,0x00,0x00,0xff,0xff,0x03,0xdb,0xde,0x35,0xba,0xd6,0x6f,0x9a,0xd6,0xb1,
  0x9a,0xd6,0xec,0xdb,0xde,0xff,0xfb,0xde,0xff,0xdb,0xde,0xff,0x9a,0xd6,0xff,
  0x79,0xce,0xfc,0x9a,0xd6,0xfb,0x79,0xce,0xfc,0xba,0xd6,0xfd,0xba,0xd6,0xee,
  0x59,0xce,0x18,0xff,0xff,0x02,0xff,0xff,0x02,0x00,0x00,0x00,0x00,0x00,0x00,
  0x00,0x00,0x00,0x00,0x00,0x00,0xff,0xff,0x03,0x00,0x00,0x00,0x59,0xce,0x5d,
  0xdb,0xde,0xfe,0x79,0xce,0xfa,0xba,0xd6,0xff,0xfb,0xde,0xff,0xfb,0xde,0xff,
  0x9a,0xd6,0xfc,0xba,0xd6,0xd6,0x9a,0xd6,0x9f,0x9a,0xd6,0x52,0xfb,0xde,0x1e,
  0x00,0x00,0x00,0x00,0x00,0x00,0x00,0x00,0x00,0x00,0x00,0x00,0xff,0xff,0x07,
  0xf7,0xbd,0x04,0x79,0xce,0x81,0x1c,0xe7,0xff,0x79,0xce,0xfb,0x9a,0xd6,0xff,
  0x9a,0xd6,0xff,0x79,0xce,0xfb,0x1c,0xe7,0xff,0x79,0xce,0x81,0xf7,0xbd,0x04,
  0xff,0xff,0x07,0x00,0x00,0x00,0x00,0x00,0x00,0x00,0x00,0x00,0x00,0x00,0x00,
  0x59,0xce,0x13,0x9a,0xd6,0x43,0x9a,0xd6,0x8b,0xba,0xd6,0xca,0x9a,0xd6,0xf5,
  0xfb,0xde,0xff,0xfb,0xde,0xff,0xba,0xd6,0xff,0x79,0xce,0xfb,0xfb,0xde,0xfd,
  0x79,0xce,0x9d,0x00,0x00,0x00,0xff,0xff,0x03,0x00,0x00,0x00,0x00,0x00,0x00,
  0x00,0x00,0x00,0xef,0x7b,0x02,0x00,0x00,0x00,0x79,0xce,0x1a,0xba,0xd6,0xf2,
  0x1c,0xe7,0xff,0xdb,0xde,0xff,0x9a,0xd6,0xe3,0xba,0xd6,0xad,0xba,0xd6,0x70,
  0xfb,0xde,0x29,0xff,0xff,0x03,0x00,0x00,0x00,0x00,0x00,0x00,0x00,0x00,0x00,
  0xff,0xff,0x01,0xf7,0xbd,0x04,0x55,0xad,0x03,0xff,0xff,0x01,0xff,0xff,0x04,
  0x00,0x00,0x00,0x79,0xce,0x80,0x1c,0xe7,0xff,0x79,0xce,0xfb,0x9a,0xd6,0xff,
  0x9a,0xd6,0xff,0x79,0xce,0xfb,0x1c,0xe7,0xff,0x79,0xce,0x80,0x00,0x00,0x00,
  0xff,0xff,0x04,0xff,0xff,0x01,0x55,0xad,0x03,0xf7,0xbd,0x04,0xff,0xff,0x02,
  0x00,0x00,0x00,0x00,0x00,0x00,0x00,0x00,0x00,0x00,0x00,0x00,0xfb,0xde,0x1e,
  0xba,0xd6,0x61,0xba,0xd6,0x9f,0xba,0xd6,0xd5,0xba,0xd6,0xff,0xfb,0xde,0xff,
  0x1c,0xe7,0xff,0x79,0xce,0x48,0x00,0x00,0x00,0x55,0xad,0x03,0x00,0x00,0x00,
  0x00,0x00,0x00,0x55,0xad,0x03,0x55,0xad,0x03,0x79,0xce,0x9a,0xdb,0xde,0xcf,
  0x79,0xce,0x7d,0xba,0xd6,0x43,0xba,0xd6,0x0d,0x00,0x00,0x00,0x00,0x00,0x00,
  0x00,0x00,0x00,0x00,0x00,0x00,0xff,0xff,0x03,0xff,0xff,0x03,0xef,0x7b,0x02,
  0x00,0x00,0x00,0x00,0x00,0x00,0x00,0x00,0x00,0x00,0x00,0x00,0xff,0xff,0x04,
  0x00,0x00,0x00,0x79,0xce,0x80,0x1c,0xe7,0xff,0x79,0xce,0xfb,0x9a,0xd6,0xff,
  0x9a,0xd6,0xff,0x79,0xce,0xfb,0x1c,0xe7,0xff,0x79,0xce,0x80,0x00,0x00,0x00,
  0xff,0xff,0x04,0x00,0x00,0x00,0x00,0x00,0x00,0x00,0x00,0x00,0x00,0x00,0x00,
  0xff,0xff,0x01,0x55,0xad,0x03,0xf7,0xbd,0x04,0x00,0x00,0x01,0x00,0x00,0x00,
  0x00,0x00,0x00,0x00,0x00,0x00,0xff,0xff,0x03,0xdb,0xde,0x36,0x9a,0xd6,0x6e,
  0xfb,0xde,0xb3,0x9a,0xd6,0xcb,0x38,0xc6,0x0d,0xff,0xff,0x01,0xff,0xff,0x01,
  0x00,0x00,0x00,0x00,0x00,0x00,0x79,0xce,0x05,0x9a,0xd6,0x1c,0x00,0x00,0x00,
  0x00,0x00,0x00,0x00,0x00,0x00,0x00,0x00,0x00,0x55,0xad,0x03,0xf7,0xbd,0x04,
  0xff,0xff,0x02,0xff,0xff,0x01,0x00,0x00,0x00,0x00,0x00,0x00,0x00,0x00,0x00,
  0x00,0x00,0x00,0x00,0x00,0x00,0x00,0x00,0x00,0x00,0x00,0x00,0xff,0xff,0x04,
  0x00,0x00,0x00,0x79,0xce,0x80,0x1c,0xe7,0xff,0x79,0xce,0xfb,0x9a,0xd6,0xff,
  0x9a,0xd6,0xff,0x79,0xce,0xfb,0x1c,0xe7,0xff,0x79,0xce,0x80,0x00,0x00,0x00,
  0xff,0xff,0x04,0x00,0x00,0x00,0x00,0x00,0x00,0x00,0x00,0x00,0x00,0x00,0x00,
  0x00,0x00,0x00,0x00,0x00,0x00,0x00,0x00,0x00,0x00,0x00,0x00,0xef,0x7b,0x02,
  0xf7,0xbd,0x04,0xff,0xff,0x03,0x00,0x00,0x00,0x00,0x00,0x00,0x00,0x00,0x00,
  0x00,0x00,0x00,0x9a,0xd6,0x17,0xba,0xd6,0x0c,0x00,0x00,0x00,0xff,0xff,0x01,
  0x00,0x00,0x00,0x00,0x00,0x00,0x00,0x00,0x00,0x00,0x00,0x00,0x00,0x00,0x00,
  0xf7,0xbd,0x04,0x55,0xad,0x03,0xff,0xff,0x01,0x00,0x00,0x00,0x00,0x00,0x00,
  0x00,0x00,0x00,0x00,0x00,0x00,0x00,0x00,0x00,0x00,0x00,0x00,0x00,0x00,0x00,
  0x00,0x00,0x00,0x00,0x00,0x00,0x00,0x00,0x00,0x00,0x00,0x00,0xff,0xff,0x04,
  0x00,0x00,0x00,0x79,0xce,0x80,0x1c,0xe7,0xff,0x79,0xce,0xfb,0x9a,0xd6,0xff,
  0x9a,0xd6,0xff,0x79,0xce,0xfb,0x1c,0xe7,0xff,0x79,0xce,0x80,0x00,0x00,0x00,
  0xff,0xff,0x04,0x00,0x00,0x00,0x00,0x00,0x00,0x00,0x00,0x00,0x00,0x00,0x00,
  0x00,0x00,0x00,0x00,0x00,0x00,0x00,0x00,0x00,0x00,0x00,0x00,0x00,0x00,0x00,
  0x00,0x00,0x00,0x00,0x00,0x00,0xff,0xff,0x01,0x55,0xad,0x03,0xf7,0xbd,0x04,
  0xff,0xff,0x02,0x00,0x00,0x00,0x00,0x00,0x00,0x00,0x00,0x00,0x00,0x00,0x00,
  0x00,0x00,0x00,0x00,0x00,0x00,0x00,0x00,0x00,0xff,0xff,0x01,0x00,0x00,0x00,
  0x00,0x00,0x00,0x00,0x00,0x00,0x00,0x00,0x00,0x00,0x00,0x00,0x00,0x00,0x00,
  0x00,0x00,0x00,0x00,0x00,0x00,0x00,0x00,0x00,0x00,0x00,0x00,0x00,0x00,0x00,
  0x00,0x00,0x00,0x00,0x00,0x00,0x00,0x00,0x00,0x00,0x00,0x00,0xff,0xff,0x04,
  0x00,0x00,0x00,0x79,0xce,0x80,0x1c,0xe7,0xff,0x79,0xce,0xfb,0x9a,0xd6,0xff,
  0x9a,0xd6,0xff,0x79,0xce,0xfb,0x1c,0xe7,0xff,0x79,0xce,0x80,0x00,0x00,0x00,
  0xff,0xff,0x04,0x00,0x00,0x00,0x00,0x00,0x00,0x00,0x00,0x00,0x00,0x00,0x00,
  0x00,0x00,0x00,0x00,0x00,0x00,0x00,0x00,0x00,0x00,0x00,0x00,0x00,0x00,0x00,
  0x00,0x00,0x00,0x00,0x00,0x00,0x00,0x00,0x00,0x00,0x00,0x00,0x00,0x00,0x00,
  0x00,0x00,0x00,0xff,0xff,0x01,0x00,0x00,0x00,0x00,0x00,0x00,0x00,0x00,0x00,
  0x00,0x00,0x00,0x00,0x00,0x00,0x00,0x00,0x00,0x00,0x00,0x00,0x00,0x00,0x00,
  0x00,0x00,0x00,0x00,0x00,0x00,0x00,0x00,0x00,0x00,0x00,0x00,0x00,0x00,0x00,
  0x00,0x00,0x00,0x00,0x00,0x00,0x00,0x00,0x00,0x00,0x00,0x00,0x00,0x00,0x00,
  0x00,0x00,0x00,0x00,0x00,0x00,0x00,0x00,0x00,0x00,0x00,0x00,0xff,0xff,0x04,
  0x00,0x00,0x00,0x79,0xce,0x80,0x1c,0xe7,0xff,0x79,0xce,0xfb,0x9a,0xd6,0xff,
  0x9a,0xd6,0xff,0x79,0xce,0xfb,0x1c,0xe7,0xff,0x79,0xce,0x80,0x00,0x00,0x00,
  0xff,0xff,0x04,0x00,0x00,0x00,0x00,0x00,0x00,0x00,0x00,0x00,0x00,0x00,0x00,
  0x00,0x00,0x00,0x00,0x00,0x00,0x00,0x00,0x00,0x00,0x00,0x00,0x00,0x00,0x00,
  0x00,0x00,0x00,0x00,0x00,0x00,0x00,0x00,0x00,0x00,0x00,0x00,0x00,0x00,0x00,
  0x00,0x00,0x00,0x00,0x00,0x00,0x00,0x00,0x00,0x00,0x00,0x00,0x00,0x00,0x00,
  0x00,0x00,0x00,0x00,0x00,0x00,0x00,0x00,0x00,0x00,0x00,0x00,0x00,0x00,0x00,
  0x00,0x00,0x00,0x00,0x00,0x00,0x00,0x00,0x00,0x00,0x00,0x00,0x00,0x00,0x00,
  0x00,0x00,0x00,0x00,0x00,0x00,0x00,0x00,0x00,0x00,0x00,0x00,0x00,0x00,0x00,
  0x00,0x00,0x00,0x00,0x00,0x00,0x00,0x00,0x00,0x00,0x00,0x00,0xff,0xff,0x04,
  0x00,0x00,0x00,0x79,0xce,0x80,0x1c,0xe7,0xff,0x79,0xce,0xfb,0x9a,0xd6,0xff,
  0x9a,0xd6,0xff,0x79,0xce,0xfb,0x1c,0xe7,0xff,0x79,0xce,0x80,0x00,0x00,0x00,
  0xff,0xff,0x04,0x00,0x00,0x00,0x00,0x00,0x00,0x00,0x00,0x00,0x00,0x00,0x00,
  0x00,0x00,0x00,0x00,0x00,0x00,0x00,0x00,0x00,0x00,0x00,0x00,0x00,0x00,0x00,
  0x00,0x00,0x00,0x00,0x00,0x00,0x00,0x00,0x00,0x00,0x00,0x00,0x00,0x00,0x00,
  0x00,0x00,0x00,0x00,0x00,0x00,0x00,0x00,0x00,0x00,0x00,0x00,0x00,0x00,0x00,
  0x00,0x00,0x00,0x00,0x00,0x00,0x00,0x00,0x00,0x00,0x00,0x00,0x00,0x00,0x00,
  0x00,0x00,0x00,0x00,0x00,0x00,0x00,0x00,0x00,0x00,0x00,0x00,0x00,0x00,0x00,
  0x00,0x00,0x00,0x00,0x00,0x00,0x00,0x00,0x00,0x00,0x00,0x00,0x00,0x00,0x00,
  0x00,0x00,0x00,0x00,0x00,0x00,0x00,0x00,0x00,0x00,0x00,0x00,0xff,0xff,0x04,
  0x00,0x00,0x00,0x79,0xce,0x80,0x1c,0xe7,0xff,0x79,0xce,0xfb,0x9a,0xd6,0xff,
  0x9a,0xd6,0xff,0x79,0xce,0xfb,0x1c,0xe7,0xff,0x79,0xce,0x80,0x00,0x00,0x00,
  0xff,0xff,0x04,0x00,0x00,0x00,0x00,0x00,0x00,0x00,0x00,0x00,0x00,0x00,0x00,
  0x00,0x00,0x00,0x00,0x00,0x00,0x00,0x00,0x00,0x00,0x00,0x00,0x00,0x00,0x00,
  0x00,0x00,0x00,0x00,0x00,0x00,0x00,0x00,0x00,0x00,0x00,0x00,0x00,0x00,0x00,
  0x00,0x00,0x00,0x00,0x00,0x00,0x00,0x00,0x00,0x00,0x00,0x00,0x00,0x00,0x00,
  0x00,0x00,0x00,0x00,0x00,0x00,0x00,0x00,0x00,0x00,0x00,0x00,0x00,0x00,0x00,
  0x00,0x00,0x00,0x00,0x00,0x00,0x00,0x00,0x00,0x00,0x00,0x00,0x00,0x00,0x00,
  0x00,0x00,0x00,0x00,0x00,0x00,0x00,0x00,0x00,0x00,0x00,0x00,0x00,0x00,0x00,
  0x00,0x00,0x00,0x00,0x00,0x00,0x00,0x00,0x00,0x00,0x00,0x00,0xff,0xff,0x04,
  0x00,0x00,0x00,0x79,0xce,0x80,0x1c,0xe7,0xff,0x79,0xce,0xfb,0x9a,0xd6,0xff,
  0x9a,0xd6,0xff,0x79,0xce,0xfb,0x1c,0xe7,0xff,0x79,0xce,0x80,0x00,0x00,0x00,
  0xff,0xff,0x04,0x00,0x00,0x00,0x00,0x00,0x00,0x00,0x00,0x00,0x00,0x00,0x00,
  0x00,0x00,0x00,0x00,0x00,0x00,0x00,0x00,0x00,0x00,0x00,0x00,0x00,0x00,0x00,
  0x00,0x00,0x00,0x00,0x00,0x00,0x00,0x00,0x00,0x00,0x00,0x00,0x00,0x00,0x00,
  0x00,0x00,0x00,0x00,0x00,0x00,0x00,0x00,0x00,0x00,0x00,0x00,0x00,0x00,0x00,
  0x00,0x00,0x00,0x00,0x00,0x00,0x00,0x00,0x00,0x00,0x00,0x00,0x00,0x00,0x00,
  0x00,0x00,0x00,0x00,0x00,0x00,0x00,0x00,0x00,0x00,0x00,0x00,0x00,0x00,0x00,
  0x00,0x00,0x00,0x00,0x00,0x00,0x00,0x00,0x00,0x00,0x00,0x00,0x00,0x00,0x00,
  0x00,0x00,0x00,0x00,0x00,0x00,0x00,0x00,0x00,0x00,0x00,0x00,0xff,0xff,0x04,
  0x00,0x00,0x00,0x79,0xce,0x80,0x1c,0xe7,0xff,0x79,0xce,0xfb,0x9a,0xd6,0xff,
  0x9a,0xd6,0xff,0x79,0xce,0xfb,0x1c,0xe7,0xff,0x79,0xce,0x80,0x00,0x00,0x00,
  0xff,0xff,0x04,0x00,0x00,0x00,0x00,0x00,0x00,0x00,0x00,0x00,0x00,0x00,0x00,
  0x00,0x00,0x00,0x00,0x00,0x00,0x00,0x00,0x00,0x00,0x00,0x00,0x00,0x00,0x00,
  0x00,0x00,0x00,0x00,0x00,0x00,0x00,0x00,0x00,0x00,0x00,0x00,0x00,0x00,0x00,
  0x00,0x00,0x00,0x00,0x00,0x00,0x00,0x00,0x00,0x00,0x00,0x00,0x00,0x00,0x00,
  0x00,0x00,0x00,0x00,0x00,0x00,0x00,0x00,0x00,0x00,0x00,0x00,0x00,0x00,0x00,
  0x00,0x00,0x00,0x00,0x00,0x00,0x00,0x00,0x00,0x00,0x00,0x00,0x00,0x00,0x00,
  0x00,0x00,0x00,0x00,0x00,0x00,0x00,0x00,0x00,0x00,0x00,0x00,0x00,0x00,0x00,
  0x00,0x00,0x00,0x00,0x00,0x00,0x00,0x00,0x00,0x00,0x00,0x00,0xff,0xff,0x04,
  0x00,0x00,0x00,0x79,0xce,0x80,0x1c,0xe7,0xff,0x79,0xce,0xfb,0x9a,0xd6,0xff,
  0x9a,0xd6,0xff,0x79,0xce,0xfb,0x1c,0xe7,0xff,0x79,0xce,0x80,0x00,0x00,0x00,
  0xff,0xff,0x04,0x00,0x00,0x00,0x00,0x00,0x00,0x00,0x00,0x00,0x00,0x00,0x00,
  0x00,0x00,0x00,0x00,0x00,0x00,0x00,0x00,0x00,0x00,0x00,0x00,0x00,0x00,0x00,
  0x00,0x00,0x00,0x00,0x00,0x00,0x00,0x00,0x00,0x00,0x00,0x00,0x00,0x00,0x00,
  0x00,0x00,0x00,0x00,0x00,0x00,0x00,0x00,0x00,0x00,0x00,0x00,0x00,0x00,0x00,
  0x00,0x00,0x00,0x00,0x00,0x00,0x00,0x00,0x00,0x00,0x00,0x00,0x00,0x00,0x00,
  0x00,0x00,0x00,0x00,0x00,0x00,0x00,0x00,0x00,0x00,0x00,0x00,0x00,0x00,0x00,
  0x00,0x00,0x00,0x00,0x00,0x00,0x00,0x00,0x00,0x00,0x00,0x00,0x00,0x00,0x00,
  0x00,0x00,0x00,0x00,0x00,0x00,0x00,0x00,0x00,0x00,0x00,0x00,0xff,0xff,0x04,
  0x00,0x00,0x00,0x79,0xce,0x80,0x1c,0xe7,0xff,0x79,0xce,0xfb,0x9a,0xd6,0xff,
  0x9a,0xd6,0xff,0x79,0xce,0xfb,0x1c,0xe7,0xff,0x79,0xce,0x80,0x00,0x00,0x00,
  0xff,0xff,0x04,0x00,0x00,0x00,0x00,0x00,0x00,0x00,0x00,0x00,0x00,0x00,0x00,
  0x00,0x00,0x00,0x00,0x00,0x00,0x00,0x00,0x00,0x00,0x00,0x00,0x00,0x00,0x00,
  0x00,0x00,0x00,0x00,0x00,0x00,0x00,0x00,0x00,0x00,0x00,0x00,0x00,0x00,0x00,
  0x00,0x00,0x00,0x00,0x00,0x00,0x00,0x00,0x00,0x00,0x00,0x00,0x00,0x00,0x00,
  0x00,0x00,0x00,0x00,0x00,0x00,0x00,0x00,0x00,0x00,0x00,0x00,0x00,0x00,0x00,
  0x00,0x00,0x00,0x00,0x00,0x00,0x00,0x00,0x00,0x00,0x00,0x00,0x00,0x00,0x00,
  0x00,0x00,0x00,0x00,0x00,0x00,0x00,0x00,0x00,0x00,0x00,0x00,0x00,0x00,0x00,
  0x00,0x00,0x00,0x00,0x00,0x00,0x00,0x00,0x00,0x00,0x00,0x00,0xff,0xff,0x04,
  0x00,0x00,0x00,0x79,0xce,0x80,0x1c,0xe7,0xff,0x79,0xce,0xfb,0x9a,0xd6,0xff,
  0x9a,0xd6,0xff,0x79,0xce,0xfb,0x1c,0xe7,0xff,0x79,0xce,0x80,0x00,0x00,0x00,
  0xff,0xff,0x04,0x00,0x00,0x00,0x00,0x00,0x00,0x00,0x00,0x00,0x00,0x00,0x00,
  0x00,0x00,0x00,0x00,0x00,0x00,0x00,0x00,0x00,0x00,0x00,0x00,0x00,0x00,0x00,
  0x00,0x00,0x00,0x00,0x00,0x00,0x00,0x00,0x00,0x00,0x00,0x00,0x00,0x00,0x00,
  0x00,0x00,0x00,0x00,0x00,0x00,0x00,0x00,0x00,0x00,0x00,0x00,0x00,0x00,0x00,
  0x00,0x00,0x00,0x00,0x00,0x00,0x00,0x00,0x00,0x00,0x00,0x00,0x00,0x00,0x00,
  0x00,0x00,0x00,0x00,0x00,0x00,0x00,0x00,0x00,0x00,0x00,0x00,0x00,0x00,0x00,
  0x00,0x00,0x00,0x00,0x00,0x00,0x00,0x00,0x00,0x00,0x00,0x00,0x00,0x00,0x00,
  0x00,0x00,0x00,0x00,0x00,0x00,0x00,0x00,0x00,0x00,0x00,0x00,0xff,0xff,0x04,
  0x00,0x00,0x00,0x79,0xce,0x80,0x1c,0xe7,0xff,0x79,0xce,0xfb,0x9a,0xd6,0xff,
  0x9a,0xd6,0xff,0x79,0xce,0xfb,0x1c,0xe7,0xff,0x79,0xce,0x80,0x00,0x00,0x00,
  0xff,0xff,0x04,0x00,0x00,0x00,0x00,0x00,0x00,0x00,0x00,0x00,0x00,0x00,0x00,
  0x00,0x00,0x00,0x00,0x00,0x00,0x00,0x00,0x00,0x00,0x00,0x00,0x00,0x00,0x00,
  0x00,0x00,0x00,0x00,0x00,0x00,0x00,0x00,0x00,0x00,0x00,0x00,0x00,0x00,0x00,
  0x00,0x00,0x00,0x00,0x00,0x00,0x00,0x00,0x00,0x00,0x00,0x00,0x00,0x00,0x00,
  0x00,0x00,0x00,0x00,0x00,0x00,0x00,0x00,0x00,0x00,0x00,0x00,0x00,0x00,0x00,
  0x00,0x00,0x00,0x00,0x00,0x00,0x00,0x00,0x00,0x00,0x00,0x00,0x00,0x00,0x00,
  0x00,0x00,0x00,0x00,0x00,0x00,0x00,0x00,0x00,0x00,0x00,0x00,0x00,0x00,0x00,
  0x00,0x00,0x00,0x00,0x00,0x00,0x00,0x00,0x00,0x00,0x00,0x00,0xff,0xff,0x04,
  0x00,0x00,0x00,0x79,0xce,0x80,0x1c,0xe7,0xff,0x79,0xce,0xfb,0x9a,0xd6,0xff,
  0x9a,0xd6,0xff,0x79,0xce,0xfb,0x1c,0xe7,0xff,0x79,0xce,0x80,0x00,0x00,0x00,
  0xff,0xff,0x04,0x00,0x00,0x00,0x00,0x00,0x00,0x00,0x00,0x00,0x00,0x00,0x00,
  0x00,0x00,0x00,0x00,0x00,0x00,0x00,0x00,0x00,0x00,0x00,0x00,0x00,0x00,0x00,
  0x00,0x00,0x00,0x00,0x00,0x00,0x00,0x00,0x00,0x00,0x00,0x00,0x00,0x00,0x00,
  0x00,0x00,0x00,0x00,0x00,0x00,0x00,0x00,0x00,0x00,0x00,0x00,0x00,0x00,0x00,
  0x00,0x00,0x00,0x00,0x00,0x00,0x00,0x00,0x00,0x00,0x00,0x00,0x00,0x00,0x00,
  0x00,0x00,0x00,0x00,0x00,0x00,0x00,0x00,0x00,0x00,0x00,0x00,0x00,0x00,0x00,
  0x00,0x00,0x00,0x00,0x00,0x00,0x00,0x00,0x00,0x00,0x00,0x00,0x00,0x00,0x00,
  0x00,0x00,0x00,0x00,0x00,0x00,0x00,0x00,0x00,0x00,0x00,0x00,0xff,0xff,0x04,
  0x00,0x00,0x00,0x79,0xce,0x80,0x1c,0xe7,0xff,0x79,0xce,0xfb,0x9a,0xd6,0xff,
  0x9a,0xd6,0xff,0x79,0xce,0xfb,0x1c,0xe7,0xff,0x79,0xce,0x80,0x00,0x00,0x00,
  0xff,0xff,0x04,0x00,0x00,0x00,0x00,0x00,0x00,0x00,0x00,0x00,0x00,0x00,0x00,
  0x00,0x00,0x00,0x00,0x00,0x00,0x00,0x00,0x00,0x00,0x00,0x00,0x00,0x00,0x00,
  0x00,0x00,0x00,0x00,0x00,0x00,0x00,0x00,0x00,0x00,0x00,0x00,0x00,0x00,0x00,
  0x00,0x00,0x00,0x00,0x00,0x00,0x00,0x00,0x00,0x00,0x00,0x00,0x00,0x00,0x00,
  0x00,0x00,0x00,0x00,0x00,0x00,0x00,0x00,0x00,0x00,0x00,0x00,0x00,0x00,0x00,
  0x00,0x00,0x00,0x00,0x00,0x00,0x00,0x00,0x00,0x00,0x00,0x00,0x00,0x00,0x00,
  0x00,0x00,0x00,0x00,0x00,0x00,0x00,0x00,0x00,0x00,0x00,0x00,0x00,0x00,0x00,
  0x00,0x00,0x00,0x00,0x00,0x00,0x00,0x00,0x00,0x00,0x00,0x00,0xff,0xff,0x04,
  0x00,0x00,0x00,0x79,0xce,0x80,0x1c,0xe7,0xff,0x79,0xce,0xfb,0x9a,0xd6,0xff,
  0x9a,0xd6,0xff,0x79,0xce,0xfb,0x1c,0xe7,0xff,0x79,0xce,0x80,0x00,0x00,0x00,
  0xff,0xff,0x04,0x00,0x00,0x00,0x00,0x00,0x00,0x00,0x00,0x00,0x00,0x00,0x00,
  0x00,0x00,0x00,0x00,0x00,0x00,0x00,0x00,0x00,0x00,0x00,0x00,0x00,0x00,0x00,
  0x00,0x00,0x00,0x00,0x00,0x00,0x00,0x00,0x00,0x00,0x00,0x00,0x00,0x00,0x00,
  0x00,0x00,0x00,0x00,0x00,0x00,0x00,0x00,0x00,0x00,0x00,0x00,0x00,0x00,0x00,
  0x00,0x00,0x00,0x00,0x00,0x00,0x00,0x00,0x00,0x00,0x00,0x00,0x00,0x00,0x00,
  0x00,0x00,0x00,0x00,0x00,0x00,0x00,0x00,0x00,0x00,0x00,0x00,0x00,0x00,0x00,
  0x00,0x00,0x00,0x00,0x00,0x00,0x00,0x00,0x00,0x00,0x00,0x00,0x00,0x00,0x00,
  0x00,0x00,0x00,0x00,0x00,0x00,0x00,0x00,0x00,0x00,0x00,0x00,0xff,0xff,0x04,
  0x00,0x00,0x00,0x79,0xce,0x80,0x1c,0xe7,0xff,0x79,0xce,0xfb,0x9a,0xd6,0xff,
  0x9a,0xd6,0xff,0x79,0xce,0xfb,0x1c,0xe7,0xff,0x79,0xce,0x80,0x00,0x00,0x00,
  0xff,0xff,0x04,0x00,0x00,0x00,0x00,0x00,0x00,0x00,0x00,0x00,0x00,0x00,0x00,
  0x00,0x00,0x00,0x00,0x00,0x00,0x00,0x00,0x00,0x00,0x00,0x00,0x00,0x00,0x00,
  0x00,0x00,0x00,0x00,0x00,0x00,0x00,0x00,0x00,0x00,0x00,0x00,0x00,0x00,0x00,
  0x00,0x00,0x00,0x00,0x00,0x00,0x00,0x00,0x00,0x00,0x00,0x00,0x00,0x00,0x00,
  0x00,0x00,0x00,0x00,0x00,0x00,0x00,0x00,0x00,0x00,0x00,0x00,0x00,0x00,0x00,
  0x00,0x00,0x00,0x00,0x00,0x00,0x00,0x00,0x00,0x00,0x00,0x00,0x00,0x00,0x00,
  0x00,0x00,0x00,0x00,0x00,0x00,0x00,0x00,0x00,0x00,0x00,0x00,0x00,0x00,0x00,
  0x00,0x00,0x00,0x00,0x00,0x00,0x00,0x00,0x00,0x00,0x00,0x00,0xff,0xff,0x04,
  0x00,0x00,0x00,0x79,0xce,0x80,0x1c,0xe7,0xff,0x79,0xce,0xfb,0x9a,0xd6,0xff,
  0x9a,0xd6,0xff,0x79,0xce,0xfb,0x1c,0xe7,0xff,0x79,0xce,0x80,0x00,0x00,0x00,
  0xff,0xff,0x04,0x00,0x00,0x00,0x00,0x00,0x00,0x00,0x00,0x00,0x00,0x00,0x00,
  0x00,0x00,0x00,0x00,0x00,0x00,0x00,0x00,0x00,0x00,0x00,0x00,0x00,0x00,0x00,
  0x00,0x00,0x00,0x00,0x00,0x00,0x00,0x00,0x00,0x00,0x00,0x00,0x00,0x00,0x00,
  0x00,0x00,0x00,0x00,0x00,0x00,0x00,0x00,0x00,0x00,0x00,0x00,0x00,0x00,0x00,
  0x00,0x00,0x00,0x00,0x00,0x00,0x00,0x00,0x00,0x00,0x00,0x00,0x00,0x00,0x00,
  0x00,0x00,0x00,0x00,0x00,0x00,0x00,0x00,0x00,0x00,0x00,0x00,0x00,0x00,0x00,
  0x00,0x00,0x00,0x00,0x00,0x00,0x00,0x00,0x00,0x00,0x00,0x00,0x00,0x00,0x00,
  0x00,0x00,0x00,0x00,0x00,0x00,0x00,0x00,0x00,0x00,0x00,0x00,0xff,0xff,0x04,
  0x00,0x00,0x00,0x79,0xce,0x80,0x1c,0xe7,0xff,0x79,0xce,0xfb,0x9a,0xd6,0xff,
  0x9a,0xd6,0xff,0x79,0xce,0xfb,0x1c,0xe7,0xff,0x79,0xce,0x80,0x00,0x00,0x00,
  0xff,0xff,0x04,0x00,0x00,0x00,0x00,0x00,0x00,0x00,0x00,0x00,0x00,0x00,0x00,
  0x00,0x00,0x00,0x00,0x00,0x00,0x00,0x00,0x00,0x00,0x00,0x00,0x00,0x00,0x00,
  0x00,0x00,0x00,0x00,0x00,0x00,0x00,0x00,0x00,0x00,0x00,0x00,0x00,0x00,0x00,
  0x00,0x00,0x00,0x00,0x00,0x00,0x00,0x00,0x00,0x00,0x00,0x00,0x00,0x00,0x00,
  0x00,0x00,0x00,0x00,0x00,0x00,0x00,0x00,0x00,0x00,0x00,0x00,0x00,0x00,0x00,
  0x00,0x00,0x00,0x00,0x00,0x00,0x00,0x00,0x00,0x00,0x00,0x00,0x00,0x00,0x00,
  0x00,0x00,0x00,0x00,0x00,0x00,0x00,0x00,0x00,0x00,0x00,0x00,0x00,0x00,0x00,
  0x00,0x00,0x00,0x00,0x00,0x00,0x00,0x00,0x00,0x00,0x00,0x00,0xff,0xff,0x04,
  0x00,0x00,0x00,0x79,0xce,0x80,0x1c,0xe7,0xff,0x79,0xce,0xfb,0x9a,0xd6,0xff,
  0x9a,0xd6,0xff,0x79,0xce,0xfb,0x1c,0xe7,0xff,0x79,0xce,0x80,0x00,0x00,0x00,
  0xff,0xff,0x04,0x00,0x00,0x00,0x00,0x00,0x00,0x00,0x00,0x00,0x00,0x00,0x00,
  0x00,0x00,0x00,0x00,0x00,0x00,0x00,0x00,0x00,0x00,0x00,0x00,0x00,0x00,0x00,
  0x00,0x00,0x00,0x00,0x00,0x00,0x00,0x00,0x00,0x00,0x00,0x00,0x00,0x00,0x00,
  0x00,0x00,0x00,0x00,0x00,0x00,0x00,0x00,0x00,0x00,0x00,0x00,0x00,0x00,0x00,
  0x00,0x00,0x00,0x00,0x00,0x00,0x00,0x00,0x00,0x00,0x00,0x00,0x00,0x00,0x00,
  0x00,0x00,0x00,0x00,0x00,0x00,0x00,0x00,0x00,0x00,0x00,0x00,0x00,0x00,0x00,
  0x00,0x00,0x00,0x00,0x00,0x00,0x00,0x00,0x00,0x00,0x00,0x00,0x00,0x00,0x00,
  0x00,0x00,0x00,0x00,0x00,0x00,0x00,0x00,0x00,0x00,0x00,0x00,0xff,0xff,0x04,
  0x00,0x00,0x00,0x79,0xce,0x80,0x1c,0xe7,0xff,0x79,0xce,0xfb,0x9a,0xd6,0xff,
  0x9a,0xd6,0xff,0x79,0xce,0xfb,0x1c,0xe7,0xff,0x79,0xce,0x80,0x00,0x00,0x00,
  0xff,0xff,0x04,0x00,0x00,0x00,0x00,0x00,0x00,0x00,0x00,0x00,0x00,0x00,0x00,
  0x00,0x00,0x00,0x00,0x00,0x00,0x00,0x00,0x00,0x00,0x00,0x00,0x00,0x00,0x00,
  0x00,0x00,0x00,0x00,0x00,0x00,0x00,0x00,0x00,0x00,0x00,0x00,0x00,0x00,0x00,
  0x00,0x00,0x00,0x00,0x00,0x00,0x00,0x00,0x00,0x00,0x00,0x00,0x00,0x00,0x00,
  0x00,0x00,0x00,0x00,0x00,0x00,0x00,0x00,0x00,0x00,0x00,0x00,0x00,0x00,0x00,
  0x00,0x00,0x00,0x00,0x00,0x00,0x00,0x00,0x00,0x00,0x00,0x00,0x00,0x00,0x00,
  0x00,0x00,0x00,0x00,0x00,0x00,0x00,0x00,0x00,0x00,0x00,0x00,0x00,0x00,0x00,
  0x00,0x00,0x00,0x00,0x00,0x00,0x00,0x00,0x00,0x00,0x00,0x00,0xff,0xff,0x04,
  0x00,0x00,0x00,0x79,0xce,0x80,0x1c,0xe7,0xff,0x79,0xce,0xfb,0x9a,0xd6,0xff,
  0x9a,0xd6,0xff,0x79,0xce,0xfb,0x1c,0xe7,0xff,0x79,0xce,0x80,0x00,0x00,0x00,
  0xff,0xff,0x04,0x00,0x00,0x00,0x00,0x00,0x00,0x00,0x00,0x00,0x00,0x00,0x00,
  0x00,0x00,0x00,0x00,0x00,0x00,0x00,0x00,0x00,0x00,0x00,0x00,0x00,0x00,0x00,
  0x00,0x00,0x00,0x00,0x00,0x00,0x00,0x00,0x00,0x00,0x00,0x00,0x00,0x00,0x00,
  0x00,0x00,0x00,0x00,0x00,0x00,0x00,0x00,0x00,0x00,0x00,0x00,0x00,0x00,0x00,
  0x00,0x00,0x00,0x00,0x00,0x00,0x00,0x00,0x00,0x00,0x00,0x00,0x00,0x00,0x00,
  0x00,0x00,0x00,0x00,0x00,0x00,0x00,0x00,0x00,0x00,0x00,0x00,0x00,0x00,0x00,
  0x00,0x00,0x00,0x00,0x00,0x00,0x00,0x00,0x00,0x00,0x00,0x00,0x00,0x00,0x00,
  0x00,0x00,0x00,0x00,0x00,0x00,0x00,0x00,0x00,0x00,0x00,0x00,0xff,0xff,0x04,
  0x00,0x00,0x00,0x79,0xce,0x80,0x1c,0xe7,0xff,0x79,0xce,0xfb,0x9a,0xd6,0xff,
  0x9a,0xd6,0xff,0x79,0xce,0xfb,0x1c,0xe7,0xff,0x79,0xce,0x80,0x00,0x00,0x00,
  0xff,0xff,0x04,0x00,0x00,0x00,0x00,0x00,0x00,0x00,0x00,0x00,0x00,0x00,0x00,
  0x00,0x00,0x00,0x00,0x00,0x00,0x00,0x00,0x00,0x00,0x00,0x00,0x00,0x00,0x00,
  0x00,0x00,0x00,0x00,0x00,0x00,0x00,0x00,0x00,0x00,0x00,0x00,0x00,0x00,0x00,
  0x00,0x00,0x00,0x00,0x00,0x00,0x00,0x00,0x00,0x00,0x00,0x00,0x00,0x00,0x00,
  0x00,0x00,0x00,0x00,0x00,0x00,0x00,0x00,0x00,0x00,0x00,0x00,0x00,0x00,0x00,
  0x00,0x00,0x00,0x00,0x00,0x00,0x00,0x00,0x00,0x00,0x00,0x00,0x00,0x00,0x00,
  0x00,0x00,0x00,0x00,0x00,0x00,0x00,0x00,0x00,0x00,0x00,0x00,0x00,0x00,0x00,
  0x00,0x00,0x00,0x00,0x00,0x00,0x00,0x00,0x00,0x00,0x00,0x00,0xff,0xff,0x04,
  0x00,0x00,0x00,0x79,0xce,0x80,0x1c,0xe7,0xff,0x79,0xce,0xfb,0x9a,0xd6,0xff,
  0x9a,0xd6,0xff,0x79,0xce,0xfb,0x1c,0xe7,0xff,0x79,0xce,0x80,0x00,0x00,0x00,
  0xff,0xff,0x04,0x00,0x00,0x00,0x00,0x00,0x00,0x00,0x00,0x00,0x00,0x00,0x00,
  0x00,0x00,0x00,0x00,0x00,0x00,0x00,0x00,0x00,0x00,0x00,0x00,0x00,0x00,0x00,
  0x00,0x00,0x00,0x00,0x00,0x00,0x00,0x00,0x00,0x00,0x00,0x00,0x00,0x00,0x00,
  0x00,0x00,0x00,0x00,0x00,0x00,0x00,0x00,0x00,0x00,0x00,0x00,0x00,0x00,0x00,
  0x00,0x00,0x00,0x00,0x00,0x00,0x00,0x00,0x00,0x00,0x00,0x00,0x00,0x00,0x00,
  0x00,0x00,0x00,0x00,0x00,0x00,0x00,0x00,0x00,0x00,0x00,0x00,0x00,0x00,0x00,
  0x00,0x00,0x00,0x00,0x00,0x00,0x00,0x00,0x00,0x00,0x00,0x00,0x00,0x00,0x00,
  0x00,0x00,0x00,0x00,0x00,0x00,0x00,0x00,0x00,0x00,0x00,0x00,0xff,0xff,0x04,
  0x00,0x00,0x00,0x79,0xce,0x80,0x1c,0xe7,0xff,0x79,0xce,0xfb,0x9a,0xd6,0xff,
  0x9a,0xd6,0xff,0x79,0xce,0xfb,0x1c,0xe7,0xff,0x79,0xce,0x80,0x00,0x00,0x00,
  0xff,0xff,0x04,0x00,0x00,0x00,0x00,0x00,0x00,0x00,0x00,0x00,0x00,0x00,0x00,
  0x00,0x00,0x00,0x00,0x00,0x00,0x00,0x00,0x00,0x00,0x00,0x00,0x00,0x00,0x00,
  0x00,0x00,0x00,0x00,0x00,0x00,0x00,0x00,0x00,0x00,0x00,0x00,0x00,0x00,0x00,
  0x00,0x00,0x00,0x00,0x00,0x00,0x00,0x00,0x00,0x00,0x00,0x00,0x00,0x00,0x00,
  0x00,0x00,0x00,0x00,0x00,0x00,0x00,0x00,0x00,0x00,0x00,0x00,0x00,0x00,0x00,
  0x00,0x00,0x00,0x00,0x00,0x00,0x00,0x00,0x00,0x00,0x00,0x00,0x00,0x00,0x00,
  0x00,0x00,0x00,0x00,0x00,0x00,0x00,0x00,0x00,0x00,0x00,0x00,0x00,0x00,0x00,
  0x00,0x00,0x00,0x00,0x00,0x00,0x00,0x00,0x00,0x00,0x00,0x00,0xff,0xff,0x04,
  0x00,0x00,0x00,0x79,0xce,0x80,0x1c,0xe7,0xff,0x79,0xce,0xfb,0x9a,0xd6,0xff,
  0x9a,0xd6,0xff,0x79,0xce,0xfb,0x1c,0xe7,0xff,0x79,0xce,0x80,0x00,0x00,0x00,
  0xff,0xff,0x04,0x00,0x00,0x00,0x00,0x00,0x00,0x00,0x00,0x00,0x00,0x00,0x00,
  0x00,0x00,0x00,0x00,0x00,0x00,0x00,0x00,0x00,0x00,0x00,0x00,0x00,0x00,0x00,
  0x00,0x00,0x00,0x00,0x00,0x00,0x00,0x00,0x00,0x00,0x00,0x00,0x00,0x00,0x00,
  0x00,0x00,0x00,0x00,0x00,0x00,0x00,0x00,0x00,0x00,0x00,0x00,0x00,0x00,0x00,
  0x00,0x00,0x00,0x00,0x00,0x00,0x00,0x00,0x00,0x00,0x00,0x00,0x00,0x00,0x00,
  0x00,0x00,0x00,0x00,0x00,0x00,0x00,0x00,0x00,0x00,0x00,0x00,0x00,0x00,0x00,
  0x00,0x00,0x00,0x00,0x00,0x00,0x00,0x00,0x00,0x00,0x00,0x00,0x00,0x00,0x00,
  0x00,0x00,0x00,0x00,0x00,0x00,0x00,0x00,0x00,0x00,0x00,0x00,0xff,0xff,0x04,
  0x00,0x00,0x00,0x79,0xce,0x80,0x1c,0xe7,0xff,0x79,0xce,0xfb,0x9a,0xd6,0xff,
  0x9a,0xd6,0xff,0x79,0xce,0xfb,0x1c,0xe7,0xff,0x79,0xce,0x80,0x00,0x00,0x00,
  0xff,0xff,0x04,0x00,0x00,0x00,0x00,0x00,0x00,0x00,0x00,0x00,0x00,0x00,0x00,
  0x00,0x00,0x00,0x00,0x00,0x00,0x00,0x00,0x00,0x00,0x00,0x00,0x00,0x00,0x00,
  0x00,0x00,0x00,0x00,0x00,0x00,0x00,0x00,0x00,0x00,0x00,0x00,0x00,0x00,0x00,
  0x00,0x00,0x00,0x00,0x00,0x00,0x00,0x00,0x00,0x00,0x00,0x00,0x00,0x00,0x00,
  0x00,0x00,0x00,0x00,0x00,0x00,0x00,0x00,0x00,0x00,0x00,0x00,0x00,0x00,0x00,
  0x00,0x00,0x00,0x00,0x00,0x00,0x00,0x00,0x00,0x00,0x00,0x00,0x00,0x00,0x00,
  0x00,0x00,0x00,0x00,0x00,0x00,0x00,0x00,0x00,0x00,0x00,0x00,0x00,0x00,0x00,
  0x00,0x00,0x00,0x00,0x00,0x00,0x00,0x00,0x00,0x00,0x00,0x00,0xff,0xff,0x04,
  0x00,0x00,0x00,0x79,0xce,0x80,0x1c,0xe7,0xff,0x79,0xce,0xfb,0x9a,0xd6,0xff,
  0x9a,0xd6,0xff,0x79,0xce,0xfb,0x1c,0xe7,0xff,0x79,0xce,0x80,0x00,0x00,0x00,
  0xff,0xff,0x04,0x00,0x00,0x00,0x00,0x00,0x00,0x00,0x00,0x00,0x00,0x00,0x00,
  0x00,0x00,0x00,0x00,0x00,0x00,0x00,0x00,0x00,0x00,0x00,0x00,0x00,0x00,0x00,
  0x00,0x00,0x00,0x00,0x00,0x00,0x00,0x00,0x00,0x00,0x00,0x00,0x00,0x00,0x00,
  0x00,0x00,0x00,0x00,0x00,0x00,0x00,0x00,0x00,0x00,0x00,0x00,0x00,0x00,0x00,
  0x00,0x00,0x00,0x00,0x00,0x00,0x00,0x00,0x00,0x00,0x00,0x00,0x00,0x00,0x00,
  0x00,0x00,0x00,0x00,0x00,0x00,0x00,0x00,0x00,0x00,0x00,0x00,0x00,0x00,0x00,
  0x00,0x00,0x00,0x00,0x00,0x00,0x00,0x00,0x00,0x00,0x00,0x00,0x00,0x00,0x00,
  0x00,0x00,0x00,0x00,0x00,0x00,0x00,0x00,0x00,0x00,0x00,0x00,0xff,0xff,0x04,
  0x00,0x00,0x00,0x79,0xce,0x80,0x1c,0xe7,0xff,0x79,0xce,0xfb,0x9a,0xd6,0xff,
  0x9a,0xd6,0xff,0x79,0xce,0xfb,0x1c,0xe7,0xff,0x79,0xce,0x80,0x00,0x00,0x00,
  0xff,0xff,0x04,0x00,0x00,0x00,0x00,0x00,0x00,0x00,0x00,0x00,0x00,0x00,0x00,
  0x00,0x00,0x00,0x00,0x00,0x00,0x00,0x00,0x00,0x00,0x00,0x00,0x00,0x00,0x00,
  0x00,0x00,0x00,0x00,0x00,0x00,0x00,0x00,0x00,0x00,0x00,0x00,0x00,0x00,0x00,
  0x00,0x00,0x00,0x00,0x00,0x00,0x00,0x00,0x00,0x00,0x00,0x00,0x00,0x00,0x00,
  0x00,0x00,0x00,0x00,0x00,0x00,0x00,0x00,0x00,0x00,0x00,0x00,0x00,0x00,0x00,
  0x00,0x00,0x00,0x00,0x00,0x00,0x00,0x00,0x00,0x00,0x00,0x00,0x00,0x00,0x00,
  0x00,0x00,0x00,0x00,0x00,0x00,0x00,0x00,0x00,0x00,0x00,0x00,0x00,0x00,0x00,
  0x00,0x00,0x00,0x00,0x00,0x00,0x00,0x00,0x00,0x00,0x00,0x00,0xff,0xff,0x04,
  0x00,0x00,0x00,0x79,0xce,0x80,0x1c,0xe7,0xff,0x79,0xce,0xfb,0x9a,0xd6,0xff,
  0x9a,0xd6,0xff,0x79,0xce,0xfb,0x1c,0xe7,0xff,0x79,0xce,0x80,0x00,0x00,0x00,
  0xff,0xff,0x04,0x00,0x00,0x00,0x00,0x00,0x00,0x00,0x00,0x00,0x00,0x00,0x00,
  0x00,0x00,0x00,0x00,0x00,0x00,0x00,0x00,0x00,0x00,0x00,0x00,0x00,0x00,0x00,
  0x00,0x00,0x00,0x00,0x00,0x00,0x00,0x00,0x00,0x00,0x00,0x00,0x00,0x00,0x00,
  0x00,0x00,0x00,0x00,0x00,0x00,0x00,0x00,0x00,0x00,0x00,0x00,0x00,0x00,0x00,
  0x00,0x00,0x00,0x00,0x00,0x00,0x00,0x00,0x00,0x00,0x00,0x00,0x00,0x00,0x00,
  0x00,0x00,0x00,0x00,0x00,0x00,0x00,0x00,0x00,0x00,0x00,0x00,0x00,0x00,0x00,
  0x00,0x00,0x00,0x00,0x00,0x00,0x00,0x00,0x00,0x00,0x00,0x00,0x00,0x00,0x00,
  0x00,0x00,0x00,0x00,0x00,0x00,0x00,0x00,0x00,0x00,0x00,0x00,0xff,0xff,0x04,
  0x00,0x00,0x00,0x79,0xce,0x80,0x1c,0xe7,0xff,0x79,0xce,0xfb,0x9a,0xd6,0xff,
  0x9a,0xd6,0xff,0x79,0xce,0xfb,0x1c,0xe7,0xff,0x79,0xce,0x80,0x00,0x00,0x00,
  0xff,0xff,0x04,0x00,0x00,0x00,0x00,0x00,0x00,0x00,0x00,0x00,0x00,0x00,0x00,
  0x00,0x00,0x00,0x00,0x00,0x00,0x00,0x00,0x00,0x00,0x00,0x00,0x00,0x00,0x00,
  0x00,0x00,0x00,0x00,0x00,0x00,0x00,0x00,0x00,0x00,0x00,0x00,0x00,0x00,0x00,
  0x00,0x00,0x00,0x00,0x00,0x00,0x00,0x00,0x00,0x00,0x00,0x00,0x00,0x00,0x00,
  0x00,0x00,0x00,0x00,0x00,0x00,0x00,0x00,0x00,0x00,0x00,0x00,0x00,0x00,0x00,
  0x00,0x00,0x00,0x00,0x00,0x00,0x00,0x00,0x00,0x00,0x00,0x00,0x00,0x00,0x00,
  0x00,0x00,0x00,0x00,0x00,0x00,0x00,0x00,0x00,0x00,0x00,0x00,0x00,0x00,0x00,
  0x00,0x00,0x00,0x00,0x00,0x00,0x00,0x00,0x00,0x00,0x00,0x00,0xff,0xff,0x04,
  0x00,0x00,0x00,0x79,0xce,0x80,0x1c,0xe7,0xff,0x79,0xce,0xfb,0x9a,0xd6,0xff,
  0x9a,0xd6,0xff,0x79,0xce,0xfb,0x1c,0xe7,0xff,0x79,0xce,0x80,0x00,0x00,0x00,
  0xff,0xff,0x04,0x00,0x00,0x00,0x00,0x00,0x00,0x00,0x00,0x00,0x00,0x00,0x00,
  0x00,0x00,0x00,0x00,0x00,0x00,0x00,0x00,0x00,0x00,0x00,0x00,0x00,0x00,0x00,
  0x00,0x00,0x00,0x00,0x00,0x00,0x00,0x00,0x00,0x00,0x00,0x00,0x00,0x00,0x00,
  0x00,0x00,0x00,0x00,0x00,0x00,0x00,0x00,0x00,0x00,0x00,0x00,0x00,0x00,0x00,
  0x00,0x00,0x00,0x00,0x00,0x00,0x00,0x00,0x00,0x00,0x00,0x00,0x00,0x00,0x00,
  0x00,0x00,0x00,0x00,0x00,0x00,0x00,0x00,0x00,0x00,0x00,0x00,0x00,0x00,0x00,
  0x00,0x00,0x00,0x00,0x00,0x00,0x00,0x00,0x00,0x00,0x00,0x00,0x00,0x00,0x00,
  0x00,0x00,0x00,0x00,0x00,0x00,0x00,0x00,0x00,0x00,0x00,0x00,0xff,0xff,0x04,
  0x00,0x00,0x00,0x79,0xce,0x80,0x1c,0xe7,0xff,0x79,0xce,0xfb,0x9a,0xd6,0xff,
  0x9a,0xd6,0xff,0x79,0xce,0xfb,0x1c,0xe7,0xff,0x79,0xce,0x80,0x00,0x00,0x00,
  0xff,0xff,0x04,0x00,0x00,0x00,0x00,0x00,0x00,0x00,0x00,0x00,0x00,0x00,0x00,
  0x00,0x00,0x00,0x00,0x00,0x00,0x00,0x00,0x00,0x00,0x00,0x00,0x00,0x00,0x00,
  0x00,0x00,0x00,0x00,0x00,0x00,0x00,0x00,0x00,0x00,0x00,0x00,0x00,0x00,0x00,
  0x00,0x00,0x00,0x00,0x00,0x00,0x00,0x00,0x00,0x00,0x00,0x00,0x00,0x00,0x00,
  0x00,0x00,0x00,0x00,0x00,0x00,0x00,0x00,0x00,0x00,0x00,0x00,0x00,0x00,0x00,
  0x00,0x00,0x00,0x00,0x00,0x00,0x00,0x00,0x00,0x00,0x00,0x00,0x00,0x00,0x00,
  0x00,0x00,0x00,0x00,0x00,0x00,0x00,0x00,0x00,0x00,0x00,0x00,0x00,0x00,0x00,
  0x00,0x00,0x00,0x00,0x00,0x00,0x00,0x00,0x00,0x00,0x00,0x00,0xff,0xff,0x04,
  0x00,0x00,0x00,0x79,0xce,0x80,0x1c,0xe7,0xff,0x79,0xce,0xfb,0x9a,0xd6,0xff,
  0x9a,0xd6,0xff,0x79,0xce,0xfb,0x1c,0xe7,0xff,0x79,0xce,0x80,0x00,0x00,0x00,
  0xff,0xff,0x04,0x00,0x00,0x00,0x00,0x00,0x00,0x00,0x00,0x00,0x00,0x00,0x00,
  0x00,0x00,0x00,0x00,0x00,0x00,0x00,0x00,0x00,0x00,0x00,0x00,0x00,0x00,0x00,
  0x00,0x00,0x00,0x00,0x00,0x00,0x00,0x00,0x00,0x00,0x00,0x00,0x00,0x00,0x00,
  0x00,0x00,0x00,0x00,0x00,0x00,0x00,0x00,0x00,0x00,0x00,0x00,0x00,0x00,0x00,
  0x00,0x00,0x00,0x00,0x00,0x00,0x00,0x00,0x00,0x00,0x00,0x00,0x00,0x00,0x00,
  0x00,0x00,0x00,0x00,0x00,0x00,0x00,0x00,0x00,0x00,0x00,0x00,0x00,0x00,0x00,
  0x00,0x00,0x00,0x00,0x00,0x00,0x00,0x00,0x00,0x00,0x00,0x00,0x00,0x00,0x00,
  0x00,0x00,0x00,0x00,0x00,0x00,0x00,0x00,0x00,0x00,0x00,0x00,0xff,0xff,0x04,
  0x00,0x00,0x00,0x79,0xce,0x80,0x1c,0xe7,0xff,0x79,0xce,0xfb,0x9a,0xd6,0xff,
  0x9a,0xd6,0xff,0x79,0xce,0xfb,0x1c,0xe7,0xff,0x79,0xce,0x80,0x00,0x00,0x00,
  0xff,0xff,0x04,0x00,0x00,0x00,0x00,0x00,0x00,0x00,0x00,0x00,0x00,0x00,0x00,
  0x00,0x00,0x00,0x00,0x00,0x00,0x00,0x00,0x00,0x00,0x00,0x00,0x00,0x00,0x00,
  0x00,0x00,0x00,0x00,0x00,0x00,0x00,0x00,0x00,0x00,0x00,0x00,0x00,0x00,0x00,
  0x00,0x00,0x00,0x00,0x00,0x00,0x00,0x00,0x00,0x00,0x00,0x00,0x00,0x00,0x00,
  0x00,0x00,0x00,0x00,0x00,0x00,0x00,0x00,0x00,0x00,0x00,0x00,0x00,0x00,0x00,
  0x00,0x00,0x00,0x00,0x00,0x00,0x00,0x00,0x00,0x00,0x00,0x00,0x00,0x00,0x00,
  0x00,0x00,0x00,0x00,0x00,0x00,0x00,0x00,0x00,0x00,0x00,0x00,0x00,0x00,0x00,
  0x00,0x00,0x00,0x00,0x00,0x00,0x00,0x00,0x00,0x00,0x00,0x00,0xff,0xff,0x04,
  0x00,0x00,0x00,0x79,0xce,0x80,0x1c,0xe7,0xff,0x79,0xce,0xfb,0x9a,0xd6,0xff,
  0x9a,0xd6,0xff,0x79,0xce,0xfb,0x1c,0xe7,0xff,0x79,0xce,0x80,0x00,0x00,0x00,
  0xff,0xff,0x04,0x00,0x00,0x00,0x00,0x00,0x00,0x00,0x00,0x00,0x00,0x00,0x00,
  0x00,0x00,0x00,0x00,0x00,0x00,0x00,0x00,0x00,0x00,0x00,0x00,0x00,0x00,0x00,
  0x00,0x00,0x00,0x00,0x00,0x00,0x00,0x00,0x00,0x00,0x00,0x00,0x00,0x00,0x00,
  0x00,0x00,0x00,0x00,0x00,0x00,0x00,0x00,0x00,0x00,0x00,0x00,0x00,0x00,0x00,
  0x00,0x00,0x00,0x00,0x00,0x00,0x00,0x00,0x00,0x00,0x00,0x00,0x00,0x00,0x00,
  0x00,0x00,0x00,0x00,0x00,0x00,0x00,0x00,0x00,0x00,0x00,0x00,0x00,0x00,0x00,
  0x00,0x00,0x00,0x00,0x00,0x00,0x00,0x00,0x00,0x00,0x00,0x00,0x00,0x00,0x00,
  0x00,0x00,0x00,0x00,0x00,0x00,0x00,0x00,0x00,0x00,0x00,0x00,0xff,0xff,0x04,
  0x00,0x00,0x00,0x79,0xce,0x80,0x1c,0xe7,0xff,0x79,0xce,0xfb,0x9a,0xd6,0xff,
  0x9a,0xd6,0xff,0x79,0xce,0xfb,0x1c,0xe7,0xff,0x79,0xce,0x80,0x00,0x00,0x00,
  0xff,0xff,0x04,0x00,0x00,0x00,0x00,0x00,0x00,0x00,0x00,0x00,0x00,0x00,0x00,
  0x00,0x00,0x00,0x00,0x00,0x00,0x00,0x00,0x00,0x00,0x00,0x00,0x00,0x00,0x00,
  0x00,0x00,0x00,0x00,0x00,0x00,0x00,0x00,0x00,0x00,0x00,0x00,0x00,0x00,0x00,
  0x00,0x00,0x00,0x00,0x00,0x00,0x00,0x00,0x00,0x00,0x00,0x00,0x00,0x00,0x00,
  0x00,0x00,0x00,0x00,0x00,0x00,0x00,0x00,0x00,0x00,0x00,0x00,0x00,0x00,0x00,
  0x00,0x00,0x00,0x00,0x00,0x00,0x00,0x00,0x00,0x00,0x00,0x00,0x00,0x00,0x00,
  0x00,0x00,0x00,0x00,0x00,0x00,0x00,0x00,0x00,0x00,0x00,0x00,0x00,0x00,0x00,
  0x00,0x00,0x00,0x00,0x00,0x00,0x00,0x00,0x00,0x00,0x00,0x00,0xff,0xff,0x04,
  0x00,0x00,0x00,0x79,0xce,0x80,0x1c,0xe7,0xff,0x79,0xce,0xfb,0x9a,0xd6,0xff,
  0x9a,0xd6,0xff,0x79,0xce,0xfb,0x1c,0xe7,0xff,0x79,0xce,0x80,0x00,0x00,0x00,
  0xff,0xff,0x04,0x00,0x00,0x00,0x00,0x00,0x00,0x00,0x00,0x00,0x00,0x00,0x00,
  0x00,0x00,0x00,0x00,0x00,0x00,0x00,0x00,0x00,0x00,0x00,0x00,0x00,0x00,0x00,
  0x00,0x00,0x00,0x00,0x00,0x00,0x00,0x00,0x00,0x00,0x00,0x00,0x00,0x00,0x00,
  0x00,0x00,0x00,0x00,0x00,0x00,0x00,0x00,0x00,0x00,0x00,0x00,0x00,0x00,0x00,
  0x00,0x00,0x00,0x00,0x00,0x00,0x00,0x00,0x00,0x00,0x00,0x00,0x00,0x00,0x00,
  0x00,0x00,0x00,0x00,0x00,0x00,0x00,0x00,0x00,0x00,0x00,0x00,0x00,0x00,0x00,
  0x00,0x00,0x00,0x00,0x00,0x00,0x00,0x00,0x00,0x00,0x00,0x00,0x00,0x00,0x00,
  0x00,0x00,0x00,0x00,0x00,0x00,0x00,0x00,0x00,0x00,0x00,0x00,0xff,0xff,0x04,
  0x00,0x00,0x00,0x79,0xce,0x80,0x1c,0xe7,0xff,0x79,0xce,0xfb,0x9a,0xd6,0xff,
  0x9a,0xd6,0xff,0x79,0xce,0xfb,0x1c,0xe7,0xff,0x79,0xce,0x80,0x00,0x00,0x00,
  0xff,0xff,0x04,0x00,0x00,0x00,0x00,0x00,0x00,0x00,0x00,0x00,0x00,0x00,0x00,
  0x00,0x00,0x00,0x00,0x00,0x00,0x00,0x00,0x00,0x00,0x00,0x00,0x00,0x00,0x00,
  0x00,0x00,0x00,0x00,0x00,0x00,0x00,0x00,0x00,0x00,0x00,0x00,0x00,0x00,0x00,
  0x00,0x00,0x00,0x00,0x00,0x00,0x00,0x00,0x00,0x00,0x00,0x00,0x00,0x00,0x00,
  0x00,0x00,0x00,0x00,0x00,0x00,0x00,0x00,0x00,0x00,0x00,0x00,0x00,0x00,0x00,
  0x00,0x00,0x00,0x00,0x00,0x00,0x00,0x00,0x00,0x00,0x00,0x00,0x00,0x00,0x00,
  0x00,0x00,0x00,0x00,0x00,0x00,0x00,0x00,0x00,0x00,0x00,0x00,0x00,0x00,0x00,
  0x00,0x00,0x00,0x00,0x00,0x00,0x00,0x00,0x00,0x00,0x00,0x00,0xff,0xff,0x04,
  0x00,0x00,0x00,0x79,0xce,0x80,0x1c,0xe7,0xff,0x79,0xce,0xfb,0x9a,0xd6,0xff,
  0x9a,0xd6,0xff,0x79,0xce,0xfb,0x1c,0xe7,0xff,0x79,0xce,0x80,0x00,0x00,0x00,
  0xff,0xff,0x04,0x00,0x00,0x00,0x00,0x00,0x00,0x00,0x00,0x00,0x00,0x00,0x00,
  0x00,0x00,0x00,0x00,0x00,0x00,0x00,0x00,0x00,0x00,0x00,0x00,0x00,0x00,0x00,
  0x00,0x00,0x00,0x00,0x00,0x00,0x00,0x00,0x00,0x00,0x00,0x00,0x00,0x00,0x00,
  0x00,0x00,0x00,0x00,0x00,0x00,0x00,0x00,0x00,0x00,0x00,0x00,0x00,0x00,0x00,
  0x00,0x00,0x00,0x00,0x00,0x00,0x00,0x00,0x00,0x00,0x00,0x00,0x00,0x00,0x00,
  0x00,0x00,0x00,0x00,0x00,0x00,0x00,0x00,0x00,0x00,0x00,0x00,0x00,0x00,0x00,
  0x00,0x00,0x00,0x00,0x00,0x00,0x00,0x00,0x00,0x00,0x00,0x00,0x00,0x00,0x00,
  0x00,0x00,0x00,0x00,0x00,0x00,0x00,0x00,0x00,0x00,0x00,0x00,0xff,0xff,0x04,
  0x00,0x00,0x00,0x79,0xce,0x80,0x1c,0xe7,0xff,0x79,0xce,0xfb,0x9a,0xd6,0xff,
  0x9a,0xd6,0xff,0x79,0xce,0xfb,0x1c,0xe7,0xff,0x79,0xce,0x80,0x00,0x00,0x00,
  0xff,0xff,0x04,0x00,0x00,0x00,0x00,0x00,0x00,0x00,0x00,0x00,0x00,0x00,0x00,
  0x00,0x00,0x00,0x00,0x00,0x00,0x00,0x00,0x00,0x00,0x00,0x00,0x00,0x00,0x00,
  0x00,0x00,0x00,0x00,0x00,0x00,0x00,0x00,0x00,0x00,0x00,0x00,0x00,0x00,0x00,
  0x00,0x00,0x00,0x00,0x00,0x00,0x00,0x00,0x00,0x00,0x00,0x00,0x00,0x00,0x00,
  0x00,0x00,0x00,0x00,0x00,0x00,0x00,0x00,0x00,0x00,0x00,0x00,0x00,0x00,0x00,
  0x00,0x00,0x00,0x00,0x00,0x00,0x00,0x00,0x00,0x00,0x00,0x00,0x00,0x00,0x00,
  0x00,0x00,0x00,0x00,0x00,0x00,0x00,0x00,0x00,0x00,0x00,0x00,0x00,0x00,0x00,
  0x00,0x00,0x00,0x00,0x00,0x00,0x00,0x00,0x00,0x00,0x00,0x00,0xff,0xff,0x04,
  0x00,0x00,0x00,0x79,0xce,0x80,0x1c,0xe7,0xff,0x79,0xce,0xfb,0x9a,0xd6,0xff,
  0x9a,0xd6,0xff,0x79,0xce,0xfb,0x1c,0xe7,0xff,0x79,0xce,0x80,0x00,0x00,0x00,
  0xff,0xff,0x04,0x00,0x00,0x00,0x00,0x00,0x00,0x00,0x00,0x00,0x00,0x00,0x00,
  0x00,0x00,0x00,0x00,0x00,0x00,0x00,0x00,0x00,0x00,0x00,0x00,0x00,0x00,0x00,
  0x00,0x00,0x00,0x00,0x00,0x00,0x00,0x00,0x00,0x00,0x00,0x00,0x00,0x00,0x00,
  0x00,0x00,0x00,0x00,0x00,0x00,0x00,0x00,0x00,0x00,0x00,0x00,0x00,0x00,0x00,
  0x00,0x00,0x00,0x00,0x00,0x00,0x00,0x00,0x00,0x00,0x00,0x00,0x00,0x00,0x00,
  0x00,0x00,0x00,0x00,0x00,0x00,0x00,0x00,0x00,0x00,0x00,0x00,0x00,0x00,0x00,
  0x00,0x00,0x00,0x00,0x00,0x00,0x00,0x00,0x00,0x00,0x00,0x00,0x00,0x00,0x00,
  0x00,0x00,0x00,0x00,0x00,0x00,0x00,0x00,0x00,0x00,0x00,0x00,0xff,0xff,0x04,
  0x00,0x00,0x00,0x79,0xce,0x80,0x1c,0xe7,0xff,0x79,0xce,0xfb,0x9a,0xd6,0xff,
  0x9a,0xd6,0xff,0x79,0xce,0xfb,0x1c,0xe7,0xff,0x79,0xce,0x80,0x00,0x00,0x00,
  0xff,0xff,0x04,0x00,0x00,0x00,0x00,0x00,0x00,0x00,0x00,0x00,0x00,0x00,0x00,
  0x00,0x00,0x00,0x00,0x00,0x00,0x00,0x00,0x00,0x00,0x00,0x00,0x00,0x00,0x00,
  0x00,0x00,0x00,0x00,0x00,0x00,0x00,0x00,0x00,0x00,0x00,0x00,0x00,0x00,0x00,
  0x00,0x00,0x00,0x00,0x00,0x00,0x00,0x00,0x00,0x00,0x00,0x00,0x00,0x00,0x00,
  0x00,0x00,0x00,0x00,0x00,0x00,0x00,0x00,0x00,0x00,0x00,0x00,0x00,0x00,0x00,
  0x00,0x00,0x00,0x00,0x00,0x00,0x00,0x00,0x00,0x00,0x00,0x00,0x00,0x00,0x00,
  0x00,0x00,0x00,0x00,0x00,0x00,0x00,0x00,0x00,0x00,0x00,0x00,0x00,0x00,0x00,
  0x00,0x00,0x00,0x00,0x00,0x00,0x00,0x00,0x00,0x00,0x00,0x00,0xff,0xff,0x04,
  0x00,0x00,0x00,0x79,0xce,0x80,0x1c,0xe7,0xff,0x79,0xce,0xfb,0x9a,0xd6,0xff,
  0x9a,0xd6,0xff,0x79,0xce,0xfb,0x1c,0xe7,0xff,0x79,0xce,0x80,0x00,0x00,0x00,
  0xff,0xff,0x04,0x00,0x00,0x00,0x00,0x00,0x00,0x00,0x00,0x00,0x00,0x00,0x00,
  0x00,0x00,0x00,0x00,0x00,0x00,0x00,0x00,0x00,0x00,0x00,0x00,0x00,0x00,0x00,
  0x00,0x00,0x00,0x00,0x00,0x00,0x00,0x00,0x00,0x00,0x00,0x00,0x00,0x00,0x00,
  0x00,0x00,0x00,0x00,0x00,0x00,0x00,0x00,0x00,0x00,0x00,0x00,0x00,0x00,0x00,
  0x00,0x00,0x00,0x00,0x00,0x00,0x00,0x00,0x00,0x00,0x00,0x00,0x00,0x00,0x00,
  0x00,0x00,0x00,0x00,0x00,0x00,0x00,0x00,0x00,0x00,0x00,0x00,0x00,0x00,0x00,
  0x00,0x00,0x00,0x00,0x00,0x00,0x00,0x00,0x00,0x00,0x00,0x00,0x00,0x00,0x00,
  0x00,0x00,0x00,0x00,0x00,0x00,0x00,0x00,0x00,0x00,0x00,0x00,0xff,0xff,0x04,
  0x00,0x00,0x00,0x79,0xce,0x80,0x1c,0xe7,0xff,0x79,0xce,0xfb,0x9a,0xd6,0xff,
  0x9a,0xd6,0xff,0x79,0xce,0xfb,0x1c,0xe7,0xff,0x79,0xce,0x80,0x00,0x00,0x00,
  0xff,0xff,0x04,0x00,0x00,0x00,0x00,0x00,0x00,0x00,0x00,0x00,0x00,0x00,0x00,
  0x00,0x00,0x00,0x00,0x00,0x00,0x00,0x00,0x00,0x00,0x00,0x00,0x00,0x00,0x00,
  0x00,0x00,0x00,0x00,0x00,0x00,0x00,0x00,0x00,0x00,0x00,0x00,0x00,0x00,0x00,
  0x00,0x00,0x00,0x00,0x00,0x00,0x00,0x00,0x00,0x00,0x00,0x00,0x00,0x00,0x00,
  0x00,0x00,0x00,0x00,0x00,0x00,0x00,0x00,0x00,0x00,0x00,0x00,0x00,0x00,0x00,
  0x00,0x00,0x00,0x00,0x00,0x00,0x00,0x00,0x00,0x00,0x00,0x00,0x00,0x00,0x00,
  0x00,0x00,0x00,0x00,0x00,0x00,0x00,0x00,0x00,0x00,0x00,0x00,0x00,0x00,0x00,
  0x00,0x00,0x00,0x00,0x00,0x00,0x00,0x00,0x00,0x00,0x00,0x00,0xff,0xff,0x04,
  0x00,0x00,0x00,0x79,0xce,0x80,0x1c,0xe7,0xff,0x79,0xce,0xfb,0x9a,0xd6,0xff,
  0x9a,0xd6,0xff,0x79,0xce,0xfb,0x1c,0xe7,0xff,0x79,0xce,0x80,0x00,0x00,0x00,
  0xff,0xff,0x04,0x00,0x00,0x00,0x00,0x00,0x00,0x00,0x00,0x00,0x00,0x00,0x00,
  0x00,0x00,0x00,0x00,0x00,0x00,0x00,0x00,0x00,0x00,0x00,0x00,0x00,0x00,0x00,
  0x00,0x00,0x00,0x00,0x00,0x00,0x00,0x00,0x00,0x00,0x00,0x00,0x00,0x00,0x00,
  0x00,0x00,0x00,0x00,0x00,0x00,0x00,0x00,0x00,0x00,0x00,0x00,0x00,0x00,0x00,
  0x00,0x00,0x00,0x00,0x00,0x00,0x00,0x00,0x00,0x00,0x00,0x00,0x00,0x00,0x00,
  0x00,0x00,0x00,0x00,0x00,0x00,0x00,0x00,0x00,0x00,0x00,0x00,0x00,0x00,0x00,
  0x00,0x00,0x00,0x00,0x00,0x00,0x00,0x00,0x00,0x00,0x00,0x00,0x00,0x00,0x00,
  0x00,0x00,0x00,0x00,0x00,0x00,0x00,0x00,0x00,0x00,0x00,0x00,0xff,0xff,0x04,
  0x00,0x00,0x00,0x79,0xce,0x80,0x1c,0xe7,0xff,0x79,0xce,0xfb,0x9a,0xd6,0xff,
  0x9a,0xd6,0xff,0x79,0xce,0xfb,0x1c,0xe7,0xff,0x79,0xce,0x80,0x00,0x00,0x00,
  0xff,0xff,0x04,0x00,0x00,0x00,0x00,0x00,0x00,0x00,0x00,0x00,0x00,0x00,0x00,
  0x00,0x00,0x00,0x00,0x00,0x00,0x00,0x00,0x00,0x00,0x00,0x00,0x00,0x00,0x00,
  0x00,0x00,0x00,0x00,0x00,0x00,0x00,0x00,0x00,0x00,0x00,0x00,0x00,0x00,0x00,
  0x00,0x00,0x00,0x00,0x00,0x00,0x00,0x00,0x00,0x00,0x00,0x00,0x00,0x00,0x00,
  0x00,0x00,0x00,0x00,0x00,0x00,0x00,0x00,0x00,0x00,0x00,0x00,0x00,0x00,0x00,
  0x00,0x00,0x00,0x00,0x00,0x00,0x00,0x00,0x00,0x00,0x00,0x00,0x00,0x00,0x00,
  0x00,0x00,0x00,0x00,0x00,0x00,0x00,0x00,0x00,0x00,0x00,0x00,0x00,0x00,0x00,
  0x00,0x00,0x00,0x00,0x00,0x00,0x00,0x00,0x00,0x00,0x00,0x00,0xff,0xff,0x04,
  0x00,0x00,0x00,0x79,0xce,0x80,0x1c,0xe7,0xff,0x79,0xce,0xfb,0x9a,0xd6,0xff,
  0x9a,0xd6,0xff,0x79,0xce,0xfb,0x1c,0xe7,0xff,0x79,0xce,0x80,0x00,0x00,0x00,
  0xff,0xff,0x04,0x00,0x00,0x00,0x00,0x00,0x00,0x00,0x00,0x00,0x00,0x00,0x00,
  0x00,0x00,0x00,0x00,0x00,0x00,0x00,0x00,0x00,0x00,0x00,0x00,0x00,0x00,0x00,
  0x00,0x00,0x00,0x00,0x00,0x00,0x00,0x00,0x00,0x00,0x00,0x00,0x00,0x00,0x00,
  0x00,0x00,0x00,0x00,0x00,0x00,0x00,0x00,0x00,0x00,0x00,0x00,0x00,0x00,0x00,
  0x00,0x00,0x00,0x00,0x00,0x00,0x00,0x00,0x00,0x00,0x00,0x00,0x00,0x00,0x00,
  0x00,0x00,0x00,0x00,0x00,0x00,0x00,0x00,0x00,0x00,0x00,0x00,0x00,0x00,0x00,
  0x00,0x00,0x00,0x00,0x00,0x00,0x00,0x00,0x00,0x00,0x00,0x00,0x00,0x00,0x00,
  0x00,0x00,0x00,0x00,0x00,0x00,0x00,0x00,0x00,0x00,0x00,0x00,0xff,0xff,0x04,
  0x00,0x00,0x00,0x79,0xce,0x7f,0xfb,0xde,0xfd,0x79,0xce,0xf9,0x79,0xce,0xfd,
  0x79,0xce,0xfd,0x79,0xce,0xf9,0xfb,0xde,0xfd,0x79,0xce,0x7f,0x00,0x00,0x00,
  0xff,0xff,0x04,0x00,0x00,0x00,0x00,0x00,0x00,0x00,0x00,0x00,0x00,0x00,0x00,
  0x00,0x00,0x00,0x00,0x00,0x00,0x00,0x00,0x00,0x00,0x00,0x00,0x00,0x00,0x00,
  0x00,0x00,0x00,0x00,0x00,0x00,0x00,0x00,0x00,0x00,0x00,0x00,0x00,0x00,0x00,
  0x00,0x00,0x00,0x00,0x00,0x00,0x00,0x00,0x00,0x00,0x00,0x00,0x00,0x00,0x00,
  0x00,0x00,0x00,0x00,0x00,0x00,0x00,0x00,0x00,0x00,0x00,0x00,0x00,0x00,0x00,
  0x00,0x00,0x00,0x00,0x00,0x00,0x00,0x00,0x00,0x00,0x00,0x00,0x00,0x00,0x00,
  0x00,0x00,0x00,0x00,0x00,0x00,0x00,0x00,0x00,0x00,0x00,0x00,0x00,0x00,0x00,
  0x00,0x00,0x00,0x00,0x00,0x00,0x00,0x00,0x00,0x00,0x00,0x00,0xff,0xff,0x04,
  0x00,0x00,0x00,0x79,0xce,0x86,0x5d,0xef,0xff,0xba,0xd6,0xff,0xdb,0xde,0xff,
  0xdb,0xde,0xff,0xba,0xd6,0xff,0x5d,0xef,0xff,0x79,0xce,0x86,0x00,0x00,0x00,
  0xff,0xff,0x04,0x00,0x00,0x00,0x00,0x00,0x00,0x00,0x00,0x00,0x00,0x00,0x00,
  0x00,0x00,0x00,0x00,0x00,0x00,0x00,0x00,0x00,0x00,0x00,0x00,0x00,0x00,0x00,
  0x00,0x00,0x00,0x00,0x00,0x00,0x00,0x00,0x00,0x00,0x00,0x00,0x00,0x00,0x00,
  0x00,0x00,0x00,0x00,0x00,0x00,0x00,0x00,0x00,0x00,0x00,0x00,0x00,0x00,0x00,
  0x00,0x00,0x00,0x00,0x00,0x00,0x00,0x00,0x00,0x00,0x00,0x00,0x00,0x00,0x00,
  0x00,0x00,0x00,0x00,0x00,0x00,0x00,0x00,0x00,0x00,0x00,0x00,0x00,0x00,0x00,
  0x00,0x00,0x00,0x00,0x00,0x00,0x00,0x00,0x00,0x00,0x00,0x00,0x00,0x00,0x00,
  0x00,0x00,0x00,0x00,0x00,0x00,0x00,0x00,0x00,0x00,0x00,0x00,0xff,0xff,0x01,
  0x00,0x00,0x00,0x9a,0xd6,0x21,0xfb,0xde,0x41,0x79,0xce,0x40,0x79,0xce,0x41,
  0x79,0xce,0x41,0x79,0xce,0x40,0xfb,0xde,0x41,0x9a,0xd6,0x21,0x00,0x00,0x00,
  0xff,0xff,0x01,0x00,0x00,0x00,0x00,0x00,0x00,0x00,0x00,0x00,0x00,0x00,0x00,
  0x00,0x00,0x00,0x00,0x00,0x00,0x00,0x00,0x00,0x00,0x00,0x00,0x00,0x00,0x00,
  0x00,0x00,0x00,0x00,0x00,0x00,0x00,0x00,0x00,0x00,0x00,0x00,0x00,0x00,0x00,
  0x00,0x00,0x00,0x00,0x00,0x00,0x00,0x00,0x00,0x00,0x00,0x00,0x00,0x00,0x00,
  0x00,0x00,0x00,0x00,0x00,0x00,0x00,0x00,0x00,0x00,0x00,0x00,0x00,0x00,0x00,
  0x00,0x00,0x00,0x00,0x00,0x00,0x00,0x00,0x00,0x00,0x00,0x00,0x00,0x00,0x00,
  0x00,0x00,0x00,0x00,0x00,0x00,0x00,0x00,0x00,0x00,0x00,0x00,0x00,0x00,0x00,
  0x00,0x00,0x00,0x00,0x00,0x00,0x00,0x00,0x00,0x00,0x00,0x00,0x00,0x00,0x00,
  0x00,0x00,0x00,0x00,0x00,0x00,0x00,0x00,0x00,0x00,0x00,0x00,0x00,0x00,0x00,
  0x00,0x00,0x00,0x00,0x00,0x00,0x00,0x00,0x00,0x00,0x00,0x00,0x00,0x00,0x00,
  0x00,0x00,0x00,0x00,0x00,0x00,0x00,0x00,0x00,0x00,0x00,0x00,0x00,0x00,0x00,
  0x00,0x00,0x00,0x00,0x00,0x00,0x00,0x00,0x00,0x00,0x00,0x00,0x00,0x00,0x00,
  0x00,0x00,0x00,0x00,0x00,0x00,0x00,0x00,0x00,0x00,0x00,0x00,0x00,0x00,0x00,
  0x00,0x00,0x00,0x00,0x00,0x00,0x00,0x00,0x00,0x00,0x00,0x00,0x00,0x00,0x00,
  0x00,0x00,0x00,0x00,0x00,0x00,0x00,0x00,0x00,0x00,0x00,0x00,0x00,0x00,0x00,
  0x00,0x00,0x00,0x00,0x00,0x00,0x00,0x00,0x00,0x00,0x00,0x00,0x00,0x00,0x00,
  0x00,0x00,0x00,0x00,0x00,0x00,0x00,0x00,0x00,0x00,0x00,0x00,0x00,0x00,0x00,
  0x00,0x00,0x00,0x00,0x00,0x00,0x00,0x00,0x00,0x00,0x00,0x00,0x00,0x00,0x00,
  0x00,0x00,0x00,0xef,0x7b,0x02,0xff,0xff,0x03,0x55,0xad,0x03,0x55,0xad,0x03,
  0x55,0xad,0x03,0x55,0xad,0x03,0xff,0xff,0x03,0xef,0x7b,0x02,0x00,0x00,0x00,
  0x00,0x00,0x00,0x00,0x00,0x00,0x00,0x00,0x00,0x00,0x00,0x00,0x00,0x00,0x00,
  0x00,0x00,0x00,0x00,0x00,0x00,0x00,0x00,0x00,0x00,0x00,0x00,0x00,0x00,0x00,
  0x00,0x00,0x00,0x00,0x00,0x00,0x00,0x00,0x00,0x00,0x00,0x00,0x00,0x00,0x00,
  0x00,0x00,0x00,0x00,0x00,0x00,0x00,0x00,0x00,0x00,0x00,0x00,0x00,0x00,0x00,
  0x00,0x00,0x00,0x00,0x00,0x00,0x00,0x00,0x00,0x00,0x00,0x00,0x00,0x00,0x00,
  0x00,0x00,0x00,0x00,0x00,0x00,0x00,0x00,0x00,0x00,0x00,0x00,0x00,0x00,0x00,
  0x00,0x00,0x00,0x00,0x00,0x00,0x00,0x00,0x00,0x00,0x00,0x00,0x00,0x00,0x00,
  0x00,0x00,0x00,0x00,0x00,0x00,0x00,0x00,0x00,0x00,0x00,0x00,0x00,0x00,0x00,
  0x00,0x00,0x00,0x00,0x00,0x00,0x00,0x00,0x00,0x00,0x00,0x00,0x00,0x00,0x00,
  0x00,0x00,0x00,0x00,0x00,0x00,0x00,0x00,0x00,0x00,0x00,0x00,0x00,0x00,0x00,
  0x00,0x00,0x00,0x00,0x00,0x00,0x00,0x00,0x00,0x00,0x00,0x00,0x00,0x00,0x00,
  0x00,0x00,0x00,0x00,0x00,0x00,0x00,0x00,0x00,0x00,0x00,0x00,0x00,0x00,0x00,
  0x00,0x00,0x00,0x00,0x00,0x00,0x00,0x00,0x00,0x00,0x00,0x00,0x00,0x00,0x00,
  0x00,0x00,0x00,0x00,0x00,0x00,0x00,0x00,0x00,0x00,0x00,0x00,0x00,0x00,0x00,
  0x00,0x00,0x00,0x00,0x00,0x00,0x00,0x00,0x00,0x00,0x00,0x00,0x00,0x00,0x00,
  0x00,0x00,0x00,0x00,0x00,0x00,0x00,0x00,0x00,0x00,0x00,0x00,0x00,0x00,0x00,
  0x00,0x00,0x00,0x00,0x00,0x00,0x00,0x00,0x00,0x00,0x00,0x00,0x00,0x00,0x00,
  0x00,0x00,0x00,0x00,0x00,0x00,0x00,0x00,0x00,0x00,0x00,0x00,0x00,0x00,0x00,
  0x00,0x00,0x00,0x00,0x00,0x00,0x00,0x00,0x00,0x00,0x00,0x00,0x00,0x00,0x00,
  0x00,0x00,0x00,0x00,0x00,0x00,0x00,0x00,0x00,0x00,0x00,0x00,0x00,0x00,0x00,
  0x00,0x00,0x00,0x00,0x00,0x00,0x00,0x00,0x00,0x00,0x00,0x00,0x00,0x00,0x00,
  0x00,0x00,0x00,0x00,0x00,0x00,0x00,0x00,0x00,0x00,0x00,0x00,0x00,0x00,0x00,
  0x00,0x00,0x00,0x00,0x00,0x00,0x00,0x00,0x00,0x00,0x00,0x00,0x00,0x00,0x00,
  0x00,0x00,0x00,0x00,0x00,0x00,0x00,0x00,0x00,0x00,0x00,0x00,0x00,0x00,0x00,
  0x00,0x00,0x00,0x00,0x00,0x00,0x00,0x00,0x00,0x00,0x00,0x00,0x00,0x00,0x00,
  0x00,0x00,0x00,0x00,0x00,0x00,0x00,0x00,0x00,0x00,0x00,0x00,0x00,0x00,0x00,
  0x00,0x00,0x00,0x00,0x00,0x00,0x00,0x00,0x00,0x00,0x00,0x00,0x00,0x00,0x00,
  0x00,0x00,0x00,0x00,0x00,0x00,0x00,0x00,0x00,0x00,0x00,0x00,0x00,0x00,0x00,
  0x00,0x00,0x00,0x00,0x00,0x00,0x00,0x00,0x00,0x00,0x00,0x00,0x00,0x00,0x00,
  0x00,0x00,0x00,0x00,0x00,0x00,0x00,0x00,0x00,0x00,0x00,0x00,0x00,0x00,0x00,
  0x00,0x00,0x00,0x00,0x00,0x00,0x00,0x00,0x00,0x00,0x00,0x00,0x00,0x00,0x00,
  0x00,0x00,0x00,0x00,0x00,0x00,0x00,0x00,0x00,0x00,0x00,0x00,0x00,0x00,0x00,
  0x00,0x00,0x00,0x00,0x00,0x00,0x00,0x00,0x00,0x00,0x00,0x00,0x00,0x00,0x00,
  0x00,0x00,0x00,0x00,0x00,0x00,0x00,0x00,0x00,0x00,0x00,0x00,0x00,0x00,0x00,
};
const lv_img_dsc_t img_hand_hour = {
  .header = { .cf = LV_IMG_CF_TRUE_COLOR_ALPHA, .always_zero = 0,
              .reserved = 0, .w = 50, .h = 96 },
  .data_size = 14400,
  .data = img_hand_hour_map,
};

const uint8_t img_hand_min_map[] = {
  0x00,0x00,0x00,0x00,0x00,0x00,0x00,0x00,0x00,0x00,0x00,0x00,0x00,0x00,0x00,
  0x00,0x00,0x00,0x00,0x00,0x00,0x00,0x00,0x00,0x00,0x00,0x00,0x00,0x00,0x00,
  0x00,0x00,0x00,0x00,0x00,0x00,0x00,0x00,0x00,0x00,0x00,0x00,0x00,0x00,0x00,
  0x00,0x00,0x00,0x00,0x00,0x00,0x00,0x00,0x00,0x00,0x00,0x00,0x00,0x00,0x00,
  0x00,0x00,0x00,0x00,0x00,0x00,0x00,0x00,0x00,0x00,0x00,0x00,0x00,0x00,0x00,
  0x00,0x00,0x00,0x00,0x00,0x00,0x00,0x00,0x00,0x00,0x00,0x00,0x00,0x00,0x00,
  0x00,0x00,0x00,0x00,0x00,0x00,0x00,0x00,0x00,0x00,0x00,0x00,0x00,0x00,0x00,
  0x00,0x00,0x00,0x00,0x00,0x00,0x00,0x00,0x00,0x00,0x00,0x00,0x00,0x00,0x00,
  0x00,0x00,0x00,0x00,0x00,0x00,0x00,0x00,0x00,0x00,0x00,0x00,0x00,0x00,0x00,
  0x00,0x00,0x00,0x00,0x00,0x00,0x00,0x00,0x00,0x00,0x00,0x00,0x00,0x00,0x00,
  0x00,0x00,0x00,0x00,0x00,0x00,0x00,0x00,0x00,0x00,0x00,0x00,0x00,0x00,0x00,
  0x00,0x00,0x00,0x00,0x00,0x00,0x00,0x00,0x00,0x00,0x00,0x00,0x00,0x00,0x00,
  0x00,0x00,0x00,0x00,0x00,0x00,0x00,0x00,0x00,0x00,0x00,0x00,0x00,0x00,0x00,
  0x00,0x00,0x00,0x00,0x00,0x00,0x00,0x00,0x00,0x00,0x00,0x00,0x00,0x00,0x00,
  0x00,0x00,0x00,0x00,0x00,0x00,0x00,0x00,0x00,0x00,0x00,0x00,0x00,0x00,0x00,
  0x00,0x00,0x00,0x00,0x00,0x00,0x00,0x00,0x00,0x00,0x00,0x00,0x00,0x00,0x00,
  0x00,0x00,0x00,0x00,0x00,0x00,0x00,0x00,0x00,0x00,0x00,0x00,0x00,0x00,0x00,
  0x00,0x00,0x00,0x00,0x00,0x00,0x00,0x00,0x00,0x00,0x00,0x00,0x00,0x00,0x00,
  0x00,0x00,0x00,0x00,0x00,0x00,0x00,0x00,0x00,0x00,0x00,0x00,0x00,0x00,0x00,
  0x00,0x00,0x00,0x00,0x00,0x00,0x00,0x00,0x00,0x00,0x00,0x00,0x00,0x00,0x00,
  0x00,0x00,0x00,0x00,0x00,0x00,0x00,0x00,0x00,0x00,0x00,0x00,0x00,0x00,0x00,
  0x00,0x00,0x00,0x00,0x00,0x00,0x00,0x00,0x00,0x00,0x00,0x00,0x00,0x00,0x00,
  0x00,0x00,0x00,0x00,0x00,0x00,0x00,0x00,0x00,0x00,0x00,0x00,0x00,0x00,0x00,
  0x00,0x00,0x00,0x00,0x00,0x00,0x00,0x00,0x00,0x00,0x00,0x00,0x00,0x00,0x00,
  0x00,0x00,0x00,0x00,0x00,0x00,0x00,0x00,0x00,0x00,0x00,0x00,0x00,0x00,0x00,
  0x00,0x00,0x00,0x00,0x00,0x00,0x00,0x00,0x00,0x00,0x00,0x00,0x00,0x00,0x00,
  0x00,0x00,0x00,0x00,0x00,0x00,0x00,0x00,0x00,0x00,0x00,0x00,0x00,0x00,0x00,
  0x00,0x00,0x00,0x00,0x00,0x00,0x00,0x00,0x00,0x00,0x00,0x00,0x00,0x00,0x00,
  0x00,0x00,0x00,0x00,0x00,0x00,0x00,0x00,0x00,0x00,0x00,0x00,0x00,0x00,0x00,
  0x00,0x00,0x00,0x00,0x00,0x00,0x00,0x00,0x00,0x00,0x00,0x00,0x00,0x00,0x00,
  0x00,0x00,0x00,0x00,0x00,0x00,0x00,0x00,0x00,0x00,0x00,0x00,0x00,0x00,0x00,
  0x00,0x00,0x00,0x00,0x00,0x00,0x00,0x00,0x00,0x00,0x00,0x00,0x00,0x00,0x00,
  0x00,0x00,0x00,0x00,0x00,0x00,0x00,0x00,0x00,0x00,0x00,0x00,0x00,0x00,0x00,
  0x00,0x00,0x00,0x00,0x00,0x00,0x00,0x00,0x00,0x00,0x00,0x00,0x00,0x00,0x00,
  0x00,0x00,0x00,0x00,0x00,0x00,0x00,0x00,0x00,0x00,0x00,0x00,0xff,0xff,0x01,
  0xff,0xff,0x01,0x00,0x00,0x00,0x00,0x00,0x00,0x00,0x00,0x00,0x00,0x00,0x00,
  0x00,0x00,0x00,0x00,0x00,0x00,0x00,0x00,0x00,0x00,0x00,0x00,0x00,0x00,0x00,
  0x00,0x00,0x00,0x00,0x00,0x00,0x00,0x00,0x00,0x00,0x00,0x00,0x00,0x00,0x00,
  0x00,0x00,0x00,0x00,0x00,0x00,0x00,0x00,0x00,0x00,0x00,0x00,0x00,0x00,0x00,
  0x00,0x00,0x00,0x00,0x00,0x00,0x00,0x00,0x00,0x00,0x00,0x00,0x00,0x00,0x00,
  0x00,0x00,0x00,0x00,0x00,0x00,0x00,0x00,0x00,0x00,0x00,0x00,0x00,0x00,0x00,
  0x00,0x00,0x00,0x00,0x00,0x00,0x00,0x00,0x00,0x00,0x00,0x00,0x00,0x00,0x00,
  0x00,0x00,0x00,0x00,0x00,0x00,0x00,0x00,0x00,0x00,0x00,0x00,0x00,0x00,0x00,
  0x00,0x00,0x00,0x00,0x00,0x00,0x00,0x00,0x00,0x00,0x00,0x00,0x00,0x00,0x00,
  0x00,0x00,0x00,0x00,0x00,0x00,0x00,0x00,0x00,0x00,0x00,0x00,0x00,0x00,0x00,
  0x00,0x00,0x00,0xff,0xff,0x01,0x00,0x00,0x00,0x00,0x00,0x00,0x00,0x00,0x00,
  0x00,0x00,0x00,0x00,0x00,0x00,0x00,0x00,0x00,0x00,0x00,0x00,0x00,0x00,0x00,
  0x00,0x00,0x00,0x00,0x00,0x00,0x00,0x00,0x00,0x00,0x00,0x00,0x00,0x00,0x00,
  0x00,0x00,0x00,0x00,0x00,0x00,0x00,0x00,0x00,0x00,0x00,0x00,0x00,0x00,0x00,
  0x00,0x00,0x00,0x00,0x00,0x00,0x00,0x00,0x00,0x00,0x00,0x00,0x00,0x00,0x00,
  0x00,0x00,0x00,0x00,0x00,0x00,0x00,0x00,0x00,0x00,0x00,0x00,0x00,0x00,0x00,
  0x00,0x00,0x00,0x00,0x00,0x00,0x00,0x00,0x00,0x00,0x00,0x00,0x00,0x00,0x00,
  0x00,0x00,0x00,0x00,0x00,0x00,0x00,0x00,0x00,0x00,0x00,0x00,0x00,0x00,0x00,
  0x00,0x00,0x00,0x00,0x00,0x00,0x00,0x00,0x00,0x00,0x00,0x00,0x00,0x00,0x00,
  0x00,0x00,0x00,0x00,0x00,0x00,0x55,0xad,0x03,0x00,0x00,0x00,0x9a,0xd6,0x4e,
  0x79,0xce,0x81,0x00,0x00,0x00,0x55,0xad,0x03,0x00,0x00,0x00,0x00,0x00,0x00,
  0x00,0x00,0x00,0x00,0x00,0x00,0x00,0x00,0x00,0x00,0x00,0x00,0x00,0x00,0x00,
  0x00,0x00,0x00,0x00,0x00,0x00,0x00,0x00,0x00,0x00,0x00,0x00,0x00,0x00,0x00,
  0x00,0x00,0x00,0x00,0x00,0x00,0x00,0x00,0x00,0x00,0x00,0x00,0x00,0x00,0x00,
  0x00,0x00,0x00,0x00,0x00,0x00,0x00,0x00,0x00,0x00,0x00,0x00,0x00,0x00,0x00,
  0x00,0x00,0x00,0x00,0x00,0x00,0x00,0x00,0x00,0x00,0x00,0x00,0x00,0x00,0x00,
  0x00,0x00,0x00,0x00,0x00,0x00,0x00,0x00,0x00,0x00,0x00,0x00,0x00,0x00,0x00,
  0x00,0x00,0x00,0x00,0x00,0x00,0x00,0x00,0x00,0x00,0x00,0x00,0x00,0x00,0x00,
  0x00,0x00,0x00,0x00,0x00,0x00,0x00,0x00,0x00,0x00,0x00,0x00,0x00,0x00,0x00,
  0x00,0x00,0x00,0x00,0x00,0x00,0xff,0xff,0x02,0x00,0x00,0x00,0x79,0xce,0xc4,
  0x9a,0xd6,0xfb,0x9a,0xd6,0x11,0xff,0xff,0x01,0xff,0xff,0x01,0x00,0x00,0x00,
  0x00,0x00,0x00,0x00,0x00,0x00,0x00,0x00,0x00,0x00,0x00,0x00,0x00,0x00,0x00,
  0x00,0x00,0x00,0x00,0x00,0x00,0x00,0x00,0x00,0x00,0x00,0x00,0x00,0x00,0x00,
  0x00,0x00,0x00,0x00,0x00,0x00,0x00,0x00,0x00,0x00,0x00,0x00,0x00,0x00,0x00,
  0x00,0x00,0x00,0x00,0x00,0x00,0x00,0x00,0x00,0x00,0x00,0x00,0x00,0x00,0x00,
  0x00,0x00,0x00,0x00,0x00,0x00,0x00,0x00,0x00,0x00,0x00,0x00,0x00,0x00,0x00,
  0x00,0x00,0x00,0x00,0x00,0x00,0x00,0x00,0x00,0x00,0x00,0x00,0x00,0x00,0x00,
  0x00,0x00,0x00,0x00,0x00,0x00,0x00,0x00,0x00,0x00,0x00,0x00,0x00,0x00,0x00,
  0x00,0x00,0x00,0x00,0x00,0x00,0x00,0x00,0x00,0x00,0x00,0x00,0x00,0x00,0x00,
  0x00,0x00,0x00,0x55,0xad,0x03,0x00,0x00,0x00,0x79,0xce,0x40,0xba,0xd6,0xfe,
  0xfb,0xde,0xff,0x79,0xce,0x7f,0x00,0x00,0x00,0xff,0xff,0x03,0x00,0x00,0x00,
  0x00,0x00,0x00,0x00,0x00,0x00,0x00,0x00,0x00,0x00,0x00,0x00,0x00,0x00,0x00,
  0x00,0x00,0x00,0x00,0x00,0x00,0x00,0x00,0x00,0x00,0x00,0x00,0x00,0x00,0x00,
  0x00,0x00,0x00,0x00,0x00,0x00,0x00,0x00,0x00,0x00,0x00,0x00,0x00,0x00,0x00,
  0x00,0x00,0x00,0x00,0x00,0x00,0x00,0x00,0x00,0x00,0x00,0x00,0x00,0x00,0x00,
  0x00,0x00,0x00,0x00,0x00,0x00,0x00,0x00,0x00,0x00,0x00,0x00,0x00,0x00,0x00,
  0x00,0x00,0x00,0x00,0x00,0x00,0x00,0x00,0x00,0x00,0x00,0x00,0x00,0x00,0x00,
  0x00,0x00,0x00,0x00,0x00,0x00,0x00,0x00,0x00,0x00,0x00,0x00,0x00,0x00,0x00,
  0x00,0x00,0x00,0x00,0x00,0x00,0x00,0x00,0x00,0x00,0x00,0x00,0x00,0x00,0x00,
  0x00,0x00,0x00,0xff,0xff,0x02,0x00,0x00,0x00,0x79,0xce,0xbf,0xdb,0xde,0xff,
  0x9a,0xd6,0xfd,0x9a,0xd6,0xec,0xba,0xd6,0x13,0xff,0xff,0x01,0xff,0xff,0x01,
  0x00,0x00,0x00,0x00,0x00,0x00,0x00,0x00,0x00,0x00,0x00,0x00,0x00,0x00,0x00,
  0x00,0x00,0x00,0x00,0x00,0x00,0x00,0x00,0x00,0x00,0x00,0x00,0x00,0x00,0x00,
  0x00,0x00,0x00,0x00,0x00,0x00,0x00,0x00,0x00,0x00,0x00,0x00,0x00,0x00,0x00,
  0x00,0x00,0x00,0x00,0x00,0x00,0x00,0x00,0x00,0x00,0x00,0x00,0x00,0x00,0x00,
  0x00,0x00,0x00,0x00,0x00,0x00,0x00,0x00,0x00,0x00,0x00,0x00,0x00,0x00,0x00,
  0x00,0x00,0x00,0x00,0x00,0x00,0x00,0x00,0x00,0x00,0x00,0x00,0x00,0x00,0x00,
  0x00,0x00,0x00,0x00,0x00,0x00,0x00,0x00,0x00,0x00,0x00,0x00,0x00,0x00,0x00,
  0x00,0x00,0x00,0x00,0x00,0x00,0x00,0x00,0x00,0x00,0x00,0x00,0x00,0x00,0x00,
  0x55,0xad,0x03,0x00,0x00,0x00,0x79,0xce,0x40,0xdb,0xde,0xff,0x79,0xce,0xfd,
  0x79,0xce,0xfb,0x1c,0xe7,0xff,0x79,0xce,0x80,0x00,0x00,0x00,0xff,0xff,0x03,
  0x00,0x00,0x00,0x00,0x00,0x00,0x00,0x00,0x00,0x00,0x00,0x00,0x00,0x00,0x00,
  0x00,0x00,0x00,0x00,0x00,0x00,0x00,0x00,0x00,0x00,0x00,0x00,0x00,0x00,0x00,
  0x00,0x00,0x00,0x00,0x00,0x00,0x00,0x00,0x00,0x00,0x00,0x00,0x00,0x00,0x00,
  0x00,0x00,0x00,0x00,0x00,0x00,0x00,0x00,0x00,0x00,0x00,0x00,0x00,0x00,0x00,
  0x00,0x00,0x00,0x00,0x00,0x00,0x00,0x00,0x00,0x00,0x00,0x00,0x00,0x00,0x00,
  0x00,0x00,0x00,0x00,0x00,0x00,0x00,0x00,0x00,0x00,0x00,0x00,0x00,0x00,0x00,
  0x00,0x00,0x00,0x00,0x00,0x00,0x00,0x00,0x00,0x00,0x00,0x00,0x00,0x00,0x00,
  0x00,0x00,0x00,0x00,0x00,0x00,0x00,0x00,0x00,0x00,0x00,0x00,0x00,0x00,0x00,
  0xff,0xff,0x02,0x00,0x00,0x00,0x79,0xce,0xbf,0xdb,0xde,0xff,0x79,0xce,0xfc,
  0x79,0xce,0xfe,0xba,0xd6,0xfe,0x9a,0xd6,0xec,0xba,0xd6,0x13,0xff,0xff,0x01,
  0xff,0xff,0x01,0x00,0x00,0x00,0x00,0x00,0x00,0x00,0x00,0x00,0x00,0x00,0x00,
  0x00,0x00,0x00,0x00,0x00,0x00,0x00,0x00,0x00,0x00,0x00,0x00,0x00,0x00,0x00,
  0x00,0x00,0x00,0x00,0x00,0x00,0x00,0x00,0x00,0x00,0x00,0x00,0x00,0x00,0x00,
  0x00,0x00,0x00,0x00,0x00,0x00,0x00,0x00,0x00,0x00,0x00,0x00,0x00,0x00,0x00,
  0x00,0x00,0x00,0x00,0x00,0x00,0x00,0x00,0x00,0x00,0x00,0x00,0x00,0x00,0x00,
  0x00,0x00,0x00,0x00,0x00,0x00,0x00,0x00,0x00,0x00,0x00,0x00,0x00,0x00,0x00,
  0x00,0x00,0x00,0x00,0x00,0x00,0x00,0x00,0x00,0x00,0x00,0x00,0x00,0x00,0x00,
  0x00,0x00,0x00,0x00,0x00,0x00,0x00,0x00,0x00,0x00,0x00,0x00,0x55,0xad,0x03,
  0x00,0x00,0x00,0x79,0xce,0x40,0xdb,0xde,0xff,0x79,0xce,0xfd,0x9a,0xd6,0xff,
  0x9a,0xd6,0xff,0x79,0xce,0xfc,0x1c,0xe7,0xff,0x79,0xce,0x80,0x00,0x00,0x00,
  0xff,0xff,0x03,0x00,0x00,0x00,0x00,0x00,0x00,0x00,0x00,0x00,0x00,0x00,0x00,
  0x00,0x00,0x00,0x00,0x00,0x00,0x00,0x00,0x00,0x00,0x00,0x00,0x00,0x00,0x00,
  0x00,0x00,0x00,0x00,0x00,0x00,0x00,0x00,0x00,0x00,0x00,0x00,0x00,0x00,0x00,
  0x00,0x00,0x00,0x00,0x00,0x00,0x00,0x00,0x00,0x00,0x00,0x00,0x00,0x00,0x00,
  0x00,0x00,0x00,0x00,0x00,0x00,0x00,0x00,0x00,0x00,0x00,0x00,0x00,0x00,0x00,
  0x00,0x00,0x00,0x00,0x00,0x00,0x00,0x00,0x00,0x00,0x00,0x00,0x00,0x00,0x00,
  0x00,0x00,0x00,0x00,0x00,0x00,0x00,0x00,0x00,0x00,0x00,0x00,0x00,0x00,0x00,
  0x00,0x00,0x00,0x00,0x00,0x00,0x00,0x00,0x00,0x00,0x00,0x00,0xff,0xff,0x02,
  0x00,0x00,0x00,0x79,0xce,0xbf,0xdb,0xde,0xff,0x79,0xce,0xfc,0x9a,0xd6,0xff,
  0x9a,0xd6,0xff,0x79,0xce,0xfe,0xba,0xd6,0xfe,0x9a,0xd6,0xec,0xba,0xd6,0x13,
  0xff,0xff,0x01,0xff,0xff,0x01,0x00,0x00,0x00,0x00,0x00,0x00,0x00,0x00,0x00,
  0x00,0x00,0x00,0x00,0x00,0x00,0x00,0x00,0x00,0x00,0x00,0x00,0x00,0x00,0x00,
  0x00,0x00,0x00,0x00,0x00,0x00,0x00,0x00,0x00,0x00,0x00,0x00,0x00,0x00,0x00,
  0x00,0x00,0x00,0x00,0x00,0x00,0x00,0x00,0x00,0x00,0x00,0x00,0x00,0x00,0x00,
  0x00,0x00,0x00,0x00,0x00,0x00,0x00,0x00,0x00,0x00,0x00,0x00,0x00,0x00,0x00,
  0x00,0x00,0x00,0x00,0x00,0x00,0x00,0x00,0x00,0x00,0x00,0x00,0x00,0x00,0x00,
  0x00,0x00,0x00,0x00,0x00,0x00,0x00,0x00,0x00,0x00,0x00,0x00,0x00,0x00,0x00,
  0x00,0x00,0x00,0x00,0x00,0x00,0x00,0x00,0x00,0x55,0xad,0x03,0x00,0x00,0x00,
  0x79,0xce,0x40,0xdb,0xde,0xff,0x79,0xce,0xfd,0x9a,0xd6,0xff,0x9a,0xd6,0xff,
  0x9a,0xd6,0xff,0x9a,0xd6,0xff,0x79,0xce,0xfc,0x1c,0xe7,0xff,0x79,0xce,0x80,
  0x00,0x00,0x00,0xf7,0xbd,0x04,0x00,0x00,0x00,0x00,0x00,0x00,0x00,0x00,0x00,
  0x00,0x00,0x00,0x00,0x00,0x00,0x00,0x00,0x00,0x00,0x00,0x00,0x00,0x00,0x00,
  0x00,0x00,0x00,0x00,0x00,0x00,0x00,0x00,0x00,0x00,0x00,0x00,0x00,0x00,0x00,
  0x00,0x00,0x00,0x00,0x00,0x00,0x00,0x00,0x00,0x00,0x00,0x00,0x00,0x00,0x00,
  0x00,0x00,0x00,0x00,0x00,0x00,0x00,0x00,0x00,0x00,0x00,0x00,0x00,0x00,0x00,
  0x00,0x00,0x00,0x00,0x00,0x00,0x00,0x00,0x00,0x00,0x00,0x00,0x00,0x00,0x00,
  0x00,0x00,0x00,0x00,0x00,0x00,0x00,0x00,0x00,0x00,0x00,0x00,0x00,0x00,0x00,
  0x00,0x00,0x00,0x00,0x00,0x00,0x00,0x00,0x00,0xff,0xff,0x03,0x00,0x00,0x00,
  0x79,0xce,0xbf,0xdb,0xde,0xff,0x79,0xce,0xfc,0x9a,0xd6,0xff,0x9a,0xd6,0xff,
  0x9a,0xd6,0xff,0x9a,0xd6,0xff,0x79,0xce,0xfe,0xba,0xd6,0xfe,0x9a,0xd6,0xec,
  0xba,0xd6,0x12,0xff,0xff,0x01,0xff,0xff,0x01,0x00,0x00,0x00,0x00,0x00,0x00,
  0x00,0x00,0x00,0x00,0x00,0x00,0x00,0x00,0x00,0x00,0x00,0x00,0x00,0x00,0x00,
  0x00,0x00,0x00,0x00,0x00,0x00,0x00,0x00,0x00,0x00,0x00,0x00,0x00,0x00,0x00,
  0x00,0x00,0x00,0x00,0x00,0x00,0x00,0x00,0x00,0x00,0x00,0x00,0x00,0x00,0x00,
  0x00,0x00,0x00,0x00,0x00,0x00,0x00,0x00,0x00,0x00,0x00,0x00,0x00,0x00,0x00,
  0x00,0x00,0x00,0x00,0x00,0x00,0x00,0x00,0x00,0x00,0x00,0x00,0x00,0x00,0x00,
  0x00,0x00,0x00,0x00,0x00,0x00,0x00,0x00,0x00,0x00,0x00,0x00,0x00,0x00,0x00,
  0x00,0x00,0x00,0x00,0x00,0x00,0x55,0xad,0x03,0x00,0x00,0x00,0x79,0xce,0x46,
  0xdb,0xde,0xff,0x79,0xce,0xfd,0x9a,0xd6,0xff,0x9a,0xd6,0xff,0x9a,0xd6,0xff,
  0x9a,0xd6,0xff,0x9a,0xd6,0xff,0x9a,0xd6,0xff,0x79,0xce,0xfc,0xfb,0xde,0xff,
  0x79,0xce,0x85,0x00,0x00,0x00,0xff,0xff,0x03,0x00,0x00,0x00,0x00,0x00,0x00,
  0x00,0x00,0x00,0x00,0x00,0x00,0x00,0x00,0x00,0x00,0x00,0x00,0x00,0x00,0x00,
  0x00,0x00,0x00,0x00,0x00,0x00,0x00,0x00,0x00,0x00,0x00,0x00,0x00,0x00,0x00,
  0x00,0x00,0x00,0x00,0x00,0x00,0x00,0x00,0x00,0x00,0x00,0x00,0x00,0x00,0x00,
  0x00,0x00,0x00,0x00,0x00,0x00,0x00,0x00,0x00,0x00,0x00,0x00,0x00,0x00,0x00,
  0x00,0x00,0x00,0x00,0x00,0x00,0x00,0x00,0x00,0x00,0x00,0x00,0x00,0x00,0x00,
  0x00,0x00,0x00,0x00,0x00,0x00,0x00,0x00,0x00,0x00,0x00,0x00,0x00,0x00,0x00,
  0x00,0x00,0x00,0x00,0x00,0x01,0xff,0xff,0x02,0xb6,0xb5,0x07,0x9a,0xd6,0xd8,
  0xdb,0xde,0xff,0x79,0xce,0xfd,0x9a,0xd6,0xff,0x99,0xce,0xff,0x99,0xce,0xff,
  0x99,0xce,0xff,0x99,0xce,0xff,0x9a,0xd6,0xff,0x9a,0xd6,0xfe,0x9a,0xd6,0xfd,
  0xba,0xd6,0xf9,0x59,0xce,0x27,0xff,0xff,0x01,0xff,0xff,0x02,0x00,0x00,0x00,
  0x00,0x00,0x00,0x00,0x00,0x00,0x00,0x00,0x00,0x00,0x00,0x00,0x00,0x00,0x00,
  0x00,0x00,0x00,0x00,0x00,0x00,0x00,0x00,0x00,0x00,0x00,0x00,0x00,0x00,0x00,
  0x00,0x00,0x00,0x00,0x00,0x00,0x00,0x00,0x00,0x00,0x00,0x00,0x00,0x00,0x00,
  0x00,0x00,0x00,0x00,0x00,0x00,0x00,0x00,0x00,0x00,0x00,0x00,0x00,0x00,0x00,
  0x00,0x00,0x00,0x00,0x00,0x00,0x00,0x00,0x00,0x00,0x00,0x00,0x00,0x00,0x00,
  0x00,0x00,0x00,0x00,0x00,0x00,0x00,0x00,0x00,0x00,0x00,0x00,0x00,0x00,0x00,
  0x00,0x00,0x00,0xff,0xff,0x03,0x00,0x00,0x00,0x79,0xce,0x5f,0xfb,0xde,0xff,
  0x79,0xce,0xfc,0x99,0xce,0xff,0x99,0xce,0xff,0x9a,0xd6,0xff,0x9a,0xde,0xff,
  0x9a,0xde,0xff,0x9a,0xd6,0xff,0x99,0xce,0xff,0x99,0xce,0xff,0x79,0xce,0xfc,
  0xfb,0xde,0xff,0x79,0xce,0xa1,0x00,0x00,0x00,0xff,0xff,0x03,0x00,0x00,0x00,
  0x00,0x00,0x00,0x00,0x00,0x00,0x00,0x00,0x00,0x00,0x00,0x00,0x00,0x00,0x00,
  0x00,0x00,0x00,0x00,0x00,0x00,0x00,0x00,0x00,0x00,0x00,0x00,0x00,0x00,0x00,
  0x00,0x00,0x00,0x00,0x00,0x00,0x00,0x00,0x00,0x00,0x00,0x00,0x00,0x00,0x00,
  0x00,0x00,0x00,0x00,0x00,0x00,0x00,0x00,0x00,0x00,0x00,0x00,0x00,0x00,0x00,
  0x00,0x00,0x00,0x00,0x00,0x00,0x00,0x00,0x00,0x00,0x00,0x00,0x00,0x00,0x00,
  0x00,0x00,0x00,0x00,0x00,0x00,0x00,0x00,0x00,0x00,0x00,0x00,0x00,0x00,0x00,
  0x00,0x00,0x01,0xff,0xff,0x02,0xb6,0xb5,0x07,0x9a,0xd6,0xd8,0xdb,0xde,0xfe,
  0x79,0xce,0xfd,0x9a,0xd6,0xff,0x9a,0xde,0xff,0x79,0xc6,0xff,0x76,0xae,0xff,
  0x56,0xa6,0xff,0x78,0xbe,0xff,0x9a,0xd6,0xff,0x9a,0xd6,0xff,0x79,0xce,0xfe,
  0x9a,0xd6,0xfd,0xba,0xd6,0xf8,0x59,0xce,0x27,0xff,0xff,0x01,0xff,0xff,0x02,
  0x00,0x00,0x00,0x00,0x00,0x00,0x00,0x00,0x00,0x00,0x00,0x00,0x00,0x00,0x00,
  0x00,0x00,0x00,0x00,0x00,0x00,0x00,0x00,0x00,0x00,0x00,0x00,0x00,0x00,0x00,
  0x00,0x00,0x00,0x00,0x00,0x00,0x00,0x00,0x00,0x00,0x00,0x00,0x00,0x00,0x00,
  0x00,0x00,0x00,0x00,0x00,0x00,0x00,0x00,0x00,0x00,0x00,0x00,0x00,0x00,0x00,
  0x00,0x00,0x00,0x00,0x00,0x00,0x00,0x00,0x00,0x00,0x00,0x00,0x00,0x00,0x00,
  0x00,0x00,0x00,0x00,0x00,0x00,0x00,0x00,0x00,0x00,0x00,0x00,0x00,0x00,0x00,
  0xff,0xff,0x03,0x00,0x00,0x00,0x79,0xce,0x5f,0xfb,0xde,0xff,0x79,0xce,0xfc,
  0x9a,0xd6,0xff,0x79,0xc6,0xff,0x31,0x6e,0xff,0xed,0x3d,0xff,0xec,0x2d,0xff,
  0xeb,0x2d,0xff,0xec,0x35,0xff,0x0f,0x5e,0xff,0x77,0xb6,0xff,0x9a,0xde,0xff,
  0x79,0xce,0xfc,0xfb,0xde,0xff,0x79,0xce,0xa1,0x00,0x00,0x00,0xff,0xff,0x03,
  0x00,0x00,0x00,0x00,0x00,0x00,0x00,0x00,0x00,0x00,0x00,0x00,0x00,0x00,0x00,
  0x00,0x00,0x00,0x00,0x00,0x00,0x00,0x00,0x00,0x00,0x00,0x00,0x00,0x00,0x00,
  0x00,0x00,0x00,0x00,0x00,0x00,0x00,0x00,0x00,0x00,0x00,0x00,0x00,0x00,0x00,
  0x00,0x00,0x00,0x00,0x00,0x00,0x00,0x00,0x00,0x00,0x00,0x00,0x00,0x00,0x00,
  0x00,0x00,0x00,0x00,0x00,0x00,0x00,0x00,0x00,0x00,0x00,0x00,0x00,0x00,0x00,
  0x00,0x00,0x00,0x00,0x00,0x00,0x00,0x00,0x00,0x00,0x00,0x00,0x00,0x00,0x01,
  0xff,0xff,0x02,0xb6,0xb5,0x07,0x9a,0xd6,0xd8,0xba,0xd6,0xfe,0x9a,0xd6,0xfd,
  0x77,0xb6,0xff,0xed,0x3d,0xff,0xeb,0x25,0xff,0xec,0x35,0xff,0xec,0x35,0xff,
  0xec,0x35,0xff,0xec,0x35,0xff,0xeb,0x2d,0xff,0xec,0x2d,0xff,0x54,0x96,0xff,
  0x9a,0xde,0xfe,0x9a,0xce,0xfd,0xba,0xd6,0xf8,0x59,0xce,0x27,0xff,0xff,0x01,
  0xff,0xff,0x02,0x00,0x00,0x00,0x00,0x00,0x00,0x00,0x00,0x00,0x00,0x00,0x00,
  0x00,0x00,0x00,0x00,0x00,0x00,0x00,0x00,0x00,0x00,0x00,0x00,0x00,0x00,0x00,
  0x00,0x00,0x00,0x00,0x00,0x00,0x00,0x00,0x00,0x00,0x00,0x00,0x00,0x00,0x00,
  0x00,0x00,0x00,0x00,0x00,0x00,0x00,0x00,0x00,0x00,0x00,0x00,0x00,0x00,0x00,
  0x00,0x00,0x00,0x00,0x00,0x00,0x00,0x00,0x00,0x00,0x00,0x00,0x00,0x00,0x00,
  0x00,0x00,0x00,0x00,0x00,0x00,0x00,0x00,0x00,0x00,0x00,0x00,0xff,0xff,0x03,
  0x00,0x00,0x00,0x79,0xce,0x5f,0xfb,0xde,0xff,0x7a,0xd6,0xfc,0x99,0xce,0xff,
  0x0e,0x46,0xff,0xeb,0x2d,0xff,0xec,0x35,0xff,0xec,0x35,0xff,0xec,0x35,0xff,
  0xec,0x35,0xff,0xec,0x35,0xff,0xec,0x35,0xff,0xec,0x35,0xff,0xec,0x2d,0xff,
  0x77,0xb6,0xff,0x7a,0xd6,0xfc,0xfb,0xde,0xff,0x79,0xce,0xa1,0x00,0x00,0x00,
  0xff,0xff,0x03,0x00,0x00,0x00,0x00,0x00,0x00,0x00,0x00,0x00,0x00,0x00,0x00,
  0x00,0x00,0x00,0x00,0x00,0x00,0x00,0x00,0x00,0x00,0x00,0x00,0x00,0x00,0x00,
  0x00,0x00,0x00,0x00,0x00,0x00,0x00,0x00,0x00,0x00,0x00,0x00,0x00,0x00,0x00,
  0x00,0x00,0x00,0x00,0x00,0x00,0x00,0x00,0x00,0x00,0x00,0x00,0x00,0x00,0x00,
  0x00,0x00,0x00,0x00,0x00,0x00,0x00,0x00,0x00,0x00,0x00,0x00,0x00,0x00,0x00,
  0x00,0x00,0x00,0x00,0x00,0x00,0x00,0x00,0x00,0x00,0x00,0x01,0xff,0xff,0x02,
  0xb6,0xb5,0x07,0x9a,0xd6,0xd8,0xba,0xd6,0xfe,0x9a,0xde,0xfd,0x33,0x86,0xff,
  0xeb,0x25,0xff,0xec,0x35,0xff,0xec,0x35,0xff,0xec,0x35,0xff,0xec,0x35,0xff,
  0xec,0x35,0xff,0xec,0x35,0xff,0xec,0x35,0xff,0xec,0x35,0xff,0xeb,0x2d,0xff,
  0x0f,0x5e,0xff,0x9a,0xd6,0xfe,0x9a,0xd6,0xfd,0xba,0xd6,0xf8,0x59,0xce,0x27,
  0xff,0xff,0x01,0xff,0xff,0x02,0x00,0x00,0x00,0x00,0x00,0x00,0x00,0x00,0x00,
  0x00,0x00,0x00,0x00,0x00,0x00,0x00,0x00,0x00,0x00,0x00,0x00,0x00,0x00,0x00,
  0x00,0x00,0x00,0x00,0x00,0x00,0x00,0x00,0x00,0x00,0x00,0x00,0x00,0x00,0x00,
  0x00,0x00,0x00,0x00,0x00,0x00,0x00,0x00,0x00,0x00,0x00,0x00,0x00,0x00,0x00,
  0x00,0x00,0x00,0x00,0x00,0x00,0x00,0x00,0x00,0x00,0x00,0x00,0x00,0x00,0x00,
  0x00,0x00,0x00,0x00,0x00,0x00,0x00,0x00,0x00,0xff,0xff,0x03,0x00,0x00,0x00,
  0x79,0xce,0x5f,0xfb,0xde,0xff,0x79,0xce,0xfc,0x9a,0xd6,0xff,0x0f,0x56,0xff,
  0xec,0x2d,0xff,0xec,0x35,0xff,0xec,0x35,0xff,0xec,0x35,0xff,0xec,0x35,0xff,
  0xec,0x35,0xff,0xec,0x35,0xff,0xec,0x35,0xff,0xec,0x35,0xff,0xec,0x35,0xff,
  0xec,0x35,0xff,0x78,0xbe,0xff,0x7a,0xd6,0xfc,0xfb,0xde,0xff,0x79,0xce,0xa1,
  0x00,0x00,0x00,0xff,0xff,0x03,0x00,0x00,0x00,0x00,0x00,0x00,0x00,0x00,0x00,
  0x00,0x00,0x00,0x00,0x00,0x00,0x00,0x00,0x00,0x00,0x00,0x00,0x00,0x00,0x00,
  0x00,0x00,0x00,0x00,0x00,0x00,0x00,0x00,0x00,0x00,0x00,0x00,0x00,0x00,0x00,
  0x00,0x00,0x00,0x00,0x00,0x00,0x00,0x00,0x00,0x00,0x00,0x00,0x00,0x00,0x00,
  0x00,0x00,0x00,0x00,0x00,0x00,0x00,0x00,0x00,0x00,0x00,0x00,0x00,0x00,0x00,
  0x00,0x00,0x00,0x00,0x00,0x00,0x00,0x00,0x01,0xff,0xff,0x02,0xb6,0xb5,0x07,
  0x9a,0xd6,0xd8,0xba,0xd6,0xfe,0x7a,0xd6,0xfd,0x79,0xc6,0xff,0xed,0x3d,0xff,
  0xec,0x2d,0xff,0xec,0x35,0xff,0xec,0x35,0xff,0xec,0x35,0xff,0xec,0x35,0xff,
  0xec,0x35,0xff,0xec,0x35,0xff,0xec,0x35,0xff,0xec,0x35,0xff,0xec,0x35,0xff,
  0xeb,0x2d,0xff,0x56,0xa6,0xff,0x9a,0xde,0xfe,0x9a,0xce,0xfd,0xba,0xd6,0xf8,
  0x59,0xce,0x27,0xff,0xff,0x01,0xff,0xff,0x02,0x00,0x00,0x00,0x00,0x00,0x00,
  0x00,0x00,0x00,0x00,0x00,0x00,0x00,0x00,0x00,0x00,0x00,0x00,0x00,0x00,0x00,
  0x00,0x00,0x00,0x00,0x00,0x00,0x00,0x00,0x00,0x00,0x00,0x00,0x00,0x00,0x00,
  0x00,0x00,0x00,0x00,0x00,0x00,0x00,0x00,0x00,0x00,0x00,0x00,0x00,0x00,0x00,
  0x00,0x00,0x00,0x00,0x00,0x00,0x00,0x00,0x00,0x00,0x00,0x00,0x00,0x00,0x00,
  0x00,0x00,0x00,0x00,0x00,0x00,0xff,0xff,0x03,0x00,0x00,0x00,0x79,0xce,0x5e,
  0xfb,0xde,0xff,0x79,0xce,0xfc,0x9a,0xd6,0xff,0x79,0xc6,0xff,0xed,0x3d,0xff,
  0xec,0x2d,0xff,0xec,0x35,0xff,0xec,0x35,0xff,0xec,0x35,0xff,0xec,0x35,0xff,
  0xec,0x35,0xff,0xec,0x35,0xff,0xec,0x35,0xff,0xec,0x35,0xff,0xec,0x35,0xff,
  0xec,0x2d,0xff,0x56,0xae,0xff,0x9a,0xde,0xff,0x79,0xce,0xfc,0xfb,0xde,0xff,
  0x79,0xce,0xa1,0x00,0x00,0x00,0xff,0xff,0x03,0x00,0x00,0x00,0x00,0x00,0x00,
  0x00,0x00,0x00,0x00,0x00,0x00,0x00,0x00,0x00,0x00,0x00,0x00,0x00,0x00,0x00,
  0x00,0x00,0x00,0x00,0x00,0x00,0x00,0x00,0x00,0x00,0x00,0x00,0x00,0x00,0x00,
  0x00,0x00,0x00,0x00,0x00,0x00,0x00,0x00,0x00,0x00,0x00,0x00,0x00,0x00,0x00,
  0x00,0x00,0x00,0x00,0x00,0x00,0x00,0x00,0x00,0x00,0x00,0x00,0x00,0x00,0x00,
  0x00,0x00,0x00,0xff,0xff,0x01,0xff,0xff,0x02,0x79,0xce,0x0f,0x9a,0xd6,0xdc,
  0xba,0xd6,0xfe,0x99,0xce,0xfd,0x99,0xce,0xff,0x9a,0xd6,0xff,0x0f,0x5e,0xff,
  0xeb,0x2d,0xff,0xec,0x35,0xff,0xec,0x35,0xff,0xec,0x35,0xff,0xec,0x35,0xff,
  0xec,0x35,0xff,0xec,0x35,0xff,0xec,0x35,0xff,0xec,0x35,0xff,0xec,0x35,0xff,
  0xed,0x3d,0xff,0x79,0xc6,0xff,0x9a,0xd6,0xff,0x99,0xce,0xfe,0x9a,0xd6,0xfd,
  0xba,0xd6,0xf8,0x79,0xce,0x33,0x00,0x00,0x00,0xff,0xff,0x02,0x00,0x00,0x00,
  0x00,0x00,0x00,0x00,0x00,0x00,0x00,0x00,0x00,0x00,0x00,0x00,0x00,0x00,0x00,
  0x00,0x00,0x00,0x00,0x00,0x00,0x00,0x00,0x00,0x00,0x00,0x00,0x00,0x00,0x00,
  0x00,0x00,0x00,0x00,0x00,0x00,0x00,0x00,0x00,0x00,0x00,0x00,0x00,0x00,0x00,
  0x00,0x00,0x00,0x00,0x00,0x00,0x00,0x00,0x00,0x00,0x00,0x00,0x00,0x00,0x00,
  0x00,0x00,0x00,0xff,0xff,0x03,0x00,0x00,0x00,0x79,0xce,0x80,0x1c,0xe7,0xff,
  0x79,0xce,0xfb,0x9a,0xd6,0xff,0x99,0xce,0xff,0x9a,0xde,0xff,0x54,0x96,0xff,
  0xeb,0x25,0xff,0xec,0x35,0xff,0xec,0x35,0xff,0xec,0x35,0xff,0xec,0x35,0xff,
  0xec,0x35,0xff,0xec,0x35,0xff,0xec,0x35,0xff,0xec,0x35,0xff,0xeb,0x25,0xff,
  0x31,0x6e,0xff,0x9a,0xde,0xff,0x99,0xce,0xff,0x9a,0xd6,0xff,0x79,0xce,0xfc,
  0xfb,0xde,0xff,0x79,0xce,0xc0,0x00,0x00,0x00,0xff,0xff,0x02,0x00,0x00,0x00,
  0x00,0x00,0x00,0x00,0x00,0x00,0x00,0x00,0x00,0x00,0x00,0x00,0x00,0x00,0x00,
  0x00,0x00,0x00,0x00,0x00,0x00,0x00,0x00,0x00,0x00,0x00,0x00,0x00,0x00,0x00,
  0x00,0x00,0x00,0x00,0x00,0x00,0x00,0x00,0x00,0x00,0x00,0x00,0x00,0x00,0x00,
  0x00,0x00,0x00,0x00,0x00,0x00,0x00,0x00,0x00,0x00,0x00,0x00,0x00,0x00,0x00,
  0xff,0xff,0x01,0xff,0xff,0x01,0xba,0xd6,0x13,0x9a,0xd6,0xeb,0xba,0xd6,0xfd,
  0x79,0xce,0xfe,0x9a,0xd6,0xff,0x9a,0xd6,0xff,0x9a,0xd6,0xff,0x9a,0xd6,0xff,
  0x10,0x5e,0xff,0xeb,0x25,0xff,0xec,0x35,0xff,0xec,0x35,0xff,0xec,0x35,0xff,
  0xec,0x35,0xff,0xec,0x35,0xff,0xec,0x35,0xff,0xeb,0x2d,0xff,0xed,0x3d,0xff,
  0x79,0xc6,0xff,0x9a,0xd6,0xff,0x9a,0xce,0xff,0x9a,0xd6,0xff,0x9a,0xd6,0xff,
  0x9a,0xd6,0xfc,0xdb,0xde,0xff,0x79,0xce,0x40,0x00,0x00,0x00,0x55,0xad,0x03,
  0x00,0x00,0x00,0x00,0x00,0x00,0x00,0x00,0x00,0x00,0x00,0x00,0x00,0x00,0x00,
  0x00,0x00,0x00,0x00,0x00,0x00,0x00,0x00,0x00,0x00,0x00,0x00,0x00,0x00,0x00,
  0x00,0x00,0x00,0x00,0x00,0x00,0x00,0x00,0x00,0x00,0x00,0x00,0x00,0x00,0x00,
  0x00,0x00,0x00,0x00,0x00,0x00,0x00,0x00,0x00,0x00,0x00,0x00,0x00,0x00,0x00,
  0xff,0xff,0x03,0x00,0x00,0x00,0x79,0xce,0x80,0x1c,0xe7,0xff,0x79,0xce,0xfc,
  0x9a,0xd6,0xff,0x9a,0xd6,0xff,0x9a,0xd6,0xff,0x99,0xce,0xff,0x9a,0xd6,0xff,
  0x79,0xce,0xff,0x10,0x5e,0xff,0xeb,0x25,0xff,0xeb,0x2d,0xff,0xec,0x2d,0xff,
  0xec,0x35,0xff,0xec,0x2d,0xff,0xeb,0x25,0xff,0x0e,0x46,0xff,0x77,0xb6,0xff,
  0x9a,0xd6,0xff,0x99,0xce,0xff,0x9a,0xd6,0xff,0x9a,0xd6,0xff,0x9a,0xd6,0xff,
  0x79,0xce,0xfc,0xdb,0xde,0xff,0x79,0xce,0xbf,0x00,0x00,0x00,0xff,0xff,0x02,
  0x00,0x00,0x00,0x00,0x00,0x00,0x00,0x00,0x00,0x00,0x00,0x00,0x00,0x00,0x00,
  0x00,0x00,0x00,0x00,0x00,0x00,0x00,0x00,0x00,0x00,0x00,0x00,0x00,0x00,0x00,
  0x00,0x00,0x00,0x00,0x00,0x00,0x00,0x00,0x00,0x00,0x00,0x00,0x00,0x00,0x00,
  0x00,0x00,0x00,0x00,0x00,0x00,0x00,0x00,0x00,0x00,0x00,0x00,0xff,0xff,0x01,
  0xff,0xff,0x01,0xba,0xd6,0x13,0x9a,0xd6,0xec,0xba,0xd6,0xfe,0x79,0xce,0xfe,
  0x9a,0xd6,0xff,0x9a,0xd6,0xff,0x9a,0xd6,0xff,0x9a,0xd6,0xff,0x99,0xce,0xff,
  0x9a,0xd6,0xff,0x9a,0xd6,0xff,0x54,0x96,0xff,0x0f,0x5e,0xff,0xed,0x3d,0xff,
  0xed,0x3d,0xff,0x0f,0x4e,0xff,0x33,0x86,0xff,0x79,0xce,0xff,0x9a,0xd6,0xff,
  0x99,0xce,0xff,0x9a,0xd6,0xff,0x9a,0xd6,0xff,0x9a,0xd6,0xff,0x9a,0xd6,0xff,
  0x9a,0xd6,0xff,0x79,0xce,0xfd,0xdb,0xde,0xff,0x79,0xce,0x40,0x00,0x00,0x00,
  0x55,0xad,0x03,0x00,0x00,0x00,0x00,0x00,0x00,0x00,0x00,0x00,0x00,0x00,0x00,
  0x00,0x00,0x00,0x00,0x00,0x00,0x00,0x00,0x00,0x00,0x00,0x00,0x00,0x00,0x00,
  0x00,0x00,0x00,0x00,0x00,0x00,0x00,0x00,0x00,0x00,0x00,0x00,0x00,0x00,0x00,
  0x00,0x00,0x00,0x00,0x00,0x00,0x00,0x00,0x00,0x00,0x00,0x00,0xff,0xff,0x03,
  0x00,0x00,0x00,0x79,0xce,0x80,0x1c,0xe7,0xff,0x79,0xce,0xfc,0x9a,0xd6,0xff,
  0x9a,0xd6,0xff,0x9a,0xd6,0xff,0x9a,0xd6,0xff,0x9a,0xd6,0xff,0x9a,0xd6,0xff,
  0x99,0xce,0xff,0x9a,0xce,0xff,0x9a,0xde,0xff,0x9a,0xd6,0xff,0x79,0xc6,0xff,
  0x79,0xc6,0xff,0x9a,0xd6,0xff,0x9b,0xde,0xff,0x9a,0xd6,0xff,0x99,0xce,0xff,
  0x9a,0xd6,0xff,0x9a,0xd6,0xff,0x9a,0xd6,0xff,0x9a,0xd6,0xff,0x9a,0xd6,0xff,
  0x9a,0xd6,0xff,0x79,0xce,0xfc,0xdb,0xde,0xff,0x79,0xce,0xbf,0x00,0x00,0x00,
  0xff,0xff,0x02,0x00,0x00,0x00,0x00,0x00,0x00,0x00,0x00,0x00,0x00,0x00,0x00,
  0x00,0x00,0x00,0x00,0x00,0x00,0x00,0x00,0x00,0x00,0x00,0x00,0x00,0x00,0x00,
  0x00,0x00,0x00,0x00,0x00,0x00,0x00,0x00,0x00,0x00,0x00,0x00,0x00,0x00,0x00,
  0x00,0x00,0x00,0x00,0x00,0x00,0x00,0x00,0x00,0xff,0xff,0x01,0xff,0xff,0x01,
  0xba,0xd6,0x13,0x9a,0xd6,0xec,0xba,0xd6,0xfe,0x79,0xce,0xfe,0x9a,0xd6,0xff,
  0x9a,0xd6,0xff,0x9a,0xd6,0xff,0x9a,0xd6,0xff,0x9a,0xd6,0xff,0x9a,0xd6,0xff,
  0x9a,0xd6,0xff,0x9a,0xd6,0xff,0x99,0xce,0xff,0x99,0xce,0xff,0x9a,0xd6,0xff,
  0x9a,0xd6,0xff,0x9a,0xd6,0xff,0x99,0xce,0xff,0x9a,0xce,0xff,0x9a,0xd6,0xff,
  0x9a,0xd6,0xff,0x9a,0xd6,0xff,0x9a,0xd6,0xff,0x9a,0xd6,0xff,0x9a,0xd6,0xff,
  0x9a,0xd6,0xff,0x9a,0xd6,0xff,0x79,0xce,0xfd,0xdb,0xde,0xff,0x79,0xce,0x40,
  0x00,0x00,0x00,0x55,0xad,0x03,0x00,0x00,0x00,0x00,0x00,0x00,0x00,0x00,0x00,
  0x00,0x00,0x00,0x00,0x00,0x00,0x00,0x00,0x00,0x00,0x00,0x00,0x00,0x00,0x00,
  0x00,0x00,0x00,0x00,0x00,0x00,0x00,0x00,0x00,0x00,0x00,0x00,0x00,0x00,0x00,
  0x00,0x00,0x00,0x00,0x00,0x00,0x00,0x00,0x00,0xff,0xff,0x03,0x00,0x00,0x00,
  0x79,0xce,0x80,0x1c,0xe7,0xff,0x79,0xce,0xfc,0x9a,0xd6,0xff,0x9a,0xd6,0xff,
  0x9a,0xd6,0xff,0x9a,0xd6,0xff,0x9a,0xd6,0xff,0x9a,0xd6,0xff,0x9a,0xd6,0xff,
  0x9a,0xd6,0xff,0x9a,0xd6,0xff,0x9a,0xd6,0xff,0x9a,0xd6,0xff,0x9a,0xce,0xff,
  0x9a,0xce,0xff,0x9a,0xd6,0xff,0x9a,0xd6,0xff,0x9a,0xd6,0xff,0x9a,0xd6,0xff,
  0x9a,0xd6,0xff,0x9a,0xd6,0xff,0x9a,0xd6,0xff,0x9a,0xd6,0xff,0x9a,0xd6,0xff,
  0x9a,0xd6,0xff,0x9a,0xd6,0xff,0x79,0xce,0xfc,0xdb,0xde,0xff,0x79,0xce,0xbf,
  0x00,0x00,0x00,0xff,0xff,0x02,0x00,0x00,0x00,0x00,0x00,0x00,0x00,0x00,0x00,
  0x00,0x00,0x00,0x00,0x00,0x00,0x00,0x00,0x00,0x00,0x00,0x00,0x00,0x00,0x00,
  0x00,0x00,0x00,0x00,0x00,0x00,0x00,0x00,0x00,0x00,0x00,0x00,0x00,0x00,0x00,
  0x00,0x00,0x00,0x00,0x00,0x00,0xff,0xff,0x01,0xff,0xff,0x01,0xba,0xd6,0x13,
  0x9a,0xd6,0xec,0xba,0xd6,0xfe,0x79,0xce,0xfe,0x9a,0xd6,0xff,0x9a,0xd6,0xff,
  0x9a,0xd6,0xff,0x9a,0xd6,0xff,0x9a,0xd6,0xff,0x9a,0xd6,0xff,0x9a,0xd6,0xff,
  0x9a,0xd6,0xff,0x9a,0xd6,0xff,0x9a,0xd6,0xff,0x9a,0xd6,0xff,0x9a,0xd6,0xff,
  0x9a,0xd6,0xff,0x9a,0xd6,0xff,0x9a,0xd6,0xff,0x9a,0xd6,0xff,0x9a,0xd6,0xff,
  0x9a,0xd6,0xff,0x9a,0xd6,0xff,0x9a,0xd6,0xff,0x9a,0xd6,0xff,0x9a,0xd6,0xff,
  0x9a,0xd6,0xff,0x9a,0xd6,0xff,0x9a,0xd6,0xff,0x79,0xce,0xfd,0xdb,0xde,0xff,
  0x79,0xce,0x40,0x00,0x00,0x00,0x55,0xad,0x03,0x00,0x00,0x00,0x00,0x00,0x00,
  0x00,0x00,0x00,0x00,0x00,0x00,0x00,0x00,0x00,0x00,0x00,0x00,0x00,0x00,0x00,
  0x00,0x00,0x00,0x00,0x00,0x00,0x00,0x00,0x00,0x00,0x00,0x00,0x00,0x00,0x00,
  0x00,0x00,0x00,0x00,0x00,0x00,0xf7,0xbd,0x04,0x00,0x00,0x00,0x79,0xce,0x80,
  0x1c,0xe7,0xff,0x79,0xce,0xfc,0x9a,0xd6,0xff,0x9a,0xd6,0xff,0x9a,0xd6,0xff,
  0x9a,0xd6,0xff,0x9a,0xd6,0xff,0x9a,0xd6,0xff,0x9a,0xd6,0xff,0x9a,0xd6,0xff,
  0x9a,0xd6,0xff,0x9a,0xd6,0xff,0x9a,0xd6,0xff,0x9a,0xd6,0xff,0x9a,0xd6,0xff,
  0x9a,0xd6,0xff,0x9a,0xd6,0xff,0x9a,0xd6,0xff,0x9a,0xd6,0xff,0x9a,0xd6,0xff,
  0x9a,0xd6,0xff,0x9a,0xd6,0xff,0x9a,0xd6,0xff,0x9a,0xd6,0xff,0x9a,0xd6,0xff,
  0x9a,0xd6,0xff,0x9a,0xd6,0xff,0x9a,0xd6,0xff,0x79,0xce,0xfc,0xdb,0xde,0xff,
  0x79,0xce,0xbf,0x00,0x00,0x00,0xff,0xff,0x03,0x00,0x00,0x00,0x00,0x00,0x00,
  0x00,0x00,0x00,0x00,0x00,0x00,0x00,0x00,0x00,0x00,0x00,0x00,0x00,0x00,0x00,
  0x00,0x00,0x00,0x00,0x00,0x00,0x00,0x00,0x00,0x00,0x00,0x00,0x00,0x00,0x00,
  0x00,0x00,0x00,0xff,0xff,0x01,0xff,0xff,0x01,0x9a,0xd6,0x11,0x9a,0xd6,0xec,
  0xba,0xd6,0xfe,0x79,0xce,0xfe,0x9a,0xd6,0xff,0x9a,0xd6,0xff,0x9a,0xd6,0xff,
  0x9a,0xd6,0xff,0x9a,0xd6,0xff,0x9a,0xd6,0xff,0x9a,0xd6,0xff,0x9a,0xd6,0xff,
  0x9a,0xd6,0xff,0x9a,0xd6,0xff,0x9a,0xd6,0xff,0x9a,0xd6,0xff,0x9a,0xd6,0xff,
  0x9a,0xd6,0xff,0x9a,0xd6,0xff,0x9a,0xd6,0xff,0x9a,0xd6,0xff,0x9a,0xd6,0xff,
  0x9a,0xd6,0xff,0x9a,0xd6,0xff,0x9a,0xd6,0xff,0x9a,0xd6,0xff,0x9a,0xd6,0xff,
  0x9a,0xd6,0xff,0x9a,0xd6,0xff,0x9a,0xd6,0xff,0x9a,0xd6,0xff,0x79,0xce,0xfd,
  0xdb,0xde,0xff,0x79,0xce,0x3f,0x00,0x00,0x00,0xff,0xff,0x03,0x00,0x00,0x00,
  0x00,0x00,0x00,0x00,0x00,0x00,0x00,0x00,0x00,0x00,0x00,0x00,0x00,0x00,0x00,
  0x00,0x00,0x00,0x00,0x00,0x00,0x00,0x00,0x00,0x00,0x00,0x00,0x00,0x00,0x00,
  0x00,0x00,0x00,0xff,0xff,0x03,0x00,0x00,0x00,0x79,0xce,0x94,0xfb,0xde,0xff,
  0x79,0xce,0xfc,0x9a,0xd6,0xff,0x9a,0xd6,0xff,0x9a,0xd6,0xff,0x9a,0xd6,0xff,
  0x9a,0xd6,0xff,0x9a,0xd6,0xff,0x9a,0xd6,0xff,0x9a,0xd6,0xff,0x9a,0xd6,0xff,
  0x9a,0xd6,0xff,0x9a,0xd6,0xff,0x9a,0xd6,0xff,0x9a,0xd6,0xff,0x9a,0xd6,0xff,
  0x9a,0xd6,0xff,0x9a,0xd6,0xff,0x9a,0xd6,0xff,0x9a,0xd6,0xff,0x9a,0xd6,0xff,
  0x9a,0xd6,0xff,0x9a,0xd6,0xff,0x9a,0xd6,0xff,0x9a,0xd6,0xff,0x9a,0xd6,0xff,
  0x9a,0xd6,0xff,0x9a,0xd6,0xff,0x9a,0xd6,0xff,0x9a,0xd6,0xff,0x79,0xce,0xfd,
  0xdb,0xde,0xff,0x9a,0xd6,0xcc,0xb6,0xb5,0x07,0xff,0xff,0x02,0x00,0x00,0x01,
  0x00,0x00,0x00,0x00,0x00,0x00,0x00,0x00,0x00,0x00,0x00,0x00,0x00,0x00,0x00,
  0x00,0x00,0x00,0x00,0x00,0x00,0x00,0x00,0x00,0x00,0x00,0x00,0x00,0x00,0x00,
  0xff,0xff,0x02,0xff,0xff,0x01,0x59,0xce,0x27,0xba,0xd6,0xfb,0x9a,0xd6,0xfd,
  0x9a,0xd6,0xfe,0x9a,0xd6,0xff,0x9a,0xd6,0xff,0x9a,0xd6,0xff,0x9a,0xd6,0xff,
  0x9a,0xd6,0xff,0x9a,0xd6,0xff,0x9a,0xd6,0xff,0x9a,0xd6,0xff,0x9a,0xd6,0xff,
  0x9a,0xd6,0xff,0x9a,0xd6,0xff,0x9a,0xd6,0xff,0x9a,0xd6,0xff,0x9a,0xd6,0xff,
  0x9a,0xd6,0xff,0x9a,0xd6,0xff,0x9a,0xd6,0xff,0x9a,0xd6,0xff,0x9a,0xd6,0xff,
  0x9a,0xd6,0xff,0x9a,0xd6,0xff,0x9a,0xd6,0xff,0x9a,0xd6,0xff,0x9a,0xd6,0xff,
  0x9a,0xd6,0xff,0x9a,0xd6,0xff,0x9a,0xd6,0xff,0x9a,0xd6,0xff,0x9a,0xd6,0xff,
  0x79,0xce,0xfc,0x1c,0xe7,0xff,0x79,0xce,0x5f,0x00,0x00,0x00,0xff,0xff,0x03,
  0x00,0x00,0x00,0x00,0x00,0x00,0x00,0x00,0x00,0x00,0x00,0x00,0x00,0x00,0x00,
  0x00,0x00,0x00,0x00,0x00,0x00,0x00,0x00,0x00,0x00,0x00,0x00,0x00,0x00,0x00,
  0xff,0xff,0x03,0x00,0x00,0x00,0x79,0xce,0xa1,0xfb,0xde,0xff,0x79,0xce,0xfc,
  0x9a,0xd6,0xff,0x9a,0xd6,0xff,0x9a,0xd6,0xff,0x9a,0xd6,0xff,0x9a,0xd6,0xff,
  0x9a,0xd6,0xff,0x9a,0xd6,0xff,0x9a,0xd6,0xff,0x9a,0xd6,0xff,0x9a,0xd6,0xff,
  0x9a,0xd6,0xff,0x9a,0xd6,0xff,0x9a,0xd6,0xff,0x9a,0xd6,0xff,0x9a,0xd6,0xff,
  0x9a,0xd6,0xff,0x9a,0xd6,0xff,0x9a,0xd6,0xfe,0x9a,0xd6,0xff,0x9a,0xd6,0xff,
  0x9a,0xd6,0xff,0x9a,0xd6,0xff,0x9a,0xd6,0xff,0x9a,0xd6,0xff,0x9a,0xd6,0xff,
  0x9a,0xd6,0xff,0x9a,0xd6,0xff,0x9a,0xd6,0xff,0x9a,0xd6,0xff,0x9a,0xd6,0xff,
  0x79,0xce,0xfd,0xba,0xd6,0xfe,0x9a,0xd6,0xd8,0xb6,0xb5,0x07,0xff,0xff,0x02,
  0x00,0x00,0x01,0x00,0x00,0x00,0x00,0x00,0x00,0x00,0x00,0x00,0x00,0x00,0x00,
  0x00,0x00,0x00,0x00,0x00,0x00,0x00,0x00,0x00,0x00,0x00,0x00,0xff,0xff,0x02,
  0xff,0xff,0x01,0x59,0xce,0x27,0xba,0xd6,0xf8,0x9a,0xd6,0xfd,0x9a,0xd6,0xfe,
  0x9a,0xd6,0xff,0x9a,0xd6,0xff,0x9a,0xd6,0xff,0x9a,0xd6,0xff,0x9a,0xd6,0xff,
  0x9a,0xd6,0xff,0x9a,0xd6,0xff,0x9a,0xd6,0xff,0x9a,0xd6,0xff,0x9a,0xd6,0xfd,
  0x9a,0xd6,0xfb,0x9a,0xd6,0xfd,0x9a,0xd6,0xff,0x9a,0xd6,0xff,0x9a,0xd6,0xff,
  0x9a,0xd6,0xff,0x9a,0xd6,0xff,0x9a,0xd6,0xff,0x9a,0xd6,0xff,0x79,0xce,0xfb,
  0x79,0xce,0xfd,0x9a,0xd6,0xff,0x9a,0xd6,0xff,0x9a,0xd6,0xff,0x9a,0xd6,0xff,
  0x9a,0xd6,0xff,0x9a,0xd6,0xff,0x9a,0xd6,0xff,0x9a,0xd6,0xff,0x9a,0xd6,0xff,
  0x9a,0xd6,0xff,0x79,0xce,0xfc,0xfb,0xde,0xff,0x79,0xce,0x5f,0x00,0x00,0x00,
  0xff,0xff,0x03,0x00,0x00,0x00,0x00,0x00,0x00,0x00,0x00,0x00,0x00,0x00,0x00,
  0x00,0x00,0x00,0x00,0x00,0x00,0x00,0x00,0x00,0x00,0x00,0x00,0xff,0xff,0x03,
  0x00,0x00,0x00,0x79,0xce,0xa1,0xfb,0xde,0xff,0x79,0xce,0xfc,0x9a,0xd6,0xff,
  0x9a,0xd6,0xff,0x9a,0xd6,0xff,0x9a,0xd6,0xff,0x9a,0xd6,0xff,0x9a,0xd6,0xff,
  0x9a,0xd6,0xff,0x79,0xce,0xfd,0x9a,0xd6,0xfb,0x79,0xce,0xfd,0xba,0xd6,0xff,
  0xfb,0xde,0xff,0xba,0xd6,0xff,0x79,0xce,0xf8,0x9a,0xd6,0xff,0x9a,0xd6,0xff,
  0x9a,0xd6,0xff,0x9a,0xd6,0xff,0x9a,0xd6,0xf5,0x9a,0xd6,0xff,0x1c,0xe7,0xff,
  0xba,0xd6,0xff,0x79,0xce,0xfe,0x9a,0xd6,0xfb,0x79,0xce,0xfd,0x9a,0xd6,0xfe,
  0x9a,0xd6,0xff,0x9a,0xd6,0xff,0x9a,0xd6,0xff,0x9a,0xd6,0xff,0x9a,0xd6,0xff,
  0x9a,0xd6,0xff,0x79,0xce,0xfd,0xdb,0xde,0xfe,0x9a,0xd6,0xd8,0xb6,0xb5,0x07,
  0xff,0xff,0x02,0x00,0x00,0x01,0x00,0x00,0x00,0x00,0x00,0x00,0x00,0x00,0x00,
  0x00,0x00,0x00,0x00,0x00,0x00,0x00,0x00,0x00,0xff,0xff,0x02,0xff,0xff,0x01,
  0x59,0xce,0x27,0xba,0xd6,0xf8,0x9a,0xd6,0xfd,0x9a,0xd6,0xfe,0x9a,0xd6,0xff,
  0x9a,0xd6,0xff,0x9a,0xd6,0xff,0x9a,0xd6,0xff,0x79,0xce,0xfd,0x9a,0xd6,0xfb,
  0x79,0xce,0xfe,0xba,0xd6,0xff,0xfb,0xde,0xff,0xdb,0xde,0xff,0xba,0xd6,0xe3,
  0xba,0xd6,0xa0,0x79,0xce,0x46,0x9a,0xd6,0x89,0xfb,0xde,0xff,0x79,0xce,0xfb,
  0x79,0xce,0xfb,0x1c,0xe7,0xff,0x9a,0xd6,0x85,0x9a,0xd6,0x31,0xba,0xd6,0x8e,
  0x9a,0xd6,0xd6,0xba,0xd6,0xff,0xfb,0xde,0xff,0xdb,0xde,0xff,0x9a,0xd6,0xff,
  0x9a,0xd6,0xfb,0x9a,0xd6,0xfc,0x9a,0xd6,0xfe,0x9a,0xd6,0xff,0x9a,0xd6,0xff,
  0x9a,0xd6,0xff,0x9a,0xd6,0xff,0x79,0xce,0xfc,0xfb,0xde,0xff,0x79,0xce,0x5f,
  0x00,0x00,0x00,0xff,0xff,0x03,0x00,0x00,0x00,0x00,0x00,0x00,0x00,0x00,0x00,
  0x00,0x00,0x00,0x00,0x00,0x00,0x00,0x00,0x00,0xff,0xff,0x03,0x00,0x00,0x00,
  0x79,0xce,0xa1,0xfb,0xde,0xff,0x79,0xce,0xfc,0x9a,0xd6,0xff,0x9a,0xd6,0xfe,
  0x9a,0xd6,0xfc,0x79,0xce,0xfb,0x79,0xce,0xfe,0xba,0xd6,0xff,0xfb,0xde,0xff,
  0xba,0xd6,0xff,0xba,0xd6,0xd5,0x9a,0xd6,0x9f,0xba,0xd6,0x4f,0xdb,0xde,0x0e,
  0x00,0x00,0x00,0x00,0x00,0x00,0x79,0xce,0x7e,0x1c,0xe7,0xff,0x79,0xce,0xfb,
  0x79,0xce,0xfb,0x1c,0xe7,0xff,0x9a,0xd6,0x7e,0x00,0x00,0x00,0x00,0x00,0x00,
  0xff,0xff,0x03,0x9a,0xd6,0x3a,0xba,0xd6,0x8b,0xba,0xd6,0xca,0x9a,0xd6,0xfc,
  0xfb,0xde,0xff,0xdb,0xde,0xff,0x9a,0xd6,0xff,0x9a,0xd6,0xfb,0x79,0xce,0xfc,
  0x79,0xce,0xfe,0x9a,0xd6,0xff,0x79,0xce,0xfd,0xdb,0xde,0xfe,0x9a,0xd6,0xd8,
  0xb6,0xb5,0x07,0xff,0xff,0x02,0xff,0xff,0x01,0x00,0x00,0x00,0x00,0x00,0x00,
  0x00,0x00,0x00,0x00,0x00,0x00,0xff,0xff,0x02,0xff,0xff,0x01,0x59,0xce,0x27,
  0xba,0xd6,0xf8,0x9a,0xd6,0xfd,0x9a,0xd6,0xfc,0x9a,0xd6,0xfb,0x9a,0xd6,0xff,
  0xdb,0xde,0xff,0xfb,0xde,0xff,0xba,0xd6,0xff,0x9a,0xd6,0xd6,0xba,0xd6,0x8b,
  0xba,0xd6,0x3a,0xff,0xff,0x03,0x00,0x00,0x00,0x00,0x00,0x00,0x00,0x00,0x00,
  0xff,0xff,0x07,0x55,0xad,0x03,0x79,0xce,0x81,0x1c,0xe7,0xff,0x79,0xce,0xfb,
  0x79,0xce,0xfb,0x1c,0xe7,0xff,0x79,0xce,0x80,0xff,0xff,0x02,0xfb,0xde,0x08,
  0x00,0x00,0x00,0x00,0x00,0x00,0x00,0x00,0x00,0x00,0x00,0x00,0xba,0xd6,0x2a,
  0xba,0xd6,0x74,0xba,0xd6,0xc5,0x9a,0xd6,0xfc,0xfb,0xde,0xff,0xfb,0xde,0xff,
  0x9a,0xd6,0xff,0x79,0xce,0xfc,0x79,0xce,0xfc,0x79,0xce,0xfb,0xfb,0xde,0xff,
  0x79,0xce,0x5f,0x00,0x00,0x00,0xff,0xff,0x03,0x00,0x00,0x00,0x00,0x00,0x00,
  0x00,0x00,0x00,0x00,0x00,0x00,0xff,0xff,0x03,0x00,0x00,0x00,0x79,0xce,0x9e,
  0xfb,0xde,0xfd,0x79,0xce,0xfc,0xdb,0xde,0xff,0xfb,0xde,0xff,0x9a,0xd6,0xfc,
  0x9a,0xd6,0xc5,0x9a,0xd6,0x80,0x9a,0xd6,0x3a,0xff,0xff,0x03,0x00,0x00,0x00,
  0x00,0x00,0x00,0x00,0x00,0x00,0xff,0xff,0x03,0xff,0xff,0x03,0xff,0xff,0x01,
  0xff,0xff,0x04,0x00,0x00,0x00,0x79,0xce,0x80,0x1c,0xe7,0xff,0x79,0xce,0xfb,
  0x79,0xce,0xfb,0x1c,0xe7,0xff,0x79,0xce,0x80,0x00,0x00,0x00,0xff,0xff,0x04,
  0x00,0x00,0x01,0x55,0xad,0x03,0xf7,0xbd,0x04,0x00,0x00,0x01,0x00,0x00,0x00,
  0x00,0x00,0x00,0x00,0x00,0x00,0xba,0xd6,0x2a,0xba,0xd6,0x70,0x9a,0xd6,0xb0,
  0x9a,0xd6,0xf2,0xfb,0xde,0xff,0xfb,0xde,0xff,0x9a,0xd6,0xff,0xdb,0xde,0xfb,
  0x9a,0xd6,0xd5,0x79,0xce,0x05,0xff,0xff,0x02,0x00,0x00,0x01,0x00,0x00,0x00,
  0x00,0x00,0x00,0xff,0xff,0x02,0x00,0x00,0x00,0x79,0xce,0x29,0xfb,0xde,0xff,
  0xfb,0xde,0xff,0x9a,0xd6,0xfb,0xba,0xd6,0xc5,0xba,0xd6,0x74,0xba,0xd6,0x2a,
  0x00,0x00,0x00,0x00,0x00,0x00,0x00,0x00,0x00,0x00,0x00,0x00,0xf7,0xbd,0x04,
  0x55,0xad,0x03,0x00,0x00,0x01,0x00,0x00,0x00,0x00,0x00,0x00,0x00,0x00,0x00,
  0xff,0xff,0x04,0x00,0x00,0x00,0x79,0xce,0x80,0x1c,0xe7,0xff,0x79,0xce,0xfb,
  0x79,0xce,0xfb,0x1c,0xe7,0xff,0x79,0xce,0x80,0x00,0x00,0x00,0xff,0xff,0x04,
  0x00,0x00,0x00,0x00,0x00,0x00,0x00,0x00,0x00,0x00,0x00,0x00,0xff,0xff,0x02,
  0xf7,0xbd,0x04,0xff,0xff,0x01,0x00,0x00,0x00,0x00,0x00,0x00,0x00,0x00,0x00,
  0x9a,0xd6,0x1c,0xba,0xd6,0x61,0xba,0xd6,0xb1,0x9a,0xd6,0xf1,0xdb,0xde,0xff,
  0x7d,0xef,0xff,0x9a,0xd6,0x64,0x00,0x00,0x00,0xff,0xff,0x03,0x00,0x00,0x00,
  0x00,0x00,0x00,0x55,0xad,0x03,0xff,0xff,0x03,0x79,0xce,0x97,0x1c,0xe7,0xb7,
  0xba,0xd6,0x5f,0xba,0xd6,0x2a,0x00,0x00,0x00,0x00,0x00,0x00,0x00,0x00,0x00,
  0xff,0xff,0x01,0xf7,0xbd,0x04,0x55,0xad,0x03,0x00,0x00,0x01,0x00,0x00,0x00,
  0x00,0x00,0x00,0x00,0x00,0x00,0x00,0x00,0x00,0x00,0x00,0x00,0x00,0x00,0x00,
  0xff,0xff,0x04,0x00,0x00,0x00,0x79,0xce,0x80,0x1c,0xe7,0xff,0x79,0xce,0xfb,
  0x79,0xce,0xfb,0x1c,0xe7,0xff,0x79,0xce,0x80,0x00,0x00,0x00,0xff,0xff,0x04,
  0x00,0x00,0x00,0x00,0x00,0x00,0x00,0x00,0x00,0x00,0x00,0x00,0x00,0x00,0x00,
  0x00,0x00,0x00,0x00,0x00,0x00,0xff,0xff,0x02,0xf7,0xbd,0x04,0xff,0xff,0x02,
  0x00,0x00,0x00,0x00,0x00,0x00,0x00,0x00,0x00,0xdb,0xde,0x1c,0x9a,0xd6,0x51,
  0xfb,0xde,0x9f,0x9a,0xd6,0xc2,0xdb,0xde,0x0e,0xff,0xff,0x01,0xff,0xff,0x01,
  0x00,0x00,0x00,0x00,0x00,0x00,0x79,0xce,0x05,0xba,0xd6,0x19,0x00,0x00,0x00,
  0x00,0x00,0x00,0x00,0x00,0x00,0xff,0xff,0x01,0xf7,0xbd,0x04,0xff,0xff,0x02,
  0x00,0x00,0x00,0x00,0x00,0x00,0x00,0x00,0x00,0x00,0x00,0x00,0x00,0x00,0x00,
  0x00,0x00,0x00,0x00,0x00,0x00,0x00,0x00,0x00,0x00,0x00,0x00,0x00,0x00,0x00,
  0xff,0xff,0x04,0x00,0x00,0x00,0x79,0xce,0x80,0x1c,0xe7,0xff,0x79,0xce,0xfb,
  0x79,0xce,0xfb,0x1c,0xe7,0xff,0x79,0xce,0x80,0x00,0x00,0x00,0xff,0xff,0x04,
  0x00,0x00,0x00,0x00,0x00,0x00,0x00,0x00,0x00,0x00,0x00,0x00,0x00,0x00,0x00,
  0x00,0x00,0x00,0x00,0x00,0x00,0x00,0x00,0x00,0x00,0x00,0x00,0x00,0x00,0x00,
  0xef,0x7b,0x02,0xf7,0xbd,0x04,0xff,0xff,0x02,0x00,0x00,0x00,0x00,0x00,0x00,
  0x00,0x00,0x00,0x38,0xc6,0x12,0xba,0xd6,0x0d,0x00,0x00,0x00,0xff,0xff,0x01,
  0x00,0x00,0x00,0x00,0x00,0x00,0x00,0x00,0x00,0x00,0x00,0x00,0xff,0xff,0x02,
  0xf7,0xbd,0x04,0xff,0xff,0x02,0x00,0x00,0x00,0x00,0x00,0x00,0x00,0x00,0x00,
  0x00,0x00,0x00,0x00,0x00,0x00,0x00,0x00,0x00,0x00,0x00,0x00,0x00,0x00,0x00,
  0x00,0x00,0x00,0x00,0x00,0x00,0x00,0x00,0x00,0x00,0x00,0x00,0x00,0x00,0x00,
  0xff,0xff,0x04,0x00,0x00,0x00,0x79,0xce,0x80,0x1c,0xe7,0xff,0x79,0xce,0xfb,
  0x79,0xce,0xfb,0x1c,0xe7,0xff,0x79,0xce,0x80,0x00,0x00,0x00,0xff,0xff,0x04,
  0x00,0x00,0x00,0x00,0x00,0x00,0x00,0x00,0x00,0x00,0x00,0x00,0x00,0x00,0x00,
  0x00,0x00,0x00,0x00,0x00,0x00,0x00,0x00,0x00,0x00,0x00,0x00,0x00,0x00,0x00,
  0x00,0x00,0x00,0x00,0x00,0x00,0x00,0x00,0x00,0xef,0x7b,0x02,0xff,0xff,0x03,
  0xff,0xff,0x03,0x00,0x00,0x00,0x00,0x00,0x00,0x00,0x00,0x00,0x00,0x00,0x00,
  0x00,0x00,0x00,0x00,0x00,0x00,0x00,0x00,0x00,0xff,0xff,0x01,0x00,0x00,0x00,
  0x00,0x00,0x00,0x00,0x00,0x00,0x00,0x00,0x00,0x00,0x00,0x00,0x00,0x00,0x00,
  0x00,0x00,0x00,0x00,0x00,0x00,0x00,0x00,0x00,0x00,0x00,0x00,0x00,0x00,0x00,
  0x00,0x00,0x00,0x00,0x00,0x00,0x00,0x00,0x00,0x00,0x00,0x00,0x00,0x00,0x00,
  0xff,0xff,0x04,0x00,0x00,0x00,0x79,0xce,0x80,0x1c,0xe7,0xff,0x79,0xce,0xfb,
  0x79,0xce,0xfb,0x1c,0xe7,0xff,0x79,0xce,0x80,0x00,0x00,0x00,0xff,0xff,0x04,
  0x00,0x00,0x00,0x00,0x00,0x00,0x00,0x00,0x00,0x00,0x00,0x00,0x00,0x00,0x00,
  0x00,0x00,0x00,0x00,0x00,0x00,0x00,0x00,0x00,0x00,0x00,0x00,0x00,0x00,0x00,
  0x00,0x00,0x00,0x00,0x00,0x00,0x00,0x00,0x00,0x00,0x00,0x00,0x00,0x00,0x00,
  0x00,0x00,0x00,0xff,0xff,0x01,0x00,0x00,0x00,0x00,0x00,0x00,0x00,0x00,0x00,
  0x00,0x00,0x00,0x00,0x00,0x00,0x00,0x00,0x00,0x00,0x00,0x00,0x00,0x00,0x00,
  0x00,0x00,0x00,0x00,0x00,0x00,0x00,0x00,0x00,0x00,0x00,0x00,0x00,0x00,0x00,
  0x00,0x00,0x00,0x00,0x00,0x00,0x00,0x00,0x00,0x00,0x00,0x00,0x00,0x00,0x00,
  0x00,0x00,0x00,0x00,0x00,0x00,0x00,0x00,0x00,0x00,0x00,0x00,0x00,0x00,0x00,
  0xff,0xff,0x04,0x00,0x00,0x00,0x79,0xce,0x80,0x1c,0xe7,0xff,0x79,0xce,0xfb,
  0x79,0xce,0xfb,0x1c,0xe7,0xff,0x79,0xce,0x80,0x00,0x00,0x00,0xff,0xff,0x04,
  0x00,0x00,0x00,0x00,0x00,0x00,0x00,0x00,0x00,0x00,0x00,0x00,0x00,0x00,0x00,
  0x00,0x00,0x00,0x00,0x00,0x00,0x00,0x00,0x00,0x00,0x00,0x00,0x00,0x00,0x00,
  0x00,0x00,0x00,0x00,0x00,0x00,0x00,0x00,0x00,0x00,0x00,0x00,0x00,0x00,0x00,
  0x00,0x00,0x00,0x00,0x00,0x00,0x00,0x00,0x00,0x00,0x00,0x00,0x00,0x00,0x00,
  0x00,0x00,0x00,0x00,0x00,0x00,0x00,0x00,0x00,0x00,0x00,0x00,0x00,0x00,0x00,
  0x00,0x00,0x00,0x00,0x00,0x00,0x00,0x00,0x00,0x00,0x00,0x00,0x00,0x00,0x00,
  0x00,0x00,0x00,0x00,0x00,0x00,0x00,0x00,0x00,0x00,0x00,0x00,0x00,0x00,0x00,
  0x00,0x00,0x00,0x00,0x00,0x00,0x00,0x00,0x00,0x00,0x00,0x00,0x00,0x00,0x00,
  0xff,0xff,0x04,0x00,0x00,0x00,0x79,0xce,0x80,0x1c,0xe7,0xff,0x79,0xce,0xfb,
  0x79,0xce,0xfb,0x1c,0xe7,0xff,0x79,0xce,0x80,0x00,0x00,0x00,0xff,0xff,0x04,
  0x00,0x00,0x00,0x00,0x00,0x00,0x00,0x00,0x00,0x00,0x00,0x00,0x00,0x00,0x00,
  0x00,0x00,0x00,0x00,0x00,0x00,0x00,0x00,0x00,0x00,0x00,0x00,0x00,0x00,0x00,
  0x00,0x00,0x00,0x00,0x00,0x00,0x00,0x00,0x00,0x00,0x00,0x00,0x00,0x00,0x00,
  0x00,0x00,0x00,0x00,0x00,0x00,0x00,0x00,0x00,0x00,0x00,0x00,0x00,0x00,0x00,
  0x00,0x00,0x00,0x00,0x00,0x00,0x00,0x00,0x00,0x00,0x00,0x00,0x00,0x00,0x00,
  0x00,0x00,0x00,0x00,0x00,0x00,0x00,0x00,0x00,0x00,0x00,0x00,0x00,0x00,0x00,
  0x00,0x00,0x00,0x00,0x00,0x00,0x00,0x00,0x00,0x00,0x00,0x00,0x00,0x00,0x00,
  0x00,0x00,0x00,0x00,0x00,0x00,0x00,0x00,0x00,0x00,0x00,0x00,0x00,0x00,0x00,
  0xff,0xff,0x04,0x00,0x00,0x00,0x79,0xce,0x80,0x1c,0xe7,0xff,0x79,0xce,0xfb,
  0x79,0xce,0xfb,0x1c,0xe7,0xff,0x79,0xce,0x80,0x00,0x00,0x00,0xff,0xff,0x04,
  0x00,0x00,0x00,0x00,0x00,0x00,0x00,0x00,0x00,0x00,0x00,0x00,0x00,0x00,0x00,
  0x00,0x00,0x00,0x00,0x00,0x00,0x00,0x00,0x00,0x00,0x00,0x00,0x00,0x00,0x00,
  0x00,0x00,0x00,0x00,0x00,0x00,0x00,0x00,0x00,0x00,0x00,0x00,0x00,0x00,0x00,
  0x00,0x00,0x00,0x00,0x00,0x00,0x00,0x00,0x00,0x00,0x00,0x00,0x00,0x00,0x00,
  0x00,0x00,0x00,0x00,0x00,0x00,0x00,0x00,0x00,0x00,0x00,0x00,0x00,0x00,0x00,
  0x00,0x00,0x00,0x00,0x00,0x00,0x00,0x00,0x00,0x00,0x00,0x00,0x00,0x00,0x00,
  0x00,0x00,0x00,0x00,0x00,0x00,0x00,0x00,0x00,0x00,0x00,0x00,0x00,0x00,0x00,
  0x00,0x00,0x00,0x00,0x00,0x00,0x00,0x00,0x00,0x00,0x00,0x00,0x00,0x00,0x00,
  0xff,0xff,0x04,0x00,0x00,0x00,0x79,0xce,0x80,0x1c,0xe7,0xff,0x79,0xce,0xfb,
  0x79,0xce,0xfb,0x1c,0xe7,0xff,0x79,0xce,0x80,0x00,0x00,0x00,0xff,0xff,0x04,
  0x00,0x00,0x00,0x00,0x00,0x00,0x00,0x00,0x00,0x00,0x00,0x00,0x00,0x00,0x00,
  0x00,0x00,0x00,0x00,0x00,0x00,0x00,0x00,0x00,0x00,0x00,0x00,0x00,0x00,0x00,
  0x00,0x00,0x00,0x00,0x00,0x00,0x00,0x00,0x00,0x00,0x00,0x00,0x00,0x00,0x00,
  0x00,0x00,0x00,0x00,0x00,0x00,0x00,0x00,0x00,0x00,0x00,0x00,0x00,0x00,0x00,
  0x00,0x00,0x00,0x00,0x00,0x00,0x00,0x00,0x00,0x00,0x00,0x00,0x00,0x00,0x00,
  0x00,0x00,0x00,0x00,0x00,0x00,0x00,0x00,0x00,0x00,0x00,0x00,0x00,0x00,0x00,
  0x00,0x00,0x00,0x00,0x00,0x00,0x00,0x00,0x00,0x00,0x00,0x00,0x00,0x00,0x00,
  0x00,0x00,0x00,0x00,0x00,0x00,0x00,0x00,0x00,0x00,0x00,0x00,0x00,0x00,0x00,
  0xff,0xff,0x04,0x00,0x00,0x00,0x79,0xce,0x80,0x1c,0xe7,0xff,0x79,0xce,0xfb,
  0x79,0xce,0xfb,0x1c,0xe7,0xff,0x79,0xce,0x80,0x00,0x00,0x00,0xff,0xff,0x04,
  0x00,0x00,0x00,0x00,0x00,0x00,0x00,0x00,0x00,0x00,0x00,0x00,0x00,0x00,0x00,
  0x00,0x00,0x00,0x00,0x00,0x00,0x00,0x00,0x00,0x00,0x00,0x00,0x00,0x00,0x00,
  0x00,0x00,0x00,0x00,0x00,0x00,0x00,0x00,0x00,0x00,0x00,0x00,0x00,0x00,0x00,
  0x00,0x00,0x00,0x00,0x00,0x00,0x00,0x00,0x00,0x00,0x00,0x00,0x00,0x00,0x00,
  0x00,0x00,0x00,0x00,0x00,0x00,0x00,0x00,0x00,0x00,0x00,0x00,0x00,0x00,0x00,
  0x00,0x00,0x00,0x00,0x00,0x00,0x00,0x00,0x00,0x00,0x00,0x00,0x00,0x00,0x00,
  0x00,0x00,0x00,0x00,0x00,0x00,0x00,0x00,0x00,0x00,0x00,0x00,0x00,0x00,0x00,
  0x00,0x00,0x00,0x00,0x00,0x00,0x00,0x00,0x00,0x00,0x00,0x00,0x00,0x00,0x00,
  0xff,0xff,0x04,0x00,0x00,0x00,0x79,0xce,0x80,0x1c,0xe7,0xff,0x79,0xce,0xfb,
  0x79,0xce,0xfb,0x1c,0xe7,0xff,0x79,0xce,0x80,0x00,0x00,0x00,0xff,0xff,0x04,
  0x00,0x00,0x00,0x00,0x00,0x00,0x00,0x00,0x00,0x00,0x00,0x00,0x00,0x00,0x00,
  0x00,0x00,0x00,0x00,0x00,0x00,0x00,0x00,0x00,0x00,0x00,0x00,0x00,0x00,0x00,
  0x00,0x00,0x00,0x00,0x00,0x00,0x00,0x00,0x00,0x00,0x00,0x00,0x00,0x00,0x00,
  0x00,0x00,0x00,0x00,0x00,0x00,0x00,0x00,0x00,0x00,0x00,0x00,0x00,0x00,0x00,
  0x00,0x00,0x00,0x00,0x00,0x00,0x00,0x00,0x00,0x00,0x00,0x00,0x00,0x00,0x00,
  0x00,0x00,0x00,0x00,0x00,0x00,0x00,0x00,0x00,0x00,0x00,0x00,0x00,0x00,0x00,
  0x00,0x00,0x00,0x00,0x00,0x00,0x00,0x00,0x00,0x00,0x00,0x00,0x00,0x00,0x00,
  0x00,0x00,0x00,0x00,0x00,0x00,0x00,0x00,0x00,0x00,0x00,0x00,0x00,0x00,0x00,
  0xff,0xff,0x04,0x00,0x00,0x00,0x79,0xce,0x80,0x1c,0xe7,0xff,0x79,0xce,0xfb,
  0x79,0xce,0xfb,0x1c,0xe7,0xff,0x79,0xce,0x80,0x00,0x00,0x00,0xff,0xff,0x04,
  0x00,0x00,0x00,0x00,0x00,0x00,0x00,0x00,0x00,0x00,0x00,0x00,0x00,0x00,0x00,
  0x00,0x00,0x00,0x00,0x00,0x00,0x00,0x00,0x00,0x00,0x00,0x00,0x00,0x00,0x00,
  0x00,0x00,0x00,0x00,0x00,0x00,0x00,0x00,0x00,0x00,0x00,0x00,0x00,0x00,0x00,
  0x00,0x00,0x00,0x00,0x00,0x00,0x00,0x00,0x00,0x00,0x00,0x00,0x00,0x00,0x00,
  0x00,0x00,0x00,0x00,0x00,0x00,0x00,0x00,0x00,0x00,0x00,0x00,0x00,0x00,0x00,
  0x00,0x00,0x00,0x00,0x00,0x00,0x00,0x00,0x00,0x00,0x00,0x00,0x00,0x00,0x00,
  0x00,0x00,0x00,0x00,0x00,0x00,0x00,0x00,0x00,0x00,0x00,0x00,0x00,0x00,0x00,
  0x00,0x00,0x00,0x00,0x00,0x00,0x00,0x00,0x00,0x00,0x00,0x00,0x00,0x00,0x00,
  0xff,0xff,0x04,0x00,0x00,0x00,0x79,0xce,0x80,0x1c,0xe7,0xff,0x79,0xce,0xfb,
  0x79,0xce,0xfb,0x1c,0xe7,0xff,0x79,0xce,0x80,0x00,0x00,0x00,0xff,0xff,0x04,
  0x00,0x00,0x00,0x00,0x00,0x00,0x00,0x00,0x00,0x00,0x00,0x00,0x00,0x00,0x00,
  0x00,0x00,0x00,0x00,0x00,0x00,0x00,0x00,0x00,0x00,0x00,0x00,0x00,0x00,0x00,
  0x00,0x00,0x00,0x00,0x00,0x00,0x00,0x00,0x00,0x00,0x00,0x00,0x00,0x00,0x00,
  0x00,0x00,0x00,0x00,0x00,0x00,0x00,0x00,0x00,0x00,0x00,0x00,0x00,0x00,0x00,
  0x00,0x00,0x00,0x00,0x00,0x00,0x00,0x00,0x00,0x00,0x00,0x00,0x00,0x00,0x00,
  0x00,0x00,0x00,0x00,0x00,0x00,0x00,0x00,0x00,0x00,0x00,0x00,0x00,0x00,0x00,
  0x00,0x00,0x00,0x00,0x00,0x00,0x00,0x00,0x00,0x00,0x00,0x00,0x00,0x00,0x00,
  0x00,0x00,0x00,0x00,0x00,0x00,0x00,0x00,0x00,0x00,0x00,0x00,0x00,0x00,0x00,
  0xff,0xff,0x04,0x00,0x00,0x00,0x79,0xce,0x80,0x1c,0xe7,0xff,0x79,0xce,0xfb,
  0x79,0xce,0xfb,0x1c,0xe7,0xff,0x79,0xce,0x80,0x00,0x00,0x00,0xff,0xff,0x04,
  0x00,0x00,0x00,0x00,0x00,0x00,0x00,0x00,0x00,0x00,0x00,0x00,0x00,0x00,0x00,
  0x00,0x00,0x00,0x00,0x00,0x00,0x00,0x00,0x00,0x00,0x00,0x00,0x00,0x00,0x00,
  0x00,0x00,0x00,0x00,0x00,0x00,0x00,0x00,0x00,0x00,0x00,0x00,0x00,0x00,0x00,
  0x00,0x00,0x00,0x00,0x00,0x00,0x00,0x00,0x00,0x00,0x00,0x00,0x00,0x00,0x00,
  0x00,0x00,0x00,0x00,0x00,0x00,0x00,0x00,0x00,0x00,0x00,0x00,0x00,0x00,0x00,
  0x00,0x00,0x00,0x00,0x00,0x00,0x00,0x00,0x00,0x00,0x00,0x00,0x00,0x00,0x00,
  0x00,0x00,0x00,0x00,0x00,0x00,0x00,0x00,0x00,0x00,0x00,0x00,0x00,0x00,0x00,
  0x00,0x00,0x00,0x00,0x00,0x00,0x00,0x00,0x00,0x00,0x00,0x00,0x00,0x00,0x00,
  0xff,0xff,0x04,0x00,0x00,0x00,0x79,0xce,0x80,0x1c,0xe7,0xff,0x79,0xce,0xfb,
  0x79,0xce,0xfb,0x1c,0xe7,0xff,0x79,0xce,0x80,0x00,0x00,0x00,0xff,0xff,0x04,
  0x00,0x00,0x00,0x00,0x00,0x00,0x00,0x00,0x00,0x00,0x00,0x00,0x00,0x00,0x00,
  0x00,0x00,0x00,0x00,0x00,0x00,0x00,0x00,0x00,0x00,0x00,0x00,0x00,0x00,0x00,
  0x00,0x00,0x00,0x00,0x00,0x00,0x00,0x00,0x00,0x00,0x00,0x00,0x00,0x00,0x00,
  0x00,0x00,0x00,0x00,0x00,0x00,0x00,0x00,0x00,0x00,0x00,0x00,0x00,0x00,0x00,
  0x00,0x00,0x00,0x00,0x00,0x00,0x00,0x00,0x00,0x00,0x00,0x00,0x00,0x00,0x00,
  0x00,0x00,0x00,0x00,0x00,0x00,0x00,0x00,0x00,0x00,0x00,0x00,0x00,0x00,0x00,
  0x00,0x00,0x00,0x00,0x00,0x00,0x00,0x00,0x00,0x00,0x00,0x00,0x00,0x00,0x00,
  0x00,0x00,0x00,0x00,0x00,0x00,0x00,0x00,0x00,0x00,0x00,0x00,0x00,0x00,0x00,
  0xff,0xff,0x04,0x00,0x00,0x00,0x79,0xce,0x80,0x1c,0xe7,0xff,0x79,0xce,0xfb,
  0x79,0xce,0xfb,0x1c,0xe7,0xff,0x79,0xce,0x80,0x00,0x00,0x00,0xff,0xff,0x04,
  0x00,0x00,0x00,0x00,0x00,0x00,0x00,0x00,0x00,0x00,0x00,0x00,0x00,0x00,0x00,
  0x00,0x00,0x00,0x00,0x00,0x00,0x00,0x00,0x00,0x00,0x00,0x00,0x00,0x00,0x00,
  0x00,0x00,0x00,0x00,0x00,0x00,0x00,0x00,0x00,0x00,0x00,0x00,0x00,0x00,0x00,
  0x00,0x00,0x00,0x00,0x00,0x00,0x00,0x00,0x00,0x00,0x00,0x00,0x00,0x00,0x00,
  0x00,0x00,0x00,0x00,0x00,0x00,0x00,0x00,0x00,0x00,0x00,0x00,0x00,0x00,0x00,
  0x00,0x00,0x00,0x00,0x00,0x00,0x00,0x00,0x00,0x00,0x00,0x00,0x00,0x00,0x00,
  0x00,0x00,0x00,0x00,0x00,0x00,0x00,0x00,0x00,0x00,0x00,0x00,0x00,0x00,0x00,
  0x00,0x00,0x00,0x00,0x00,0x00,0x00,0x00,0x00,0x00,0x00,0x00,0x00,0x00,0x00,
  0xff,0xff,0x04,0x00,0x00,0x00,0x79,0xce,0x80,0x1c,0xe7,0xff,0x79,0xce,0xfb,
  0x79,0xce,0xfb,0x1c,0xe7,0xff,0x79,0xce,0x80,0x00,0x00,0x00,0xff,0xff,0x04,
  0x00,0x00,0x00,0x00,0x00,0x00,0x00,0x00,0x00,0x00,0x00,0x00,0x00,0x00,0x00,
  0x00,0x00,0x00,0x00,0x00,0x00,0x00,0x00,0x00,0x00,0x00,0x00,0x00,0x00,0x00,
  0x00,0x00,0x00,0x00,0x00,0x00,0x00,0x00,0x00,0x00,0x00,0x00,0x00,0x00,0x00,
  0x00,0x00,0x00,0x00,0x00,0x00,0x00,0x00,0x00,0x00,0x00,0x00,0x00,0x00,0x00,
  0x00,0x00,0x00,0x00,0x00,0x00,0x00,0x00,0x00,0x00,0x00,0x00,0x00,0x00,0x00,
  0x00,0x00,0x00,0x00,0x00,0x00,0x00,0x00,0x00,0x00,0x00,0x00,0x00,0x00,0x00,
  0x00,0x00,0x00,0x00,0x00,0x00,0x00,0x00,0x00,0x00,0x00,0x00,0x00,0x00,0x00,
  0x00,0x00,0x00,0x00,0x00,0x00,0x00,0x00,0x00,0x00,0x00,0x00,0x00,0x00,0x00,
  0xff,0xff,0x04,0x00,0x00,0x00,0x79,0xce,0x80,0x1c,0xe7,0xff,0x79,0xce,0xfb,
  0x79,0xce,0xfb,0x1c,0xe7,0xff,0x79,0xce,0x80,0x00,0x00,0x00,0xff,0xff,0x04,
  0x00,0x00,0x00,0x00,0x00,0x00,0x00,0x00,0x00,0x00,0x00,0x00,0x00,0x00,0x00,
  0x00,0x00,0x00,0x00,0x00,0x00,0x00,0x00,0x00,0x00,0x00,0x00,0x00,0x00,0x00,
  0x00,0x00,0x00,0x00,0x00,0x00,0x00,0x00,0x00,0x00,0x00,0x00,0x00,0x00,0x00,
  0x00,0x00,0x00,0x00,0x00,0x00,0x00,0x00,0x00,0x00,0x00,0x00,0x00,0x00,0x00,
  0x00,0x00,0x00,0x00,0x00,0x00,0x00,0x00,0x00,0x00,0x00,0x00,0x00,0x00,0x00,
  0x00,0x00,0x00,0x00,0x00,0x00,0x00,0x00,0x00,0x00,0x00,0x00,0x00,0x00,0x00,
  0x00,0x00,0x00,0x00,0x00,0x00,0x00,0x00,0x00,0x00,0x00,0x00,0x00,0x00,0x00,
  0x00,0x00,0x00,0x00,0x00,0x00,0x00,0x00,0x00,0x00,0x00,0x00,0x00,0x00,0x00,
  0xff,0xff,0x04,0x00,0x00,0x00,0x79,0xce,0x80,0x1c,0xe7,0xff,0x79,0xce,0xfb,
  0x79,0xce,0xfb,0x1c,0xe7,0xff,0x79,0xce,0x80,0x00,0x00,0x00,0xff,0xff,0x04,
  0x00,0x00,0x00,0x00,0x00,0x00,0x00,0x00,0x00,0x00,0x00,0x00,0x00,0x00,0x00,
  0x00,0x00,0x00,0x00,0x00,0x00,0x00,0x00,0x00,0x00,0x00,0x00,0x00,0x00,0x00,
  0x00,0x00,0x00,0x00,0x00,0x00,0x00,0x00,0x00,0x00,0x00,0x00,0x00,0x00,0x00,
  0x00,0x00,0x00,0x00,0x00,0x00,0x00,0x00,0x00,0x00,0x00,0x00,0x00,0x00,0x00,
  0x00,0x00,0x00,0x00,0x00,0x00,0x00,0x00,0x00,0x00,0x00,0x00,0x00,0x00,0x00,
  0x00,0x00,0x00,0x00,0x00,0x00,0x00,0x00,0x00,0x00,0x00,0x00,0x00,0x00,0x00,
  0x00,0x00,0x00,0x00,0x00,0x00,0x00,0x00,0x00,0x00,0x00,0x00,0x00,0x00,0x00,
  0x00,0x00,0x00,0x00,0x00,0x00,0x00,0x00,0x00,0x00,0x00,0x00,0x00,0x00,0x00,
  0xff,0xff,0x04,0x00,0x00,0x00,0x79,0xce,0x80,0x1c,0xe7,0xff,0x79,0xce,0xfb,
  0x79,0xce,0xfb,0x1c,0xe7,0xff,0x79,0xce,0x80,0x00,0x00,0x00,0xff,0xff,0x04,
  0x00,0x00,0x00,0x00,0x00,0x00,0x00,0x00,0x00,0x00,0x00,0x00,0x00,0x00,0x00,
  0x00,0x00,0x00,0x00,0x00,0x00,0x00,0x00,0x00,0x00,0x00,0x00,0x00,0x00,0x00,
  0x00,0x00,0x00,0x00,0x00,0x00,0x00,0x00,0x00,0x00,0x00,0x00,0x00,0x00,0x00,
  0x00,0x00,0x00,0x00,0x00,0x00,0x00,0x00,0x00,0x00,0x00,0x00,0x00,0x00,0x00,
  0x00,0x00,0x00,0x00,0x00,0x00,0x00,0x00,0x00,0x00,0x00,0x00,0x00,0x00,0x00,
  0x00,0x00,0x00,0x00,0x00,0x00,0x00,0x00,0x00,0x00,0x00,0x00,0x00,0x00,0x00,
  0x00,0x00,0x00,0x00,0x00,0x00,0x00,0x00,0x00,0x00,0x00,0x00,0x00,0x00,0x00,
  0x00,0x00,0x00,0x00,0x00,0x00,0x00,0x00,0x00,0x00,0x00,0x00,0x00,0x00,0x00,
  0xff,0xff,0x04,0x00,0x00,0x00,0x79,0xce,0x80,0x1c,0xe7,0xff,0x79,0xce,0xfb,
  0x79,0xce,0xfb,0x1c,0xe7,0xff,0x79,0xce,0x80,0x00,0x00,0x00,0xff,0xff,0x04,
  0x00,0x00,0x00,0x00,0x00,0x00,0x00,0x00,0x00,0x00,0x00,0x00,0x00,0x00,0x00,
  0x00,0x00,0x00,0x00,0x00,0x00,0x00,0x00,0x00,0x00,0x00,0x00,0x00,0x00,0x00,
  0x00,0x00,0x00,0x00,0x00,0x00,0x00,0x00,0x00,0x00,0x00,0x00,0x00,0x00,0x00,
  0x00,0x00,0x00,0x00,0x00,0x00,0x00,0x00,0x00,0x00,0x00,0x00,0x00,0x00,0x00,
  0x00,0x00,0x00,0x00,0x00,0x00,0x00,0x00,0x00,0x00,0x00,0x00,0x00,0x00,0x00,
  0x00,0x00,0x00,0x00,0x00,0x00,0x00,0x00,0x00,0x00,0x00,0x00,0x00,0x00,0x00,
  0x00,0x00,0x00,0x00,0x00,0x00,0x00,0x00,0x00,0x00,0x00,0x00,0x00,0x00,0x00,
  0x00,0x00,0x00,0x00,0x00,0x00,0x00,0x00,0x00,0x00,0x00,0x00,0x00,0x00,0x00,
  0xff,0xff,0x04,0x00,0x00,0x00,0x79,0xce,0x80,0x1c,0xe7,0xff,0x79,0xce,0xfb,
  0x79,0xce,0xfb,0x1c,0xe7,0xff,0x79,0xce,0x80,0x00,0x00,0x00,0xff,0xff,0x04,
  0x00,0x00,0x00,0x00,0x00,0x00,0x00,0x00,0x00,0x00,0x00,0x00,0x00,0x00,0x00,
  0x00,0x00,0x00,0x00,0x00,0x00,0x00,0x00,0x00,0x00,0x00,0x00,0x00,0x00,0x00,
  0x00,0x00,0x00,0x00,0x00,0x00,0x00,0x00,0x00,0x00,0x00,0x00,0x00,0x00,0x00,
  0x00,0x00,0x00,0x00,0x00,0x00,0x00,0x00,0x00,0x00,0x00,0x00,0x00,0x00,0x00,
  0x00,0x00,0x00,0x00,0x00,0x00,0x00,0x00,0x00,0x00,0x00,0x00,0x00,0x00,0x00,
  0x00,0x00,0x00,0x00,0x00,0x00,0x00,0x00,0x00,0x00,0x00,0x00,0x00,0x00,0x00,
  0x00,0x00,0x00,0x00,0x00,0x00,0x00,0x00,0x00,0x00,0x00,0x00,0x00,0x00,0x00,
  0x00,0x00,0x00,0x00,0x00,0x00,0x00,0x00,0x00,0x00,0x00,0x00,0x00,0x00,0x00,
  0xff,0xff,0x04,0x00,0x00,0x00,0x79,0xce,0x80,0x1c,0xe7,0xff,0x79,0xce,0xfb,
  0x79,0xce,0xfb,0x1c,0xe7,0xff,0x79,0xce,0x80,0x00,0x00,0x00,0xff,0xff,0x04,
  0x00,0x00,0x00,0x00,0x00,0x00,0x00,0x00,0x00,0x00,0x00,0x00,0x00,0x00,0x00,
  0x00,0x00,0x00,0x00,0x00,0x00,0x00,0x00,0x00,0x00,0x00,0x00,0x00,0x00,0x00,
  0x00,0x00,0x00,0x00,0x00,0x00,0x00,0x00,0x00,0x00,0x00,0x00,0x00,0x00,0x00,
  0x00,0x00,0x00,0x00,0x00,0x00,0x00,0x00,0x00,0x00,0x00,0x00,0x00,0x00,0x00,
  0x00,0x00,0x00,0x00,0x00,0x00,0x00,0x00,0x00,0x00,0x00,0x00,0x00,0x00,0x00,
  0x00,0x00,0x00,0x00,0x00,0x00,0x00,0x00,0x00,0x00,0x00,0x00,0x00,0x00,0x00,
  0x00,0x00,0x00,0x00,0x00,0x00,0x00,0x00,0x00,0x00,0x00,0x00,0x00,0x00,0x00,
  0x00,0x00,0x00,0x00,0x00,0x00,0x00,0x00,0x00,0x00,0x00,0x00,0x00,0x00,0x00,
  0xff,0xff,0x04,0x00,0x00,0x00,0x79,0xce,0x80,0x1c,0xe7,0xff,0x79,0xce,0xfb,
  0x79,0xce,0xfb,0x1c,0xe7,0xff,0x79,0xce,0x80,0x00,0x00,0x00,0xff,0xff,0x04,
  0x00,0x00,0x00,0x00,0x00,0x00,0x00,0x00,0x00,0x00,0x00,0x00,0x00,0x00,0x00,
  0x00,0x00,0x00,0x00,0x00,0x00,0x00,0x00,0x00,0x00,0x00,0x00,0x00,0x00,0x00,
  0x00,0x00,0x00,0x00,0x00,0x00,0x00,0x00,0x00,0x00,0x00,0x00,0x00,0x00,0x00,
  0x00,0x00,0x00,0x00,0x00,0x00,0x00,0x00,0x00,0x00,0x00,0x00,0x00,0x00,0x00,
  0x00,0x00,0x00,0x00,0x00,0x00,0x00,0x00,0x00,0x00,0x00,0x00,0x00,0x00,0x00,
  0x00,0x00,0x00,0x00,0x00,0x00,0x00,0x00,0x00,0x00,0x00,0x00,0x00,0x00,0x00,
  0x00,0x00,0x00,0x00,0x00,0x00,0x00,0x00,0x00,0x00,0x00,0x00,0x00,0x00,0x00,
  0x00,0x00,0x00,0x00,0x00,0x00,0x00,0x00,0x00,0x00,0x00,0x00,0x00,0x00,0x00,
  0xff,0xff,0x04,0x00,0x00,0x00,0x79,0xce,0x80,0x1c,0xe7,0xff,0x79,0xce,0xfb,
  0x79,0xce,0xfb,0x1c,0xe7,0xff,0x79,0xce,0x80,0x00,0x00,0x00,0xff,0xff,0x04,
  0x00,0x00,0x00,0x00,0x00,0x00,0x00,0x00,0x00,0x00,0x00,0x00,0x00,0x00,0x00,
  0x00,0x00,0x00,0x00,0x00,0x00,0x00,0x00,0x00,0x00,0x00,0x00,0x00,0x00,0x00,
  0x00,0x00,0x00,0x00,0x00,0x00,0x00,0x00,0x00,0x00,0x00,0x00,0x00,0x00,0x00,
  0x00,0x00,0x00,0x00,0x00,0x00,0x00,0x00,0x00,0x00,0x00,0x00,0x00,0x00,0x00,
  0x00,0x00,0x00,0x00,0x00,0x00,0x00,0x00,0x00,0x00,0x00,0x00,0x00,0x00,0x00,
  0x00,0x00,0x00,0x00,0x00,0x00,0x00,0x00,0x00,0x00,0x00,0x00,0x00,0x00,0x00,
  0x00,0x00,0x00,0x00,0x00,0x00,0x00,0x00,0x00,0x00,0x00,0x00,0x00,0x00,0x00,
  0x00,0x00,0x00,0x00,0x00,0x00,0x00,0x00,0x00,0x00,0x00,0x00,0x00,0x00,0x00,
  0xff,0xff,0x04,0x00,0x00,0x00,0x79,0xce,0x80,0x1c,0xe7,0xff,0x79,0xce,0xfb,
  0x79,0xce,0xfb,0x1c,0xe7,0xff,0x79,0xce,0x80,0x00,0x00,0x00,0xff,0xff,0x04,
  0x00,0x00,0x00,0x00,0x00,0x00,0x00,0x00,0x00,0x00,0x00,0x00,0x00,0x00,0x00,
  0x00,0x00,0x00,0x00,0x00,0x00,0x00,0x00,0x00,0x00,0x00,0x00,0x00,0x00,0x00,
  0x00,0x00,0x00,0x00,0x00,0x00,0x00,0x00,0x00,0x00,0x00,0x00,0x00,0x00,0x00,
  0x00,0x00,0x00,0x00,0x00,0x00,0x00,0x00,0x00,0x00,0x00,0x00,0x00,0x00,0x00,
  0x00,0x00,0x00,0x00,0x00,0x00,0x00,0x00,0x00,0x00,0x00,0x00,0x00,0x00,0x00,
  0x00,0x00,0x00,0x00,0x00,0x00,0x00,0x00,0x00,0x00,0x00,0x00,0x00,0x00,0x00,
  0x00,0x00,0x00,0x00,0x00,0x00,0x00,0x00,0x00,0x00,0x00,0x00,0x00,0x00,0x00,
  0x00,0x00,0x00,0x00,0x00,0x00,0x00,0x00,0x00,0x00,0x00,0x00,0x00,0x00,0x00,
  0xff,0xff,0x04,0x00,0x00,0x00,0x79,0xce,0x80,0x1c,0xe7,0xff,0x79,0xce,0xfb,
  0x79,0xce,0xfb,0x1c,0xe7,0xff,0x79,0xce,0x80,0x00,0x00,0x00,0xff,0xff,0x04,
  0x00,0x00,0x00,0x00,0x00,0x00,0x00,0x00,0x00,0x00,0x00,0x00,0x00,0x00,0x00,
  0x00,0x00,0x00,0x00,0x00,0x00,0x00,0x00,0x00,0x00,0x00,0x00,0x00,0x00,0x00,
  0x00,0x00,0x00,0x00,0x00,0x00,0x00,0x00,0x00,0x00,0x00,0x00,0x00,0x00,0x00,
  0x00,0x00,0x00,0x00,0x00,0x00,0x00,0x00,0x00,0x00,0x00,0x00,0x00,0x00,0x00,
  0x00,0x00,0x00,0x00,0x00,0x00,0x00,0x00,0x00,0x00,0x00,0x00,0x00,0x00,0x00,
  0x00,0x00,0x00,0x00,0x00,0x00,0x00,0x00,0x00,0x00,0x00,0x00,0x00,0x00,0x00,
  0x00,0x00,0x00,0x00,0x00,0x00,0x00,0x00,0x00,0x00,0x00,0x00,0x00,0x00,0x00,
  0x00,0x00,0x00,0x00,0x00,0x00,0x00,0x00,0x00,0x00,0x00,0x00,0x00,0x00,0x00,
  0xff,0xff,0x04,0x00,0x00,0x00,0x79,0xce,0x80,0x1c,0xe7,0xff,0x79,0xce,0xfb,
  0x79,0xce,0xfb,0x1c,0xe7,0xff,0x79,0xce,0x80,0x00,0x00,0x00,0xff,0xff,0x04,
  0x00,0x00,0x00,0x00,0x00,0x00,0x00,0x00,0x00,0x00,0x00,0x00,0x00,0x00,0x00,
  0x00,0x00,0x00,0x00,0x00,0x00,0x00,0x00,0x00,0x00,0x00,0x00,0x00,0x00,0x00,
  0x00,0x00,0x00,0x00,0x00,0x00,0x00,0x00,0x00,0x00,0x00,0x00,0x00,0x00,0x00,
  0x00,0x00,0x00,0x00,0x00,0x00,0x00,0x00,0x00,0x00,0x00,0x00,0x00,0x00,0x00,
  0x00,0x00,0x00,0x00,0x00,0x00,0x00,0x00,0x00,0x00,0x00,0x00,0x00,0x00,0x00,
  0x00,0x00,0x00,0x00,0x00,0x00,0x00,0x00,0x00,0x00,0x00,0x00,0x00,0x00,0x00,
  0x00,0x00,0x00,0x00,0x00,0x00,0x00,0x00,0x00,0x00,0x00,0x00,0x00,0x00,0x00,
  0x00,0x00,0x00,0x00,0x00,0x00,0x00,0x00,0x00,0x00,0x00,0x00,0x00,0x00,0x00,
  0xff,0xff,0x04,0x00,0x00,0x00,0x79,0xce,0x80,0x1c,0xe7,0xff,0x79,0xce,0xfb,
  0x79,0xce,0xfb,0x1c,0xe7,0xff,0x79,0xce,0x80,0x00,0x00,0x00,0xff,0xff,0x04,
  0x00,0x00,0x00,0x00,0x00,0x00,0x00,0x00,0x00,0x00,0x00,0x00,0x00,0x00,0x00,
  0x00,0x00,0x00,0x00,0x00,0x00,0x00,0x00,0x00,0x00,0x00,0x00,0x00,0x00,0x00,
  0x00,0x00,0x00,0x00,0x00,0x00,0x00,0x00,0x00,0x00,0x00,0x00,0x00,0x00,0x00,
  0x00,0x00,0x00,0x00,0x00,0x00,0x00,0x00,0x00,0x00,0x00,0x00,0x00,0x00,0x00,
  0x00,0x00,0x00,0x00,0x00,0x00,0x00,0x00,0x00,0x00,0x00,0x00,0x00,0x00,0x00,
  0x00,0x00,0x00,0x00,0x00,0x00,0x00,0x00,0x00,0x00,0x00,0x00,0x00,0x00,0x00,
  0x00,0x00,0x00,0x00,0x00,0x00,0x00,0x00,0x00,0x00,0x00,0x00,0x00,0x00,0x00,
  0x00,0x00,0x00,0x00,0x00,0x00,0x00,0x00,0x00,0x00,0x00,0x00,0x00,0x00,0x00,
  0xff,0xff,0x04,0x00,0x00,0x00,0x79,0xce,0x80,0x1c,0xe7,0xff,0x79,0xce,0xfb,
  0x79,0xce,0xfb,0x1c,0xe7,0xff,0x79,0xce,0x80,0x00,0x00,0x00,0xff,0xff,0x04,
  0x00,0x00,0x00,0x00,0x00,0x00,0x00,0x00,0x00,0x00,0x00,0x00,0x00,0x00,0x00,
  0x00,0x00,0x00,0x00,0x00,0x00,0x00,0x00,0x00,0x00,0x00,0x00,0x00,0x00,0x00,
  0x00,0x00,0x00,0x00,0x00,0x00,0x00,0x00,0x00,0x00,0x00,0x00,0x00,0x00,0x00,
  0x00,0x00,0x00,0x00,0x00,0x00,0x00,0x00,0x00,0x00,0x00,0x00,0x00,0x00,0x00,
  0x00,0x00,0x00,0x00,0x00,0x00,0x00,0x00,0x00,0x00,0x00,0x00,0x00,0x00,0x00,
  0x00,0x00,0x00,0x00,0x00,0x00,0x00,0x00,0x00,0x00,0x00,0x00,0x00,0x00,0x00,
  0x00,0x00,0x00,0x00,0x00,0x00,0x00,0x00,0x00,0x00,0x00,0x00,0x00,0x00,0x00,
  0x00,0x00,0x00,0x00,0x00,0x00,0x00,0x00,0x00,0x00,0x00,0x00,0x00,0x00,0x00,
  0xff,0xff,0x04,0x00,0x00,0x00,0x79,0xce,0x80,0x1c,0xe7,0xff,0x79,0xce,0xfb,
  0x79,0xce,0xfb,0x1c,0xe7,0xff,0x79,0xce,0x80,0x00,0x00,0x00,0xff,0xff,0x04,
  0x00,0x00,0x00,0x00,0x00,0x00,0x00,0x00,0x00,0x00,0x00,0x00,0x00,0x00,0x00,
  0x00,0x00,0x00,0x00,0x00,0x00,0x00,0x00,0x00,0x00,0x00,0x00,0x00,0x00,0x00,
  0x00,0x00,0x00,0x00,0x00,0x00,0x00,0x00,0x00,0x00,0x00,0x00,0x00,0x00,0x00,
  0x00,0x00,0x00,0x00,0x00,0x00,0x00,0x00,0x00,0x00,0x00,0x00,0x00,0x00,0x00,
  0x00,0x00,0x00,0x00,0x00,0x00,0x00,0x00,0x00,0x00,0x00,0x00,0x00,0x00,0x00,
  0x00,0x00,0x00,0x00,0x00,0x00,0x00,0x00,0x00,0x00,0x00,0x00,0x00,0x00,0x00,
  0x00,0x00,0x00,0x00,0x00,0x00,0x00,0x00,0x00,0x00,0x00,0x00,0x00,0x00,0x00,
  0x00,0x00,0x00,0x00,0x00,0x00,0x00,0x00,0x00,0x00,0x00,0x00,0x00,0x00,0x00,
  0xff,0xff,0x04,0x00,0x00,0x00,0x79,0xce,0x80,0x1c,0xe7,0xff,0x79,0xce,0xfb,
  0x79,0xce,0xfb,0x1c,0xe7,0xff,0x79,0xce,0x80,0x00,0x00,0x00,0xff,0xff,0x04,
  0x00,0x00,0x00,0x00,0x00,0x00,0x00,0x00,0x00,0x00,0x00,0x00,0x00,0x00,0x00,
  0x00,0x00,0x00,0x00,0x00,0x00,0x00,0x00,0x00,0x00,0x00,0x00,0x00,0x00,0x00,
  0x00,0x00,0x00,0x00,0x00,0x00,0x00,0x00,0x00,0x00,0x00,0x00,0x00,0x00,0x00,
  0x00,0x00,0x00,0x00,0x00,0x00,0x00,0x00,0x00,0x00,0x00,0x00,0x00,0x00,0x00,
  0x00,0x00,0x00,0x00,0x00,0x00,0x00,0x00,0x00,0x00,0x00,0x00,0x00,0x00,0x00,
  0x00,0x00,0x00,0x00,0x00,0x00,0x00,0x00,0x00,0x00,0x00,0x00,0x00,0x00,0x00,
  0x00,0x00,0x00,0x00,0x00,0x00,0x00,0x00,0x00,0x00,0x00,0x00,0x00,0x00,0x00,
  0x00,0x00,0x00,0x00,0x00,0x00,0x00,0x00,0x00,0x00,0x00,0x00,0x00,0x00,0x00,
  0xff,0xff,0x04,0x00,0x00,0x00,0x79,0xce,0x80,0x1c,0xe7,0xff,0x79,0xce,0xfb,
  0x79,0xce,0xfb,0x1c,0xe7,0xff,0x79,0xce,0x80,0x00,0x00,0x00,0xff,0xff,0x04,
  0x00,0x00,0x00,0x00,0x00,0x00,0x00,0x00,0x00,0x00,0x00,0x00,0x00,0x00,0x00,
  0x00,0x00,0x00,0x00,0x00,0x00,0x00,0x00,0x00,0x00,0x00,0x00,0x00,0x00,0x00,
  0x00,0x00,0x00,0x00,0x00,0x00,0x00,0x00,0x00,0x00,0x00,0x00,0x00,0x00,0x00,
  0x00,0x00,0x00,0x00,0x00,0x00,0x00,0x00,0x00,0x00,0x00,0x00,0x00,0x00,0x00,
  0x00,0x00,0x00,0x00,0x00,0x00,0x00,0x00,0x00,0x00,0x00,0x00,0x00,0x00,0x00,
  0x00,0x00,0x00,0x00,0x00,0x00,0x00,0x00,0x00,0x00,0x00,0x00,0x00,0x00,0x00,
  0x00,0x00,0x00,0x00,0x00,0x00,0x00,0x00,0x00,0x00,0x00,0x00,0x00,0x00,0x00,
  0x00,0x00,0x00,0x00,0x00,0x00,0x00,0x00,0x00,0x00,0x00,0x00,0x00,0x00,0x00,
  0xff,0xff,0x04,0x00,0x00,0x00,0x79,0xce,0x80,0x1c,0xe7,0xff,0x79,0xce,0xfb,
  0x79,0xce,0xfb,0x1c,0xe7,0xff,0x79,0xce,0x80,0x00,0x00,0x00,0xff,0xff,0x04,
  0x00,0x00,0x00,0x00,0x00,0x00,0x00,0x00,0x00,0x00,0x00,0x00,0x00,0x00,0x00,
  0x00,0x00,0x00,0x00,0x00,0x00,0x00,0x00,0x00,0x00,0x00,0x00,0x00,0x00,0x00,
  0x00,0x00,0x00,0x00,0x00,0x00,0x00,0x00,0x00,0x00,0x00,0x00,0x00,0x00,0x00,
  0x00,0x00,0x00,0x00,0x00,0x00,0x00,0x00,0x00,0x00,0x00,0x00,0x00,0x00,0x00,
  0x00,0x00,0x00,0x00,0x00,0x00,0x00,0x00,0x00,0x00,0x00,0x00,0x00,0x00,0x00,
  0x00,0x00,0x00,0x00,0x00,0x00,0x00,0x00,0x00,0x00,0x00,0x00,0x00,0x00,0x00,
  0x00,0x00,0x00,0x00,0x00,0x00,0x00,0x00,0x00,0x00,0x00,0x00,0x00,0x00,0x00,
  0x00,0x00,0x00,0x00,0x00,0x00,0x00,0x00,0x00,0x00,0x00,0x00,0x00,0x00,0x00,
  0xff,0xff,0x04,0x00,0x00,0x00,0x79,0xce,0x80,0x1c,0xe7,0xff,0x79,0xce,0xfb,
  0x79,0xce,0xfb,0x1c,0xe7,0xff,0x79,0xce,0x80,0x00,0x00,0x00,0xff,0xff,0x04,
  0x00,0x00,0x00,0x00,0x00,0x00,0x00,0x00,0x00,0x00,0x00,0x00,0x00,0x00,0x00,
  0x00,0x00,0x00,0x00,0x00,0x00,0x00,0x00,0x00,0x00,0x00,0x00,0x00,0x00,0x00,
  0x00,0x00,0x00,0x00,0x00,0x00,0x00,0x00,0x00,0x00,0x00,0x00,0x00,0x00,0x00,
  0x00,0x00,0x00,0x00,0x00,0x00,0x00,0x00,0x00,0x00,0x00,0x00,0x00,0x00,0x00,
  0x00,0x00,0x00,0x00,0x00,0x00,0x00,0x00,0x00,0x00,0x00,0x00,0x00,0x00,0x00,
  0x00,0x00,0x00,0x00,0x00,0x00,0x00,0x00,0x00,0x00,0x00,0x00,0x00,0x00,0x00,
  0x00,0x00,0x00,0x00,0x00,0x00,0x00,0x00,0x00,0x00,0x00,0x00,0x00,0x00,0x00,
  0x00,0x00,0x00,0x00,0x00,0x00,0x00,0x00,0x00,0x00,0x00,0x00,0x00,0x00,0x00,
  0xff,0xff,0x04,0x00,0x00,0x00,0x79,0xce,0x80,0x1c,0xe7,0xff,0x79,0xce,0xfb,
  0x79,0xce,0xfb,0x1c,0xe7,0xff,0x79,0xce,0x80,0x00,0x00,0x00,0xff,0xff,0x04,
  0x00,0x00,0x00,0x00,0x00,0x00,0x00,0x00,0x00,0x00,0x00,0x00,0x00,0x00,0x00,
  0x00,0x00,0x00,0x00,0x00,0x00,0x00,0x00,0x00,0x00,0x00,0x00,0x00,0x00,0x00,
  0x00,0x00,0x00,0x00,0x00,0x00,0x00,0x00,0x00,0x00,0x00,0x00,0x00,0x00,0x00,
  0x00,0x00,0x00,0x00,0x00,0x00,0x00,0x00,0x00,0x00,0x00,0x00,0x00,0x00,0x00,
  0x00,0x00,0x00,0x00,0x00,0x00,0x00,0x00,0x00,0x00,0x00,0x00,0x00,0x00,0x00,
  0x00,0x00,0x00,0x00,0x00,0x00,0x00,0x00,0x00,0x00,0x00,0x00,0x00,0x00,0x00,
  0x00,0x00,0x00,0x00,0x00,0x00,0x00,0x00,0x00,0x00,0x00,0x00,0x00,0x00,0x00,
  0x00,0x00,0x00,0x00,0x00,0x00,0x00,0x00,0x00,0x00,0x00,0x00,0x00,0x00,0x00,
  0xff,0xff,0x04,0x00,0x00,0x00,0x79,0xce,0x80,0x1c,0xe7,0xff,0x79,0xce,0xfb,
  0x79,0xce,0xfb,0x1c,0xe7,0xff,0x79,0xce,0x80,0x00,0x00,0x00,0xff,0xff,0x04,
  0x00,0x00,0x00,0x00,0x00,0x00,0x00,0x00,0x00,0x00,0x00,0x00,0x00,0x00,0x00,
  0x00,0x00,0x00,0x00,0x00,0x00,0x00,0x00,0x00,0x00,0x00,0x00,0x00,0x00,0x00,
  0x00,0x00,0x00,0x00,0x00,0x00,0x00,0x00,0x00,0x00,0x00,0x00,0x00,0x00,0x00,
  0x00,0x00,0x00,0x00,0x00,0x00,0x00,0x00,0x00,0x00,0x00,0x00,0x00,0x00,0x00,
  0x00,0x00,0x00,0x00,0x00,0x00,0x00,0x00,0x00,0x00,0x00,0x00,0x00,0x00,0x00,
  0x00,0x00,0x00,0x00,0x00,0x00,0x00,0x00,0x00,0x00,0x00,0x00,0x00,0x00,0x00,
  0x00,0x00,0x00,0x00,0x00,0x00,0x00,0x00,0x00,0x00,0x00,0x00,0x00,0x00,0x00,
  0x00,0x00,0x00,0x00,0x00,0x00,0x00,0x00,0x00,0x00,0x00,0x00,0x00,0x00,0x00,
  0xff,0xff,0x04,0x00,0x00,0x00,0x79,0xce,0x80,0x1c,0xe7,0xff,0x79,0xce,0xfb,
  0x79,0xce,0xfb,0x1c,0xe7,0xff,0x79,0xce,0x80,0x00,0x00,0x00,0xff,0xff,0x04,
  0x00,0x00,0x00,0x00,0x00,0x00,0x00,0x00,0x00,0x00,0x00,0x00,0x00,0x00,0x00,
  0x00,0x00,0x00,0x00,0x00,0x00,0x00,0x00,0x00,0x00,0x00,0x00,0x00,0x00,0x00,
  0x00,0x00,0x00,0x00,0x00,0x00,0x00,0x00,0x00,0x00,0x00,0x00,0x00,0x00,0x00,
  0x00,0x00,0x00,0x00,0x00,0x00,0x00,0x00,0x00,0x00,0x00,0x00,0x00,0x00,0x00,
  0x00,0x00,0x00,0x00,0x00,0x00,0x00,0x00,0x00,0x00,0x00,0x00,0x00,0x00,0x00,
  0x00,0x00,0x00,0x00,0x00,0x00,0x00,0x00,0x00,0x00,0x00,0x00,0x00,0x00,0x00,
  0x00,0x00,0x00,0x00,0x00,0x00,0x00,0x00,0x00,0x00,0x00,0x00,0x00,0x00,0x00,
  0x00,0x00,0x00,0x00,0x00,0x00,0x00,0x00,0x00,0x00,0x00,0x00,0x00,0x00,0x00,
  0xff,0xff,0x04,0x00,0x00,0x00,0x79,0xce,0x80,0x1c,0xe7,0xff,0x79,0xce,0xfb,
  0x79,0xce,0xfb,0x1c,0xe7,0xff,0x79,0xce,0x80,0x00,0x00,0x00,0xff,0xff,0x04,
  0x00,0x00,0x00,0x00,0x00,0x00,0x00,0x00,0x00,0x00,0x00,0x00,0x00,0x00,0x00,
  0x00,0x00,0x00,0x00,0x00,0x00,0x00,0x00,0x00,0x00,0x00,0x00,0x00,0x00,0x00,
  0x00,0x00,0x00,0x00,0x00,0x00,0x00,0x00,0x00,0x00,0x00,0x00,0x00,0x00,0x00,
  0x00,0x00,0x00,0x00,0x00,0x00,0x00,0x00,0x00,0x00,0x00,0x00,0x00,0x00,0x00,
  0x00,0x00,0x00,0x00,0x00,0x00,0x00,0x00,0x00,0x00,0x00,0x00,0x00,0x00,0x00,
  0x00,0x00,0x00,0x00,0x00,0x00,0x00,0x00,0x00,0x00,0x00,0x00,0x00,0x00,0x00,
  0x00,0x00,0x00,0x00,0x00,0x00,0x00,0x00,0x00,0x00,0x00,0x00,0x00,0x00,0x00,
  0x00,0x00,0x00,0x00,0x00,0x00,0x00,0x00,0x00,0x00,0x00,0x00,0x00,0x00,0x00,
  0xff,0xff,0x04,0x00,0x00,0x00,0x79,0xce,0x80,0x1c,0xe7,0xff,0x79,0xce,0xfb,
  0x79,0xce,0xfb,0x1c,0xe7,0xff,0x79,0xce,0x80,0x00,0x00,0x00,0xff,0xff,0x04,
  0x00,0x00,0x00,0x00,0x00,0x00,0x00,0x00,0x00,0x00,0x00,0x00,0x00,0x00,0x00,
  0x00,0x00,0x00,0x00,0x00,0x00,0x00,0x00,0x00,0x00,0x00,0x00,0x00,0x00,0x00,
  0x00,0x00,0x00,0x00,0x00,0x00,0x00,0x00,0x00,0x00,0x00,0x00,0x00,0x00,0x00,
  0x00,0x00,0x00,0x00,0x00,0x00,0x00,0x00,0x00,0x00,0x00,0x00,0x00,0x00,0x00,
  0x00,0x00,0x00,0x00,0x00,0x00,0x00,0x00,0x00,0x00,0x00,0x00,0x00,0x00,0x00,
  0x00,0x00,0x00,0x00,0x00,0x00,0x00,0x00,0x00,0x00,0x00,0x00,0x00,0x00,0x00,
  0x00,0x00,0x00,0x00,0x00,0x00,0x00,0x00,0x00,0x00,0x00,0x00,0x00,0x00,0x00,
  0x00,0x00,0x00,0x00,0x00,0x00,0x00,0x00,0x00,0x00,0x00,0x00,0x00,0x00,0x00,
  0xff,0xff,0x04,0x00,0x00,0x00,0x79,0xce,0x80,0x1c,0xe7,0xff,0x79,0xce,0xfb,
  0x79,0xce,0xfb,0x1c,0xe7,0xff,0x79,0xce,0x80,0x00,0x00,0x00,0xff,0xff,0x04,
  0x00,0x00,0x00,0x00,0x00,0x00,0x00,0x00,0x00,0x00,0x00,0x00,0x00,0x00,0x00,
  0x00,0x00,0x00,0x00,0x00,0x00,0x00,0x00,0x00,0x00,0x00,0x00,0x00,0x00,0x00,
  0x00,0x00,0x00,0x00,0x00,0x00,0x00,0x00,0x00,0x00,0x00,0x00,0x00,0x00,0x00,
  0x00,0x00,0x00,0x00,0x00,0x00,0x00,0x00,0x00,0x00,0x00,0x00,0x00,0x00,0x00,
  0x00,0x00,0x00,0x00,0x00,0x00,0x00,0x00,0x00,0x00,0x00,0x00,0x00,0x00,0x00,
  0x00,0x00,0x00,0x00,0x00,0x00,0x00,0x00,0x00,0x00,0x00,0x00,0x00,0x00,0x00,
  0x00,0x00,0x00,0x00,0x00,0x00,0x00,0x00,0x00,0x00,0x00,0x00,0x00,0x00,0x00,
  0x00,0x00,0x00,0x00,0x00,0x00,0x00,0x00,0x00,0x00,0x00,0x00,0x00,0x00,0x00,
  0xff,0xff,0x04,0x00,0x00,0x00,0x79,0xce,0x80,0x1c,0xe7,0xff,0x79,0xce,0xfb,
  0x79,0xce,0xfb,0x1c,0xe7,0xff,0x79,0xce,0x80,0x00,0x00,0x00,0xff,0xff,0x04,
  0x00,0x00,0x00,0x00,0x00,0x00,0x00,0x00,0x00,0x00,0x00,0x00,0x00,0x00,0x00,
  0x00,0x00,0x00,0x00,0x00,0x00,0x00,0x00,0x00,0x00,0x00,0x00,0x00,0x00,0x00,
  0x00,0x00,0x00,0x00,0x00,0x00,0x00,0x00,0x00,0x00,0x00,0x00,0x00,0x00,0x00,
  0x00,0x00,0x00,0x00,0x00,0x00,0x00,0x00,0x00,0x00,0x00,0x00,0x00,0x00,0x00,
  0x00,0x00,0x00,0x00,0x00,0x00,0x00,0x00,0x00,0x00,0x00,0x00,0x00,0x00,0x00,
  0x00,0x00,0x00,0x00,0x00,0x00,0x00,0x00,0x00,0x00,0x00,0x00,0x00,0x00,0x00,
  0x00,0x00,0x00,0x00,0x00,0x00,0x00,0x00,0x00,0x00,0x00,0x00,0x00,0x00,0x00,
  0x00,0x00,0x00,0x00,0x00,0x00,0x00,0x00,0x00,0x00,0x00,0x00,0x00,0x00,0x00,
  0xff,0xff,0x04,0x00,0x00,0x00,0x79,0xce,0x80,0x1c,0xe7,0xff,0x79,0xce,0xfb,
  0x79,0xce,0xfb,0x1c,0xe7,0xff,0x79,0xce,0x80,0x00,0x00,0x00,0xff,0xff,0x04,
  0x00,0x00,0x00,0x00,0x00,0x00,0x00,0x00,0x00,0x00,0x00,0x00,0x00,0x00,0x00,
  0x00,0x00,0x00,0x00,0x00,0x00,0x00,0x00,0x00,0x00,0x00,0x00,0x00,0x00,0x00,
  0x00,0x00,0x00,0x00,0x00,0x00,0x00,0x00,0x00,0x00,0x00,0x00,0x00,0x00,0x00,
  0x00,0x00,0x00,0x00,0x00,0x00,0x00,0x00,0x00,0x00,0x00,0x00,0x00,0x00,0x00,
  0x00,0x00,0x00,0x00,0x00,0x00,0x00,0x00,0x00,0x00,0x00,0x00,0x00,0x00,0x00,
  0x00,0x00,0x00,0x00,0x00,0x00,0x00,0x00,0x00,0x00,0x00,0x00,0x00,0x00,0x00,
  0x00,0x00,0x00,0x00,0x00,0x00,0x00,0x00,0x00,0x00,0x00,0x00,0x00,0x00,0x00,
  0x00,0x00,0x00,0x00,0x00,0x00,0x00,0x00,0x00,0x00,0x00,0x00,0x00,0x00,0x00,
  0xff,0xff,0x04,0x00,0x00,0x00,0x79,0xce,0x80,0x1c,0xe7,0xff,0x79,0xce,0xfb,
  0x79,0xce,0xfb,0x1c,0xe7,0xff,0x79,0xce,0x80,0x00,0x00,0x00,0xff,0xff,0x04,
  0x00,0x00,0x00,0x00,0x00,0x00,0x00,0x00,0x00,0x00,0x00,0x00,0x00,0x00,0x00,
  0x00,0x00,0x00,0x00,0x00,0x00,0x00,0x00,0x00,0x00,0x00,0x00,0x00,0x00,0x00,
  0x00,0x00,0x00,0x00,0x00,0x00,0x00,0x00,0x00,0x00,0x00,0x00,0x00,0x00,0x00,
  0x00,0x00,0x00,0x00,0x00,0x00,0x00,0x00,0x00,0x00,0x00,0x00,0x00,0x00,0x00,
  0x00,0x00,0x00,0x00,0x00,0x00,0x00,0x00,0x00,0x00,0x00,0x00,0x00,0x00,0x00,
  0x00,0x00,0x00,0x00,0x00,0x00,0x00,0x00,0x00,0x00,0x00,0x00,0x00,0x00,0x00,
  0x00,0x00,0x00,0x00,0x00,0x00,0x00,0x00,0x00,0x00,0x00,0x00,0x00,0x00,0x00,
  0x00,0x00,0x00,0x00,0x00,0x00,0x00,0x00,0x00,0x00,0x00,0x00,0x00,0x00,0x00,
  0xff,0xff,0x04,0x00,0x00,0x00,0x79,0xce,0x80,0x1c,0xe7,0xff,0x79,0xce,0xfb,
  0x79,0xce,0xfb,0x1c,0xe7,0xff,0x79,0xce,0x80,0x00,0x00,0x00,0xff,0xff,0x04,
  0x00,0x00,0x00,0x00,0x00,0x00,0x00,0x00,0x00,0x00,0x00,0x00,0x00,0x00,0x00,
  0x00,0x00,0x00,0x00,0x00,0x00,0x00,0x00,0x00,0x00,0x00,0x00,0x00,0x00,0x00,
  0x00,0x00,0x00,0x00,0x00,0x00,0x00,0x00,0x00,0x00,0x00,0x00,0x00,0x00,0x00,
  0x00,0x00,0x00,0x00,0x00,0x00,0x00,0x00,0x00,0x00,0x00,0x00,0x00,0x00,0x00,
  0x00,0x00,0x00,0x00,0x00,0x00,0x00,0x00,0x00,0x00,0x00,0x00,0x00,0x00,0x00,
  0x00,0x00,0x00,0x00,0x00,0x00,0x00,0x00,0x00,0x00,0x00,0x00,0x00,0x00,0x00,
  0x00,0x00,0x00,0x00,0x00,0x00,0x00,0x00,0x00,0x00,0x00,0x00,0x00,0x00,0x00,
  0x00,0x00,0x00,0x00,0x00,0x00,0x00,0x00,0x00,0x00,0x00,0x00,0x00,0x00,0x00,
  0xff,0xff,0x04,0x00,0x00,0x00,0x79,0xce,0x80,0x1c,0xe7,0xff,0x79,0xce,0xfb,
  0x79,0xce,0xfb,0x1c,0xe7,0xff,0x79,0xce,0x80,0x00,0x00,0x00,0xff,0xff,0x04,
  0x00,0x00,0x00,0x00,0x00,0x00,0x00,0x00,0x00,0x00,0x00,0x00,0x00,0x00,0x00,
  0x00,0x00,0x00,0x00,0x00,0x00,0x00,0x00,0x00,0x00,0x00,0x00,0x00,0x00,0x00,
  0x00,0x00,0x00,0x00,0x00,0x00,0x00,0x00,0x00,0x00,0x00,0x00,0x00,0x00,0x00,
  0x00,0x00,0x00,0x00,0x00,0x00,0x00,0x00,0x00,0x00,0x00,0x00,0x00,0x00,0x00,
  0x00,0x00,0x00,0x00,0x00,0x00,0x00,0x00,0x00,0x00,0x00,0x00,0x00,0x00,0x00,
  0x00,0x00,0x00,0x00,0x00,0x00,0x00,0x00,0x00,0x00,0x00,0x00,0x00,0x00,0x00,
  0x00,0x00,0x00,0x00,0x00,0x00,0x00,0x00,0x00,0x00,0x00,0x00,0x00,0x00,0x00,
  0x00,0x00,0x00,0x00,0x00,0x00,0x00,0x00,0x00,0x00,0x00,0x00,0x00,0x00,0x00,
  0xff,0xff,0x04,0x00,0x00,0x00,0x79,0xce,0x80,0x1c,0xe7,0xff,0x79,0xce,0xfb,
  0x79,0xce,0xfb,0x1c,0xe7,0xff,0x79,0xce,0x80,0x00,0x00,0x00,0xff,0xff,0x04,
  0x00,0x00,0x00,0x00,0x00,0x00,0x00,0x00,0x00,0x00,0x00,0x00,0x00,0x00,0x00,
  0x00,0x00,0x00,0x00,0x00,0x00,0x00,0x00,0x00,0x00,0x00,0x00,0x00,0x00,0x00,
  0x00,0x00,0x00,0x00,0x00,0x00,0x00,0x00,0x00,0x00,0x00,0x00,0x00,0x00,0x00,
  0x00,0x00,0x00,0x00,0x00,0x00,0x00,0x00,0x00,0x00,0x00,0x00,0x00,0x00,0x00,
  0x00,0x00,0x00,0x00,0x00,0x00,0x00,0x00,0x00,0x00,0x00,0x00,0x00,0x00,0x00,
  0x00,0x00,0x00,0x00,0x00,0x00,0x00,0x00,0x00,0x00,0x00,0x00,0x00,0x00,0x00,
  0x00,0x00,0x00,0x00,0x00,0x00,0x00,0x00,0x00,0x00,0x00,0x00,0x00,0x00,0x00,
  0x00,0x00,0x00,0x00,0x00,0x00,0x00,0x00,0x00,0x00,0x00,0x00,0x00,0x00,0x00,
  0xff,0xff,0x04,0x00,0x00,0x00,0x79,0xce,0x80,0x1c,0xe7,0xff,0x79,0xce,0xfb,
  0x79,0xce,0xfb,0x1c,0xe7,0xff,0x79,0xce,0x80,0x00,0x00,0x00,0xff,0xff,0x04,
  0x00,0x00,0x00,0x00,0x00,0x00,0x00,0x00,0x00,0x00,0x00,0x00,0x00,0x00,0x00,
  0x00,0x00,0x00,0x00,0x00,0x00,0x00,0x00,0x00,0x00,0x00,0x00,0x00,0x00,0x00,
  0x00,0x00,0x00,0x00,0x00,0x00,0x00,0x00,0x00,0x00,0x00,0x00,0x00,0x00,0x00,
  0x00,0x00,0x00,0x00,0x00,0x00,0x00,0x00,0x00,0x00,0x00,0x00,0x00,0x00,0x00,
  0x00,0x00,0x00,0x00,0x00,0x00,0x00,0x00,0x00,0x00,0x00,0x00,0x00,0x00,0x00,
  0x00,0x00,0x00,0x00,0x00,0x00,0x00,0x00,0x00,0x00,0x00,0x00,0x00,0x00,0x00,
  0x00,0x00,0x00,0x00,0x00,0x00,0x00,0x00,0x00,0x00,0x00,0x00,0x00,0x00,0x00,
  0x00,0x00,0x00,0x00,0x00,0x00,0x00,0x00,0x00,0x00,0x00,0x00,0x00,0x00,0x00,
  0xff,0xff,0x04,0x00,0x00,0x00,0x79,0xce,0x80,0x1c,0xe7,0xff,0x79,0xce,0xfb,
  0x79,0xce,0xfb,0x1c,0xe7,0xff,0x79,0xce,0x80,0x00,0x00,0x00,0xff,0xff,0x04,
  0x00,0x00,0x00,0x00,0x00,0x00,0x00,0x00,0x00,0x00,0x00,0x00,0x00,0x00,0x00,
  0x00,0x00,0x00,0x00,0x00,0x00,0x00,0x00,0x00,0x00,0x00,0x00,0x00,0x00,0x00,
  0x00,0x00,0x00,0x00,0x00,0x00,0x00,0x00,0x00,0x00,0x00,0x00,0x00,0x00,0x00,
  0x00,0x00,0x00,0x00,0x00,0x00,0x00,0x00,0x00,0x00,0x00,0x00,0x00,0x00,0x00,
  0x00,0x00,0x00,0x00,0x00,0x00,0x00,0x00,0x00,0x00,0x00,0x00,0x00,0x00,0x00,
  0x00,0x00,0x00,0x00,0x00,0x00,0x00,0x00,0x00,0x00,0x00,0x00,0x00,0x00,0x00,
  0x00,0x00,0x00,0x00,0x00,0x00,0x00,0x00,0x00,0x00,0x00,0x00,0x00,0x00,0x00,
  0x00,0x00,0x00,0x00,0x00,0x00,0x00,0x00,0x00,0x00,0x00,0x00,0x00,0x00,0x00,
  0xff,0xff,0x04,0x00,0x00,0x00,0x79,0xce,0x80,0x1c,0xe7,0xff,0x79,0xce,0xfb,
  0x79,0xce,0xfb,0x1c,0xe7,0xff,0x79,0xce,0x80,0x00,0x00,0x00,0xff,0xff,0x04,
  0x00,0x00,0x00,0x00,0x00,0x00,0x00,0x00,0x00,0x00,0x00,0x00,0x00,0x00,0x00,
  0x00,0x00,0x00,0x00,0x00,0x00,0x00,0x00,0x00,0x00,0x00,0x00,0x00,0x00,0x00,
  0x00,0x00,0x00,0x00,0x00,0x00,0x00,0x00,0x00,0x00,0x00,0x00,0x00,0x00,0x00,
  0x00,0x00,0x00,0x00,0x00,0x00,0x00,0x00,0x00,0x00,0x00,0x00,0x00,0x00,0x00,
  0x00,0x00,0x00,0x00,0x00,0x00,0x00,0x00,0x00,0x00,0x00,0x00,0x00,0x00,0x00,
  0x00,0x00,0x00,0x00,0x00,0x00,0x00,0x00,0x00,0x00,0x00,0x00,0x00,0x00,0x00,
  0x00,0x00,0x00,0x00,0x00,0x00,0x00,0x00,0x00,0x00,0x00,0x00,0x00,0x00,0x00,
  0x00,0x00,0x00,0x00,0x00,0x00,0x00,0x00,0x00,0x00,0x00,0x00,0x00,0x00,0x00,
  0xff,0xff,0x04,0x00,0x00,0x00,0x79,0xce,0x80,0x1c,0xe7,0xff,0x79,0xce,0xfb,
  0x79,0xce,0xfb,0x1c,0xe7,0xff,0x79,0xce,0x80,0x00,0x00,0x00,0xff,0xff,0x04,
  0x00,0x00,0x00,0x00,0x00,0x00,0x00,0x00,0x00,0x00,0x00,0x00,0x00,0x00,0x00,
  0x00,0x00,0x00,0x00,0x00,0x00,0x00,0x00,0x00,0x00,0x00,0x00,0x00,0x00,0x00,
  0x00,0x00,0x00,0x00,0x00,0x00,0x00,0x00,0x00,0x00,0x00,0x00,0x00,0x00,0x00,
  0x00,0x00,0x00,0x00,0x00,0x00,0x00,0x00,0x00,0x00,0x00,0x00,0x00,0x00,0x00,
  0x00,0x00,0x00,0x00,0x00,0x00,0x00,0x00,0x00,0x00,0x00,0x00,0x00,0x00,0x00,
  0x00,0x00,0x00,0x00,0x00,0x00,0x00,0x00,0x00,0x00,0x00,0x00,0x00,0x00,0x00,
  0x00,0x00,0x00,0x00,0x00,0x00,0x00,0x00,0x00,0x00,0x00,0x00,0x00,0x00,0x00,
  0x00,0x00,0x00,0x00,0x00,0x00,0x00,0x00,0x00,0x00,0x00,0x00,0x00,0x00,0x00,
  0xff,0xff,0x04,0x00,0x00,0x00,0x79,0xce,0x80,0x1c,0xe7,0xff,0x79,0xce,0xfb,
  0x79,0xce,0xfb,0x1c,0xe7,0xff,0x79,0xce,0x80,0x00,0x00,0x00,0xff,0xff,0x04,
  0x00,0x00,0x00,0x00,0x00,0x00,0x00,0x00,0x00,0x00,0x00,0x00,0x00,0x00,0x00,
  0x00,0x00,0x00,0x00,0x00,0x00,0x00,0x00,0x00,0x00,0x00,0x00,0x00,0x00,0x00,
  0x00,0x00,0x00,0x00,0x00,0x00,0x00,0x00,0x00,0x00,0x00,0x00,0x00,0x00,0x00,
  0x00,0x00,0x00,0x00,0x00,0x00,0x00,0x00,0x00,0x00,0x00,0x00,0x00,0x00,0x00,
  0x00,0x00,0x00,0x00,0x00,0x00,0x00,0x00,0x00,0x00,0x00,0x00,0x00,0x00,0x00,
  0x00,0x00,0x00,0x00,0x00,0x00,0x00,0x00,0x00,0x00,0x00,0x00,0x00,0x00,0x00,
  0x00,0x00,0x00,0x00,0x00,0x00,0x00,0x00,0x00,0x00,0x00,0x00,0x00,0x00,0x00,
  0x00,0x00,0x00,0x00,0x00,0x00,0x00,0x00,0x00,0x00,0x00,0x00,0x00,0x00,0x00,
  0xff,0xff,0x04,0x00,0x00,0x00,0x79,0xce,0x80,0x1c,0xe7,0xff,0x79,0xce,0xfb,
  0x79,0xce,0xfb,0x1c,0xe7,0xff,0x79,0xce,0x80,0x00,0x00,0x00,0xff,0xff,0x04,
  0x00,0x00,0x00,0x00,0x00,0x00,0x00,0x00,0x00,0x00,0x00,0x00,0x00,0x00,0x00,
  0x00,0x00,0x00,0x00,0x00,0x00,0x00,0x00,0x00,0x00,0x00,0x00,0x00,0x00,0x00,
  0x00,0x00,0x00,0x00,0x00,0x00,0x00,0x00,0x00,0x00,0x00,0x00,0x00,0x00,0x00,
  0x00,0x00,0x00,0x00,0x00,0x00,0x00,0x00,0x00,0x00,0x00,0x00,0x00,0x00,0x00,
  0x00,0x00,0x00,0x00,0x00,0x00,0x00,0x00,0x00,0x00,0x00,0x00,0x00,0x00,0x00,
  0x00,0x00,0x00,0x00,0x00,0x00,0x00,0x00,0x00,0x00,0x00,0x00,0x00,0x00,0x00,
  0x00,0x00,0x00,0x00,0x00,0x00,0x00,0x00,0x00,0x00,0x00,0x00,0x00,0x00,0x00,
  0x00,0x00,0x00,0x00,0x00,0x00,0x00,0x00,0x00,0x00,0x00,0x00,0x00,0x00,0x00,
  0xff,0xff,0x04,0x00,0x00,0x00,0x79,0xce,0x80,0x1c,0xe7,0xff,0x79,0xce,0xfb,
  0x79,0xce,0xfb,0x1c,0xe7,0xff,0x79,0xce,0x80,0x00,0x00,0x00,0xff,0xff,0x04,
  0x00,0x00,0x00,0x00,0x00,0x00,0x00,0x00,0x00,0x00,0x00,0x00,0x00,0x00,0x00,
  0x00,0x00,0x00,0x00,0x00,0x00,0x00,0x00,0x00,0x00,0x00,0x00,0x00,0x00,0x00,
  0x00,0x00,0x00,0x00,0x00,0x00,0x00,0x00,0x00,0x00,0x00,0x00,0x00,0x00,0x00,
  0x00,0x00,0x00,0x00,0x00,0x00,0x00,0x00,0x00,0x00,0x00,0x00,0x00,0x00,0x00,
  0x00,0x00,0x00,0x00,0x00,0x00,0x00,0x00,0x00,0x00,0x00,0x00,0x00,0x00,0x00,
  0x00,0x00,0x00,0x00,0x00,0x00,0x00,0x00,0x00,0x00,0x00,0x00,0x00,0x00,0x00,
  0x00,0x00,0x00,0x00,0x00,0x00,0x00,0x00,0x00,0x00,0x00,0x00,0x00,0x00,0x00,
  0x00,0x00,0x00,0x00,0x00,0x00,0x00,0x00,0x00,0x00,0x00,0x00,0x00,0x00,0x00,
  0xff,0xff,0x04,0x00,0x00,0x00,0x79,0xce,0x80,0x1c,0xe7,0xff,0x79,0xce,0xfb,
  0x79,0xce,0xfb,0x1c,0xe7,0xff,0x79,0xce,0x80,0x00,0x00,0x00,0xff,0xff,0x04,
  0x00,0x00,0x00,0x00,0x00,0x00,0x00,0x00,0x00,0x00,0x00,0x00,0x00,0x00,0x00,
  0x00,0x00,0x00,0x00,0x00,0x00,0x00,0x00,0x00,0x00,0x00,0x00,0x00,0x00,0x00,
  0x00,0x00,0x00,0x00,0x00,0x00,0x00,0x00,0x00,0x00,0x00,0x00,0x00,0x00,0x00,
  0x00,0x00,0x00,0x00,0x00,0x00,0x00,0x00,0x00,0x00,0x00,0x00,0x00,0x00,0x00,
  0x00,0x00,0x00,0x00,0x00,0x00,0x00,0x00,0x00,0x00,0x00,0x00,0x00,0x00,0x00,
  0x00,0x00,0x00,0x00,0x00,0x00,0x00,0x00,0x00,0x00,0x00,0x00,0x00,0x00,0x00,
  0x00,0x00,0x00,0x00,0x00,0x00,0x00,0x00,0x00,0x00,0x00,0x00,0x00,0x00,0x00,
  0x00,0x00,0x00,0x00,0x00,0x00,0x00,0x00,0x00,0x00,0x00,0x00,0x00,0x00,0x00,
  0xff,0xff,0x04,0x00,0x00,0x00,0x79,0xce,0x80,0x1c,0xe7,0xff,0x79,0xce,0xfb,
  0x79,0xce,0xfb,0x1c,0xe7,0xff,0x79,0xce,0x80,0x00,0x00,0x00,0xff,0xff,0x04,
  0x00,0x00,0x00,0x00,0x00,0x00,0x00,0x00,0x00,0x00,0x00,0x00,0x00,0x00,0x00,
  0x00,0x00,0x00,0x00,0x00,0x00,0x00,0x00,0x00,0x00,0x00,0x00,0x00,0x00,0x00,
  0x00,0x00,0x00,0x00,0x00,0x00,0x00,0x00,0x00,0x00,0x00,0x00,0x00,0x00,0x00,
  0x00,0x00,0x00,0x00,0x00,0x00,0x00,0x00,0x00,0x00,0x00,0x00,0x00,0x00,0x00,
  0x00,0x00,0x00,0x00,0x00,0x00,0x00,0x00,0x00,0x00,0x00,0x00,0x00,0x00,0x00,
  0x00,0x00,0x00,0x00,0x00,0x00,0x00,0x00,0x00,0x00,0x00,0x00,0x00,0x00,0x00,
  0x00,0x00,0x00,0x00,0x00,0x00,0x00,0x00,0x00,0x00,0x00,0x00,0x00,0x00,0x00,
  0x00,0x00,0x00,0x00,0x00,0x00,0x00,0x00,0x00,0x00,0x00,0x00,0x00,0x00,0x00,
  0xff,0xff,0x04,0x00,0x00,0x00,0x79,0xce,0x80,0x1c,0xe7,0xff,0x79,0xce,0xfb,
  0x79,0xce,0xfb,0x1c,0xe7,0xff,0x79,0xce,0x80,0x00,0x00,0x00,0xff,0xff,0x04,
  0x00,0x00,0x00,0x00,0x00,0x00,0x00,0x00,0x00,0x00,0x00,0x00,0x00,0x00,0x00,
  0x00,0x00,0x00,0x00,0x00,0x00,0x00,0x00,0x00,0x00,0x00,0x00,0x00,0x00,0x00,
  0x00,0x00,0x00,0x00,0x00,0x00,0x00,0x00,0x00,0x00,0x00,0x00,0x00,0x00,0x00,
  0x00,0x00,0x00,0x00,0x00,0x00,0x00,0x00,0x00,0x00,0x00,0x00,0x00,0x00,0x00,
  0x00,0x00,0x00,0x00,0x00,0x00,0x00,0x00,0x00,0x00,0x00,0x00,0x00,0x00,0x00,
  0x00,0x00,0x00,0x00,0x00,0x00,0x00,0x00,0x00,0x00,0x00,0x00,0x00,0x00,0x00,
  0x00,0x00,0x00,0x00,0x00,0x00,0x00,0x00,0x00,0x00,0x00,0x00,0x00,0x00,0x00,
  0x00,0x00,0x00,0x00,0x00,0x00,0x00,0x00,0x00,0x00,0x00,0x00,0x00,0x00,0x00,
  0xff,0xff,0x04,0x00,0x00,0x00,0x79,0xce,0x80,0x1c,0xe7,0xff,0x79,0xce,0xfb,
  0x79,0xce,0xfb,0x1c,0xe7,0xff,0x79,0xce,0x80,0x00,0x00,0x00,0xff,0xff,0x04,
  0x00,0x00,0x00,0x00,0x00,0x00,0x00,0x00,0x00,0x00,0x00,0x00,0x00,0x00,0x00,
  0x00,0x00,0x00,0x00,0x00,0x00,0x00,0x00,0x00,0x00,0x00,0x00,0x00,0x00,0x00,
  0x00,0x00,0x00,0x00,0x00,0x00,0x00,0x00,0x00,0x00,0x00,0x00,0x00,0x00,0x00,
  0x00,0x00,0x00,0x00,0x00,0x00,0x00,0x00,0x00,0x00,0x00,0x00,0x00,0x00,0x00,
  0x00,0x00,0x00,0x00,0x00,0x00,0x00,0x00,0x00,0x00,0x00,0x00,0x00,0x00,0x00,
  0x00,0x00,0x00,0x00,0x00,0x00,0x00,0x00,0x00,0x00,0x00,0x00,0x00,0x00,0x00,
  0x00,0x00,0x00,0x00,0x00,0x00,0x00,0x00,0x00,0x00,0x00,0x00,0x00,0x00,0x00,
  0x00,0x00,0x00,0x00,0x00,0x00,0x00,0x00,0x00,0x00,0x00,0x00,0x00,0x00,0x00,
  0xff,0xff,0x04,0x00,0x00,0x00,0x79,0xce,0x80,0x1c,0xe7,0xff,0x79,0xce,0xfb,
  0x79,0xce,0xfb,0x1c,0xe7,0xff,0x79,0xce,0x80,0x00,0x00,0x00,0xff,0xff,0x04,
  0x00,0x00,0x00,0x00,0x00,0x00,0x00,0x00,0x00,0x00,0x00,0x00,0x00,0x00,0x00,
  0x00,0x00,0x00,0x00,0x00,0x00,0x00,0x00,0x00,0x00,0x00,0x00,0x00,0x00,0x00,
  0x00,0x00,0x00,0x00,0x00,0x00,0x00,0x00,0x00,0x00,0x00,0x00,0x00,0x00,0x00,
  0x00,0x00,0x00,0x00,0x00,0x00,0x00,0x00,0x00,0x00,0x00,0x00,0x00,0x00,0x00,
  0x00,0x00,0x00,0x00,0x00,0x00,0x00,0x00,0x00,0x00,0x00,0x00,0x00,0x00,0x00,
  0x00,0x00,0x00,0x00,0x00,0x00,0x00,0x00,0x00,0x00,0x00,0x00,0x00,0x00,0x00,
  0x00,0x00,0x00,0x00,0x00,0x00,0x00,0x00,0x00,0x00,0x00,0x00,0x00,0x00,0x00,
  0x00,0x00,0x00,0x00,0x00,0x00,0x00,0x00,0x00,0x00,0x00,0x00,0x00,0x00,0x00,
  0xff,0xff,0x04,0x00,0x00,0x00,0x79,0xce,0x80,0x1c,0xe7,0xff,0x79,0xce,0xfb,
  0x79,0xce,0xfb,0x1c,0xe7,0xff,0x79,0xce,0x80,0x00,0x00,0x00,0xff,0xff,0x04,
  0x00,0x00,0x00,0x00,0x00,0x00,0x00,0x00,0x00,0x00,0x00,0x00,0x00,0x00,0x00,
  0x00,0x00,0x00,0x00,0x00,0x00,0x00,0x00,0x00,0x00,0x00,0x00,0x00,0x00,0x00,
  0x00,0x00,0x00,0x00,0x00,0x00,0x00,0x00,0x00,0x00,0x00,0x00,0x00,0x00,0x00,
  0x00,0x00,0x00,0x00,0x00,0x00,0x00,0x00,0x00,0x00,0x00,0x00,0x00,0x00,0x00,
  0x00,0x00,0x00,0x00,0x00,0x00,0x00,0x00,0x00,0x00,0x00,0x00,0x00,0x00,0x00,
  0x00,0x00,0x00,0x00,0x00,0x00,0x00,0x00,0x00,0x00,0x00,0x00,0x00,0x00,0x00,
  0x00,0x00,0x00,0x00,0x00,0x00,0x00,0x00,0x00,0x00,0x00,0x00,0x00,0x00,0x00,
  0x00,0x00,0x00,0x00,0x00,0x00,0x00,0x00,0x00,0x00,0x00,0x00,0x00,0x00,0x00,
  0xff,0xff,0x04,0x00,0x00,0x00,0x79,0xce,0x80,0x1c,0xe7,0xff,0x79,0xce,0xfb,
  0x79,0xce,0xfb,0x1c,0xe7,0xff,0x79,0xce,0x80,0x00,0x00,0x00,0xff,0xff,0x04,
  0x00,0x00,0x00,0x00,0x00,0x00,0x00,0x00,0x00,0x00,0x00,0x00,0x00,0x00,0x00,
  0x00,0x00,0x00,0x00,0x00,0x00,0x00,0x00,0x00,0x00,0x00,0x00,0x00,0x00,0x00,
  0x00,0x00,0x00,0x00,0x00,0x00,0x00,0x00,0x00,0x00,0x00,0x00,0x00,0x00,0x00,
  0x00,0x00,0x00,0x00,0x00,0x00,0x00,0x00,0x00,0x00,0x00,0x00,0x00,0x00,0x00,
  0x00,0x00,0x00,0x00,0x00,0x00,0x00,0x00,0x00,0x00,0x00,0x00,0x00,0x00,0x00,
  0x00,0x00,0x00,0x00,0x00,0x00,0x00,0x00,0x00,0x00,0x00,0x00,0x00,0x00,0x00,
  0x00,0x00,0x00,0x00,0x00,0x00,0x00,0x00,0x00,0x00,0x00,0x00,0x00,0x00,0x00,
  0x00,0x00,0x00,0x00,0x00,0x00,0x00,0x00,0x00,0x00,0x00,0x00,0x00,0x00,0x00,
  0xff,0xff,0x04,0x00,0x00,0x00,0x79,0xce,0x80,0x1c,0xe7,0xff,0x79,0xce,0xfb,
  0x79,0xce,0xfb,0x1c,0xe7,0xff,0x79,0xce,0x80,0x00,0x00,0x00,0xff,0xff,0x04,
  0x00,0x00,0x00,0x00,0x00,0x00,0x00,0x00,0x00,0x00,0x00,0x00,0x00,0x00,0x00,
  0x00,0x00,0x00,0x00,0x00,0x00,0x00,0x00,0x00,0x00,0x00,0x00,0x00,0x00,0x00,
  0x00,0x00,0x00,0x00,0x00,0x00,0x00,0x00,0x00,0x00,0x00,0x00,0x00,0x00,0x00,
  0x00,0x00,0x00,0x00,0x00,0x00,0x00,0x00,0x00,0x00,0x00,0x00,0x00,0x00,0x00,
  0x00,0x00,0x00,0x00,0x00,0x00,0x00,0x00,0x00,0x00,0x00,0x00,0x00,0x00,0x00,
  0x00,0x00,0x00,0x00,0x00,0x00,0x00,0x00,0x00,0x00,0x00,0x00,0x00,0x00,0x00,
  0x00,0x00,0x00,0x00,0x00,0x00,0x00,0x00,0x00,0x00,0x00,0x00,0x00,0x00,0x00,
  0x00,0x00,0x00,0x00,0x00,0x00,0x00,0x00,0x00,0x00,0x00,0x00,0x00,0x00,0x00,
  0xff,0xff,0x04,0x00,0x00,0x00,0x79,0xce,0x80,0x1c,0xe7,0xff,0x79,0xce,0xfb,
  0x79,0xce,0xfb,0x1c,0xe7,0xff,0x79,0xce,0x80,0x00,0x00,0x00,0xff,0xff,0x04,
  0x00,0x00,0x00,0x00,0x00,0x00,0x00,0x00,0x00,0x00,0x00,0x00,0x00,0x00,0x00,
  0x00,0x00,0x00,0x00,0x00,0x00,0x00,0x00,0x00,0x00,0x00,0x00,0x00,0x00,0x00,
  0x00,0x00,0x00,0x00,0x00,0x00,0x00,0x00,0x00,0x00,0x00,0x00,0x00,0x00,0x00,
  0x00,0x00,0x00,0x00,0x00,0x00,0x00,0x00,0x00,0x00,0x00,0x00,0x00,0x00,0x00,
  0x00,0x00,0x00,0x00,0x00,0x00,0x00,0x00,0x00,0x00,0x00,0x00,0x00,0x00,0x00,
  0x00,0x00,0x00,0x00,0x00,0x00,0x00,0x00,0x00,0x00,0x00,0x00,0x00,0x00,0x00,
  0x00,0x00,0x00,0x00,0x00,0x00,0x00,0x00,0x00,0x00,0x00,0x00,0x00,0x00,0x00,
  0x00,0x00,0x00,0x00,0x00,0x00,0x00,0x00,0x00,0x00,0x00,0x00,0x00,0x00,0x00,
  0xff,0xff,0x04,0x00,0x00,0x00,0x79,0xce,0x80,0x1c,0xe7,0xff,0x79,0xce,0xfb,
  0x79,0xce,0xfb,0x1c,0xe7,0xff,0x79,0xce,0x80,0x00,0x00,0x00,0xff,0xff,0x04,
  0x00,0x00,0x00,0x00,0x00,0x00,0x00,0x00,0x00,0x00,0x00,0x00,0x00,0x00,0x00,
  0x00,0x00,0x00,0x00,0x00,0x00,0x00,0x00,0x00,0x00,0x00,0x00,0x00,0x00,0x00,
  0x00,0x00,0x00,0x00,0x00,0x00,0x00,0x00,0x00,0x00,0x00,0x00,0x00,0x00,0x00,
  0x00,0x00,0x00,0x00,0x00,0x00,0x00,0x00,0x00,0x00,0x00,0x00,0x00,0x00,0x00,
  0x00,0x00,0x00,0x00,0x00,0x00,0x00,0x00,0x00,0x00,0x00,0x00,0x00,0x00,0x00,
  0x00,0x00,0x00,0x00,0x00,0x00,0x00,0x00,0x00,0x00,0x00,0x00,0x00,0x00,0x00,
  0x00,0x00,0x00,0x00,0x00,0x00,0x00,0x00,0x00,0x00,0x00,0x00,0x00,0x00,0x00,
  0x00,0x00,0x00,0x00,0x00,0x00,0x00,0x00,0x00,0x00,0x00,0x00,0x00,0x00,0x00,
  0xff,0xff,0x04,0x00,0x00,0x00,0x79,0xce,0x80,0x1c,0xe7,0xff,0x79,0xce,0xfb,
  0x79,0xce,0xfb,0x1c,0xe7,0xff,0x79,0xce,0x80,0x00,0x00,0x00,0xff,0xff,0x04,
  0x00,0x00,0x00,0x00,0x00,0x00,0x00,0x00,0x00,0x00,0x00,0x00,0x00,0x00,0x00,
  0x00,0x00,0x00,0x00,0x00,0x00,0x00,0x00,0x00,0x00,0x00,0x00,0x00,0x00,0x00,
  0x00,0x00,0x00,0x00,0x00,0x00,0x00,0x00,0x00,0x00,0x00,0x00,0x00,0x00,0x00,
  0x00,0x00,0x00,0x00,0x00,0x00,0x00,0x00,0x00,0x00,0x00,0x00,0x00,0x00,0x00,
  0x00,0x00,0x00,0x00,0x00,0x00,0x00,0x00,0x00,0x00,0x00,0x00,0x00,0x00,0x00,
  0x00,0x00,0x00,0x00,0x00,0x00,0x00,0x00,0x00,0x00,0x00,0x00,0x00,0x00,0x00,
  0x00,0x00,0x00,0x00,0x00,0x00,0x00,0x00,0x00,0x00,0x00,0x00,0x00,0x00,0x00,
  0x00,0x00,0x00,0x00,0x00,0x00,0x00,0x00,0x00,0x00,0x00,0x00,0x00,0x00,0x00,
  0xff,0xff,0x04,0x00,0x00,0x00,0x79,0xce,0x80,0x1c,0xe7,0xff,0x79,0xce,0xfb,
  0x79,0xce,0xfb,0x1c,0xe7,0xff,0x79,0xce,0x80,0x00,0x00,0x00,0xff,0xff,0x04,
  0x00,0x00,0x00,0x00,0x00,0x00,0x00,0x00,0x00,0x00,0x00,0x00,0x00,0x00,0x00,
  0x00,0x00,0x00,0x00,0x00,0x00,0x00,0x00,0x00,0x00,0x00,0x00,0x00,0x00,0x00,
  0x00,0x00,0x00,0x00,0x00,0x00,0x00,0x00,0x00,0x00,0x00,0x00,0x00,0x00,0x00,
  0x00,0x00,0x00,0x00,0x00,0x00,0x00,0x00,0x00,0x00,0x00,0x00,0x00,0x00,0x00,
  0x00,0x00,0x00,0x00,0x00,0x00,0x00,0x00,0x00,0x00,0x00,0x00,0x00,0x00,0x00,
  0x00,0x00,0x00,0x00,0x00,0x00,0x00,0x00,0x00,0x00,0x00,0x00,0x00,0x00,0x00,
  0x00,0x00,0x00,0x00,0x00,0x00,0x00,0x00,0x00,0x00,0x00,0x00,0x00,0x00,0x00,
  0x00,0x00,0x00,0x00,0x00,0x00,0x00,0x00,0x00,0x00,0x00,0x00,0x00,0x00,0x00,
  0xff,0xff,0x04,0x00,0x00,0x00,0x79,0xce,0x80,0x1c,0xe7,0xff,0x79,0xce,0xfb,
  0x79,0xce,0xfb,0x1c,0xe7,0xff,0x79,0xce,0x80,0x00,0x00,0x00,0xff,0xff,0x04,
  0x00,0x00,0x00,0x00,0x00,0x00,0x00,0x00,0x00,0x00,0x00,0x00,0x00,0x00,0x00,
  0x00,0x00,0x00,0x00,0x00,0x00,0x00,0x00,0x00,0x00,0x00,0x00,0x00,0x00,0x00,
  0x00,0x00,0x00,0x00,0x00,0x00,0x00,0x00,0x00,0x00,0x00,0x00,0x00,0x00,0x00,
  0x00,0x00,0x00,0x00,0x00,0x00,0x00,0x00,0x00,0x00,0x00,0x00,0x00,0x00,0x00,
  0x00,0x00,0x00,0x00,0x00,0x00,0x00,0x00,0x00,0x00,0x00,0x00,0x00,0x00,0x00,
  0x00,0x00,0x00,0x00,0x00,0x00,0x00,0x00,0x00,0x00,0x00,0x00,0x00,0x00,0x00,
  0x00,0x00,0x00,0x00,0x00,0x00,0x00,0x00,0x00,0x00,0x00,0x00,0x00,0x00,0x00,
  0x00,0x00,0x00,0x00,0x00,0x00,0x00,0x00,0x00,0x00,0x00,0x00,0x00,0x00,0x00,
  0xff,0xff,0x04,0x00,0x00,0x00,0x79,0xce,0x80,0x1c,0xe7,0xff,0x79,0xce,0xfb,
  0x79,0xce,0xfb,0x1c,0xe7,0xff,0x79,0xce,0x80,0x00,0x00,0x00,0xff,0xff,0x04,
  0x00,0x00,0x00,0x00,0x00,0x00,0x00,0x00,0x00,0x00,0x00,0x00,0x00,0x00,0x00,
  0x00,0x00,0x00,0x00,0x00,0x00,0x00,0x00,0x00,0x00,0x00,0x00,0x00,0x00,0x00,
  0x00,0x00,0x00,0x00,0x00,0x00,0x00,0x00,0x00,0x00,0x00,0x00,0x00,0x00,0x00,
  0x00,0x00,0x00,0x00,0x00,0x00,0x00,0x00,0x00,0x00,0x00,0x00,0x00,0x00,0x00,
  0x00,0x00,0x00,0x00,0x00,0x00,0x00,0x00,0x00,0x00,0x00,0x00,0x00,0x00,0x00,
  0x00,0x00,0x00,0x00,0x00,0x00,0x00,0x00,0x00,0x00,0x00,0x00,0x00,0x00,0x00,
  0x00,0x00,0x00,0x00,0x00,0x00,0x00,0x00,0x00,0x00,0x00,0x00,0x00,0x00,0x00,
  0x00,0x00,0x00,0x00,0x00,0x00,0x00,0x00,0x00,0x00,0x00,0x00,0x00,0x00,0x00,
  0xff,0xff,0x04,0x00,0x00,0x00,0x79,0xce,0x80,0x1c,0xe7,0xff,0x79,0xce,0xfb,
  0x79,0xce,0xfb,0x1c,0xe7,0xff,0x79,0xce,0x80,0x00,0x00,0x00,0xff,0xff,0x04,
  0x00,0x00,0x00,0x00,0x00,0x00,0x00,0x00,0x00,0x00,0x00,0x00,0x00,0x00,0x00,
  0x00,0x00,0x00,0x00,0x00,0x00,0x00,0x00,0x00,0x00,0x00,0x00,0x00,0x00,0x00,
  0x00,0x00,0x00,0x00,0x00,0x00,0x00,0x00,0x00,0x00,0x00,0x00,0x00,0x00,0x00,
  0x00,0x00,0x00,0x00,0x00,0x00,0x00,0x00,0x00,0x00,0x00,0x00,0x00,0x00,0x00,
  0x00,0x00,0x00,0x00,0x00,0x00,0x00,0x00,0x00,0x00,0x00,0x00,0x00,0x00,0x00,
  0x00,0x00,0x00,0x00,0x00,0x00,0x00,0x00,0x00,0x00,0x00,0x00,0x00,0x00,0x00,
  0x00,0x00,0x00,0x00,0x00,0x00,0x00,0x00,0x00,0x00,0x00,0x00,0x00,0x00,0x00,
  0x00,0x00,0x00,0x00,0x00,0x00,0x00,0x00,0x00,0x00,0x00,0x00,0x00,0x00,0x00,
  0xff,0xff,0x04,0x00,0x00,0x00,0x79,0xce,0x80,0x1c,0xe7,0xff,0x79,0xce,0xfb,
  0x79,0xce,0xfb,0x1c,0xe7,0xff,0x79,0xce,0x80,0x00,0x00,0x00,0xff,0xff,0x04,
  0x00,0x00,0x00,0x00,0x00,0x00,0x00,0x00,0x00,0x00,0x00,0x00,0x00,0x00,0x00,
  0x00,0x00,0x00,0x00,0x00,0x00,0x00,0x00,0x00,0x00,0x00,0x00,0x00,0x00,0x00,
  0x00,0x00,0x00,0x00,0x00,0x00,0x00,0x00,0x00,0x00,0x00,0x00,0x00,0x00,0x00,
  0x00,0x00,0x00,0x00,0x00,0x00,0x00,0x00,0x00,0x00,0x00,0x00,0x00,0x00,0x00,
  0x00,0x00,0x00,0x00,0x00,0x00,0x00,0x00,0x00,0x00,0x00,0x00,0x00,0x00,0x00,
  0x00,0x00,0x00,0x00,0x00,0x00,0x00,0x00,0x00,0x00,0x00,0x00,0x00,0x00,0x00,
  0x00,0x00,0x00,0x00,0x00,0x00,0x00,0x00,0x00,0x00,0x00,0x00,0x00,0x00,0x00,
  0x00,0x00,0x00,0x00,0x00,0x00,0x00,0x00,0x00,0x00,0x00,0x00,0x00,0x00,0x00,
  0xff,0xff,0x04,0x00,0x00,0x00,0x79,0xce,0x80,0x1c,0xe7,0xff,0x79,0xce,0xfb,
  0x79,0xce,0xfb,0x1c,0xe7,0xff,0x79,0xce,0x80,0x00,0x00,0x00,0xff,0xff,0x04,
  0x00,0x00,0x00,0x00,0x00,0x00,0x00,0x00,0x00,0x00,0x00,0x00,0x00,0x00,0x00,
  0x00,0x00,0x00,0x00,0x00,0x00,0x00,0x00,0x00,0x00,0x00,0x00,0x00,0x00,0x00,
  0x00,0x00,0x00,0x00,0x00,0x00,0x00,0x00,0x00,0x00,0x00,0x00,0x00,0x00,0x00,
  0x00,0x00,0x00,0x00,0x00,0x00,0x00,0x00,0x00,0x00,0x00,0x00,0x00,0x00,0x00,
  0x00,0x00,0x00,0x00,0x00,0x00,0x00,0x00,0x00,0x00,0x00,0x00,0x00,0x00,0x00,
  0x00,0x00,0x00,0x00,0x00,0x00,0x00,0x00,0x00,0x00,0x00,0x00,0x00,0x00,0x00,
  0x00,0x00,0x00,0x00,0x00,0x00,0x00,0x00,0x00,0x00,0x00,0x00,0x00,0x00,0x00,
  0x00,0x00,0x00,0x00,0x00,0x00,0x00,0x00,0x00,0x00,0x00,0x00,0x00,0x00,0x00,
  0xff,0xff,0x04,0x00,0x00,0x00,0x79,0xce,0x80,0x1c,0xe7,0xff,0x79,0xce,0xfb,
  0x79,0xce,0xfb,0x1c,0xe7,0xff,0x79,0xce,0x80,0x00,0x00,0x00,0xff,0xff,0x04,
  0x00,0x00,0x00,0x00,0x00,0x00,0x00,0x00,0x00,0x00,0x00,0x00,0x00,0x00,0x00,
  0x00,0x00,0x00,0x00,0x00,0x00,0x00,0x00,0x00,0x00,0x00,0x00,0x00,0x00,0x00,
  0x00,0x00,0x00,0x00,0x00,0x00,0x00,0x00,0x00,0x00,0x00,0x00,0x00,0x00,0x00,
  0x00,0x00,0x00,0x00,0x00,0x00,0x00,0x00,0x00,0x00,0x00,0x00,0x00,0x00,0x00,
  0x00,0x00,0x00,0x00,0x00,0x00,0x00,0x00,0x00,0x00,0x00,0x00,0x00,0x00,0x00,
  0x00,0x00,0x00,0x00,0x00,0x00,0x00,0x00,0x00,0x00,0x00,0x00,0x00,0x00,0x00,
  0x00,0x00,0x00,0x00,0x00,0x00,0x00,0x00,0x00,0x00,0x00,0x00,0x00,0x00,0x00,
  0x00,0x00,0x00,0x00,0x00,0x00,0x00,0x00,0x00,0x00,0x00,0x00,0x00,0x00,0x00,
  0xff,0xff,0x04,0x00,0x00,0x00,0x79,0xce,0x80,0x1c,0xe7,0xff,0x79,0xce,0xfb,
  0x79,0xce,0xfb,0x1c,0xe7,0xff,0x79,0xce,0x80,0x00,0x00,0x00,0xff,0xff,0x04,
  0x00,0x00,0x00,0x00,0x00,0x00,0x00,0x00,0x00,0x00,0x00,0x00,0x00,0x00,0x00,
  0x00,0x00,0x00,0x00,0x00,0x00,0x00,0x00,0x00,0x00,0x00,0x00,0x00,0x00,0x00,
  0x00,0x00,0x00,0x00,0x00,0x00,0x00,0x00,0x00,0x00,0x00,0x00,0x00,0x00,0x00,
  0x00,0x00,0x00,0x00,0x00,0x00,0x00,0x00,0x00,0x00,0x00,0x00,0x00,0x00,0x00,
  0x00,0x00,0x00,0x00,0x00,0x00,0x00,0x00,0x00,0x00,0x00,0x00,0x00,0x00,0x00,
  0x00,0x00,0x00,0x00,0x00,0x00,0x00,0x00,0x00,0x00,0x00,0x00,0x00,0x00,0x00,
  0x00,0x00,0x00,0x00,0x00,0x00,0x00,0x00,0x00,0x00,0x00,0x00,0x00,0x00,0x00,
  0x00,0x00,0x00,0x00,0x00,0x00,0x00,0x00,0x00,0x00,0x00,0x00,0x00,0x00,0x00,
  0xff,0xff,0x04,0x00,0x00,0x00,0x79,0xce,0x80,0x1c,0xe7,0xff,0x79,0xce,0xfb,
  0x79,0xce,0xfb,0x1c,0xe7,0xff,0x79,0xce,0x80,0x00,0x00,0x00,0xff,0xff,0x04,
  0x00,0x00,0x00,0x00,0x00,0x00,0x00,0x00,0x00,0x00,0x00,0x00,0x00,0x00,0x00,
  0x00,0x00,0x00,0x00,0x00,0x00,0x00,0x00,0x00,0x00,0x00,0x00,0x00,0x00,0x00,
  0x00,0x00,0x00,0x00,0x00,0x00,0x00,0x00,0x00,0x00,0x00,0x00,0x00,0x00,0x00,
  0x00,0x00,0x00,0x00,0x00,0x00,0x00,0x00,0x00,0x00,0x00,0x00,0x00,0x00,0x00,
  0x00,0x00,0x00,0x00,0x00,0x00,0x00,0x00,0x00,0x00,0x00,0x00,0x00,0x00,0x00,
  0x00,0x00,0x00,0x00,0x00,0x00,0x00,0x00,0x00,0x00,0x00,0x00,0x00,0x00,0x00,
  0x00,0x00,0x00,0x00,0x00,0x00,0x00,0x00,0x00,0x00,0x00,0x00,0x00,0x00,0x00,
  0x00,0x00,0x00,0x00,0x00,0x00,0x00,0x00,0x00,0x00,0x00,0x00,0x00,0x00,0x00,
  0xff,0xff,0x04,0x00,0x00,0x00,0x79,0xce,0x80,0x1c,0xe7,0xff,0x79,0xce,0xfb,
  0x79,0xce,0xfb,0x1c,0xe7,0xff,0x79,0xce,0x80,0x00,0x00,0x00,0xff,0xff,0x04,
  0x00,0x00,0x00,0x00,0x00,0x00,0x00,0x00,0x00,0x00,0x00,0x00,0x00,0x00,0x00,
  0x00,0x00,0x00,0x00,0x00,0x00,0x00,0x00,0x00,0x00,0x00,0x00,0x00,0x00,0x00,
  0x00,0x00,0x00,0x00,0x00,0x00,0x00,0x00,0x00,0x00,0x00,0x00,0x00,0x00,0x00,
  0x00,0x00,0x00,0x00,0x00,0x00,0x00,0x00,0x00,0x00,0x00,0x00,0x00,0x00,0x00,
  0x00,0x00,0x00,0x00,0x00,0x00,0x00,0x00,0x00,0x00,0x00,0x00,0x00,0x00,0x00,
  0x00,0x00,0x00,0x00,0x00,0x00,0x00,0x00,0x00,0x00,0x00,0x00,0x00,0x00,0x00,
  0x00,0x00,0x00,0x00,0x00,0x00,0x00,0x00,0x00,0x00,0x00,0x00,0x00,0x00,0x00,
  0x00,0x00,0x00,0x00,0x00,0x00,0x00,0x00,0x00,0x00,0x00,0x00,0x00,0x00,0x00,
  0xff,0xff,0x04,0x00,0x00,0x00,0x79,0xce,0x80,0x1c,0xe7,0xff,0x79,0xce,0xfb,
  0x79,0xce,0xfb,0x1c,0xe7,0xff,0x79,0xce,0x80,0x00,0x00,0x00,0xff,0xff,0x04,
  0x00,0x00,0x00,0x00,0x00,0x00,0x00,0x00,0x00,0x00,0x00,0x00,0x00,0x00,0x00,
  0x00,0x00,0x00,0x00,0x00,0x00,0x00,0x00,0x00,0x00,0x00,0x00,0x00,0x00,0x00,
  0x00,0x00,0x00,0x00,0x00,0x00,0x00,0x00,0x00,0x00,0x00,0x00,0x00,0x00,0x00,
  0x00,0x00,0x00,0x00,0x00,0x00,0x00,0x00,0x00,0x00,0x00,0x00,0x00,0x00,0x00,
  0x00,0x00,0x00,0x00,0x00,0x00,0x00,0x00,0x00,0x00,0x00,0x00,0x00,0x00,0x00,
  0x00,0x00,0x00,0x00,0x00,0x00,0x00,0x00,0x00,0x00,0x00,0x00,0x00,0x00,0x00,
  0x00,0x00,0x00,0x00,0x00,0x00,0x00,0x00,0x00,0x00,0x00,0x00,0x00,0x00,0x00,
  0x00,0x00,0x00,0x00,0x00,0x00,0x00,0x00,0x00,0x00,0x00,0x00,0x00,0x00,0x00,
  0xff,0xff,0x04,0x00,0x00,0x00,0x79,0xce,0x80,0x1c,0xe7,0xff,0x79,0xce,0xfb,
  0x79,0xce,0xfb,0x1c,0xe7,0xff,0x79,0xce,0x80,0x00,0x00,0x00,0xff,0xff,0x04,
  0x00,0x00,0x00,0x00,0x00,0x00,0x00,0x00,0x00,0x00,0x00,0x00,0x00,0x00,0x00,
  0x00,0x00,0x00,0x00,0x00,0x00,0x00,0x00,0x00,0x00,0x00,0x00,0x00,0x00,0x00,
  0x00,0x00,0x00,0x00,0x00,0x00,0x00,0x00,0x00,0x00,0x00,0x00,0x00,0x00,0x00,
  0x00,0x00,0x00,0x00,0x00,0x00,0x00,0x00,0x00,0x00,0x00,0x00,0x00,0x00,0x00,
  0x00,0x00,0x00,0x00,0x00,0x00,0x00,0x00,0x00,0x00,0x00,0x00,0x00,0x00,0x00,
  0x00,0x00,0x00,0x00,0x00,0x00,0x00,0x00,0x00,0x00,0x00,0x00,0x00,0x00,0x00,
  0x00,0x00,0x00,0x00,0x00,0x00,0x00,0x00,0x00,0x00,0x00,0x00,0x00,0x00,0x00,
  0x00,0x00,0x00,0x00,0x00,0x00,0x00,0x00,0x00,0x00,0x00,0x00,0x00,0x00,0x00,
  0xff,0xff,0x04,0x00,0x00,0x00,0x79,0xce,0x7f,0xfb,0xde,0xfd,0x79,0xce,0xf9,
  0x79,0xce,0xf9,0xfb,0xde,0xfd,0x79,0xce,0x7f,0x00,0x00,0x00,0xff,0xff,0x04,
  0x00,0x00,0x00,0x00,0x00,0x00,0x00,0x00,0x00,0x00,0x00,0x00,0x00,0x00,0x00,
  0x00,0x00,0x00,0x00,0x00,0x00,0x00,0x00,0x00,0x00,0x00,0x00,0x00,0x00,0x00,
  0x00,0x00,0x00,0x00,0x00,0x00,0x00,0x00,0x00,0x00,0x00,0x00,0x00,0x00,0x00,
  0x00,0x00,0x00,0x00,0x00,0x00,0x00,0x00,0x00,0x00,0x00,0x00,0x00,0x00,0x00,
  0x00,0x00,0x00,0x00,0x00,0x00,0x00,0x00,0x00,0x00,0x00,0x00,0x00,0x00,0x00,
  0x00,0x00,0x00,0x00,0x00,0x00,0x00,0x00,0x00,0x00,0x00,0x00,0x00,0x00,0x00,
  0x00,0x00,0x00,0x00,0x00,0x00,0x00,0x00,0x00,0x00,0x00,0x00,0x00,0x00,0x00,
  0x00,0x00,0x00,0x00,0x00,0x00,0x00,0x00,0x00,0x00,0x00,0x00,0x00,0x00,0x00,
  0xff,0xff,0x04,0x00,0x00,0x00,0x79,0xce,0x86,0x5d,0xef,0xff,0xba,0xd6,0xff,
  0xba,0xd6,0xff,0x5d,0xef,0xff,0x79,0xce,0x86,0x00,0x00,0x00,0xff,0xff,0x04,
  0x00,0x00,0x00,0x00,0x00,0x00,0x00,0x00,0x00,0x00,0x00,0x00,0x00,0x00,0x00,
  0x00,0x00,0x00,0x00,0x00,0x00,0x00,0x00,0x00,0x00,0x00,0x00,0x00,0x00,0x00,
  0x00,0x00,0x00,0x00,0x00,0x00,0x00,0x00,0x00,0x00,0x00,0x00,0x00,0x00,0x00,
  0x00,0x00,0x00,0x00,0x00,0x00,0x00,0x00,0x00,0x00,0x00,0x00,0x00,0x00,0x00,
  0x00,0x00,0x00,0x00,0x00,0x00,0x00,0x00,0x00,0x00,0x00,0x00,0x00,0x00,0x00,
  0x00,0x00,0x00,0x00,0x00,0x00,0x00,0x00,0x00,0x00,0x00,0x00,0x00,0x00,0x00,
  0x00,0x00,0x00,0x00,0x00,0x00,0x00,0x00,0x00,0x00,0x00,0x00,0x00,0x00,0x00,
  0x00,0x00,0x00,0x00,0x00,0x00,0x00,0x00,0x00,0x00,0x00,0x00,0x00,0x00,0x00,
  0xff,0xff,0x01,0x00,0x00,0x00,0x9a,0xd6,0x21,0xfb,0xde,0x41,0x79,0xce,0x40,
  0x79,0xce,0x40,0xfb,0xde,0x41,0x9a,0xd6,0x21,0x00,0x00,0x00,0xff,0xff,0x01,
  0x00,0x00,0x00,0x00,0x00,0x00,0x00,0x00,0x00,0x00,0x00,0x00,0x00,0x00,0x00,
  0x00,0x00,0x00,0x00,0x00,0x00,0x00,0x00,0x00,0x00,0x00,0x00,0x00,0x00,0x00,
  0x00,0x00,0x00,0x00,0x00,0x00,0x00,0x00,0x00,0x00,0x00,0x00,0x00,0x00,0x00,
  0x00,0x00,0x00,0x00,0x00,0x00,0x00,0x00,0x00,0x00,0x00,0x00,0x00,0x00,0x00,
  0x00,0x00,0x00,0x00,0x00,0x00,0x00,0x00,0x00,0x00,0x00,0x00,0x00,0x00,0x00,
  0x00,0x00,0x00,0x00,0x00,0x00,0x00,0x00,0x00,0x00,0x00,0x00,0x00,0x00,0x00,
  0x00,0x00,0x00,0x00,0x00,0x00,0x00,0x00,0x00,0x00,0x00,0x00,0x00,0x00,0x00,
  0x00,0x00,0x00,0x00,0x00,0x00,0x00,0x00,0x00,0x00,0x00,0x00,0x00,0x00,0x00,
  0x00,0x00,0x00,0x00,0x00,0x00,0x00,0x00,0x00,0x00,0x00,0x00,0x00,0x00,0x00,
  0x00,0x00,0x00,0x00,0x00,0x00,0x00,0x00,0x00,0x00,0x00,0x00,0x00,0x00,0x00,
  0x00,0x00,0x00,0x00,0x00,0x00,0x00,0x00,0x00,0x00,0x00,0x00,0x00,0x00,0x00,
  0x00,0x00,0x00,0x00,0x00,0x00,0x00,0x00,0x00,0x00,0x00,0x00,0x00,0x00,0x00,
  0x00,0x00,0x00,0x00,0x00,0x00,0x00,0x00,0x00,0x00,0x00,0x00,0x00,0x00,0x00,
  0x00,0x00,0x00,0x00,0x00,0x00,0x00,0x00,0x00,0x00,0x00,0x00,0x00,0x00,0x00,
  0x00,0x00,0x00,0x00,0x00,0x00,0x00,0x00,0x00,0x00,0x00,0x00,0x00,0x00,0x00,
  0x00,0x00,0x00,0x00,0x00,0x00,0x00,0x00,0x00,0x00,0x00,0x00,0x00,0x00,0x00,
  0x00,0x00,0x00,0x00,0x00,0x00,0x00,0x00,0x00,0x00,0x00,0x00,0x00,0x00,0x00,
  0x00,0x00,0x00,0x00,0x00,0x00,0x00,0x00,0x00,0x00,0x00,0x00,0x00,0x00,0x00,
  0x00,0x00,0x00,0x00,0x00,0x00,0xef,0x7b,0x02,0xff,0xff,0x03,0x55,0xad,0x03,
  0x55,0xad,0x03,0xff,0xff,0x03,0xef,0x7b,0x02,0x00,0x00,0x00,0x00,0x00,0x00,
  0x00,0x00,0x00,0x00,0x00,0x00,0x00,0x00,0x00,0x00,0x00,0x00,0x00,0x00,0x00,
  0x00,0x00,0x00,0x00,0x00,0x00,0x00,0x00,0x00,0x00,0x00,0x00,0x00,0x00,0x00,
  0x00,0x00,0x00,0x00,0x00,0x00,0x00,0x00,0x00,0x00,0x00,0x00,0x00,0x00,0x00,
  0x00,0x00,0x00,0x00,0x00,0x00,0x00,0x00,0x00,0x00,0x00,0x00,0x00,0x00,0x00,
  0x00,0x00,0x00,0x00,0x00,0x00,0x00,0x00,0x00,0x00,0x00,0x00,0x00,0x00,0x00,
  0x00,0x00,0x00,0x00,0x00,0x00,0x00,0x00,0x00,0x00,0x00,0x00,0x00,0x00,0x00,
  0x00,0x00,0x00,0x00,0x00,0x00,0x00,0x00,0x00,0x00,0x00,0x00,0x00,0x00,0x00,
  0x00,0x00,0x00,0x00,0x00,0x00,0x00,0x00,0x00,0x00,0x00,0x00,0x00,0x00,0x00,
  0x00,0x00,0x00,0x00,0x00,0x00,0x00,0x00,0x00,0x00,0x00,0x00,0x00,0x00,0x00,
  0x00,0x00,0x00,0x00,0x00,0x00,0x00,0x00,0x00,0x00,0x00,0x00,0x00,0x00,0x00,
  0x00,0x00,0x00,0x00,0x00,0x00,0x00,0x00,0x00,0x00,0x00,0x00,0x00,0x00,0x00,
  0x00,0x00,0x00,0x00,0x00,0x00,0x00,0x00,0x00,0x00,0x00,0x00,0x00,0x00,0x00,
  0x00,0x00,0x00,0x00,0x00,0x00,0x00,0x00,0x00,0x00,0x00,0x00,0x00,0x00,0x00,
  0x00,0x00,0x00,0x00,0x00,0x00,0x00,0x00,0x00,0x00,0x00,0x00,0x00,0x00,0x00,
  0x00,0x00,0x00,0x00,0x00,0x00,0x00,0x00,0x00,0x00,0x00,0x00,0x00,0x00,0x00,
  0x00,0x00,0x00,0x00,0x00,0x00,0x00,0x00,0x00,0x00,0x00,0x00,0x00,0x00,0x00,
  0x00,0x00,0x00,0x00,0x00,0x00,0x00,0x00,0x00,0x00,0x00,0x00,0x00,0x00,0x00,
  0x00,0x00,0x00,0x00,0x00,0x00,0x00,0x00,0x00,0x00,0x00,0x00,0x00,0x00,0x00,
  0x00,0x00,0x00,0x00,0x00,0x00,0x00,0x00,0x00,0x00,0x00,0x00,0x00,0x00,0x00,
  0x00,0x00,0x00,0x00,0x00,0x00,0x00,0x00,0x00,0x00,0x00,0x00,0x00,0x00,0x00,
  0x00,0x00,0x00,0x00,0x00,0x00,0x00,0x00,0x00,0x00,0x00,0x00,0x00,0x00,0x00,
  0x00,0x00,0x00,0x00,0x00,0x00,0x00,0x00,0x00,0x00,0x00,0x00,0x00,0x00,0x00,
  0x00,0x00,0x00,0x00,0x00,0x00,0x00,0x00,0x00,0x00,0x00,0x00,0x00,0x00,0x00,
  0x00,0x00,0x00,0x00,0x00,0x00,0x00,0x00,0x00,0x00,0x00,0x00,0x00,0x00,0x00,
  0x00,0x00,0x00,0x00,0x00,0x00,0x00,0x00,0x00,0x00,0x00,0x00,0x00,0x00,0x00,
  0x00,0x00,0x00,0x00,0x00,0x00,0x00,0x00,0x00,0x00,0x00,0x00,0x00,0x00,0x00,
  0x00,0x00,0x00,0x00,0x00,0x00,0x00,0x00,0x00,0x00,0x00,0x00,0x00,0x00,0x00,
  0x00,0x00,0x00,0x00,0x00,0x00,0x00,0x00,0x00,0x00,0x00,0x00,0x00,0x00,0x00,
  0x00,0x00,0x00,0x00,0x00,0x00,0x00,0x00,0x00,0x00,0x00,0x00,0x00,0x00,0x00,
  0x00,0x00,0x00,0x00,0x00,0x00,0x00,0x00,0x00,0x00,0x00,0x00,0x00,0x00,0x00,
  0x00,0x00,0x00,0x00,0x00,0x00,0x00,0x00,0x00,0x00,0x00,0x00,0x00,0x00,0x00,
  0x00,0x00,0x00,0x00,0x00,0x00,0x00,0x00,0x00,0x00,0x00,0x00,0x00,0x00,0x00,
  0x00,0x00,0x00,0x00,0x00,0x00,0x00,0x00,0x00,0x00,0x00,0x00,0x00,0x00,0x00,
  0x00,0x00,0x00,0x00,0x00,0x00,0x00,0x00,0x00,0x00,0x00,0x00,0x00,0x00,0x00,
  0x00,0x00,0x00,0x00,0x00,0x00,0x00,0x00,0x00,0x00,0x00,0x00,0x00,0x00,0x00,
  0x00,0x00,0x00,0x00,0x00,0x00,0x00,0x00,0x00,0x00,0x00,0x00,0x00,0x00,0x00,
  0x00,0x00,0x00,0x00,0x00,0x00,0x00,0x00,0x00,0x00,0x00,0x00,0x00,0x00,0x00,
  0x00,0x00,0x00,0x00,0x00,0x00,0x00,0x00,0x00,0x00,0x00,0x00,0x00,0x00,0x00,
  0x00,0x00,0x00,0x00,0x00,0x00,0x00,0x00,0x00,0x00,0x00,0x00,0x00,0x00,0x00,
  0x00,0x00,0x00,0x00,0x00,0x00,0x00,0x00,0x00,0x00,0x00,0x00,0x00,0x00,0x00,
  0x00,0x00,0x00,0x00,0x00,0x00,0x00,0x00,0x00,0x00,0x00,0x00,0x00,0x00,0x00,
  0x00,0x00,0x00,0x00,0x00,0x00,0x00,0x00,0x00,0x00,0x00,0x00,0x00,0x00,0x00,
  0x00,0x00,0x00,0x00,0x00,0x00,0x00,0x00,0x00,0x00,0x00,0x00,0x00,0x00,0x00,
  0x00,0x00,0x00,0x00,0x00,0x00,0x00,0x00,0x00,0x00,0x00,0x00,0x00,0x00,0x00,
};
const lv_img_dsc_t img_hand_min = {
  .header = { .cf = LV_IMG_CF_TRUE_COLOR_ALPHA, .always_zero = 0,
              .reserved = 0, .w = 50, .h = 132 },
  .data_size = 19800,
  .data = img_hand_min_map,
};
